{"nhidden": 128, "rnn_nhidden": 32, "obs_dim": 1, "latent_dim": 8, "lr": 0.0001, "n_batch": 16, "beta": 0.001, "total_epochs_train": 50, "epochs_per_train": 5, "epochs": 50, "loss": [186279.640625, 171617.015625, 144302.234375, 201843.09375, 172816.59375, 234405.921875, 144982.359375, 96519.0703125, 240587.203125, 284983.40625, 172022.984375, 138783.328125, 209434.796875, 177383.984375, 164703.8125, 162635.9375, 129049.90625, 172661.09375, 138457.1875, 188685.09375, 177220.203125, 202864.390625, 165159.5625, 209353.046875, 149143.25, 167666.0, 184617.0625, 171468.703125, 200548.078125, 266085.8125, 180017.71875, 160809.703125, 133250.328125, 179402.53125, 149852.5625, 107993.7265625, 177705.140625, 137387.1875, 139064.65625, 204151.5625, 158586.09375, 186806.046875, 196064.25, 238817.4375, 119331.2109375, 132294.703125, 169798.828125, 178348.03125, 204943.921875, 159351.8125, 161589.9375, 115155.609375, 252371.125, 178375.90625, 139102.359375, 207441.703125, 161071.203125, 136466.890625, 248737.6875, 131099.671875, 223498.09375, 125621.8046875, 187795.265625, 192098.3125, 143282.703125, 151692.390625, 195755.984375, 163098.59375, 189562.34375, 214812.125, 164943.921875, 142497.78125, 159189.421875, 119186.9765625, 128097.484375, 171917.109375, 196483.6875, 228455.078125, 177241.1875, 186541.5, 120882.3125, 227786.84375, 234563.546875, 184331.265625, 127027.2265625, 177618.625, 138978.75, 107753.3359375, 221451.4375, 109446.125, 133675.234375, 173859.453125, 156761.75, 159968.640625, 173105.265625, 248765.9375, 187841.890625, 151002.5, 137150.09375, 189399.84375, 236510.28125, 118344.84375, 111604.15625, 187227.5, 170239.21875, 122410.5703125, 220961.0625, 164147.46875, 159802.96875, 121355.9921875, 263846.71875, 145026.484375, 212650.46875, 120488.78125, 136924.9375, 175483.265625, 169061.078125, 255760.703125, 187692.015625, 132851.421875, 184008.203125, 108203.90625, 162879.421875, 151888.921875, 137692.6875, 212541.578125, 185599.484375, 155649.734375, 154189.296875, 139154.96875, 214814.484375, 153150.671875, 173624.296875, 169474.84375, 147020.515625, 188585.140625, 160205.75, 184080.6875, 114657.453125, 194544.96875, 227556.734375, 136289.921875, 194007.28125, 120287.671875, 132551.28125, 184555.0625, 124491.890625, 129755.96875, 141301.75, 202150.171875, 163722.015625, 173261.96875, 214083.421875, 152192.78125, 171978.1875, 104462.984375, 201640.34375, 134131.40625, 170638.890625, 180522.03125, 177638.734375, 188391.234375, 143550.53125, 221668.046875, 175271.359375, 143989.6875, 132129.21875, 128596.3125, 130720.21875, 135082.3125, 202289.046875, 164480.765625, 265927.09375, 149225.703125, 135793.65625, 180688.28125, 145991.96875, 131562.953125, 136485.8125, 174000.21875, 126775.53125, 171691.0625, 181260.734375, 162409.15625, 134302.375, 179055.046875, 207028.09375, 141959.265625, 160417.296875, 184774.125, 128362.234375, 222161.53125, 173119.4375, 116190.1171875, 167862.3125, 128614.25, 176998.0, 161057.375, 212595.59375, 133916.015625, 177473.75, 123314.28125, 147606.34375, 215955.859375, 111398.453125, 130885.671875, 172998.4375, 178488.40625, 215675.28125, 117272.75, 147824.5, 198524.828125, 137676.65625, 111131.90625, 164948.0625, 121549.328125, 156805.390625, 213688.484375, 146481.796875, 123992.7734375, 127182.4765625, 123258.890625, 161023.75, 149019.84375, 129559.265625, 205482.5625, 144576.125, 138693.40625, 133214.953125, 170279.078125, 114816.484375, 151165.546875, 123239.375, 88083.25, 161503.859375, 119072.578125, 128058.03125, 99178.3203125, 141787.125, 205056.921875, 148062.5625, 155014.171875, 120457.03125, 136968.109375, 105205.828125, 125924.703125, 119921.2421875, 133003.125, 164097.828125, 115980.3359375, 125774.8046875, 129086.96875, 139499.28125, 97297.671875, 190623.15625, 160554.34375, 169306.15625, 117453.328125, 111577.65625, 108892.6328125, 93630.5234375, 128695.5859375, 81172.5859375, 124130.7421875, 121337.7734375, 152161.265625, 131675.671875, 118470.015625, 114242.390625, 156075.671875, 94053.265625, 138529.875, 131067.546875, 126000.0234375, 163448.515625, 96687.3046875, 122730.015625, 98781.0625, 143493.34375, 105532.4609375, 112575.5390625, 130246.703125, 107209.1484375, 166173.84375, 147792.140625, 128983.1484375, 95027.109375, 109434.7578125, 104579.359375, 113250.578125, 123999.7578125, 147540.1875, 141419.265625, 89371.9453125, 94919.390625, 111592.734375, 110249.453125, 111583.1875, 98224.171875, 120945.4609375, 148752.875, 89468.734375, 89951.8671875, 132287.9375, 113398.65625, 101644.5546875, 82507.046875, 105929.3203125, 101849.28125, 106110.78125, 120537.9296875, 146584.078125, 125418.9296875, 106568.125, 120869.421875, 109693.03125, 101503.3515625, 82103.625, 113520.8515625, 144167.21875, 126386.25, 106152.9375, 118047.796875, 89342.640625, 104620.640625, 106326.34375, 94376.203125, 134839.96875, 119586.609375, 142974.203125, 92559.296875, 90543.4765625, 110952.9296875, 121243.6328125, 102944.359375, 113381.6328125, 102831.78125, 105055.4765625, 120197.609375, 136783.703125, 107539.5390625, 76095.1484375, 102228.90625, 120623.8046875, 137513.296875, 82909.3125, 101383.734375, 92603.28125, 168052.703125, 125020.703125, 99240.921875, 105759.8203125, 96981.171875, 90417.828125, 88166.6171875, 132559.5625, 91822.5078125, 142607.859375, 109935.1796875, 127515.78125, 114882.5703125, 109878.78125, 94362.9375, 101836.296875, 86858.5, 86916.25, 127055.3828125, 158206.78125, 135880.953125, 118595.984375, 102848.234375, 97433.859375, 109700.5, 154071.34375, 102167.0390625, 105118.3984375, 79777.171875, 96926.3984375, 88714.8515625, 95396.7421875, 93232.1484375, 94420.2109375, 143121.65625, 99879.078125, 132077.875, 116880.6953125, 96658.6796875, 125033.0234375, 101759.3671875, 97034.9453125, 109175.3828125, 126990.421875, 124943.703125, 118599.390625, 93798.453125, 83496.15625, 128630.0546875, 119199.0234375, 86896.34375, 104350.953125, 103915.2265625, 100758.5703125, 111723.4140625, 111280.6796875, 103497.546875, 96934.2109375, 119001.53125, 113690.09375, 88439.625, 99182.25, 121791.75, 94250.03125, 132770.890625, 88566.4453125, 88090.5625, 108868.171875, 96157.015625, 110844.3359375, 113649.625, 107802.75, 102626.1875, 100037.25, 127856.8046875, 99546.203125, 100104.140625, 91296.4375, 95722.4296875, 132128.140625, 105750.8125, 130236.578125, 96427.578125, 101288.9609375, 134793.046875, 101734.3671875, 104449.0546875, 91986.9375, 109071.5625, 95719.1015625, 104916.265625, 100055.953125, 112362.2421875, 101740.4296875, 105136.03125, 93838.8515625, 103837.7734375, 83718.875, 115273.140625, 87088.515625, 144154.921875, 103681.359375], "name": "default", "desc": "lr_0.0001_nb_16_ld_8_b_0.001", "folder": "./saves/grid_seach/search4/lr_0.0001_nb_16_ld_8_b_0.001_default_20240307-100314"}