{"nhidden": 128, "rnn_nhidden": 32, "obs_dim": 1, "latent_dim": 8, "lr": 0.001, "n_batch": 16, "beta": 0.5, "total_epochs_train": 50, "epochs_per_train": 5, "epochs": 50, "loss": [199223.78125, 170416.796875, 167696.6875, 215056.71875, 124921.6953125, 200133.765625, 198463.953125, 122555.640625, 153840.359375, 162821.21875, 143719.421875, 260499.421875, 181990.90625, 210007.25, 141643.6875, 194273.546875, 112843.953125, 131433.5625, 129339.2109375, 180312.96875, 214906.078125, 207363.90625, 92362.296875, 157529.359375, 201378.15625, 131934.15625, 166063.15625, 191762.9375, 73491.125, 222187.328125, 172002.125, 168137.625, 137356.421875, 161496.703125, 149186.5, 185940.59375, 168274.203125, 114801.5234375, 207103.5, 157940.53125, 137351.078125, 142284.03125, 168276.15625, 144949.578125, 159911.84375, 156104.0625, 119397.6875, 103153.3671875, 175425.515625, 139754.484375, 151386.59375, 186340.65625, 123051.90625, 128449.5390625, 123970.9375, 132471.40625, 165874.625, 146900.21875, 110540.703125, 123151.7421875, 154002.84375, 126632.4921875, 132385.671875, 149303.1875, 104358.015625, 107717.6328125, 133167.984375, 154709.875, 142625.59375, 163928.828125, 130265.828125, 124347.4296875, 116553.03125, 153696.15625, 108989.15625, 106069.625, 180391.078125, 147957.828125, 134894.5625, 126882.4375, 105086.7265625, 129428.296875, 106255.8984375, 130579.203125, 156299.84375, 124659.84375, 98053.625, 119583.65625, 130658.375, 124101.28125, 114901.6328125, 124238.3125, 121633.578125, 162979.125, 103404.34375, 96571.8671875, 135433.84375, 144842.84375, 92385.0703125, 118469.0859375, 182143.625, 115238.9375, 126698.1171875, 104264.703125, 118677.0703125, 92952.421875, 110791.28125, 103481.4296875, 166806.21875, 94345.046875, 101075.953125, 103710.5234375, 123705.8828125, 121785.828125, 115277.0390625, 94659.8671875, 108468.6015625, 126942.5, 107229.390625, 149641.125, 132595.609375, 91170.78125, 132016.796875, 133504.21875, 99249.125, 105072.203125, 120016.296875, 118158.296875, 101357.8046875, 150799.234375, 104034.1484375, 108420.078125, 93251.9375, 114070.625, 117491.3671875, 83928.4921875, 130551.015625, 143523.671875, 109847.015625, 114834.1328125, 102153.859375, 96302.984375, 124780.2734375, 96889.3359375, 91024.8125, 97930.640625, 148075.78125, 149823.359375, 235094.859375, 211340.75, 137256.78125, 161611.21875, 170181.65625, 156341.515625, 188371.359375, 162271.6875, 115774.2265625, 178837.734375, 185574.984375, 130634.3515625, 175742.234375, 193684.65625, 169776.6875, 179585.859375, 141449.453125, 189936.125, 123446.9140625, 157146.703125, 117680.2890625, 163607.375, 231419.9375, 164526.484375, 189806.859375, 152884.8125, 131433.296875, 124824.859375, 192096.90625, 163997.625, 158207.96875, 169731.46875, 114087.703125, 231834.53125, 142685.375, 90239.4609375, 183072.90625, 130544.5625, 159953.59375, 237801.875, 118911.1796875, 209529.734375, 124893.859375, 151256.953125, 133309.0, 132057.625, 181718.03125, 182485.953125, 173098.90625, 103511.6640625, 133328.96875, 187859.703125, 133730.1875, 134395.546875, 154878.9375, 183452.25, 116925.0625, 183069.84375, 122843.71875, 134501.640625, 166963.25, 104452.2578125, 131202.8125, 156656.625, 135225.546875, 164793.0, 167972.171875, 109683.28125, 107576.0078125, 153106.90625, 111267.4375, 140806.15625, 117059.6875, 160751.90625, 127520.96875, 151616.9375, 138694.5, 123117.4296875, 131313.3125, 138354.5, 106362.0234375, 137523.40625, 106805.09375, 134565.296875, 154034.53125, 146400.21875, 132586.34375, 178868.75, 129982.8828125, 138975.15625, 117107.40625, 115925.6015625, 104527.59375, 102701.40625, 123433.578125, 130400.1015625, 118553.0, 140502.640625, 121346.140625, 141315.25, 128025.9921875, 99102.6796875, 123640.7890625, 89054.46875, 101714.2109375, 116260.96875, 143647.0625, 94938.4921875, 103279.8828125, 114257.3515625, 131635.984375, 105709.828125, 92244.9921875, 94733.1875, 95074.2890625, 83283.2265625, 80543.8203125, 123575.7890625, 135435.46875, 120416.8828125, 115936.03125, 142977.90625, 93634.6015625, 94700.65625, 76051.5078125, 146363.046875, 150281.5, 124751.765625, 87718.96875, 98626.1875, 141915.859375, 103691.171875, 97284.4453125, 125009.7890625, 84659.984375, 107430.546875, 98013.59375, 105751.53125, 105164.515625, 103933.640625, 135994.6875, 102346.078125, 103700.109375, 96794.796875, 79522.5234375, 100785.65625, 77271.2265625, 83353.7421875, 86718.9453125, 85690.1875, 64432.23828125, 63524.625, 108030.890625, 130089.5703125, 117974.46875, 113764.421875, 101026.59375, 87277.015625, 76493.8515625, 83143.6015625, 160045.09375, 104815.71875, 103297.734375, 87855.6953125, 88667.078125, 78309.4453125, 109530.375, 109111.125, 72004.7734375, 110424.625, 80633.1953125, 78374.8515625, 79046.921875, 85996.671875, 86912.046875, 154858.109375, 120789.875, 92592.265625, 106496.7421875, 72049.5546875, 105117.8125, 110698.234375, 66884.5625, 98398.3359375, 78571.8515625, 90687.5859375, 103265.5859375, 72800.859375, 87790.4765625, 90199.25, 114364.921875, 85994.921875, 92237.578125, 68835.3515625, 69437.703125, 85468.5078125, 115891.375, 95985.9765625, 95385.8671875, 70520.7421875, 114209.65625, 63490.9140625, 94076.3046875, 90244.421875, 75839.3359375, 108472.125, 76808.8203125, 71590.1484375, 96839.796875, 81440.6328125, 77563.859375, 122951.828125, 103232.59375, 89537.453125, 100379.6171875, 70934.234375, 98502.671875, 88453.734375, 82365.484375, 88018.171875, 70172.71875, 121316.203125, 67036.234375, 62659.08984375, 96183.546875, 97843.96875, 81198.484375, 81289.3984375, 106386.1640625, 63523.4609375, 74532.84375, 75127.625, 109329.890625, 59896.72265625, 105323.78125, 89999.171875, 113137.015625, 65791.0859375, 78594.90625, 88437.7890625, 69586.1171875, 91678.0234375, 84085.25, 57683.42578125, 84286.890625, 99881.5546875, 75403.0390625, 118865.0, 79688.359375, 67541.1328125, 94067.0078125, 95778.921875, 76770.4375, 88915.078125, 75607.03125, 70916.46875, 103257.9375, 104157.546875, 64534.1171875, 105298.96875, 79844.203125, 49259.92578125, 69441.0546875, 109456.6328125, 59523.484375, 81895.71875, 84832.765625, 64440.109375, 91727.8671875, 51365.734375, 91513.7734375, 104999.0625, 69601.828125, 100743.296875, 73635.9375, 77851.984375, 67359.8671875, 75017.78125, 107568.515625, 74343.1640625, 73527.1171875, 69846.4765625, 107896.6484375, 71710.3671875, 56212.08203125, 72228.6875, 96370.890625, 78475.6484375, 59694.21875, 56829.6015625, 81126.6640625, 125977.5859375, 72611.9453125, 90412.9140625, 72232.921875, 64819.5625, 66397.828125, 116032.6875, 73666.3828125, 91485.3984375, 60526.78125, 85468.6875], "name": "default", "desc": "lr_0.001_nb_16_ld_8_b_0.5", "folder": "./saves/grid_seach/search1/lr_0.001_nb_16_ld_8_b_0.5_default_20240214-001936"}