{"nhidden": 128, "rnn_nhidden": 32, "obs_dim": 1, "latent_dim": 2, "lr": 0.01, "n_batch": 16, "beta": 0.001, "total_epochs_train": 50, "epochs_per_train": 5, "epochs": 50, "loss": [216869.015625, 134933.3125, 160353.328125, 183181.734375, 139904.25, 147439.078125, 277519.34375, 152545.96875, 135491.9375, 133463.671875, 105487.21875, 162250.328125, 179987.96875, 150169.140625, 199778.984375, 133644.984375, 174790.90625, 138622.15625, 123223.578125, 1085817.375, 127432.5390625, 169340.671875, 176815.625, 161038.4375, 147448.921875, 119486.59375, 215550.59375, 144684.15625, 140955.46875, 178661.09375, 135621.40625, 164640.765625, 186197.71875, 195796.796875, 142329.25, 124935.296875, 133548.828125, 224489.109375, 163222.453125, 137109.625, 113421.5234375, 145163.90625, 144770.890625, 169277.0625, 153191.75, 145803.734375, 191428.09375, 118735.4921875, 129208.828125, 103459.7421875, 192340.125, 194855.25, 126503.5703125, 166062.609375, 156207.671875, 184258.515625, 224068.984375, 165160.09375, 135781.578125, 142417.671875, 129925.796875, 103946.625, 138613.03125, 108951.7578125, 141002.328125, 186384.5625, 133778.265625, 208830.140625, 116040.484375, 112795.578125, 170877.234375, 195200.46875, 134009.640625, 122220.421875, 102596.9296875, 194490.453125, 173101.515625, 179442.84375, 130724.78125, 149820.5625, 165296.28125, 166799.546875, 106414.7578125, 151398.203125, 173297.875, 151499.8125, 107366.3203125, 167959.875, 171173.53125, 134977.828125, 138622.421875, 156455.0625, 195958.921875, 147594.734375, 132831.140625, 119643.296875, 139403.6875, 149916.9375, 191193.734375, 151565.65625, 187406.546875, 122277.390625, 154659.703125, 202062.171875, 185302.046875, 128224.8359375, 110766.765625, 115717.3125, 158609.3125, 127155.140625, 118274.4765625, 156860.046875, 103678.4375, 167937.828125, 193645.078125, 164819.703125, 136173.625, 167829.328125, 125097.4609375, 151937.8125, 121505.2578125, 135265.765625, 190940.875, 131523.796875, 114410.2421875, 131495.265625, 88087.6484375, 135253.0, 168091.484375, 114825.9453125, 137168.21875, 111074.2109375, 125993.078125, 96081.484375, 130160.34375, 102350.234375, 117820.015625, 102295.328125, 86424.3125, 78694.296875, 104992.8125, 134298.015625, 112742.53125, 97691.6328125, 82873.5859375, 95902.2265625, 64685.02734375, 82772.15625, 98164.625, 126368.5625, 87616.6796875, 90254.953125, 96559.8125, 97843.2421875, 86192.765625, 82730.171875, 68453.28125, 67114.6796875, 85820.3125, 96741.265625, 65431.4921875, 118134.0703125, 71718.515625, 78455.8203125, 119133.46875, 79598.0625, 116824.953125, 166992.046875, 128006.2109375, 140334.015625, 106557.7109375, 96706.7734375, 128718.890625, 96087.0625, 97495.859375, 82753.40625, 97918.75, 133842.0625, 82740.2109375, 62067.47265625, 86826.09375, 72719.0234375, 97369.0546875, 69323.421875, 86817.40625, 84517.28125, 102179.4140625, 80492.4375, 62287.625, 115622.578125, 84682.796875, 87351.046875, 58969.2109375, 72423.1484375, 75950.2734375, 80063.8671875, 64546.5078125, 79082.6328125, 59991.19140625, 84668.125, 73748.703125, 80012.734375, 58699.484375, 134017.125, 44220.73046875, 58143.8046875, 54014.2265625, 46934.91015625, 65830.9375, 83538.8359375, 103863.0390625, 56545.5234375, 62512.88671875, 80479.703125, 38976.1328125, 44722.47265625, 51842.6328125, 100527.1640625, 54252.85546875, 79383.59375, 74842.046875, 41326.375, 57978.1796875, 52245.66796875, 66127.8359375, 43811.328125, 46092.296875, 86118.1328125, 90668.796875, 40056.140625, 39933.546875, 57660.640625, 81740.296875, 32342.787109375, 57551.95703125, 33900.7265625, 111352.75, 39195.05078125, 62553.3125, 60538.0703125, 44639.13671875, 66719.15625, 55198.38671875, 66228.8984375, 74606.2578125, 87138.8984375, 64330.84375, 59716.2890625, 34944.390625, 46847.2109375, 50669.55078125, 68364.046875, 64297.59765625, 54035.546875, 40131.80078125, 58586.453125, 83704.453125, 28818.19921875, 55787.5234375, 87647.4375, 46653.82421875, 43526.0078125, 57808.94140625, 40060.1875, 61023.203125, 50389.0546875, 57429.2578125, 62879.7265625, 33463.83203125, 65115.1015625, 87979.015625, 25265.0078125, 41716.08984375, 40421.42578125, 42176.7109375, 51046.140625, 47688.640625, 47841.015625, 93784.9140625, 51257.859375, 81095.1796875, 67518.625, 29652.421875, 69380.078125, 48125.26953125, 35570.625, 42844.75, 75497.4921875, 41360.65234375, 43482.3984375, 77143.6640625, 41453.41796875, 48956.59375, 53929.5625, 71011.65625, 59705.3828125, 28276.03125, 95080.3671875, 33643.76953125, 37667.921875, 51822.03125, 47249.19921875, 31620.71875, 56712.40234375, 69952.265625, 43405.984375, 47854.2578125, 78914.2265625, 50065.75390625, 34625.76171875, 68211.453125, 42327.53515625, 44651.42578125, 64982.0703125, 26674.671875, 70624.203125, 37004.66796875, 27810.443359375, 74886.359375, 58906.4609375, 64953.26171875, 37504.51171875, 59411.15625, 42484.62109375, 42684.05078125, 50292.3125, 83320.2109375, 29959.546875, 48016.703125, 70513.90625, 76714.8515625, 56591.2421875, 29430.1328125, 39357.26953125, 38675.6484375, 32647.318359375, 51119.08203125, 63770.1171875, 38449.59765625, 37941.95703125, 120845.34375, 54510.9296875, 55060.41015625, 50706.99609375, 34764.99609375, 71956.3359375, 73674.2578125, 59554.61328125, 36351.2734375, 36316.90234375, 36165.1171875, 47755.9765625, 29108.3125, 30603.994140625, 36989.03125, 39648.8984375, 37494.125, 61466.62890625, 114060.484375, 52910.078125, 28704.720703125, 44561.47265625, 70885.78125, 38806.2265625, 73536.859375, 34926.00390625, 43107.5234375, 42512.8125, 72429.2265625, 52429.18359375, 36060.3359375, 26321.02734375, 50951.21875, 41856.796875, 45382.43359375, 27021.55859375, 102357.125, 54668.73046875, 48859.0703125, 46819.23828125, 37361.5390625, 81644.859375, 32504.564453125, 31665.681640625, 31460.38671875, 81339.265625, 33780.38671875, 31190.888671875, 40633.23828125, 46827.03515625, 90416.71875, 29018.978515625, 79577.9453125, 65776.0, 48397.9296875, 31374.75390625, 57404.89453125, 52190.734375, 54030.12109375, 36690.42578125, 48565.55859375, 36514.96484375, 32926.25390625, 68134.8984375, 85827.9609375, 44625.25390625, 41140.2109375, 49402.375, 51737.01953125, 41983.1640625, 34957.9453125, 61198.4296875, 58182.94140625, 79636.0390625, 25221.748046875, 40713.0078125, 57689.58203125, 44722.8125, 79275.2734375, 36914.21484375, 47253.6953125, 55559.6875, 77712.9921875, 41651.08984375, 54868.30859375, 35039.41796875, 80318.265625, 74659.4765625, 33446.2421875, 29933.27734375, 79529.9140625, 38851.71875, 76979.328125, 27950.21875, 73786.9765625, 33760.4921875, 30945.466796875, 53541.46875, 29923.556640625, 55562.8125, 66352.3203125, 17318.40234375, 53988.453125, 42436.140625, 42263.65625, 60437.765625, 54490.359375, 31707.5546875, 80700.671875, 74664.3671875], "name": "default", "desc": "lr_0.01_nb_16_ld_2_b_0.001", "folder": "./saves/grid_seach/search4/lr_0.01_nb_16_ld_2_b_0.001_default_20240307-080159"}