{"nhidden": 128, "rnn_nhidden": 32, "obs_dim": 1, "latent_dim": 4, "lr": 0.0005, "n_batch": 16, "beta": 1, "total_epochs_train": 50, "epochs_per_train": 5, "epochs": 50, "loss": [171832.625, 155894.1875, 162239.96875, 147561.734375, 160114.765625, 162736.484375, 142209.4375, 191015.28125, 274221.9375, 224629.515625, 120138.4296875, 162207.75, 154027.25, 178028.078125, 154300.96875, 142634.03125, 210925.890625, 173336.421875, 117491.6640625, 267301.8125, 184505.4375, 136356.0, 175976.53125, 147379.65625, 162632.859375, 126281.1640625, 184260.03125, 169412.28125, 128505.875, 156516.46875, 161382.8125, 186301.828125, 115516.9375, 152595.65625, 292965.21875, 124444.296875, 162116.953125, 193409.75, 152496.265625, 230669.578125, 152905.15625, 177013.5625, 109725.265625, 162220.71875, 132668.125, 142180.578125, 150806.40625, 147080.828125, 208020.96875, 150019.046875, 159283.90625, 224649.0, 126796.5625, 142481.359375, 160656.125, 142648.125, 198783.609375, 123732.5703125, 163659.390625, 178819.375, 136109.8125, 161272.1875, 122665.234375, 131632.375, 173219.09375, 106091.234375, 162456.328125, 124422.8359375, 101227.703125, 219376.03125, 194913.40625, 95817.1953125, 170134.390625, 146675.109375, 111013.15625, 137489.25, 132017.609375, 161911.546875, 139184.265625, 138272.75, 118515.265625, 134103.40625, 165058.4375, 87100.4453125, 118093.65625, 174057.9375, 135872.703125, 129448.8984375, 116584.203125, 114693.453125, 131953.828125, 110607.3125, 146825.6875, 132125.546875, 136865.15625, 144583.203125, 119603.640625, 138888.125, 124841.328125, 156515.09375, 128545.28125, 152282.4375, 130667.359375, 140058.59375, 140671.5, 123921.0390625, 97347.6953125, 123156.3046875, 119892.359375, 87887.96875, 154561.125, 97252.15625, 195669.8125, 110893.9765625, 136705.75, 157133.078125, 117325.203125, 110117.4375, 129503.1328125, 140506.84375, 99864.53125, 158020.703125, 154074.625, 162790.3125, 107561.9609375, 114303.890625, 139624.21875, 145627.0625, 136223.1875, 134846.390625, 147904.390625, 105621.4375, 106514.5234375, 104144.4375, 123109.1328125, 115328.6953125, 115511.8828125, 112270.0546875, 154594.296875, 96927.921875, 98903.375, 143988.515625, 148552.5625, 124857.03125, 79470.203125, 121728.0625, 123967.0703125, 171251.71875, 117150.1171875, 102535.4765625, 123340.546875, 116005.2109375, 116727.421875, 166658.96875, 111560.40625, 130396.296875, 116656.34375, 134071.09375, 93486.984375, 123485.390625, 113204.3984375, 101771.7578125, 126367.3359375, 140756.765625, 101294.0390625, 143180.1875, 132378.390625, 95172.359375, 116121.859375, 108340.9140625, 130454.5390625, 130639.8359375, 95685.3203125, 118926.734375, 82315.203125, 132911.21875, 130890.5078125, 130318.4375, 107178.796875, 127349.0546875, 106357.3359375, 97729.796875, 166841.015625, 89020.0859375, 90431.3828125, 118653.9609375, 115509.6953125, 152018.109375, 123678.1796875, 110677.15625, 121769.328125, 112824.546875, 131280.71875, 161342.484375, 107257.34375, 106012.65625, 123076.421875, 106134.265625, 139626.265625, 153499.734375, 106464.21875, 114505.0859375, 145446.84375, 95927.640625, 91787.921875, 105694.8515625, 100798.0546875, 122607.1640625, 96882.9375, 106777.578125, 144404.75, 94043.6171875, 99657.515625, 129345.03125, 147501.140625, 106921.28125, 99527.765625, 98401.203125, 97789.515625, 124703.71875, 144306.0625, 95176.71875, 107486.3671875, 133251.359375, 119918.453125, 98717.0625, 83764.1796875, 114358.6875, 132189.421875, 109058.3046875, 97048.390625, 126677.4296875, 121464.71875, 117211.03125, 84834.8984375, 128072.890625, 126282.0390625, 104999.09375, 94921.8203125, 83155.640625, 112484.0859375, 96976.6015625, 155912.625, 94035.3125, 114675.671875, 88090.6796875, 114466.4921875, 89697.9296875, 131277.71875, 128387.65625, 104412.875, 112792.875, 102025.53125, 88209.609375, 132487.765625, 90390.4375, 116414.6875, 83901.8125, 100264.078125, 118372.609375, 115460.6640625, 108719.3046875, 83193.15625, 136662.578125, 90000.171875, 95916.9296875, 149207.625, 88039.2109375, 111999.703125, 75655.8125, 101717.03125, 130435.3984375, 82189.90625, 128832.375, 87273.75, 94406.8984375, 112881.6171875, 105223.7265625, 92772.234375, 111095.4375, 86958.4296875, 93975.09375, 91813.84375, 94626.0078125, 121330.015625, 106086.921875, 108513.75, 80956.9375, 84352.6875, 77527.5859375, 102468.25, 80101.5859375, 132220.75, 117725.390625, 86272.0078125, 84685.6328125, 87505.6015625, 71846.296875, 103246.0390625, 127632.9375, 92428.40625, 75402.796875, 87234.1484375, 118688.609375, 92851.9765625, 94245.8671875, 71806.21875, 103329.6796875, 140329.0, 118699.9921875, 70180.203125, 98191.265625, 127069.921875, 97423.625, 74106.40625, 83174.8203125, 70097.84375, 108188.171875, 143765.9375, 96092.046875, 70938.3671875, 79161.53125, 110465.140625, 98822.84375, 104396.7265625, 125976.734375, 122707.4765625, 88483.0859375, 71264.703125, 70147.3515625, 89576.28125, 64435.5, 80795.6953125, 75496.1640625, 105760.375, 99201.2578125, 83969.59375, 72816.859375, 104846.640625, 102279.4375, 65624.921875, 105273.03125, 73437.8515625, 71442.046875, 95144.4921875, 67045.8125, 123335.015625, 66601.984375, 87351.0625, 90604.96875, 98491.1953125, 69025.2109375, 63994.3359375, 74813.375, 81155.109375, 88457.140625, 110939.5, 104918.3046875, 67586.0625, 95358.703125, 91472.0078125, 79048.5390625, 81061.5234375, 75246.609375, 109139.203125, 74927.609375, 95477.984375, 75009.1171875, 99604.46875, 78063.515625, 80604.546875, 128655.7109375, 79316.03125, 75809.375, 64145.3828125, 83869.46875, 99812.28125, 96324.0078125, 92470.640625, 66502.9375, 128859.703125, 103985.921875, 72058.453125, 88913.359375, 81306.15625, 86302.6171875, 78331.375, 109431.65625, 75442.2109375, 82546.8359375, 91099.0, 65320.9375, 70744.6015625, 118885.203125, 92464.390625, 79684.7734375, 81115.96875, 55304.28125, 81338.1640625, 94956.109375, 72257.5859375, 75406.5390625, 81659.53125, 102538.8828125, 108349.9375, 76615.6328125, 87250.71875, 111292.328125, 63099.3125, 73574.5546875, 64178.68359375, 74732.6953125, 99346.96875, 70184.34375, 73399.6875, 87485.859375, 69499.140625, 102938.828125, 56532.765625, 71670.0703125, 77170.09375, 101984.21875, 67873.8671875, 91417.328125, 73726.6015625, 78574.6640625, 95419.0078125, 57305.87890625, 75766.3515625, 81653.28125, 102630.2265625, 70466.0625, 94442.40625, 64905.23046875, 71752.484375, 71237.5, 112547.875, 89218.140625, 72732.671875, 64908.84375, 70529.84375, 81990.078125, 63373.4375, 91768.2578125, 80377.90625, 58295.578125, 92960.4765625, 66720.5546875, 67058.65625, 89274.109375], "name": "default", "desc": "lr_0.0005_nb_16_ld_4_b_1", "folder": "./saves/grid_seach/search1/lr_0.0005_nb_16_ld_4_b_1_default_20240214-005145"}