{"nhidden": 128, "rnn_nhidden": 32, "obs_dim": 1, "latent_dim": 8, "lr": 0.001, "n_batch": 16, "beta": 0.001, "total_epochs_train": 10, "epochs_per_train": 5, "epochs": 10, "loss": [179066.375, 142835.203125, 147020.9375, 200017.78125, 198620.578125, 161183.578125, 152191.28125, 188176.0, 216621.8125, 186531.171875, 139819.90625, 242652.734375, 208980.65625, 109408.46875, 192676.109375, 159587.125, 124608.6484375, 186194.53125, 143710.03125, 246553.359375, 186837.8125, 145528.25, 102448.8046875, 113315.4921875, 139635.671875, 227037.546875, 205334.015625, 144307.65625, 157087.984375, 161883.578125, 148886.921875, 216569.734375, 182826.546875, 149229.84375, 159505.28125, 105535.796875, 163730.09375, 131338.515625, 194060.59375, 166278.5, 85337.484375, 118195.5703125, 164261.53125, 154877.859375, 111361.359375, 103320.203125, 203053.375, 111183.4609375, 117013.953125, 98225.3359375, 128925.8515625, 132190.84375, 116479.265625, 139761.734375, 141536.1875, 181347.015625, 100882.15625, 107176.40625, 110129.8125, 141347.625, 141922.0625, 117319.5, 121635.59375, 136337.25, 136897.578125, 98252.578125, 91528.671875, 122769.9296875, 110857.9375, 130027.09375, 125194.828125, 110742.6328125, 117060.1015625, 109116.703125, 157888.984375, 91463.484375, 153117.671875, 114674.671875, 132865.96875, 105326.3828125, 98348.6171875, 105269.609375, 136115.15625, 119678.75, 110808.828125, 110339.6328125, 123131.2109375, 96913.75, 101778.3359375, 107351.1015625], "name": "default", "desc": "default run", "folder": "./saves/default_run_default_20240307-063450"}