{"nhidden": 128, "rnn_nhidden": 32, "obs_dim": 1, "latent_dim": 1, "lr": 0.01, "n_batch": 16, "beta": 1, "total_epochs_train": 50, "epochs_per_train": 5, "epochs": 50, "loss": [205843.65625, 182840.71875, 191935.78125, 126371.6015625, 141000.96875, 180924.09375, 124896.5546875, 129308.171875, 183308.453125, 144688.859375, 143073.15625, 149448.203125, 125035.53125, 181276.828125, 154888.546875, 161179.3125, 219962.890625, 137054.21875, 172973.0625, 206004.296875, 136908.671875, 109603.015625, 132347.1875, 150103.40625, 156780.40625, 150681.78125, 196386.390625, 203958.078125, 144040.984375, 193273.75, 133735.796875, 226262.765625, 126735.3671875, 141066.0625, 176691.03125, 115153.5625, 121799.2265625, 147721.734375, 125586.4375, 184768.15625, 130664.015625, 179837.5, 219148.0625, 184874.953125, 140269.125, 159141.5, 141939.609375, 209865.09375, 96180.5, 184972.421875, 162127.984375, 128837.953125, 179496.359375, 112283.4921875, 149558.84375, 154198.546875, 181280.21875, 131175.1875, 130647.625, 179664.0, 181832.046875, 121080.5390625, 154608.0625, 191281.234375, 147854.71875, 171002.828125, 135780.0625, 180871.90625, 138993.625, 143167.828125, 155737.296875, 136581.65625, 124788.1015625, 178854.484375, 148179.328125, 180630.875, 128645.28125, 170578.734375, 157608.765625, 118832.8125, 205476.3125, 190831.109375, 152455.328125, 185764.6875, 160744.984375, 169512.125, 112582.421875, 108468.03125, 121584.46875, 184169.828125, 119988.25, 187515.875, 173734.21875, 204962.1875, 113252.46875, 119611.515625, 147671.171875, 172951.515625, 167027.71875, 126175.328125, 129612.1953125, 118750.109375, 162495.09375, 214875.0, 162100.375, 111811.4140625, 223189.09375, 172990.84375, 190070.8125, 171250.734375, 198260.65625, 117074.8828125, 116113.8359375, 115083.765625, 143520.234375, 143370.265625, 178369.15625, 133156.828125, 123531.203125, 220183.484375, 121967.203125, 137623.8125, 199615.828125, 145624.25, 158421.734375, 169533.6875, 157732.5625, 156041.21875, 169633.78125, 184193.4375, 126557.046875, 162265.140625, 154170.671875, 138941.9375, 154616.8125, 162537.0625, 110546.90625, 177843.4375, 118687.578125, 120190.046875, 176517.515625, 143605.65625, 133142.109375, 239400.390625, 134066.828125, 216366.84375, 161372.484375, 205579.765625, 164580.234375, 121365.828125, 176402.296875, 112758.609375, 111242.1484375, 198933.375, 188367.421875, 138355.265625, 130933.9765625, 200548.34375, 119250.4375, 124055.2421875, 108742.234375, 144956.546875, 123120.1015625, 140873.46875, 142556.40625, 247283.625, 130306.84375, 193247.359375, 147862.453125, 157995.625, 121566.1328125, 130343.625, 97302.765625, 186959.90625, 169866.515625, 157621.671875, 149966.34375, 188996.203125, 121384.0703125, 174326.4375, 167566.28125, 155874.28125, 196773.0625, 135326.625, 102831.765625, 171662.828125, 155479.671875, 158123.515625, 169736.28125, 153392.59375, 204188.015625, 133371.734375, 160455.765625, 253886.046875, 127866.953125, 135295.765625, 115677.6015625, 128797.203125, 110643.8046875, 109738.90625, 157831.25, 186894.296875, 145045.59375, 133565.140625, 194822.765625, 191030.703125, 159875.484375, 148162.4375, 133308.53125, 171996.65625, 131723.265625, 132313.75, 173958.90625, 137384.40625, 218192.4375, 128247.375, 139658.28125, 166318.46875, 142216.890625, 156138.375, 157879.65625, 141443.203125, 126248.7734375, 207079.546875, 144140.296875, 134589.9375, 131628.8125, 142499.09375, 150179.0, 201508.703125, 108216.5546875, 163357.09375, 151929.046875, 198408.390625, 128519.2421875, 143944.78125, 132410.609375, 222577.28125, 168155.15625, 105983.2734375, 147111.890625, 125029.421875, 186163.484375, 123684.984375, 179581.15625, 166878.96875, 152850.75, 229044.5, 134390.734375, 145778.125, 110664.265625, 113322.7734375, 172136.921875, 175661.625, 104238.5546875, 140284.65625, 193857.15625, 148079.140625, 171951.125, 138800.90625, 151118.1875, 124398.90625, 167127.734375, 154204.84375, 132066.78125, 123181.8671875, 146002.4375, 122296.328125, 184784.15625, 235157.578125, 154474.15625, 160330.9375, 144272.65625, 222987.859375, 139974.6875, 147248.34375, 159928.1875, 112706.09375, 134380.109375, 171546.65625, 137424.546875, 166934.046875, 168739.265625, 157568.21875, 185372.296875, 159900.078125, 115441.1953125, 139477.625, 132981.46875, 126595.234375, 180834.0625, 117223.1015625, 164979.8125, 179007.15625, 129383.6796875, 165578.90625, 191883.828125, 113497.21875, 153596.125, 144238.59375, 199809.96875, 154419.640625, 113157.0859375, 116209.6875, 212562.3125, 171664.0625, 130734.4375, 152109.296875, 166200.875, 135991.53125, 204087.984375, 199139.453125, 150311.90625, 143456.625, 119513.3515625, 187124.84375, 119791.4453125, 172861.625, 127940.3125, 158482.140625, 159138.734375, 133619.8125, 144222.296875, 158464.296875, 129928.4375, 180948.9375, 172743.640625, 169070.875, 161930.859375, 167528.65625, 180288.078125, 129296.109375, 109371.6015625, 202503.5625, 150520.671875, 138755.296875, 184948.921875, 148030.15625, 115934.2265625, 157578.453125, 160237.78125, 147907.765625, 185518.625, 177438.296875, 185167.46875, 139060.84375, 172181.78125, 123447.8515625, 132879.921875, 126170.4765625, 159817.515625, 128374.21875, 181020.453125, 145870.453125, 137221.3125, 182221.0, 129336.5703125, 146017.46875, 156337.90625, 150155.34375, 134624.65625, 142626.609375, 134831.953125, 157016.78125, 170338.484375, 150468.859375, 141686.5, 108137.3671875, 151871.40625, 116666.015625, 188719.15625, 159546.921875, 136761.546875, 114639.515625, 113925.578125, 196777.734375, 115029.265625, 150770.3125, 117724.828125, 187997.265625, 129837.46875, 98466.421875, 150492.75, 121645.2890625, 193239.9375, 156291.96875, 151481.734375, 124678.40625, 118569.0859375, 158223.4375, 134713.765625, 134131.328125, 124221.46875, 179368.4375, 170122.359375, 149140.9375, 161104.1875, 124804.3515625, 127205.5625, 141873.28125, 141052.03125, 131981.96875, 141843.65625, 106010.6328125, 198221.84375, 185444.4375, 127905.359375, 186174.1875, 195922.890625, 136999.359375, 153485.9375, 139839.609375, 164147.78125, 102516.203125, 174807.21875, 145174.921875, 155882.453125, 99047.234375, 188495.421875, 129103.09375, 197513.40625, 172187.6875, 116343.375, 157365.65625, 190329.0, 155252.96875, 121597.6015625, 140996.296875, 141848.6875, 180208.640625, 170100.84375, 150033.609375, 138498.1875, 181466.296875, 122105.546875, 113502.125, 129041.4375, 106186.0859375, 169041.546875, 217405.125, 192149.34375, 130255.9609375, 108218.9765625, 244759.5625, 147771.71875, 156206.5625, 133663.25, 201573.84375, 135788.203125, 146166.78125], "name": "default", "desc": "lr_0.01_nb_16_ld_1_b_1", "folder": "./saves/grid_seach/search4/lr_0.01_nb_16_ld_1_b_1_default_20240307-075825"}