{"nhidden": 128, "rnn_nhidden": 32, "obs_dim": 1, "latent_dim": 1, "lr": 0.0001, "n_batch": 16, "beta": 2, "total_epochs_train": 50, "epochs_per_train": 5, "epochs": 50, "loss": [219073.21875, 183351.578125, 269027.09375, 167873.59375, 180727.234375, 183702.609375, 65883.0390625, 127538.4609375, 148553.15625, 150194.59375, 172911.265625, 147817.65625, 99261.2265625, 173096.875, 182372.25, 257429.0, 188850.015625, 179568.046875, 257694.84375, 130675.625, 225131.15625, 145257.796875, 171647.546875, 174228.0625, 154027.203125, 113240.6875, 173315.25, 202574.921875, 187983.359375, 180303.40625, 166673.328125, 175662.96875, 138773.9375, 172238.859375, 146638.15625, 177395.3125, 251572.25, 181975.78125, 191407.75, 197042.34375, 111439.8359375, 137841.078125, 112949.984375, 182191.59375, 158991.75, 187617.234375, 155157.671875, 153743.0625, 177477.390625, 118370.765625, 181438.640625, 222126.359375, 158960.953125, 184946.546875, 172105.84375, 192014.0, 202361.171875, 223488.53125, 149361.6875, 146122.0625, 97936.4296875, 132412.3125, 200090.953125, 214974.875, 121523.609375, 94771.609375, 176792.546875, 202209.09375, 200683.375, 232416.9375, 136479.9375, 156033.453125, 199003.296875, 177136.890625, 143238.390625, 162370.734375, 153153.640625, 168790.828125, 155506.9375, 190157.984375, 162445.546875, 158989.328125, 188862.6875, 153431.265625, 147564.53125, 124256.3046875, 179388.25, 235688.359375, 143583.890625, 104996.46875, 239028.21875, 232056.09375, 152320.1875, 141544.0, 136561.046875, 124131.40625, 141134.59375, 180384.546875, 162329.515625, 240818.546875, 199997.40625, 108110.234375, 127013.859375, 178647.015625, 129346.3828125, 152817.9375, 206867.453125, 129095.1171875, 115372.8984375, 138259.0, 215090.515625, 163337.484375, 194617.96875, 119319.5078125, 156718.046875, 168057.21875, 185644.15625, 188114.75, 164991.390625, 152720.765625, 218558.875, 158944.859375, 105894.1171875, 160521.703125, 209004.015625, 133442.75, 149606.34375, 176455.828125, 134422.703125, 172861.671875, 221067.015625, 177609.28125, 107994.328125, 102078.4453125, 155563.3125, 219687.640625, 98350.828125, 188885.953125, 167112.75, 189941.234375, 215222.71875, 152945.203125, 134876.390625, 108534.84375, 224802.84375, 158733.0625, 175158.796875, 171542.453125, 161045.171875, 142878.4375, 175496.734375, 113052.578125, 130778.1484375, 128952.8125, 184822.9375, 199154.4375, 175705.5, 165506.171875, 97067.1484375, 144231.109375, 183697.640625, 147954.125, 166329.125, 146203.140625, 155792.328125, 121240.34375, 201628.453125, 138610.203125, 142876.96875, 185102.953125, 156534.078125, 156389.984375, 126982.15625, 129600.7578125, 148459.515625, 198575.28125, 187329.796875, 169164.015625, 129206.8828125, 138665.0625, 222080.109375, 122005.2421875, 190959.4375, 114735.421875, 162478.953125, 151032.03125, 178145.484375, 125490.5234375, 166665.734375, 124407.1796875, 206961.03125, 163725.25, 155626.28125, 176732.359375, 164324.78125, 143104.484375, 148533.59375, 117661.1015625, 114687.4609375, 169181.09375, 124448.078125, 180192.15625, 178718.75, 170512.828125, 136191.8125, 177032.375, 166171.03125, 181144.65625, 187776.765625, 99281.25, 149890.234375, 119809.359375, 140944.59375, 212077.734375, 173753.40625, 151174.25, 175813.109375, 157012.75, 111193.03125, 157023.53125, 178480.75, 132286.140625, 156360.671875, 121336.578125, 158671.140625, 140504.390625, 126220.25, 123569.078125, 112891.96875, 202900.8125, 151228.390625, 130054.171875, 196457.984375, 189584.1875, 157373.25, 145504.140625, 154313.875, 120789.4375, 147176.25, 136686.65625, 158190.875, 198111.90625, 198598.96875, 181656.953125, 145631.84375, 195318.421875, 157528.0625, 160733.953125, 94460.0859375, 172170.453125, 158272.5625, 162443.40625, 111441.515625, 184298.515625, 141987.109375, 136894.359375, 183062.765625, 183158.640625, 125006.4140625, 179288.625, 138548.0, 114432.8984375, 119204.5, 141844.671875, 187545.84375, 176681.453125, 148245.703125, 163133.015625, 198698.421875, 140588.96875, 143084.875, 147135.5, 169769.125, 149748.796875, 158385.234375, 106143.2890625, 197880.4375, 156285.046875, 188960.265625, 176935.609375, 157409.171875, 170154.8125, 169200.765625, 145632.015625, 166941.453125, 150595.8125, 147323.375, 122661.3671875, 100719.125, 135728.765625, 141963.265625, 201001.484375, 151680.03125, 136783.390625, 181152.84375, 148866.21875, 162799.78125, 184897.46875, 183123.984375, 162157.140625, 194832.921875, 116380.609375, 130603.21875, 92196.4765625, 142736.9375, 197983.03125, 164311.0, 117094.3515625, 95959.8828125, 128374.203125, 149730.265625, 242658.046875, 137029.96875, 220273.015625, 150311.5625, 153581.609375, 103791.3359375, 133151.28125, 130470.4921875, 212225.96875, 193940.515625, 179767.578125, 160316.953125, 132959.328125, 169588.0, 117523.375, 132895.1875, 174338.828125, 166986.09375, 169078.828125, 192125.0625, 114930.78125, 162554.875, 131503.078125, 245236.5625, 127216.265625, 178253.140625, 183121.609375, 142495.921875, 127910.8125, 163829.53125, 109813.015625, 163356.3125, 164705.9375, 169517.375, 119295.0234375, 174903.90625, 144077.3125, 116537.734375, 203724.765625, 129850.703125, 184581.46875, 162526.375, 123128.3671875, 136531.078125, 172655.21875, 144164.4375, 181976.453125, 206098.75, 97555.5859375, 142530.46875, 111963.4921875, 187191.0, 142838.71875, 183513.78125, 194758.0625, 148806.6875, 128915.484375, 144110.9375, 101979.484375, 212812.3125, 136459.46875, 187049.59375, 114321.6015625, 173572.09375, 166037.84375, 153127.0, 129937.7421875, 109526.34375, 186499.1875, 145224.4375, 130636.0234375, 162891.125, 190032.40625, 104208.734375, 165192.6875, 173103.59375, 146730.375, 93809.1796875, 205842.953125, 202453.0, 185405.171875, 115266.4375, 143703.15625, 176366.625, 140904.1875, 116186.8359375, 163910.71875, 135691.46875, 185283.671875, 130792.7734375, 185475.0625, 138390.09375, 169985.609375, 168576.328125, 134603.5625, 190323.921875, 123613.96875, 117004.703125, 118575.5390625, 132984.703125, 202533.21875, 209558.28125, 156197.484375, 157419.671875, 169359.625, 119401.546875, 186690.171875, 171045.875, 150406.828125, 127877.8046875, 148609.453125, 151790.65625, 138440.921875, 167722.921875, 115500.390625, 155259.703125, 172939.90625, 172762.21875, 218933.59375, 133643.234375, 119562.9921875, 145738.546875, 124790.8828125, 243634.609375, 125735.5625, 143860.828125, 147306.609375, 138143.765625, 172196.84375, 161416.3125, 198537.5, 191672.234375, 156212.640625, 130507.46875, 130016.90625, 128201.78125, 156534.578125, 134762.28125, 172322.5], "name": "default", "desc": "lr_0.0001_nb_16_ld_1_b_2", "folder": "./saves/grid_seach/search1/lr_0.0001_nb_16_ld_1_b_2_default_20240214-011302"}