{"nhidden": 128, "rnn_nhidden": 32, "obs_dim": 1, "latent_dim": 4, "lr": 0.005, "n_batch": 16, "beta": 0.001, "total_epochs_train": 50, "epochs_per_train": 5, "epochs": 50, "loss": [150705.8125, 194050.265625, 228427.921875, 270531.40625, 153481.265625, 130776.8984375, 148566.25, 123640.34375, 141460.4375, 191634.59375, 178433.265625, 176969.703125, 119580.46875, 184799.859375, 161720.53125, 155663.25, 108914.4921875, 124228.265625, 145336.578125, 114157.671875, 144653.21875, 152582.75, 121619.8046875, 123749.0703125, 160486.828125, 172387.40625, 112181.890625, 142818.40625, 137739.953125, 124050.4453125, 103792.78125, 129120.265625, 141695.03125, 160029.71875, 117700.6328125, 106441.4140625, 99875.7890625, 102133.0703125, 117781.875, 133495.265625, 177464.03125, 110997.0625, 100827.515625, 157633.71875, 122442.3515625, 103777.0390625, 126410.9296875, 110362.65625, 90845.546875, 95774.875, 125800.2265625, 197271.703125, 119294.796875, 130020.8125, 114129.25, 92051.6875, 105780.3203125, 80839.078125, 144330.578125, 91996.1171875, 125338.09375, 153949.921875, 100104.8828125, 120790.78125, 94393.8203125, 130119.5078125, 87903.015625, 104844.8046875, 97491.5078125, 78196.015625, 101274.390625, 154316.65625, 87948.5546875, 125356.1328125, 102211.6328125, 96798.359375, 80926.9296875, 83064.1875, 108524.125, 81764.296875, 125238.078125, 59535.5703125, 153777.5625, 86374.6328125, 71304.421875, 80484.90625, 136411.5625, 75919.8671875, 72871.21875, 94581.375, 69122.59375, 53697.1484375, 56784.125, 109482.6875, 144586.828125, 79882.921875, 90769.6328125, 84177.203125, 98386.2265625, 68979.359375, 67156.5703125, 102358.625, 62075.68359375, 138295.5, 57420.9765625, 94685.4921875, 87608.625, 94566.875, 88650.421875, 47843.8125, 57171.70703125, 79055.71875, 134056.484375, 50967.73046875, 57058.2421875, 66000.4453125, 103266.3125, 127421.4765625, 68967.6875, 65180.53125, 38936.11328125, 43426.6875, 40762.5546875, 76254.890625, 47450.33203125, 91201.90625, 84912.53125, 79672.1328125, 76737.9765625, 58283.24609375, 64989.03515625, 61445.6484375, 91289.53125, 69694.625, 39588.69140625, 49225.8125, 91827.7890625, 44890.30078125, 67860.140625, 62674.5078125, 70687.3515625, 49737.6328125, 77254.5390625, 129906.875, 128768.0234375, 61056.53515625, 87455.0703125, 84639.6875, 71240.359375, 40460.7109375, 83193.0625, 51557.1484375, 86919.875, 106153.625, 41730.078125, 54346.5, 54673.50390625, 69171.7890625, 66941.875, 49640.48828125, 90122.4453125, 49089.61328125, 52603.56640625, 34408.984375, 38658.1484375, 65241.734375, 82486.8828125, 68957.28125, 90812.4609375, 90811.65625, 59315.84765625, 54658.9453125, 74394.8515625, 57200.0546875, 35413.67578125, 77084.046875, 45522.26953125, 32079.060546875, 41246.59375, 35509.98046875, 62224.34375, 38895.1953125, 52621.3046875, 75150.3515625, 54847.54296875, 32676.98828125, 49863.54296875, 61119.36328125, 52143.8125, 30258.99609375, 47084.84375, 34081.1953125, 62068.078125, 56941.9609375, 87449.625, 80130.6875, 62620.42578125, 36085.15625, 39471.5546875, 57049.421875, 78145.359375, 47828.84375, 75885.3515625, 62315.68359375, 42650.2734375, 43414.24609375, 43478.25390625, 36210.45703125, 59034.51171875, 63211.53125, 48068.828125, 47431.71875, 56277.4140625, 55000.3125, 50633.2578125, 33334.859375, 63637.23828125, 85654.28125, 42370.140625, 30225.1328125, 35966.359375, 68773.34375, 52107.20703125, 27819.10546875, 80104.0, 54152.015625, 45067.17578125, 58133.51171875, 47364.01171875, 53288.85546875, 103484.5078125, 39901.6328125, 24820.78125, 39321.2265625, 49375.671875, 54005.52734375, 42482.67578125, 41289.9609375, 45513.87109375, 52861.10546875, 52282.53125, 74420.5, 31580.435546875, 45867.6875, 90395.8203125, 47345.60546875, 27907.349609375, 59317.01953125, 49029.484375, 25561.556640625, 70437.515625, 68364.0625, 28386.607421875, 82804.859375, 56229.67578125, 24631.318359375, 53686.3828125, 44694.84375, 72036.953125, 72324.8359375, 66791.53125, 40556.88671875, 58337.59765625, 31592.73828125, 35342.65234375, 58733.46484375, 60458.67578125, 93099.71875, 71875.96875, 37258.43359375, 35507.8203125, 48941.3984375, 53417.3671875, 29101.37109375, 56956.80859375, 53824.5, 68317.3203125, 58112.35546875, 55598.7109375, 52042.10546875, 58494.13671875, 38882.07421875, 75550.4453125, 31689.84765625, 45778.25390625, 57273.1015625, 61720.0, 51727.828125, 62672.3984375, 57458.34765625, 54698.015625, 79714.484375, 42249.1484375, 19520.140625, 31683.044921875, 101343.96875, 38851.671875, 67140.96875, 80686.7734375, 41691.2890625, 33381.859375, 91675.46875, 25525.154296875, 52290.40234375, 76749.6953125, 36418.8828125, 57672.9140625, 48693.8984375, 37312.546875, 58018.5546875, 48113.6484375, 84464.109375, 40136.671875, 37493.7890625, 50977.5546875, 47735.3671875, 31471.48828125, 43557.10546875, 90639.7734375, 45855.0234375, 38535.78125, 40740.3828125, 66921.015625, 35893.84375, 42119.30859375, 58409.68359375, 48236.53125, 54418.43359375, 41649.67578125, 64696.9375, 43231.23828125, 42841.0625, 66438.8984375, 34960.328125, 105478.7578125, 39564.45703125, 54275.5859375, 41125.734375, 29990.837890625, 37954.4296875, 46571.48046875, 43227.828125, 50834.1171875, 28549.5546875, 51218.7890625, 62121.421875, 90060.53125, 27845.7578125, 31783.68359375, 63994.81640625, 41529.4140625, 43380.81640625, 31116.779296875, 41319.93359375, 48143.02734375, 77673.375, 52740.1875, 40449.015625, 54041.86328125, 66014.5078125, 61075.62109375, 36836.125, 28159.87890625, 61641.6484375, 53503.296875, 52906.390625, 74402.375, 44879.9453125, 29481.6953125, 28427.865234375, 35488.97265625, 60901.71484375, 51552.67578125, 51641.140625, 55218.44921875, 44509.92578125, 61848.25390625, 35206.15625, 79166.6640625, 40522.7578125, 41611.9609375, 55818.2578125, 74250.7421875, 49346.57421875, 31205.47265625, 30655.85546875, 32413.001953125, 53612.875, 85478.3671875, 29782.98046875, 36192.1328125, 58892.46875, 82572.9453125, 43295.703125, 48075.4921875, 36644.17578125, 60126.3984375, 52189.4921875, 68264.9765625, 31234.51171875, 29105.095703125, 62108.65625, 68503.5234375, 67685.1875, 31025.18359375, 35578.265625, 28545.580078125, 28959.943359375, 44544.0625, 45838.40625, 39183.45703125, 70864.15625, 71148.828125, 80039.125, 57605.2265625, 68856.4375, 36387.390625, 90161.796875, 33231.703125, 53127.125, 56017.01171875, 38426.078125, 56382.671875, 58349.33984375, 53225.9296875, 35594.0390625, 57521.25, 39356.46875, 34878.03515625, 82879.0625, 33198.78125, 98274.15625, 30779.572265625, 68706.46875, 70974.953125, 58288.734375, 77368.46875, 40983.89453125, 29750.857421875, 45142.0234375, 103775.828125, 44782.64453125, 74654.3515625, 46271.74609375, 26281.31640625, 50127.53515625, 76044.9453125, 56763.1484375, 40898.42578125, 71547.5], "name": "default", "desc": "lr_0.005_nb_16_ld_4_b_0.001", "folder": "./saves/grid_seach/search1/lr_0.005_nb_16_ld_4_b_0.001_default_20240213-232014"}