{"nhidden": 128, "rnn_nhidden": 32, "obs_dim": 1, "latent_dim": 16, "lr": 0.01, "n_batch": 16, "beta": 4, "total_epochs_train": 1000, "epochs_per_train": 50, "epochs": 50, "loss": [115132.625, 96668.484375, 84580.984375, 81929.8984375, 147139.375, 50611.02734375, 37995.7890625, 61017.5703125, 58915.70703125, 45271.96875, 71268.75, 13000.580078125, 7040.8994140625, 25206.509765625, 91659.625, 20741.798828125, 13256.734375, 15637.3955078125, 12281.962890625, 8952.84765625, 3624.084716796875, 29258.373046875, 8294.68359375, 11493.298828125, 28687.6875, 21859.51953125, 11157.8828125, 36928.71875, 20850.353515625, 6708.23486328125, 24157.9296875, 22078.294921875, 4647.3759765625, 8782.2939453125, 14621.029296875, 18000.77734375, 27895.390625, 11678.013671875, 9992.060546875, 17901.734375, 20637.439453125, 12899.689453125, 18455.150390625, 2421.86962890625, 28666.328125, 12625.173828125, 12831.1572265625, 8271.5029296875, 6494.72314453125, 18836.296875, 7961.07373046875, 6599.91943359375, 7650.74755859375, 9319.8330078125, 16437.767578125, 6942.92431640625, 4757.1044921875, 7008.4091796875, 6026.4267578125, 5501.904296875, 8622.4140625, 7058.3857421875, 11485.1611328125, 3227.651123046875, 9425.1884765625, 8016.64404296875, 6108.51416015625, 5931.90380859375, 12027.8544921875, 3736.9736328125, 8670.919921875, 3095.40380859375, 2313.486328125, 14587.046875, 3126.4375, 3625.67822265625, 7908.96875, 5859.64697265625, 9102.3310546875, 3413.052001953125, 13483.9248046875, 7364.880859375, 4773.8203125, 8892.75390625, 13952.0205078125, 6089.39794921875, 4988.5751953125, 3595.086181640625, 6122.21240234375, 2898.258544921875, 12125.75, 10372.357421875, 8692.92578125, 9335.7490234375, 4633.39599609375, 3594.135986328125, 2427.1171875, 4490.07373046875, 4675.4306640625, 11122.3125, 5003.15673828125, 18927.578125, 4455.953125, 5256.55078125, 12772.9365234375, 6166.95654296875, 3153.443359375, 4779.44970703125, 3155.3759765625, 3043.5341796875, 6540.912109375, 8540.1796875, 7573.095703125, 5062.3623046875, 8503.4892578125, 7570.37109375, 9056.4462890625, 6124.3330078125, 6197.091796875, 11086.43359375, 1260.99560546875, 4922.7412109375, 7321.7099609375, 5729.09130859375, 5966.47412109375, 5494.091796875, 7041.708984375, 5788.25146484375, 6810.712890625, 7842.7666015625, 5245.86865234375, 6340.46044921875, 7893.4755859375, 4553.486328125, 2064.597900390625, 5978.3759765625, 4408.9775390625, 6436.75146484375, 2955.121337890625, 7530.1240234375, 2834.922119140625, 3175.011474609375, 3448.779296875, 15602.1953125, 7856.1650390625, 8544.2763671875, 5505.939453125, 3829.5322265625, 6393.34228515625, 10050.0771484375, 4563.4482421875, 7715.716796875, 5296.93994140625, 5250.623046875, 6104.7177734375, 6486.7890625, 3706.272216796875, 5572.63525390625, 4898.98095703125, 3901.509033203125, 12185.29296875, 7897.14111328125, 11705.279296875, 3726.875244140625, 6132.56787109375, 6660.89794921875, 6018.892578125, 7151.5986328125, 7633.173828125, 6058.5478515625, 6749.8798828125, 4101.5263671875, 3673.86328125, 9919.90234375, 14392.837890625, 6949.26318359375, 5346.0498046875, 4722.001953125, 4565.552734375, 5295.66650390625, 6093.82470703125, 5882.43701171875, 8559.958984375, 5438.16748046875, 4747.65625, 3989.22119140625, 8993.89453125, 2819.172607421875, 1590.8505859375, 17659.4609375, 17358.65625, 4287.0966796875, 5260.3515625, 5989.236328125, 5843.2890625, 3037.27880859375, 3927.632080078125, 7160.6650390625, 7533.9541015625, 6928.4609375, 8754.6162109375, 6963.4072265625, 3736.9345703125, 24976.7578125, 6381.37841796875, 7138.1025390625, 10862.513671875, 9409.998046875, 7424.861328125, 5099.38818359375, 16796.91796875, 3196.533447265625, 5025.37451171875, 2780.369140625, 7963.7197265625, 3333.57080078125, 13798.6064453125, 6476.2373046875, 2959.01318359375, 5133.28515625, 5967.2919921875, 10837.2197265625, 4402.326171875, 4294.681640625, 4224.11572265625, 4006.046875, 8447.62890625, 4609.35498046875, 5642.244140625, 2204.9287109375, 8130.3916015625, 7818.4638671875, 9978.1572265625, 3339.595458984375, 3208.036376953125, 5512.501953125, 4471.20947265625, 2686.131103515625, 10628.474609375, 7415.62548828125, 3411.40966796875, 7959.98388671875, 4105.1728515625, 4637.02197265625, 9107.62109375, 2670.333740234375, 5216.7216796875, 7806.39111328125, 6296.9072265625, 4385.6865234375, 3839.08984375, 7820.4091796875, 3816.528564453125, 9083.46875, 5363.93701171875, 6705.287109375, 8304.623046875, 8851.947265625, 4392.80078125, 10415.9306640625, 2931.860595703125, 5831.61083984375, 8235.107421875, 1772.5673828125, 6579.53955078125, 5423.7919921875, 7239.85009765625, 3307.216064453125, 5795.58984375, 5542.23388671875, 2309.071044921875, 7910.2001953125, 4379.4765625, 2053.900146484375, 12063.4765625, 8263.08203125, 3822.02783203125, 5145.3935546875, 3579.699951171875, 9798.59765625, 2777.21728515625, 8185.10107421875, 5493.3671875, 7391.841796875, 3347.128662109375, 7181.54443359375, 4011.34716796875, 1820.1748046875, 2053.6376953125, 3788.0859375, 4455.9697265625, 11615.947265625, 3080.2939453125, 3342.884765625, 5740.95458984375, 2664.797607421875, 10174.1904296875, 3981.07080078125, 5003.150390625, 1845.0322265625, 2273.9951171875, 13532.0419921875, 16714.3671875, 5390.76123046875, 7175.9150390625, 13683.080078125, 3571.604736328125, 3418.742919921875, 13761.7265625, 3761.78466796875, 10677.908203125, 7140.67578125, 13549.759765625, 10511.8125, 14066.7998046875, 11044.6474609375, 6656.90869140625, 4823.7373046875, 4396.751953125, 12033.06640625, 1633.0635986328125, 5011.189453125, 6744.2939453125, 7355.908203125, 3212.45654296875, 6229.556640625, 7290.66259765625, 7330.2509765625, 14142.357421875, 6617.20068359375, 5158.9462890625, 4352.67236328125, 5372.296875, 4433.9931640625, 3849.97998046875, 4436.7763671875, 10295.583984375, 6522.65380859375, 2313.4287109375, 7373.91064453125, 6984.02001953125, 8068.81005859375, 9282.7021484375, 6751.31201171875, 9486.9189453125, 3433.91748046875, 4105.580078125, 10938.8095703125, 10433.0888671875, 3260.55224609375, 909.4264526367188, 7279.302734375, 5989.6591796875, 3784.480712890625, 3847.042724609375, 10080.208984375, 2609.514892578125, 7870.1572265625, 12826.28515625, 8406.640625, 10203.0859375, 10644.689453125, 6851.8125, 5143.58154296875, 2027.6488037109375, 15917.46484375, 12141.1796875, 3525.67529296875, 4298.3515625, 1493.5369873046875, 10803.1494140625, 11336.0009765625, 5602.06494140625, 11511.5986328125, 13165.802734375, 10289.5517578125, 2263.42529296875, 17773.82421875, 7741.92822265625, 8124.7919921875, 9653.619140625, 10214.939453125, 6374.9306640625, 5929.970703125, 4530.54296875, 20787.814453125, 4769.30908203125, 5146.236328125, 6959.91455078125, 5652.6689453125, 5488.17578125, 5550.84619140625, 5824.12939453125, 8637.9951171875, 9919.9189453125, 3087.52099609375, 1477.4619140625, 4093.468505859375, 7226.80517578125, 5829.5673828125, 7380.18212890625, 4027.961181640625, 6908.52734375, 5855.427734375, 7372.37646484375, 6382.75830078125, 7635.0595703125, 8853.9423828125, 3185.55810546875, 2578.036865234375, 13220.1396484375, 5214.62939453125, 2831.513916015625, 5282.15625, 5768.66357421875, 9667.478515625, 5560.162109375, 8332.53125, 6564.671875, 4344.02197265625, 3670.576904296875, 6684.5224609375, 4396.1513671875, 7033.287109375, 7784.400390625, 6944.02490234375, 4602.75830078125, 2998.021728515625, 4524.6884765625, 5831.5224609375, 6520.50341796875, 6350.59765625, 6075.25244140625, 3930.128662109375, 5684.9345703125, 4585.7763671875, 6153.0869140625, 2854.57421875, 7284.7294921875, 4423.24609375, 3256.98291015625, 3189.492431640625, 2586.974365234375, 5310.4443359375, 3807.580322265625, 3425.395263671875, 7218.18603515625, 3385.23681640625, 8054.4599609375, 7064.9599609375], "name": "default", "desc": "default run", "folder": "./saves/dynamic_run_default_20240227-120432"}