{"nhidden": 128, "rnn_nhidden": 32, "obs_dim": 1, "latent_dim": 8, "lr": 0.0001, "n_batch": 16, "beta": 4, "total_epochs_train": 50, "epochs_per_train": 5, "epochs": 50, "loss": [147781.84375, 165889.5, 276972.53125, 138580.4375, 120057.078125, 176615.734375, 180165.375, 239896.625, 119877.9921875, 156237.359375, 168464.25, 187579.890625, 161821.3125, 236776.921875, 109890.59375, 131826.0625, 187903.96875, 210590.578125, 236017.09375, 161056.03125, 204942.421875, 150897.9375, 152501.09375, 207915.859375, 196568.125, 169229.734375, 116396.78125, 137702.484375, 184600.703125, 164876.34375, 214883.046875, 141460.09375, 166470.40625, 177393.765625, 166307.203125, 187768.90625, 177664.40625, 177447.65625, 137660.09375, 200025.78125, 168606.75, 164552.15625, 221027.3125, 123126.7890625, 197305.171875, 174702.5625, 224450.171875, 162463.328125, 220559.203125, 98645.03125, 146015.5, 222740.25, 144377.90625, 184318.125, 199685.875, 184867.84375, 150598.75, 138289.5, 169514.53125, 146323.625, 204653.328125, 159313.53125, 205428.03125, 187191.03125, 103040.046875, 127032.34375, 205503.953125, 169399.34375, 167722.390625, 140537.109375, 220698.703125, 207386.5625, 207020.75, 169305.296875, 169196.5, 240745.359375, 193390.25, 141406.5, 107288.9921875, 174908.359375, 166319.34375, 163391.59375, 229131.90625, 174915.109375, 130949.5625, 194387.84375, 129945.03125, 211300.46875, 189161.03125, 127977.1328125, 153892.09375, 209306.328125, 248197.984375, 152199.0, 130685.0703125, 172388.0625, 151124.84375, 171326.65625, 176107.25, 197904.90625, 268014.28125, 191882.234375, 157704.4375, 136658.796875, 117004.875, 144377.828125, 180507.796875, 162215.6875, 232719.875, 154081.1875, 139538.546875, 190180.71875, 173029.328125, 119432.3515625, 164867.015625, 171243.875, 183231.0, 178877.578125, 194069.3125, 135605.8125, 166813.078125, 159156.0625, 189570.484375, 120833.421875, 143800.84375, 177957.90625, 187066.71875, 141663.453125, 207730.5625, 158837.125, 148056.671875, 202427.3125, 159661.03125, 149279.015625, 141725.078125, 140409.75, 156060.65625, 194235.890625, 214137.296875, 127193.6796875, 152195.0625, 136770.0, 228637.125, 152116.640625, 155935.53125, 189862.4375, 188732.984375, 170397.734375, 166318.640625, 162136.296875, 125947.0078125, 140780.03125, 167933.453125, 157492.46875, 164089.8125, 139362.90625, 172551.828125, 210863.921875, 111364.328125, 116107.734375, 251969.390625, 138155.84375, 199784.390625, 177909.96875, 196650.4375, 160899.078125, 117308.9921875, 140389.203125, 104943.046875, 176033.1875, 221364.59375, 183383.109375, 125940.2109375, 173348.703125, 169684.953125, 133508.25, 150716.953125, 147728.171875, 201509.84375, 180822.515625, 120755.1640625, 176938.015625, 186960.296875, 207628.46875, 161900.90625, 155930.59375, 112336.953125, 215988.546875, 143237.59375, 223751.9375, 94032.1953125, 165568.953125, 142115.890625, 139038.0, 218691.859375, 100733.125, 145582.890625, 214320.84375, 216327.1875, 150966.828125, 143414.1875, 155372.734375, 133177.484375, 117263.4375, 183433.25, 179612.75, 171293.90625, 155918.046875, 211009.375, 170974.828125, 147304.5, 172410.0625, 225008.0625, 136423.625, 92296.8359375, 140214.828125, 139729.46875, 130097.875, 142815.53125, 120164.171875, 161374.90625, 105283.625, 266626.8125, 215816.46875, 127927.59375, 200397.859375, 100812.03125, 167301.25, 164219.9375, 144427.703125, 174132.40625, 131904.421875, 213810.953125, 125410.1171875, 167262.890625, 148449.859375, 165424.890625, 153562.4375, 176329.5, 177339.828125, 165779.109375, 110287.1640625, 124091.9140625, 201973.515625, 158195.390625, 118272.7890625, 122782.390625, 178698.609375, 148170.09375, 132779.84375, 153368.0625, 141127.0625, 151643.890625, 132819.859375, 144306.671875, 174383.75, 197329.5, 158354.484375, 114920.9609375, 125571.40625, 125962.3828125, 112512.21875, 140483.84375, 89510.4140625, 157493.046875, 167105.40625, 117443.7421875, 174083.40625, 172446.984375, 120592.0859375, 138475.4375, 175699.1875, 142064.796875, 133886.71875, 129173.59375, 170504.578125, 117329.0, 125584.234375, 108132.609375, 158409.875, 199549.875, 101395.6015625, 138870.953125, 107717.453125, 150302.0, 100441.234375, 105631.5703125, 135439.296875, 124727.6484375, 131381.15625, 128105.09375, 153813.15625, 98691.265625, 98520.2578125, 139573.359375, 124494.609375, 141164.21875, 122319.453125, 126996.15625, 105421.4609375, 128031.7890625, 166673.171875, 97766.5, 127466.078125, 139308.640625, 98882.578125, 168582.734375, 97801.0, 113243.65625, 120817.703125, 108960.0625, 142524.34375, 96799.109375, 91747.9609375, 121233.328125, 124804.015625, 99640.890625, 144117.421875, 102110.0, 114711.828125, 102429.453125, 107417.7109375, 141456.140625, 116518.75, 86398.4765625, 100984.3671875, 109426.9609375, 141623.40625, 116917.578125, 105335.328125, 113710.8359375, 106288.6640625, 135836.875, 125909.4765625, 113926.953125, 122038.6875, 100992.9921875, 104949.828125, 174251.375, 101929.9453125, 87744.96875, 98502.421875, 83803.484375, 133608.71875, 104378.234375, 115755.625, 117935.4453125, 98210.921875, 128038.5859375, 124438.8984375, 112695.0859375, 114012.1171875, 106618.9765625, 111097.890625, 99939.859375, 128572.515625, 113593.796875, 163255.796875, 109055.9296875, 109527.359375, 107966.078125, 86826.859375, 99400.3828125, 132121.5625, 107310.28125, 93439.0546875, 112410.9921875, 145890.53125, 117898.2578125, 125190.390625, 89705.640625, 113317.09375, 114708.53125, 100356.921875, 109573.2109375, 109327.3828125, 119405.703125, 116751.78125, 139101.71875, 90305.9921875, 130663.140625, 104908.234375, 95297.1640625, 109621.65625, 102744.6171875, 128273.78125, 97176.328125, 104635.3828125, 88701.671875, 115986.03125, 125708.1796875, 112081.2734375, 120827.9375, 116766.7734375, 99143.3125, 99687.8984375, 88066.890625, 118773.2265625, 153028.5, 116167.359375, 109064.328125, 105346.703125, 99591.71875, 93215.3984375, 89752.1640625, 98381.921875, 105698.15625, 87361.765625, 121761.8515625, 97916.5, 102215.90625, 135610.703125, 112246.71875, 112565.7109375, 107905.84375, 104910.6640625, 97147.2890625, 78274.171875, 130505.40625, 143173.296875, 95408.25, 117302.8046875, 97602.890625, 115383.2578125, 100531.8125, 89018.9765625, 100231.0078125, 121402.15625, 119689.8671875, 122388.484375, 124544.3671875, 89939.9453125, 86744.015625, 111000.125, 120659.375, 142005.28125, 103695.484375, 80741.0, 109272.40625, 130200.5234375, 95445.0546875, 116178.8046875, 104848.59375, 130033.734375, 99906.453125, 97255.8515625, 97217.5625, 139594.0625, 81992.90625, 100284.4453125], "name": "default", "desc": "lr_0.0001_nb_16_ld_8_b_4", "folder": "./saves/grid_seach/search1/lr_0.0001_nb_16_ld_8_b_4_default_20240214-012744"}