{"nhidden": 128, "rnn_nhidden": 32, "obs_dim": 1, "latent_dim": 1, "lr": 0.005, "n_batch": 16, "beta": 2, "total_epochs_train": 50, "epochs_per_train": 5, "epochs": 50, "loss": [135488.9375, 185221.609375, 126932.0625, 196024.875, 191583.46875, 216526.90625, 153746.578125, 182039.578125, 167659.0, 132245.8125, 204755.765625, 138876.90625, 133002.71875, 141393.6875, 108277.0078125, 121061.0, 272730.125, 188475.140625, 123826.75, 234501.125, 225930.84375, 150856.703125, 160416.578125, 121885.890625, 163504.28125, 122417.7890625, 121408.0546875, 167925.78125, 147515.859375, 139034.78125, 159037.9375, 133042.734375, 162981.640625, 179740.171875, 155128.1875, 141812.96875, 118016.203125, 146376.890625, 100898.234375, 200962.359375, 163908.046875, 126677.6171875, 173864.484375, 128382.5859375, 150889.625, 152541.65625, 131052.625, 141142.734375, 111161.40625, 126871.484375, 165568.71875, 158200.71875, 182785.0625, 174923.625, 136446.359375, 103297.484375, 117594.796875, 127916.71875, 204878.640625, 185643.640625, 129138.390625, 177826.75, 155744.28125, 134815.734375, 125145.8671875, 159386.796875, 139795.484375, 137142.0625, 161557.40625, 129807.0625, 145899.734375, 206630.0, 107140.6328125, 148537.21875, 129086.421875, 159147.40625, 159342.09375, 158578.75, 155050.1875, 103658.3359375, 181935.234375, 132442.796875, 136187.203125, 97001.1796875, 148359.8125, 165068.5, 167434.125, 168810.5625, 175790.921875, 135625.21875, 151359.9375, 166744.515625, 177081.4375, 185315.375, 165691.109375, 126926.015625, 91735.8984375, 98844.2109375, 134012.5, 164378.125, 157217.09375, 153253.140625, 165050.75, 152602.375, 121389.453125, 105944.046875, 121331.5546875, 163379.125, 139752.859375, 113592.234375, 154450.390625, 134129.125, 197433.28125, 121553.9375, 95853.3046875, 116904.3359375, 196077.875, 200391.40625, 121639.125, 122813.5, 123954.734375, 153162.671875, 122288.25, 104105.453125, 107958.3828125, 151827.96875, 139878.328125, 131929.59375, 98876.6640625, 172096.21875, 134985.515625, 145888.15625, 121316.3125, 177154.96875, 113324.3359375, 98103.296875, 118985.9609375, 111123.4453125, 129019.5078125, 138073.609375, 188500.0, 128282.3515625, 136912.71875, 146011.59375, 116445.625, 136816.734375, 90761.2421875, 138938.984375, 163268.78125, 128496.4453125, 121856.671875, 144055.3125, 159177.9375, 120479.640625, 131293.0, 168420.359375, 133889.359375, 126182.34375, 129390.2109375, 169474.671875, 90102.1953125, 108276.171875, 95889.6875, 117556.921875, 112306.90625, 195390.171875, 120236.328125, 96411.859375, 116859.0546875, 178664.578125, 109522.4765625, 155963.015625, 130268.234375, 111900.015625, 153794.65625, 151434.75, 139897.890625, 121956.921875, 89546.8359375, 81714.1328125, 133621.40625, 103798.3125, 134859.046875, 88174.3515625, 169396.953125, 101534.34375, 88997.4140625, 163947.359375, 139215.640625, 98603.3671875, 102852.4921875, 178792.046875, 109775.484375, 148190.078125, 113324.4921875, 105910.1875, 132349.265625, 139082.5625, 189654.15625, 97590.8671875, 94526.9375, 130513.109375, 111519.9765625, 141791.484375, 108513.8828125, 133864.03125, 160154.03125, 121223.0078125, 158622.078125, 122012.1796875, 129476.75, 136663.703125, 103231.2578125, 147900.125, 84354.359375, 124941.0703125, 115321.6484375, 112613.4765625, 129825.1953125, 156300.34375, 248539.34375, 97116.6328125, 121562.4375, 92732.296875, 107963.25, 133037.5, 121463.2890625, 95109.09375, 154645.25, 99212.71875, 135782.59375, 133267.28125, 162303.09375, 138488.34375, 188692.65625, 127889.984375, 166248.25, 176435.546875, 155263.0, 187008.140625, 207112.359375, 103238.25, 123196.640625, 148983.421875, 161122.75, 119638.90625, 129642.9375, 160196.859375, 137599.703125, 242576.875, 183764.484375, 153165.4375, 183582.765625, 177795.796875, 157665.78125, 160548.171875, 155093.359375, 122210.4375, 122612.25, 158407.796875, 175381.046875, 200958.0, 125162.1484375, 161563.71875, 108186.1015625, 156957.5625, 143100.65625, 140956.59375, 156772.3125, 236715.0625, 227224.015625, 102602.0703125, 135076.15625, 140426.125, 118765.7734375, 163085.5625, 142601.84375, 188347.53125, 176218.78125, 120973.34375, 191047.703125, 148950.9375, 143158.34375, 225663.546875, 133039.5, 159051.109375, 153871.15625, 114763.1484375, 147771.015625, 208557.9375, 121811.3203125, 166390.75, 110517.2265625, 162212.28125, 141667.1875, 146454.90625, 153796.234375, 105721.5859375, 188021.796875, 162329.15625, 143155.671875, 169543.84375, 152380.21875, 151665.671875, 193995.875, 148619.65625, 160215.171875, 162488.21875, 187245.671875, 123115.25, 180805.09375, 119254.171875, 135194.421875, 159807.9375, 154928.046875, 109194.1015625, 159796.203125, 174154.5625, 105335.8515625, 154088.234375, 268876.1875, 115907.8671875, 153854.578125, 132283.09375, 113718.375, 184593.71875, 179513.5, 94281.9140625, 192425.65625, 175175.453125, 191153.15625, 101193.28125, 137808.359375, 104341.09375, 181478.359375, 172645.53125, 139136.546875, 109030.59375, 108530.265625, 223506.296875, 154543.375, 219783.265625, 117365.8984375, 126777.8828125, 172757.109375, 184906.5, 145140.125, 182054.921875, 165408.265625, 176175.625, 145663.1875, 208674.375, 115739.671875, 182687.453125, 124900.4609375, 168601.671875, 193011.296875, 145038.828125, 135299.15625, 134342.78125, 114395.390625, 120533.8359375, 147496.328125, 151106.234375, 141211.703125, 155486.4375, 187367.828125, 175618.0625, 192802.046875, 152569.734375, 126742.828125, 110044.359375, 159658.015625, 124191.421875, 193035.09375, 135639.484375, 268521.59375, 142526.59375, 165281.625, 166890.765625, 139155.53125, 115730.234375, 129117.09375, 213940.453125, 196000.453125, 101611.03125, 187608.84375, 224688.78125, 116108.1953125, 147225.25, 114268.171875, 185507.125, 154946.859375, 164996.390625, 139944.265625, 171714.328125, 171158.78125, 148572.40625, 146783.296875, 152843.578125, 118056.953125, 160206.0625, 118389.109375, 170667.171875, 164034.53125, 160324.359375, 122981.734375, 132245.25, 168046.140625, 167923.25, 167851.171875, 187774.296875, 159220.234375, 161611.5, 158608.609375, 159356.53125, 147924.90625, 144091.96875, 202841.625, 183287.640625, 126959.828125, 107416.53125, 156763.796875, 145625.015625, 139064.796875, 141406.15625, 166961.34375, 155409.65625, 159104.375, 126738.765625, 187514.25, 141688.859375, 222188.875, 153180.6875, 135252.34375, 202998.1875, 138400.5, 163736.015625, 137892.9375, 104930.84375, 151528.9375, 138435.0, 141066.828125, 147236.109375, 163226.5625, 171458.46875, 191058.625, 145640.453125, 157095.84375, 137942.125], "name": "default", "desc": "lr_0.005_nb_16_ld_1_b_2", "folder": "./saves/grid_seach/search1/lr_0.005_nb_16_ld_1_b_2_default_20240213-230556"}