{"nhidden": 128, "rnn_nhidden": 32, "obs_dim": 1, "latent_dim": 4, "lr": 0.01, "n_batch": 16, "beta": 0.001, "total_epochs_train": 50, "epochs_per_train": 5, "epochs": 50, "loss": [236350.5625, 271616.8125, 169478.046875, 165191.15625, 162924.28125, 97829.546875, 140161.1875, 132802.5625, 149592.296875, 151625.046875, 119949.5390625, 147844.96875, 148324.640625, 103093.078125, 155643.0, 193511.4375, 157104.484375, 171631.078125, 197389.765625, 146483.046875, 128121.796875, 136086.4375, 137256.484375, 131333.859375, 125931.7265625, 100100.390625, 85441.390625, 134252.921875, 139555.1875, 151845.71875, 95460.921875, 97195.34375, 104963.015625, 142938.34375, 113958.703125, 117548.140625, 152565.6875, 103680.015625, 157694.9375, 142340.375, 153127.265625, 102614.1171875, 98172.15625, 99726.0546875, 115357.03125, 97406.890625, 104862.3046875, 108267.0390625, 119263.9453125, 105051.5390625, 123325.3046875, 145860.375, 75558.3203125, 99784.625, 80876.7734375, 83541.96875, 93072.875, 92919.109375, 89064.1484375, 140855.4375, 68662.8671875, 76852.359375, 71394.828125, 65254.9609375, 165342.171875, 78918.046875, 93836.6015625, 63334.0546875, 69215.5625, 107212.140625, 118258.8359375, 86723.640625, 76249.203125, 113424.8515625, 61426.984375, 115659.0546875, 70614.7265625, 75193.0546875, 90533.2578125, 67429.4140625, 76247.53125, 68328.171875, 70745.328125, 80797.546875, 47877.9453125, 44704.234375, 80267.1953125, 72424.5, 80848.65625, 120893.7109375, 74033.9453125, 81083.2421875, 42699.6328125, 142959.203125, 83509.640625, 71112.734375, 58419.921875, 61562.8515625, 62292.40234375, 104833.359375, 78745.78125, 58427.54296875, 61620.4453125, 39470.05859375, 33714.37109375, 113088.953125, 62708.01953125, 47373.66015625, 57020.58203125, 57928.1171875, 88644.921875, 46564.56640625, 78536.328125, 76835.0625, 55651.8828125, 66434.7421875, 64599.171875, 37080.35546875, 48807.90625, 57057.23046875, 112372.265625, 66647.3046875, 68492.1171875, 66450.03125, 44402.48828125, 62952.046875, 108279.109375, 47463.3828125, 50537.453125, 49853.02734375, 81791.3046875, 76645.40625, 137138.640625, 65373.328125, 50720.90625, 48423.8203125, 71115.984375, 46385.47265625, 46105.7265625, 93196.6796875, 53235.20703125, 60146.2578125, 67817.5390625, 76780.8125, 80351.328125, 58676.50390625, 59782.0078125, 72540.171875, 45612.875, 61758.5625, 565129.625, 362321.78125, 2524869.5, 188616.8125, 117115.4296875, 161922.828125, 273140.84375, 169406.625, 129726.28125, 106135.59375, 131570.71875, 146149.84375, 178843.453125, 216699.84375, 113229.2890625, 114674.546875, 185251.53125, 150862.75, 226567.21875, 122051.46875, 139956.28125, 178546.375, 152424.21875, 204383.296875, 177078.5625, 174493.34375, 84777.0078125, 117608.7265625, 159244.359375, 157353.75, 210178.15625, 199325.671875, 139118.21875, 148229.484375, 144956.234375, 124797.484375, 137726.015625, 173782.203125, 106179.75, 131105.5625, 194985.78125, 162034.625, 159566.484375, 120578.671875, 160003.875, 139529.984375, 167180.46875, 117666.7421875, 183046.8125, 154195.765625, 123995.046875, 164016.109375, 187015.0625, 98693.40625, 145265.0, 118249.109375, 103234.6640625, 132722.046875, 139348.09375, 144131.9375, 164822.390625, 124878.953125, 155718.140625, 105700.390625, 94720.921875, 90704.8046875, 131980.25, 128076.5234375, 137976.53125, 93975.65625, 122374.7890625, 104660.1015625, 75257.546875, 99995.59375, 91349.609375, 95314.4921875, 99509.765625, 92579.4453125, 84273.203125, 88432.3125, 67531.8046875, 88066.2734375, 137113.65625, 92132.28125, 132020.328125, 83994.015625, 85226.9765625, 73626.25, 115778.359375, 73175.140625, 86765.375, 71845.8515625, 79074.1484375, 53156.703125, 92630.40625, 59845.54296875, 57327.84375, 68689.046875, 70004.7109375, 86467.984375, 91267.5859375, 105595.8828125, 49422.7265625, 73297.9609375, 72357.078125, 64060.109375, 89414.96875, 66837.9609375, 70608.6484375, 83472.09375, 95108.484375, 92345.984375, 65690.5, 38480.94921875, 51677.296875, 69819.4296875, 66181.6015625, 89265.2734375, 90692.6015625, 82174.65625, 59061.078125, 67362.0546875, 47145.109375, 53536.671875, 65271.6171875, 70416.3125, 112621.171875, 54695.84765625, 92859.5390625, 69173.265625, 54702.0, 84692.8125, 64798.59765625, 52267.74609375, 93475.09375, 48246.30078125, 65859.15625, 40350.56640625, 46936.71875, 129427.1796875, 55583.50390625, 53871.3203125, 38530.7578125, 71114.4140625, 69688.3671875, 41214.2265625, 49997.6328125, 78564.46875, 49794.6953125, 69975.28125, 71979.7734375, 33587.9921875, 88827.3359375, 79756.21875, 56543.1875, 60269.515625, 41361.20703125, 66489.5390625, 47809.375, 106220.109375, 48354.96875, 62941.421875, 65925.75, 41345.38671875, 32402.02734375, 73697.8671875, 53358.3203125, 46093.04296875, 39907.9375, 53351.59375, 41164.796875, 53479.70703125, 55986.1875, 50794.5546875, 46734.46484375, 51888.04296875, 41783.359375, 41957.484375, 67312.0859375, 26453.212890625, 48089.046875, 89933.40625, 80321.3125, 53376.2421875, 57069.6328125, 107217.96875, 50026.078125, 44106.7265625, 42254.3046875, 70617.5703125, 57835.953125, 41691.1171875, 71718.265625, 43657.9921875, 54599.22265625, 81367.1015625, 27821.69921875, 49530.44140625, 47154.5, 64180.77734375, 53054.3671875, 34156.578125, 79101.2265625, 38990.11328125, 67389.9140625, 64292.4453125, 87904.515625, 59618.1953125, 29757.453125, 47131.96875, 36771.77734375, 58614.49609375, 57295.15234375, 51657.3515625, 77376.953125, 41674.890625, 42452.9140625, 34448.9765625, 78279.796875, 42295.1015625, 33925.703125, 79091.625, 65659.1015625, 65525.296875, 42047.4453125, 50526.61328125, 48362.26171875, 44752.77734375, 63874.875, 37283.53515625, 71551.109375, 54902.109375, 49847.46484375, 53376.140625, 47461.8359375, 59779.9140625, 67611.796875, 46709.79296875, 79982.2265625, 53845.4609375, 87025.9375, 32175.333984375, 37699.171875, 76004.4609375, 43703.64453125, 40454.59765625, 68574.6640625, 42882.89453125, 34735.19921875, 103661.609375, 60243.62109375, 30246.380859375, 41141.5078125, 50772.08984375, 54641.640625, 43607.21484375, 70435.703125, 41609.6328125, 52696.83984375, 65494.37109375, 50059.7890625, 48751.98046875, 31284.669921875, 29602.658203125, 35871.62890625, 63641.51171875, 39992.6796875, 46864.7890625, 61289.26171875, 57332.671875, 53666.14453125, 76290.15625, 25849.19921875, 39963.2109375, 87228.234375, 53011.984375, 40248.7890625, 39016.3671875, 54407.12890625, 43010.140625, 30186.2265625, 80603.25, 37103.25, 43918.6875, 69434.53125, 67055.3984375, 44521.8203125, 52759.953125, 43830.18359375, 56731.0546875, 46964.796875, 58525.828125, 41293.5, 62393.14453125, 44079.30078125, 64307.375, 16340.94921875, 68231.9921875, 37910.60546875, 36150.046875], "name": "default", "desc": "lr_0.01_nb_16_ld_4_b_0.001", "folder": "./saves/grid_seach/search1/lr_0.01_nb_16_ld_4_b_0.001_default_20240213-222723"}