{"nhidden": 128, "rnn_nhidden": 32, "obs_dim": 1, "latent_dim": 1, "lr": 0.001, "n_batch": 16, "beta": 0.5, "total_epochs_train": 50, "epochs_per_train": 5, "epochs": 50, "loss": [259257.78125, 122370.109375, 235564.828125, 144419.734375, 132777.171875, 198781.375, 151678.609375, 143384.84375, 152627.15625, 192979.53125, 153757.1875, 118876.625, 222597.234375, 135333.859375, 159713.921875, 192057.296875, 224687.609375, 124598.28125, 138209.921875, 212226.265625, 179310.453125, 108957.4375, 194440.0, 258067.4375, 127740.5, 110390.2578125, 113586.6328125, 165390.65625, 173261.84375, 142559.71875, 131305.640625, 175987.8125, 119817.6875, 203528.25, 162071.921875, 154057.96875, 94877.5, 169784.296875, 165365.53125, 123300.171875, 178180.34375, 187563.625, 160101.53125, 129389.828125, 149621.75, 129261.328125, 159008.796875, 241514.421875, 190190.140625, 136006.796875, 111588.1640625, 137802.140625, 128014.8359375, 140414.53125, 204115.59375, 130510.765625, 116991.1171875, 106545.1328125, 189975.96875, 146310.828125, 169165.25, 172567.625, 207472.28125, 165839.03125, 141963.6875, 108254.0859375, 229860.6875, 169521.671875, 152334.984375, 146013.4375, 171127.75, 114086.328125, 196836.03125, 150434.453125, 169424.515625, 158096.9375, 146970.1875, 126733.078125, 154984.21875, 183272.515625, 123046.90625, 117589.75, 126049.1015625, 123752.953125, 119867.9453125, 129279.625, 201477.21875, 195708.46875, 187124.8125, 172255.34375, 191073.625, 189775.15625, 138048.640625, 135571.046875, 115267.4609375, 145110.09375, 182057.953125, 140701.703125, 126847.390625, 231267.84375, 129641.203125, 141553.703125, 160394.609375, 162353.484375, 145683.6875, 129796.78125, 118090.625, 175111.640625, 123810.4140625, 154955.125, 123324.6484375, 156519.34375, 144361.640625, 121285.9375, 133771.703125, 150645.859375, 261534.828125, 240936.046875, 130631.921875, 142676.71875, 213491.828125, 158241.203125, 118240.03125, 153411.984375, 137410.9375, 106045.046875, 188940.078125, 121060.3828125, 107356.015625, 154459.84375, 203374.09375, 166178.5625, 109264.2421875, 205481.5, 137034.5, 109902.421875, 122530.171875, 187472.21875, 148329.296875, 179008.34375, 120659.21875, 157282.75, 226673.546875, 104087.8203125, 161531.609375, 127856.0, 139704.84375, 156511.921875, 174820.0, 157850.234375, 132504.5625, 191419.703125, 145864.921875, 163255.5625, 202851.046875, 120473.09375, 127644.1015625, 152435.0625, 145787.171875, 127997.2734375, 171276.75, 127651.0078125, 121360.84375, 159743.765625, 161664.765625, 138090.140625, 133183.59375, 120829.3359375, 138482.59375, 151633.375, 244103.90625, 155079.234375, 188185.109375, 165858.015625, 115480.0, 187284.1875, 133198.0, 120632.7734375, 152152.015625, 178884.6875, 97797.75, 173929.640625, 132051.5625, 143677.96875, 191331.125, 184155.578125, 146971.046875, 168801.0625, 165408.6875, 162446.328125, 195868.21875, 170721.4375, 146806.6875, 140061.234375, 158539.9375, 157440.390625, 142775.265625, 129556.515625, 153414.59375, 190231.78125, 123089.296875, 151452.90625, 144487.765625, 139231.265625, 135707.078125, 176071.578125, 179091.84375, 178524.65625, 139398.46875, 151810.609375, 149618.09375, 158132.84375, 138287.265625, 149724.921875, 180174.796875, 142874.296875, 180289.9375, 200762.0625, 122707.7265625, 184784.453125, 92281.4296875, 149317.953125, 168151.09375, 144049.21875, 161192.9375, 145471.5625, 150262.46875, 152914.859375, 223431.171875, 119606.25, 189961.984375, 154133.6875, 135884.65625, 112130.7578125, 123942.609375, 172381.28125, 184187.265625, 114047.6328125, 130015.78125, 146517.625, 128372.2578125, 213456.53125, 136092.765625, 107881.515625, 141612.40625, 211569.921875, 170934.015625, 198157.546875, 168322.09375, 133999.796875, 155439.015625, 86649.5703125, 120395.546875, 150937.875, 179210.796875, 135619.875, 147944.40625, 122470.0546875, 116932.578125, 218440.875, 185602.03125, 168684.953125, 172999.21875, 173724.9375, 125151.140625, 101881.375, 152221.03125, 171977.71875, 122453.109375, 189936.0625, 199286.390625, 112497.265625, 169285.109375, 162380.171875, 181923.5625, 163399.765625, 160357.125, 116212.21875, 112506.109375, 210005.421875, 157902.6875, 151660.34375, 197228.09375, 99078.9765625, 123412.4296875, 128570.9375, 173888.703125, 153786.03125, 99276.1015625, 114160.46875, 136411.71875, 138551.828125, 181147.09375, 132148.4375, 224098.484375, 140409.109375, 177970.0625, 161219.1875, 149704.21875, 193235.21875, 141980.578125, 109837.171875, 151898.421875, 196981.171875, 134571.40625, 155584.765625, 177451.890625, 123167.2265625, 163819.1875, 172493.6875, 165588.109375, 190073.6875, 126613.734375, 110031.75, 151586.1875, 209527.625, 163095.71875, 140649.921875, 128383.0625, 125444.78125, 131668.734375, 158879.265625, 162734.421875, 143642.46875, 177682.90625, 218784.34375, 150901.1875, 163780.40625, 152678.03125, 113038.984375, 181217.28125, 109718.828125, 134116.09375, 215347.625, 119954.875, 222046.625, 112379.625, 198053.421875, 96600.3828125, 181014.09375, 126431.78125, 127038.5625, 195821.96875, 129476.0625, 206510.234375, 111391.765625, 152686.03125, 165813.921875, 137636.515625, 129845.4296875, 140180.15625, 183053.09375, 121769.7890625, 169033.78125, 152129.65625, 190328.5625, 177748.09375, 120915.3671875, 127025.765625, 145574.453125, 158738.640625, 180766.3125, 130648.2421875, 184541.46875, 147759.640625, 149308.34375, 166342.296875, 147608.15625, 126452.34375, 147546.15625, 224551.578125, 211272.0, 141074.4375, 123896.0390625, 173834.65625, 113991.7734375, 134728.859375, 109580.8515625, 152527.53125, 106610.375, 163363.96875, 234679.421875, 236935.125, 115701.234375, 114471.953125, 122211.4296875, 133539.015625, 170925.453125, 211952.796875, 182030.65625, 112279.703125, 156849.703125, 164726.390625, 138684.40625, 134023.390625, 118135.9921875, 144659.75, 128150.859375, 123853.90625, 154184.921875, 224536.65625, 125709.5546875, 127100.5078125, 207780.265625, 142684.859375, 107300.4765625, 167322.0625, 146853.625, 198269.875, 178838.359375, 129753.109375, 139782.78125, 167671.5, 144294.21875, 146479.203125, 172986.1875, 157788.203125, 128431.453125, 116124.8828125, 118173.4765625, 155840.359375, 125362.9375, 251422.109375, 142790.109375, 135342.078125, 148638.28125, 118949.8828125, 145372.875, 148412.34375, 171124.515625, 183295.34375, 182272.71875, 191082.453125, 174271.25, 184553.46875, 153951.25, 128855.5703125, 184889.484375, 119028.734375, 136766.859375, 124532.984375, 133628.546875, 122387.234375, 151830.0625, 182420.8125, 110018.1171875, 139285.5625, 137832.140625, 189294.359375, 180165.453125], "name": "default", "desc": "lr_0.001_nb_16_ld_1_b_0.5", "folder": "./saves/grid_seach/search1/lr_0.001_nb_16_ld_1_b_0.5_default_20240213-235244"}