{"nhidden": 128, "rnn_nhidden": 32, "obs_dim": 1, "latent_dim": 8, "lr": 0.001, "n_batch": 16, "beta": 0.001, "total_epochs_train": 10, "epochs_per_train": 5, "epochs": 10, "loss": [199792.984375, 151033.375, 115944.453125, 206518.359375, 120347.5390625, 192024.34375, 207669.84375, 175308.578125, 150546.0, 124139.875, 167081.0625, 204110.84375, 148238.34375, 168867.09375, 147928.046875, 146424.90625, 152889.46875, 258593.4375, 129774.71875, 192818.5, 124221.8359375, 211417.53125, 237666.359375, 172041.78125, 122602.109375, 171836.09375, 129744.4375, 99390.4609375, 136224.265625, 168279.390625, 121489.3125, 186851.0, 186153.671875, 160756.78125, 197518.390625, 186348.8125, 165824.09375, 103499.0078125, 151323.5, 174322.09375, 224169.40625, 206257.6875, 153155.15625, 132422.640625, 122237.6640625, 135508.625, 237777.828125, 96092.578125, 119262.65625, 195584.078125, 192650.546875, 115445.9921875, 120143.0703125, 137049.6875, 161223.34375, 132569.34375, 125500.6796875, 204558.90625, 103050.203125, 119013.203125, 116424.5859375, 118967.921875, 163771.78125, 95475.15625, 129952.078125, 181524.609375, 133977.59375, 132488.5625, 105297.046875, 115105.1640625, 118855.3046875, 145041.3125, 136638.421875, 120684.40625, 113282.8359375, 115442.328125, 136349.921875, 156866.15625, 161903.953125, 113297.640625, 115836.3203125, 127959.0859375, 121219.3046875, 112514.5078125, 152891.28125, 115732.4765625, 94171.4140625, 102987.640625, 121103.015625, 102753.0], "name": "default", "desc": "default run", "folder": "./saves/default_run_default_20240307-064235"}