{"nhidden": 128, "rnn_nhidden": 32, "obs_dim": 1, "latent_dim": 2, "lr": 0.01, "n_batch": 16, "beta": 1, "total_epochs_train": 50, "epochs_per_train": 5, "epochs": 50, "loss": [126341.609375, 155117.375, 139788.796875, 142157.671875, 126785.109375, 197198.3125, 203479.03125, 175676.828125, 211629.78125, 120504.9375, 111416.5234375, 2212498.0, 172959.375, 132238.75, 202997.78125, 150113.09375, 198836.859375, 119607.328125, 196386.625, 192066.3125, 136880.78125, 145480.0, 168018.0, 141930.0625, 148808.1875, 119534.984375, 141117.90625, 165784.125, 153615.984375, 168359.875, 108958.9765625, 154104.859375, 166249.25, 163283.53125, 150962.890625, 163023.640625, 154350.421875, 164966.8125, 140412.1875, 198296.34375, 104671.2578125, 186769.75, 132009.109375, 164087.90625, 142675.953125, 122454.5, 140229.796875, 139482.015625, 97403.7734375, 153639.203125, 191868.3125, 152806.84375, 252843.375, 151802.171875, 177477.96875, 130821.8046875, 134171.984375, 149351.453125, 115907.640625, 216821.578125, 131961.328125, 169757.984375, 131009.390625, 131633.375, 116631.7734375, 161341.28125, 160435.828125, 142383.53125, 130216.4453125, 174042.671875, 152926.265625, 193550.046875, 112702.53125, 142089.453125, 95788.6796875, 187536.75, 188463.859375, 127491.1953125, 176927.46875, 197915.90625, 144599.015625, 132041.421875, 114412.75, 122312.5078125, 180578.234375, 160857.78125, 149539.90625, 182577.34375, 144559.671875, 193459.921875, 176397.03125, 173354.375, 123724.53125, 138012.765625, 112634.828125, 109026.9375, 185144.953125, 109782.1328125, 168367.03125, 192722.03125, 117370.46875, 156371.421875, 138656.0, 122403.21875, 132268.140625, 116916.4375, 121877.3828125, 130766.296875, 141812.171875, 150449.609375, 140238.34375, 108156.5625, 94685.0, 135257.453125, 160336.890625, 151907.421875, 106585.7578125, 106132.4296875, 125008.1171875, 120095.859375, 96179.125, 94161.109375, 153051.734375, 103983.4375, 139721.28125, 170818.65625, 119410.46875, 125883.0625, 127652.125, 85961.234375, 119652.2890625, 125070.34375, 151856.140625, 120299.640625, 105034.578125, 110170.78125, 105834.8984375, 99561.78125, 90144.140625, 86755.78125, 133522.75, 115848.0390625, 130430.0, 110084.3359375, 100846.546875, 120177.078125, 95769.796875, 109297.03125, 77792.625, 142966.0, 103814.7890625, 95095.546875, 92990.6875, 88281.5078125, 111580.671875, 99952.9609375, 70738.7734375, 82059.90625, 103529.40625, 109678.265625, 131314.59375, 98125.625, 88719.234375, 82524.234375, 143564.0625, 77063.0234375, 105858.140625, 99691.53125, 105068.1015625, 121139.203125, 123699.7578125, 59245.21875, 148597.25, 86080.515625, 108003.7578125, 97987.515625, 105375.578125, 73508.828125, 87781.59375, 91762.8203125, 119791.2265625, 93988.890625, 91538.3203125, 113742.859375, 109266.9140625, 56863.34375, 91667.59375, 117265.8203125, 65184.95703125, 73177.84375, 121844.6796875, 83222.1015625, 99232.390625, 61961.28125, 98785.671875, 63117.45703125, 107556.171875, 67853.25, 93685.5625, 88407.4375, 107229.3046875, 59735.8203125, 84688.78125, 51174.9375, 67855.65625, 64536.60546875, 94183.40625, 73226.734375, 81344.625, 82910.0, 94985.3515625, 56982.890625, 63441.58203125, 78123.9140625, 89825.0078125, 97858.0234375, 69227.9296875, 92014.53125, 54529.25390625, 57372.73046875, 59919.0625, 90974.671875, 93316.328125, 67582.796875, 86031.8671875, 61287.73046875, 86598.7890625, 66094.7890625, 77068.484375, 56221.578125, 55916.66796875, 52045.72265625, 168836.96875, 37635.046875, 90167.21875, 48304.2109375, 79251.328125, 46211.27734375, 102719.09375, 103838.015625, 70373.8828125, 59837.95703125, 79228.4140625, 60809.81640625, 70047.578125, 67043.578125, 59796.3125, 39580.48828125, 47610.0234375, 67576.25, 42976.0625, 123447.40625, 79943.34375, 36401.125, 45701.03125, 86218.7578125, 92775.7578125, 60246.8359375, 59777.15234375, 76377.9375, 60566.03125, 82332.7578125, 52860.31640625, 71801.0703125, 61460.6796875, 65809.1328125, 71518.296875, 109433.296875, 42125.8046875, 78782.7890625, 63919.26953125, 69878.78125, 70476.6953125, 77773.796875, 46464.51953125, 59967.62109375, 59437.2578125, 37204.66796875, 69076.015625, 52088.390625, 58682.359375, 38833.53515625, 78337.5625, 34675.109375, 56502.9609375, 93619.8671875, 48658.65625, 85090.484375, 48855.7734375, 104077.4140625, 48879.5546875, 57271.5703125, 80220.4609375, 74859.890625, 104766.875, 119108.9921875, 95504.4609375, 63165.89453125, 89690.90625, 95331.6015625, 92586.53125, 109125.1015625, 161532.1875, 70243.96875, 73383.578125, 96804.875, 101247.765625, 149030.171875, 130157.5703125, 132177.75, 130832.96875, 148189.203125, 119670.28125, 98584.640625, 89700.3203125, 82202.375, 95835.6640625, 80998.546875, 54523.203125, 100429.4921875, 99272.15625, 150180.796875, 75052.2421875, 106493.796875, 95278.09375, 54652.8671875, 119359.671875, 141135.84375, 69808.8203125, 59309.5859375, 71627.7578125, 85363.640625, 81048.9296875, 101870.390625, 88387.7109375, 73743.59375, 98744.6015625, 66952.3828125, 41978.421875, 67207.4609375, 57364.83984375, 91693.078125, 50866.46875, 58056.3203125, 65966.8125, 50433.29296875, 116297.5, 96142.5234375, 51524.23828125, 77817.1953125, 53490.09765625, 72753.8359375, 70508.359375, 35747.19140625, 47798.55859375, 96537.203125, 41662.71875, 38535.8515625, 86910.578125, 73788.421875, 54262.50390625, 49726.7109375, 43522.4296875, 61778.890625, 66041.390625, 68252.8046875, 47147.6796875, 48240.609375, 101083.3203125, 54045.125, 77283.0546875, 94854.8046875, 62998.3046875, 34357.453125, 64634.41796875, 75117.3828125, 47922.24609375, 37920.9609375, 37844.6796875, 36257.484375, 54794.32421875, 76523.4375, 62416.125, 62818.171875, 62722.3828125, 52786.33984375, 85705.3203125, 44793.484375, 46037.1015625, 51487.2890625, 52673.1875, 75683.140625, 50961.1796875, 46520.265625, 70600.171875, 71738.84375, 55529.5234375, 47261.89453125, 42128.25, 59818.90625, 33604.28125, 66642.8984375, 77038.2890625, 65356.87890625, 48741.109375, 52400.8046875, 29697.43359375, 149510.984375, 56246.47265625, 58668.8125, 37728.84765625, 33762.0078125, 54284.49609375, 70661.1015625, 52319.0859375, 49951.7578125, 69750.203125, 56359.41015625, 59843.19140625, 34034.71484375, 47698.03125, 96173.890625, 56304.953125, 75418.1796875, 45554.125, 37136.29296875, 52517.6171875, 41396.0703125, 95771.2578125, 56407.6953125, 59468.296875, 57206.44140625, 54575.28125, 66742.1796875, 39281.33203125, 57435.3125, 49342.98046875, 50071.67578125, 93012.1484375, 73026.140625, 40931.046875, 59467.578125, 47861.26171875, 120343.078125, 30235.568359375, 49909.41015625, 53135.0390625, 49547.2578125, 48817.9921875, 52010.65234375], "name": "default", "desc": "lr_0.01_nb_16_ld_2_b_1", "folder": "./saves/grid_seach/search1/lr_0.01_nb_16_ld_2_b_1_default_20240213-222025"}