{"nhidden": 128, "rnn_nhidden": 32, "obs_dim": 1, "latent_dim": 4, "lr": 0.0001, "n_batch": 16, "beta": 1, "total_epochs_train": 50, "epochs_per_train": 5, "epochs": 50, "loss": [127537.7109375, 173054.703125, 238639.5625, 164618.828125, 171332.71875, 200712.203125, 164899.75, 122101.5859375, 188003.90625, 213737.828125, 127720.09375, 153675.140625, 197187.421875, 214871.671875, 200691.203125, 130491.7890625, 103827.9296875, 184274.859375, 210895.875, 141892.296875, 141201.53125, 220786.3125, 133554.71875, 160968.5625, 204919.140625, 209035.515625, 114516.609375, 153765.265625, 184271.78125, 165978.28125, 127744.4765625, 125711.1484375, 205764.8125, 162158.578125, 172973.96875, 219348.921875, 176830.875, 160967.703125, 176366.34375, 208050.921875, 132584.265625, 180695.734375, 145189.6875, 189991.328125, 218770.3125, 144691.875, 119190.375, 181442.078125, 136672.953125, 258446.90625, 174935.609375, 153491.359375, 194182.328125, 175499.125, 232172.09375, 128008.6953125, 180839.765625, 138671.6875, 196007.59375, 140732.90625, 175736.359375, 204169.71875, 162283.203125, 186194.140625, 254976.953125, 130577.3359375, 168366.5, 217029.0625, 115901.4296875, 138813.0625, 180998.53125, 144923.21875, 125607.078125, 142444.25, 124605.5234375, 200687.359375, 247755.6875, 167371.84375, 171839.8125, 165802.484375, 126767.359375, 190052.453125, 143587.1875, 172933.046875, 182748.90625, 163344.34375, 150594.671875, 144535.34375, 169754.5, 181335.078125, 171138.328125, 180119.84375, 133504.0625, 182975.46875, 161258.78125, 166145.21875, 196675.46875, 138928.78125, 162382.4375, 144374.5625, 161890.953125, 173586.265625, 223722.296875, 136737.84375, 222516.65625, 168171.546875, 182536.375, 107454.546875, 197426.4375, 138948.703125, 175744.84375, 166417.875, 115619.28125, 199788.5625, 226923.8125, 158537.296875, 134935.4375, 177387.78125, 206155.890625, 162796.359375, 164756.265625, 166756.109375, 126711.953125, 159615.234375, 147040.375, 170159.984375, 172127.28125, 135806.75, 241120.828125, 140930.71875, 133179.21875, 135367.953125, 253962.234375, 156903.515625, 132644.265625, 150132.0, 135743.375, 227787.375, 221290.0, 166779.75, 110131.7890625, 165803.1875, 131039.1796875, 181585.25, 163256.359375, 180468.375, 219139.640625, 182092.21875, 170502.234375, 157481.75, 159682.296875, 108823.015625, 130857.0703125, 197640.15625, 199954.46875, 178850.671875, 123515.4921875, 125108.3125, 190287.78125, 170728.328125, 149703.0, 138587.796875, 130780.5703125, 215313.265625, 233752.96875, 102935.0, 176338.78125, 195512.046875, 132128.421875, 149141.03125, 121914.4921875, 143700.5, 127655.1015625, 237072.515625, 259209.6875, 158214.5, 152420.5625, 144931.546875, 125628.6328125, 109771.125, 168315.984375, 163228.15625, 153134.28125, 132442.28125, 148502.359375, 158932.078125, 189983.625, 114805.4375, 198457.59375, 153872.140625, 209449.96875, 177041.09375, 135814.65625, 177728.390625, 175946.734375, 117182.96875, 125279.4453125, 153372.765625, 155955.703125, 141981.0, 162750.203125, 159598.65625, 251776.125, 184088.609375, 114557.8828125, 156245.734375, 87125.296875, 117744.4375, 149271.890625, 164725.546875, 142239.25, 146043.6875, 155336.984375, 139710.09375, 122285.578125, 258805.25, 200447.890625, 173856.625, 153791.90625, 109912.9296875, 137104.71875, 213534.265625, 118992.5859375, 168781.078125, 112779.46875, 132132.515625, 122045.6640625, 130761.609375, 142679.234375, 179497.828125, 158078.96875, 128885.109375, 156110.5625, 140391.6875, 141390.5625, 162660.4375, 182534.5, 134901.03125, 115414.1875, 181121.25, 141730.625, 156271.796875, 114666.875, 147959.40625, 123422.1328125, 157922.4375, 123138.7421875, 118500.0078125, 174058.03125, 205882.6875, 145833.0, 111193.375, 101263.1875, 142878.203125, 113889.0703125, 128474.0546875, 181220.59375, 126622.3125, 128529.71875, 164369.359375, 142155.25, 122934.78125, 118282.0390625, 162276.828125, 135581.546875, 119248.828125, 117413.078125, 169751.96875, 127670.6484375, 166750.125, 123663.640625, 117911.7890625, 137587.34375, 127277.359375, 161911.75, 181613.40625, 148166.203125, 108648.234375, 130635.109375, 113011.484375, 99977.3203125, 141364.34375, 144878.1875, 151626.0625, 119609.984375, 128568.890625, 162707.390625, 125867.0859375, 97306.078125, 170871.40625, 155152.046875, 133152.21875, 125373.0546875, 114647.40625, 129072.28125, 146464.90625, 137894.53125, 150423.625, 169244.96875, 149727.375, 131163.78125, 100951.2421875, 141784.234375, 111543.25, 120230.765625, 144529.421875, 148321.703125, 124217.2109375, 81549.8359375, 135531.25, 154550.5, 154069.5, 111836.03125, 116696.65625, 122279.3984375, 145461.4375, 161131.28125, 115512.8828125, 115911.4609375, 140202.96875, 139334.453125, 126581.9921875, 126565.9765625, 111324.890625, 98935.078125, 125877.609375, 127107.578125, 187733.515625, 114628.515625, 119682.984375, 118178.453125, 158788.359375, 111827.7578125, 125879.21875, 150490.828125, 106877.03125, 102116.71875, 128957.796875, 111346.5625, 148755.125, 132614.46875, 143958.90625, 123121.0390625, 134044.390625, 142272.375, 165788.734375, 135285.578125, 123353.671875, 134565.296875, 109384.796875, 96128.015625, 130666.6484375, 116440.171875, 119075.296875, 113572.1015625, 145038.890625, 146371.765625, 125322.046875, 118278.9453125, 163159.71875, 144129.625, 129247.0078125, 143958.28125, 102022.7578125, 142810.78125, 108212.140625, 127584.15625, 126486.2421875, 131197.984375, 153793.90625, 103034.3046875, 104150.203125, 135943.296875, 135837.84375, 94960.6796875, 104913.546875, 154923.0625, 157661.484375, 169181.453125, 117001.140625, 137293.296875, 103726.8359375, 133867.109375, 116174.9296875, 157794.984375, 101502.8515625, 100798.46875, 160016.75, 127679.875, 116828.390625, 122628.5234375, 102756.5390625, 155847.03125, 118455.65625, 117299.234375, 111414.7578125, 108400.6171875, 101344.7578125, 123666.859375, 131431.0625, 117683.4296875, 131043.140625, 160987.734375, 141265.484375, 116364.40625, 108090.5703125, 144144.453125, 137359.8125, 107977.1796875, 131721.84375, 103028.453125, 132850.578125, 104050.4453125, 121025.796875, 138727.375, 139397.53125, 128284.859375, 98685.609375, 117515.6015625, 120719.125, 107613.453125, 146860.328125, 137481.640625, 129093.6484375, 110580.6484375, 94846.21875, 108959.859375, 122442.2890625, 180662.015625, 122549.8046875, 108205.859375, 133161.21875, 118704.140625, 102310.1484375, 118658.59375, 114347.4609375, 107128.71875, 160678.234375, 114670.484375, 106701.7109375, 153182.15625, 163672.140625, 107970.046875, 94429.953125, 94316.5390625, 120313.65625, 109290.90625, 140524.671875, 118043.4765625, 115049.3125], "name": "default", "desc": "lr_0.0001_nb_16_ld_4_b_1", "folder": "./saves/grid_seach/search1/lr_0.0001_nb_16_ld_4_b_1_default_20240214-012126"}