{"nhidden": 128, "rnn_nhidden": 32, "obs_dim": 1, "latent_dim": 1, "lr": 0.005, "n_batch": 16, "beta": 0.5, "total_epochs_train": 50, "epochs_per_train": 5, "epochs": 50, "loss": [169906.75, 172217.703125, 185337.953125, 131477.515625, 218955.375, 270302.46875, 166294.28125, 137146.390625, 104767.640625, 120995.6875, 120224.5, 128407.578125, 131880.4375, 174164.765625, 163458.9375, 157110.90625, 141641.234375, 239163.6875, 146982.78125, 190712.125, 171233.328125, 189566.15625, 121304.2734375, 132800.390625, 127459.5625, 146872.71875, 200128.875, 171716.203125, 172268.671875, 188556.5, 179688.6875, 153573.390625, 104228.5546875, 125752.15625, 130538.9609375, 139754.046875, 1330613.875, 106561.5703125, 160449.890625, 154519.140625, 110404.7421875, 224794.890625, 189073.296875, 103268.71875, 157484.71875, 179279.703125, 156891.265625, 207754.484375, 195213.953125, 108273.9453125, 139125.921875, 134418.96875, 165949.59375, 115579.2734375, 193638.875, 104129.296875, 166507.421875, 127414.1328125, 140105.65625, 161313.875, 188524.390625, 150144.78125, 155606.59375, 175921.390625, 124951.8828125, 166215.875, 157365.5625, 138356.3125, 125832.7734375, 194076.953125, 123179.0859375, 140163.46875, 139133.78125, 234721.203125, 164433.53125, 132735.03125, 146094.1875, 148633.640625, 178825.53125, 156233.578125, 97790.5546875, 158386.765625, 209666.890625, 106916.7109375, 125858.9765625, 177679.96875, 149608.21875, 163925.59375, 167125.296875, 125453.625, 154543.15625, 119674.2265625, 118055.5078125, 140028.28125, 206360.921875, 154061.0625, 147178.703125, 195920.875, 131943.453125, 100894.7265625, 119608.7890625, 121937.0703125, 178490.484375, 131005.234375, 152218.046875, 204865.140625, 204307.71875, 198049.09375, 141884.796875, 154973.15625, 174481.125, 130829.109375, 156935.359375, 147547.34375, 173001.078125, 136791.796875, 169662.1875, 151012.46875, 104606.0, 104302.21875, 218986.1875, 155099.03125, 141951.984375, 225495.140625, 164286.765625, 141301.78125, 124145.4921875, 127104.078125, 183787.65625, 145948.046875, 168617.984375, 149403.03125, 173142.53125, 172438.4375, 167625.640625, 215103.609375, 96855.5625, 139523.765625, 120471.265625, 127403.703125, 106347.203125, 241166.765625, 182997.28125, 141778.25, 163058.15625, 142103.234375, 186848.828125, 180552.796875, 169618.9375, 125238.703125, 227844.71875, 96807.8515625, 97145.984375, 190003.140625, 107492.15625, 170136.9375, 137299.484375, 176999.09375, 185157.171875, 128282.015625, 141798.8125, 138565.96875, 104624.59375, 151267.71875, 157955.46875, 157736.25, 148327.484375, 158717.03125, 152960.34375, 173806.71875, 191350.1875, 103895.078125, 168932.4375, 122280.875, 169978.90625, 227334.265625, 173164.15625, 175038.984375, 114810.09375, 135934.90625, 116231.203125, 154840.6875, 158719.703125, 154261.671875, 121088.671875, 174942.6875, 189709.140625, 157642.75, 154877.46875, 143266.5, 148614.8125, 223894.734375, 154596.265625, 114309.8046875, 171273.484375, 87490.3515625, 129126.5078125, 197103.515625, 242865.375, 154729.515625, 165637.96875, 141864.546875, 136458.6875, 161907.5, 127365.28125, 104832.7265625, 154787.25, 184662.578125, 117557.90625, 115468.40625, 108926.640625, 206574.078125, 190381.90625, 135882.921875, 150911.875, 191838.59375, 144925.15625, 164214.625, 148077.109375, 179424.328125, 203432.21875, 166036.5, 97481.296875, 126797.921875, 138145.96875, 227527.0625, 119563.328125, 154362.4375, 148196.453125, 123476.6953125, 144316.328125, 116673.734375, 181812.390625, 156256.96875, 130812.109375, 121403.546875, 217967.34375, 119412.171875, 149211.234375, 181246.859375, 146490.546875, 151891.515625, 132023.5625, 175048.3125, 128319.2578125, 140424.546875, 144310.84375, 158852.4375, 133807.703125, 182984.75, 156332.265625, 156972.453125, 123658.3125, 154082.890625, 149053.828125, 150208.53125, 208787.703125, 181480.84375, 129373.6875, 161548.6875, 98062.78125, 161463.375, 119480.984375, 181161.265625, 145773.28125, 140464.078125, 126282.21875, 151134.75, 157886.640625, 154639.28125, 164500.9375, 162534.265625, 106135.984375, 184869.1875, 126327.46875, 179836.8125, 97200.09375, 187337.359375, 160945.46875, 197818.1875, 136149.984375, 126633.484375, 139589.21875, 150610.6875, 187252.46875, 119137.8671875, 137657.0, 185146.4375, 200958.515625, 130004.953125, 129818.9609375, 170907.84375, 180658.578125, 165678.4375, 111599.671875, 135856.90625, 161469.65625, 168615.6875, 145478.828125, 170643.78125, 140353.21875, 163990.078125, 141898.765625, 148681.703125, 155544.0625, 144559.296875, 126888.3671875, 188742.96875, 179210.40625, 117364.984375, 161521.90625, 123446.0625, 130754.84375, 171582.171875, 175776.984375, 186645.828125, 180616.8125, 125937.765625, 231264.71875, 150679.078125, 108999.9140625, 100407.234375, 144324.578125, 139651.265625, 199186.96875, 163257.34375, 142267.75, 117949.46875, 177070.75, 179583.921875, 100397.9375, 159684.375, 103384.015625, 131110.734375, 101733.515625, 164885.015625, 143610.375, 162602.9375, 166712.9375, 123020.8515625, 168702.734375, 197534.96875, 124461.7890625, 133596.96875, 149139.0, 146167.140625, 193965.3125, 130372.5859375, 160684.53125, 124975.7890625, 178605.03125, 171239.6875, 127221.9375, 143578.8125, 207685.765625, 113583.2734375, 154858.109375, 163245.15625, 123282.3984375, 131009.6875, 159871.609375, 181059.53125, 95579.6640625, 151622.859375, 190739.703125, 119105.0234375, 127868.625, 141546.796875, 121061.2734375, 97299.1328125, 126527.765625, 178605.25, 159955.078125, 156402.84375, 187557.59375, 166155.953125, 107516.3671875, 163120.03125, 140640.09375, 161468.90625, 132751.703125, 146577.328125, 135264.4375, 155828.015625, 132786.96875, 181172.875, 102822.8125, 117994.6640625, 142153.578125, 184906.359375, 107748.9765625, 181177.4375, 147496.625, 147634.21875, 147529.265625, 163773.84375, 169992.421875, 147845.28125, 135159.90625, 119633.484375, 156723.515625, 116273.9921875, 167250.125, 133857.53125, 136059.6875, 131630.5625, 115037.1328125, 136715.203125, 184588.8125, 129063.1953125, 169128.28125, 130391.859375, 114523.5703125, 145508.53125, 194125.65625, 133589.09375, 189112.09375, 111889.953125, 184658.6875, 141557.1875, 124279.4375, 107011.28125, 136140.359375, 141285.65625, 137304.8125, 232418.34375, 174134.953125, 122710.7265625, 123579.84375, 125082.7265625, 114230.9375, 143826.375, 169321.9375, 112572.75, 181851.59375, 149663.453125, 187920.53125, 148218.953125, 116319.734375, 106628.78125, 123743.453125, 124787.6484375, 134140.0, 135992.765625, 198663.03125, 133401.53125, 110853.6484375, 137310.984375, 168168.109375, 159025.78125], "name": "default", "desc": "lr_0.005_nb_16_ld_1_b_0.5", "folder": "./saves/grid_seach/search1/lr_0.005_nb_16_ld_1_b_0.5_default_20240213-230341"}