{"nhidden": 128, "rnn_nhidden": 32, "obs_dim": 1, "latent_dim": 1, "lr": 0.0005, "n_batch": 16, "beta": 4, "total_epochs_train": 50, "epochs_per_train": 5, "epochs": 50, "loss": [257635.078125, 175309.34375, 263363.15625, 117696.4921875, 137256.046875, 126882.03125, 138676.15625, 220696.0, 153320.15625, 125482.421875, 196367.265625, 188213.515625, 238186.21875, 176066.546875, 125847.125, 171548.734375, 177312.828125, 103470.8984375, 159642.484375, 158810.453125, 165559.96875, 267991.1875, 153403.390625, 160903.671875, 136875.640625, 184703.90625, 103469.9296875, 142940.203125, 179653.53125, 140130.25, 190154.96875, 115873.234375, 236291.046875, 171578.84375, 159122.34375, 118166.2265625, 192751.0625, 160266.875, 85131.125, 177079.0625, 221324.03125, 155116.78125, 201810.28125, 131441.328125, 129227.6796875, 243226.59375, 170708.671875, 152289.4375, 96628.90625, 132449.03125, 133151.828125, 130877.46875, 139322.953125, 210077.109375, 193237.53125, 142401.515625, 149884.953125, 134941.328125, 113304.6484375, 194501.796875, 154433.984375, 160354.265625, 135062.46875, 177153.890625, 126231.6328125, 158702.109375, 152029.703125, 148692.078125, 136205.171875, 169341.625, 173972.640625, 125457.8125, 212322.375, 142560.9375, 110346.1640625, 161015.328125, 156626.359375, 133647.5, 131437.3125, 176075.53125, 155822.28125, 150835.03125, 113519.2421875, 139493.109375, 151752.890625, 172127.0625, 169714.078125, 188841.625, 172383.671875, 132502.921875, 198416.453125, 161312.234375, 111441.265625, 165769.296875, 159795.8125, 136576.75, 143662.171875, 135908.390625, 157262.15625, 201765.390625, 108467.1796875, 158418.875, 137825.046875, 194585.25, 138470.015625, 133323.65625, 155036.25, 167279.4375, 118445.0625, 177717.640625, 126985.28125, 206822.125, 104617.3671875, 136055.875, 154220.859375, 225712.953125, 140396.328125, 151997.46875, 180709.375, 207604.875, 177419.40625, 96665.6015625, 163550.140625, 139495.125, 147958.390625, 138772.921875, 110959.1875, 169288.796875, 127821.5625, 113665.875, 187271.953125, 165671.09375, 133156.546875, 128556.15625, 187954.0, 218971.015625, 137808.28125, 165571.3125, 150001.78125, 173718.625, 105591.8515625, 131373.265625, 136746.5, 168398.703125, 154640.921875, 173060.734375, 137437.546875, 176302.1875, 169127.984375, 114737.6875, 173762.453125, 126209.09375, 117624.328125, 126028.3125, 138531.625, 106859.0, 139185.484375, 120484.8671875, 168031.46875, 184619.0, 165022.71875, 185525.171875, 142628.0625, 123930.6015625, 163789.4375, 142829.515625, 142031.28125, 197622.9375, 148768.078125, 193253.78125, 123884.7890625, 118652.078125, 134498.4375, 148230.0, 160633.0, 113318.8125, 160823.03125, 205397.1875, 154987.390625, 147922.390625, 104878.921875, 111020.109375, 119732.34375, 192046.78125, 161380.546875, 171316.75, 146920.6875, 196386.96875, 140682.140625, 124544.375, 158352.71875, 216299.8125, 129814.140625, 125743.9921875, 140118.5625, 155657.625, 208363.375, 136460.984375, 198675.5625, 98575.3984375, 164370.53125, 155041.6875, 194983.671875, 152194.78125, 122677.328125, 157094.5625, 133252.234375, 128089.703125, 211708.15625, 149387.890625, 186842.078125, 102198.875, 117195.953125, 113706.578125, 118213.328125, 226906.5, 158968.75, 145984.015625, 121592.28125, 132811.265625, 159477.21875, 174959.59375, 173856.765625, 151663.796875, 128812.4375, 140544.484375, 115867.328125, 146070.671875, 158307.265625, 152057.296875, 171325.84375, 162520.125, 133820.484375, 160001.484375, 165817.09375, 228365.046875, 121926.453125, 154083.703125, 141509.90625, 130092.609375, 150158.0, 141541.3125, 143437.421875, 134955.34375, 149059.78125, 195673.046875, 157451.484375, 126807.046875, 181037.15625, 162045.03125, 97445.1875, 145792.28125, 194840.265625, 153017.84375, 167456.4375, 121755.8046875, 142518.390625, 158674.9375, 136149.15625, 116346.515625, 143521.234375, 115301.8515625, 118157.078125, 192190.34375, 198720.234375, 135697.6875, 129693.90625, 163993.234375, 150461.5625, 126422.953125, 148376.0625, 124004.03125, 146482.25, 197818.109375, 123649.203125, 200909.265625, 147704.203125, 98865.15625, 182197.65625, 118472.15625, 156034.0625, 161741.90625, 162274.515625, 165039.28125, 147216.359375, 139394.5625, 128099.28125, 164224.859375, 147540.296875, 153923.71875, 110294.734375, 148452.25, 143654.46875, 112612.96875, 133178.875, 159202.453125, 244352.390625, 122692.1796875, 115489.6484375, 213354.6875, 187524.375, 122460.1953125, 159302.703125, 135391.90625, 175863.4375, 119829.5390625, 171031.859375, 140409.6875, 241960.234375, 125698.1953125, 153077.953125, 146261.296875, 106269.6328125, 150679.0625, 138084.875, 161199.21875, 104859.09375, 110149.359375, 125756.1796875, 129825.3125, 183341.46875, 136454.9375, 156512.3125, 188037.09375, 179921.9375, 130234.421875, 198155.78125, 114355.578125, 95715.53125, 112021.8359375, 185583.1875, 138181.5, 212888.515625, 110566.5234375, 164970.8125, 151561.34375, 184011.65625, 159245.984375, 112996.1875, 159523.859375, 198279.65625, 128894.90625, 122194.984375, 117813.625, 199663.34375, 196087.65625, 110667.609375, 121057.0078125, 155290.8125, 162739.171875, 147749.015625, 177159.609375, 122593.078125, 129532.203125, 229150.515625, 150200.859375, 139239.0625, 124957.6015625, 115111.015625, 181127.65625, 169042.234375, 168038.109375, 146734.078125, 157045.4375, 98205.1875, 152709.21875, 152761.5625, 157266.65625, 161506.40625, 248859.390625, 124986.578125, 138859.96875, 149380.484375, 116634.109375, 124534.890625, 123474.3125, 130167.1328125, 188647.21875, 161536.21875, 153711.5, 164972.78125, 103476.7734375, 160694.75, 175889.15625, 144489.25, 95881.59375, 191164.84375, 100941.6796875, 184487.25, 108003.84375, 162299.828125, 191183.375, 151177.703125, 174270.15625, 158036.140625, 117542.59375, 125372.59375, 170595.828125, 153204.515625, 156020.609375, 149939.296875, 117987.0625, 166691.359375, 148671.875, 167865.46875, 128629.890625, 91011.046875, 180399.828125, 117422.375, 223866.28125, 153271.03125, 104073.734375, 164402.96875, 207211.984375, 178853.640625, 128434.7265625, 130682.953125, 130451.578125, 116037.765625, 163416.078125, 225211.828125, 138840.578125, 154228.703125, 122247.359375, 187299.40625, 139542.09375, 150127.96875, 131524.828125, 199893.625, 155785.90625, 105195.2109375, 129628.5859375, 134113.90625, 173754.234375, 188657.8125, 130895.71875, 194558.390625, 103193.28125, 135606.453125, 152587.578125, 148827.578125, 162927.0, 156764.9375, 146420.921875, 99793.5859375, 159260.140625, 129632.625, 170354.546875, 140668.6875, 194515.5625], "name": "default", "desc": "lr_0.0005_nb_16_ld_1_b_4", "folder": "./saves/grid_seach/search1/lr_0.0005_nb_16_ld_1_b_4_default_20240214-003907"}