{"nhidden": 128, "rnn_nhidden": 32, "obs_dim": 1, "latent_dim": 16, "lr": 0.005, "n_batch": 16, "beta": 0.5, "total_epochs_train": 50, "epochs_per_train": 5, "epochs": 50, "loss": [169581.15625, 157418.71875, 182144.8125, 205444.734375, 103558.9609375, 136457.734375, 234429.34375, 150381.46875, 184001.5, 143801.078125, 174075.953125, 118739.890625, 173072.40625, 153486.015625, 156912.8125, 138269.46875, 183935.28125, 170920.703125, 120874.84375, 211232.5, 113820.65625, 169964.0625, 184830.125, 116969.375, 163719.109375, 160976.703125, 145248.015625, 156935.0625, 124169.59375, 136605.96875, 193016.875, 203278.09375, 122616.234375, 150632.203125, 133040.734375, 162646.015625, 182424.734375, 220325.65625, 176649.59375, 162456.1875, 163674.765625, 141360.078125, 146975.1875, 114983.515625, 117652.640625, 102408.140625, 109925.71875, 101922.8828125, 123928.2265625, 143166.203125, 125827.8671875, 166845.46875, 124820.6953125, 127083.9375, 120816.265625, 131130.1875, 93522.34375, 105806.84375, 122874.34375, 111268.3203125, 112345.390625, 158335.4375, 114602.84375, 111746.8984375, 104573.3984375, 102300.0, 93686.0625, 128821.4921875, 104542.1484375, 124720.3671875, 86733.84375, 99017.5, 91572.90625, 77233.7578125, 100238.1875, 68596.046875, 163531.9375, 90837.1484375, 119466.4375, 87681.2890625, 87556.21875, 107422.6328125, 87055.5078125, 73601.2890625, 117442.703125, 89678.7421875, 73355.0, 99569.2734375, 99413.359375, 81466.7109375, 97828.1875, 74428.640625, 76558.25, 108191.234375, 86976.34375, 64824.1796875, 73548.3828125, 58325.42578125, 93832.078125, 100665.0625, 102704.8203125, 54698.83984375, 80577.2109375, 71570.96875, 82463.984375, 51121.9453125, 60660.609375, 55122.515625, 76572.859375, 67368.515625, 43860.19140625, 52005.8984375, 74772.640625, 73897.53125, 88708.9921875, 73087.125, 96770.8828125, 51850.30078125, 89882.03125, 83256.3203125, 42470.45703125, 49974.6875, 62644.75, 38378.59375, 84765.0546875, 73171.625, 73487.328125, 64406.06640625, 62256.34375, 74836.546875, 56985.890625, 50195.3515625, 89614.890625, 39832.41015625, 57748.98046875, 69393.25, 44317.37890625, 78134.59375, 67580.46875, 44992.05859375, 77653.40625, 81740.234375, 66950.625, 89193.84375, 49483.93359375, 54530.953125, 66990.703125, 74719.3125, 72776.890625, 70895.8203125, 41214.3515625, 100074.8984375, 61786.359375, 48662.58984375, 55036.7734375, 35252.0390625, 49629.87890625, 40900.42578125, 63164.3515625, 91422.953125, 78159.625, 78761.2734375, 83978.4765625, 58909.6875, 60854.2734375, 64644.265625, 49118.0390625, 71043.953125, 53413.23828125, 39438.234375, 78859.640625, 41492.015625, 50136.1875, 61175.2109375, 53686.6875, 31425.4375, 75078.515625, 55847.78125, 68108.3984375, 55135.2578125, 64532.3515625, 62914.76171875, 67475.375, 42063.01953125, 41298.109375, 58867.76953125, 57485.71484375, 76322.7109375, 48746.7109375, 134510.125, 48114.1328125, 51629.09375, 32865.41015625, 63595.5625, 37836.17578125, 28225.296875, 93674.09375, 44912.84765625, 54708.00390625, 33679.4921875, 53023.33984375, 22345.7734375, 56035.484375, 15689.7685546875, 102459.875, 45368.1875, 105311.5, 54227.3828125, 56820.3515625, 60763.515625, 19217.6796875, 71103.6953125, 104932.6875, 108483.7421875, 41336.37109375, 71670.2265625, 36748.28125, 64930.4296875, 60935.41015625, 32442.494140625, 77685.171875, 62356.0703125, 59865.17578125, 83367.0078125, 74653.5078125, 71756.1015625, 85726.3046875, 47190.453125, 39396.90625, 53993.47265625, 97468.5, 37119.09375, 41909.9140625, 39373.0625, 40657.140625, 44420.0859375, 64877.09765625, 86044.9921875, 71548.3828125, 39919.8515625, 61097.98046875, 47798.3828125, 52835.08203125, 28020.5703125, 24754.515625, 51225.19140625, 39068.26953125, 100701.046875, 80681.515625, 24203.28515625, 90316.3046875, 55642.9921875, 56450.65234375, 74675.921875, 53820.3515625, 34752.81640625, 44929.46875, 45104.68359375, 41111.375, 64573.75390625, 90243.890625, 53452.51953125, 48661.265625, 69578.78125, 37474.265625, 52396.5, 31869.986328125, 81059.6796875, 88030.53125, 55162.7265625, 100751.9296875, 41495.1328125, 48550.40234375, 56540.32421875, 30245.203125, 44142.01171875, 59830.12109375, 41373.8984375, 44007.28125, 42226.7890625, 87610.1328125, 32515.853515625, 42867.69140625, 55986.24609375, 53166.12890625, 30432.86328125, 70134.875, 51123.48828125, 54378.78125, 47846.12109375, 77031.4921875, 51951.73828125, 48817.84375, 31901.537109375, 25778.703125, 40916.0625, 87380.671875, 43967.52734375, 74735.40625, 53498.8984375, 58313.42578125, 43297.546875, 74654.5703125, 39102.9609375, 55340.80078125, 21381.033203125, 54013.22265625, 65331.453125, 59460.82421875, 47998.4140625, 64508.9296875, 72205.7421875, 49715.5390625, 46133.83203125, 49975.9765625, 31565.046875, 38945.1171875, 78707.1328125, 36771.5703125, 95678.171875, 74496.859375, 39800.35546875, 47891.515625, 46186.6875, 43244.26953125, 37328.6484375, 40140.70703125, 69268.765625, 36719.2421875, 18308.81640625, 67661.828125, 56476.19140625, 83030.4140625, 48636.26171875, 56470.171875, 26706.3671875, 72208.6328125, 52838.71875, 49909.375, 41193.703125, 27056.3203125, 131297.28125, 41850.82421875, 73911.2734375, 71698.203125, 59619.0859375, 53746.80859375, 63971.0390625, 69724.78125, 60370.21875, 36922.7578125, 67693.34375, 61234.8671875, 57360.375, 46446.65234375, 36852.28515625, 100303.0078125, 61203.37109375, 71790.2421875, 35366.9453125, 72434.984375, 66985.390625, 51100.7890625, 46136.53125, 30137.98828125, 97114.8671875, 26158.9765625, 42286.8828125, 82727.2265625, 58982.59765625, 71266.640625, 32870.0859375, 32946.73046875, 50615.015625, 35895.1015625, 62770.8515625, 47772.76953125, 46699.5390625, 52989.23046875, 38086.08203125, 47048.87890625, 48007.65234375, 30084.869140625, 83280.921875, 64219.91796875, 45276.04296875, 44848.24609375, 55281.44921875, 91768.59375, 77040.546875, 68229.140625, 47522.00390625, 26088.625, 40324.2421875, 61461.90625, 28255.802734375, 28379.099609375, 64190.57421875, 36685.484375, 32748.419921875, 44937.8828125, 44163.734375, 55827.9921875, 70170.875, 76906.265625, 35924.21484375, 32870.1953125, 57361.84765625, 34843.34375, 26230.0546875, 94934.2890625, 27227.833984375, 57159.87890625, 57291.5546875, 75536.671875, 36425.73828125, 83644.515625, 39316.37890625, 56016.17578125, 58474.203125, 25566.6953125, 27902.859375, 61014.37890625, 37889.390625, 58869.17578125, 71154.5, 33819.765625, 37869.62890625, 43288.328125, 48211.48046875, 54983.16796875, 77015.4609375, 40909.71484375, 59171.14453125, 42544.1328125, 53790.40625, 49047.93359375, 85675.2421875, 34050.234375, 31935.82421875, 39251.25390625, 31329.552734375, 61014.3984375, 38127.51953125, 28412.95703125, 56207.85546875, 56503.68359375, 57508.4140625, 63433.1171875, 37359.828125], "name": "default", "desc": "lr_0.005_nb_16_ld_16_b_0.5", "folder": "./saves/grid_seach/search1/lr_0.005_nb_16_ld_16_b_0.5_default_20240213-234334"}