{"nhidden": 128, "rnn_nhidden": 32, "obs_dim": 1, "latent_dim": 8, "lr": 0.001, "n_batch": 16, "beta": 0.001, "total_epochs_train": 10, "epochs_per_train": 5, "epochs": 10, "loss": [129035.328125, 153239.734375, 155238.390625, 143286.0, 217542.125, 144448.3125, 252198.21875, 173516.453125, 146918.390625, 137927.84375, 178308.390625, 131256.5, 150490.921875, 126975.203125, 203940.90625, 263104.8125, 154110.9375, 177830.9375, 206802.53125, 166755.96875, 134095.859375, 131077.25, 109952.1875, 159967.5, 145312.8125, 227017.1875, 202269.578125, 166222.484375, 107409.046875, 227807.03125, 201823.3125, 152494.34375, 118723.9375, 94642.1015625, 149828.46875, 172840.65625, 122676.609375, 130016.25, 106239.5078125, 153598.015625, 181603.3125, 157695.796875, 134876.671875, 120275.53125, 255987.515625, 178499.03125, 104503.3203125, 223583.625, 121400.8046875, 120812.890625, 103153.4140625, 148793.828125, 127374.96875, 137897.203125, 156277.4375, 146124.359375, 131492.796875, 124643.7578125, 124073.328125, 128696.0, 111627.78125, 163052.71875, 146335.359375, 124369.03125, 132245.796875, 146436.0, 108271.9140625, 140252.703125, 124817.1171875, 162943.9375, 109841.046875, 157086.90625, 108650.890625, 117339.078125, 137151.34375, 112791.0, 164498.34375, 128639.2109375, 173544.65625, 117548.7734375, 111254.609375, 139928.890625, 152400.140625, 142253.6875, 125255.953125, 151105.9375, 104441.8359375, 91596.7421875, 109183.890625, 115906.0859375], "name": "default", "desc": "default run", "folder": "./saves/default_run_default_20240307-061807"}