{"nhidden": 128, "rnn_nhidden": 32, "obs_dim": 1, "latent_dim": 16, "lr": 0.0005, "n_batch": 16, "beta": 4, "total_epochs_train": 50, "epochs_per_train": 5, "epochs": 50, "loss": [244054.71875, 131146.734375, 203470.84375, 98867.546875, 254356.75, 130740.625, 120481.3203125, 204658.609375, 167903.796875, 175777.96875, 221646.484375, 169791.140625, 121782.2109375, 162895.359375, 194530.78125, 174993.953125, 175556.515625, 131743.015625, 208728.5625, 154289.09375, 152578.171875, 159382.765625, 158074.53125, 144391.6875, 186077.109375, 151662.46875, 222471.015625, 133869.90625, 135801.078125, 160314.609375, 155786.859375, 145340.90625, 130343.359375, 265283.03125, 195865.171875, 184763.75, 228307.328125, 140163.15625, 178873.984375, 172798.0625, 182678.03125, 123179.9453125, 180463.921875, 110858.3125, 159674.6875, 128037.8125, 136931.5, 190563.375, 133632.171875, 189626.53125, 145271.359375, 195282.15625, 126397.484375, 184129.984375, 140500.703125, 163602.890625, 194028.9375, 141099.484375, 166519.140625, 142662.53125, 181363.84375, 157712.671875, 130983.671875, 120149.375, 133485.484375, 112156.2890625, 183476.84375, 189276.0, 146125.0, 131577.3125, 179359.4375, 129329.984375, 121713.546875, 100883.203125, 102273.4609375, 114669.8671875, 179393.171875, 151922.03125, 103351.34375, 185039.203125, 107282.1015625, 147241.40625, 110731.59375, 108882.453125, 136366.8125, 126656.609375, 97696.5546875, 146673.953125, 132482.78125, 123132.3515625, 102201.796875, 122035.609375, 125061.859375, 130894.578125, 99244.5234375, 131601.40625, 100563.6640625, 136743.203125, 142208.609375, 104627.375, 118531.1015625, 95185.765625, 105253.3203125, 134408.359375, 120902.609375, 112758.25, 170809.4375, 109950.0078125, 89708.4140625, 120718.25, 137668.875, 134909.96875, 90016.1953125, 150635.640625, 145976.4375, 110142.2265625, 106795.1875, 98803.015625, 99135.5, 101973.125, 162860.1875, 108807.0625, 124675.46875, 94123.140625, 118076.4453125, 106139.703125, 124426.5078125, 127512.421875, 97364.1875, 96881.9609375, 86985.015625, 104592.8984375, 132575.90625, 131177.265625, 98049.609375, 106141.484375, 100732.546875, 110106.109375, 111291.4453125, 87722.8671875, 139483.015625, 109972.4921875, 146384.296875, 98704.0078125, 120425.109375, 116584.265625, 99455.7734375, 117385.3125, 107477.0390625, 108729.390625, 112542.25, 110523.0625, 104665.140625, 138582.125, 125411.2421875, 101234.921875, 109294.2265625, 100185.328125, 100903.390625, 81760.234375, 101780.109375, 88186.8828125, 136004.21875, 100818.875, 174687.21875, 120868.9375, 107987.34375, 80078.6953125, 101996.890625, 100176.203125, 101728.25, 86613.6328125, 96847.5625, 135198.078125, 93356.6171875, 115487.4296875, 106691.203125, 137296.984375, 106352.546875, 95576.7890625, 78215.5390625, 111003.6484375, 115914.59375, 116499.0078125, 109387.59375, 106068.3046875, 88707.546875, 96823.515625, 101574.0859375, 82352.234375, 88181.484375, 106964.6640625, 118819.7578125, 103323.875, 160593.703125, 99536.40625, 90510.4765625, 119007.109375, 125643.2890625, 96092.28125, 97554.75, 85301.640625, 89725.2109375, 101523.375, 123187.7109375, 106357.203125, 78232.515625, 124837.40625, 85052.7265625, 95410.671875, 91291.1171875, 91015.2734375, 107397.1640625, 85717.515625, 84875.703125, 91747.0625, 91577.828125, 109984.90625, 113004.59375, 85417.765625, 96971.046875, 89732.234375, 107433.859375, 90200.953125, 94827.203125, 90739.1953125, 115691.625, 83212.71875, 100780.375, 92192.0078125, 120251.421875, 92457.921875, 97680.8359375, 95755.75, 107268.5703125, 89788.734375, 95908.90625, 87214.7890625, 89924.0390625, 96165.3125, 87562.0, 103576.453125, 114116.3984375, 110433.5625, 86934.0, 101468.390625, 87328.609375, 89557.046875, 91425.5, 116350.890625, 107319.2265625, 86130.8359375, 89299.03125, 97167.4375, 95715.890625, 100660.2421875, 79024.234375, 95947.5546875, 81232.53125, 118713.8125, 98908.2265625, 85812.484375, 76450.0390625, 135892.859375, 114008.6796875, 118707.1640625, 101804.25, 127286.2890625, 169752.171875, 145823.609375, 123662.109375, 153294.46875, 144468.546875, 125955.0078125, 123108.65625, 99877.859375, 103035.59375, 88754.171875, 105268.8359375, 107884.1640625, 127174.8125, 103505.8515625, 131869.359375, 96739.609375, 119718.7265625, 113178.265625, 100248.5859375, 121148.265625, 79280.25, 94544.109375, 102421.765625, 136329.96875, 131406.59375, 102765.3125, 83618.890625, 91945.9921875, 133314.734375, 102750.0, 97530.578125, 131467.5625, 108047.859375, 85202.46875, 90484.0390625, 120491.421875, 109946.21875, 85756.8359375, 99503.5078125, 86782.7890625, 103698.0, 94688.171875, 102509.0, 97790.734375, 114072.5234375, 85952.5390625, 132145.53125, 107208.6640625, 78338.0390625, 100052.4296875, 79751.4296875, 104743.90625, 93860.5859375, 119629.875, 111375.921875, 86452.546875, 71361.3515625, 94455.96875, 82110.1875, 103653.4375, 88866.0546875, 117417.796875, 98045.5703125, 93010.703125, 130557.921875, 87941.390625, 86368.3828125, 117435.4296875, 84233.859375, 86000.1328125, 92656.046875, 96634.1640625, 97347.328125, 119466.671875, 80609.7578125, 106694.265625, 86989.9296875, 106713.046875, 87155.265625, 82751.53125, 135975.859375, 81730.640625, 84380.9296875, 105737.3984375, 67946.71875, 90973.9375, 100030.7734375, 91229.921875, 83698.71875, 114290.5390625, 83341.421875, 118517.734375, 95194.7109375, 74329.6484375, 65043.140625, 66720.390625, 121219.421875, 107997.7421875, 88348.0078125, 90763.1015625, 119162.53125, 76636.6171875, 79835.0546875, 92319.34375, 80683.6875, 133897.625, 90364.0859375, 90457.359375, 91624.8125, 104562.9921875, 103846.84375, 75857.546875, 73416.1875, 86715.0625, 60243.140625, 95750.265625, 81856.0859375, 116538.234375, 124078.0625, 97009.765625, 121239.4375, 101701.453125, 98173.390625, 83176.6875, 79413.2890625, 81494.234375, 81262.078125, 73215.2578125, 94132.7734375, 83055.7734375, 69382.5625, 82688.4765625, 87332.3203125, 117521.5625, 73637.078125, 84812.96875, 96765.1171875, 99194.0703125, 66017.4296875, 95184.3828125, 79768.40625, 77375.984375, 68737.5625, 138791.265625, 78775.734375, 79740.8359375, 75417.625, 80095.328125, 81593.53125, 93352.6875, 91445.109375, 80604.1328125, 96696.6015625, 66004.3828125, 101804.4375, 88060.953125, 79678.0078125, 72276.0703125, 78035.0078125, 89267.765625, 80525.5859375, 93886.203125, 99749.453125, 78445.0703125, 94262.859375, 53329.8828125, 92250.375, 80056.7421875, 135569.90625, 76499.765625, 67321.03125, 78751.3984375, 67134.2109375, 86992.8828125, 75113.515625, 80978.125, 84951.3515625, 57133.58984375, 88064.1484375, 92348.75, 98718.7265625, 53769.109375], "name": "default", "desc": "lr_0.0005_nb_16_ld_16_b_4", "folder": "./saves/grid_seach/search1/lr_0.0005_nb_16_ld_16_b_4_default_20240214-010932"}