{"nhidden": 128, "rnn_nhidden": 32, "obs_dim": 1, "latent_dim": 16, "lr": 0.01, "n_batch": 16, "beta": 4, "total_epochs_train": 50, "epochs_per_train": 5, "epochs": 50, "loss": [164535.5, 128777.484375, 132620.171875, 105766.421875, 166214.609375, 132733.671875, 202560.265625, 168622.71875, 174640.390625, 157877.59375, 141000.3125, 197970.5625, 140007.234375, 117590.7734375, 171222.484375, 140168.109375, 123153.5859375, 196321.234375, 140635.390625, 123272.0546875, 224412.8125, 162299.296875, 168763.09375, 126214.1328125, 122726.640625, 134188.03125, 109212.9375, 127867.2421875, 122598.546875, 149732.953125, 158138.203125, 119900.5234375, 151608.6875, 175820.90625, 153639.0, 104177.9453125, 111657.96875, 128104.453125, 152643.515625, 189471.359375, 103841.09375, 113606.2421875, 180655.203125, 110949.0078125, 121826.5546875, 141230.46875, 111082.890625, 171810.875, 109288.484375, 85933.0625, 116312.640625, 131290.34375, 88743.6171875, 119267.0546875, 97266.8984375, 113170.109375, 103212.0234375, 99219.328125, 106299.6171875, 78694.078125, 121977.1796875, 122781.078125, 89144.859375, 68668.3359375, 63101.38671875, 138879.734375, 141824.140625, 96777.1171875, 121188.53125, 79659.515625, 149389.875, 91561.3515625, 137177.203125, 75596.9375, 80904.5, 131959.328125, 128538.84375, 69015.859375, 83993.890625, 68575.1640625, 64102.2421875, 64504.046875, 76331.40625, 90354.0859375, 69882.0625, 57708.3984375, 50942.21875, 79778.015625, 98600.4296875, 106527.84375, 119482.484375, 150831.796875, 132152.96875, 62777.24609375, 120131.3515625, 128632.921875, 92243.359375, 95217.84375, 162148.1875, 94569.7109375, 81671.234375, 92742.625, 99369.625, 106373.8671875, 96289.625, 93812.2890625, 98712.5078125, 55538.9375, 84199.59375, 105309.8515625, 59618.4921875, 69907.1171875, 68870.71875, 115057.1171875, 160158.125, 90266.09375, 81547.59375, 78753.8046875, 82994.78125, 69507.0234375, 88314.3984375, 96253.7109375, 82453.453125, 61467.80078125, 94651.859375, 90593.1875, 84740.3203125, 85078.8984375, 89380.5546875, 65508.76953125, 75224.390625, 49050.88671875, 107657.0546875, 73568.609375, 96748.53125, 51169.2734375, 76664.7578125, 76975.1484375, 52471.796875, 94846.421875, 101537.9453125, 60679.6328125, 63164.96875, 59608.3671875, 112949.6953125, 88130.234375, 46649.75390625, 104435.8828125, 41449.703125, 72530.1640625, 74989.0625, 78396.9296875, 40748.78515625, 52473.97265625, 63031.8671875, 57177.01171875, 83510.53125, 55434.2578125, 85264.3984375, 74257.984375, 61402.0, 35537.34765625, 52280.359375, 36201.3046875, 65114.87109375, 67793.484375, 53414.98046875, 42955.625, 60438.2890625, 98679.5, 74671.234375, 63704.7109375, 46132.78515625, 150829.046875, 61382.15234375, 78325.6171875, 49381.87890625, 59746.67578125, 64757.6171875, 48094.41796875, 61058.2265625, 48424.28125, 39913.80859375, 54561.0859375, 67193.8828125, 94831.953125, 87899.59375, 61424.5703125, 70364.796875, 48767.0078125, 70679.6953125, 48842.49609375, 71957.2109375, 54046.546875, 58426.765625, 45037.2890625, 55708.796875, 87063.6328125, 51882.8984375, 50338.8671875, 55997.83984375, 120774.3125, 65019.703125, 49325.96875, 48191.7890625, 52938.921875, 48857.08203125, 60662.9765625, 32542.544921875, 108011.2109375, 70712.4375, 31518.146484375, 43016.0078125, 67774.296875, 55340.65234375, 40539.90625, 50196.15625, 42619.34765625, 43589.078125, 45362.7265625, 72276.2578125, 62112.50390625, 39022.22265625, 59288.9609375, 91076.40625, 91810.671875, 47896.0390625, 55197.0234375, 56310.48828125, 54231.4921875, 51445.71484375, 26012.970703125, 65167.45703125, 46905.9140625, 56595.5390625, 56803.60546875, 42711.6484375, 57931.9140625, 86041.3046875, 40831.33984375, 35898.96484375, 57227.77734375, 31371.126953125, 35435.0546875, 39016.02734375, 45529.31640625, 81495.90625, 50072.6796875, 64430.17578125, 42279.9921875, 40007.3671875, 71159.015625, 58922.28125, 39477.46875, 64813.46875, 23579.337890625, 45128.01953125, 64715.72265625, 51319.796875, 48817.55859375, 73931.2109375, 50499.25, 46873.34375, 77719.609375, 45021.765625, 33590.61328125, 70067.8671875, 56219.5546875, 33153.05859375, 37374.5234375, 65654.75, 66494.125, 34811.43359375, 37014.30078125, 77662.5390625, 29917.625, 76865.015625, 71519.953125, 45382.60546875, 61791.15625, 81376.0, 43481.09765625, 94744.875, 46943.87890625, 34004.609375, 91134.953125, 47693.2421875, 53042.12109375, 71249.359375, 114171.4140625, 35095.8984375, 41668.03515625, 59599.73828125, 45365.30859375, 34803.80078125, 39950.8984375, 33751.3359375, 83929.9921875, 27069.11328125, 51868.66796875, 61328.64453125, 57120.453125, 47862.2578125, 43083.640625, 58947.5390625, 38618.53125, 50880.9609375, 41687.90625, 35167.234375, 55681.3984375, 38518.875, 78422.875, 57487.7265625, 65431.796875, 56435.203125, 50855.3046875, 83317.8125, 62660.4140625, 60435.19921875, 64443.9453125, 21864.0703125, 46133.96484375, 47651.80078125, 74694.3046875, 66972.296875, 100773.234375, 30986.95703125, 29030.87890625, 45254.00390625, 56940.1328125, 63436.4609375, 55150.71484375, 58857.75390625, 44888.375, 50066.42578125, 39632.9375, 37941.078125, 81649.921875, 45208.12890625, 61233.67578125, 58567.50390625, 65190.8671875, 74366.6484375, 50823.45703125, 73973.59375, 54078.53125, 47076.63671875, 64756.296875, 57478.50390625, 42464.18359375, 28134.99609375, 28037.875, 37511.3359375, 89789.703125, 50645.81640625, 27392.755859375, 61845.99609375, 55493.46484375, 44838.875, 68038.0546875, 54431.62109375, 34845.046875, 60386.49609375, 43566.1953125, 47093.5, 46435.45703125, 79704.65625, 61105.65625, 55466.04296875, 30209.37890625, 37770.47265625, 38090.609375, 57660.875, 43147.6328125, 63173.62890625, 92792.390625, 50433.19140625, 47114.1484375, 83644.2109375, 57342.296875, 63077.671875, 50156.46484375, 36024.140625, 57487.5078125, 52757.27734375, 47835.8671875, 61046.7421875, 37920.3984375, 33708.359375, 33194.26953125, 72474.1484375, 34160.26171875, 92889.9375, 64660.046875, 62519.64453125, 48933.21484375, 62481.859375, 44083.6171875, 87997.171875, 69817.0703125, 36526.359375, 35696.796875, 65320.015625, 50054.515625, 69012.828125, 56812.49609375, 54895.40625, 61972.26953125, 44884.46875, 56484.68359375, 45364.125, 42055.73828125, 74049.1171875, 53442.95703125, 64669.671875, 58613.7734375, 73888.390625, 65441.015625, 42627.8828125, 79789.109375, 19762.578125, 43272.90625, 50551.80859375, 50653.29296875, 50680.5546875, 42979.578125, 81864.390625, 59446.3046875, 35835.7578125, 63046.28125, 101425.5859375, 52276.15625, 48586.2265625, 69894.84375, 36393.36328125, 50171.59375, 46741.5546875, 39116.8046875, 77944.9765625, 48596.25, 45996.4765625, 58734.234375, 50405.61328125, 62256.984375, 54033.42578125, 50902.921875, 23054.1484375, 76406.8515625, 60657.21484375, 45709.28515625], "name": "default", "desc": "lr_0.01_nb_16_ld_16_b_4", "folder": "./saves/grid_seach/search1/lr_0.01_nb_16_ld_16_b_4_default_20240213-225931"}