{"nhidden": 128, "rnn_nhidden": 32, "obs_dim": 1, "latent_dim": 4, "lr": 0.0001, "n_batch": 16, "beta": 2, "total_epochs_train": 50, "epochs_per_train": 5, "epochs": 50, "loss": [228797.484375, 146412.046875, 176332.609375, 205869.0, 134848.765625, 137810.53125, 182350.546875, 125744.7421875, 238171.265625, 196235.296875, 159863.984375, 186095.078125, 206775.25, 156033.484375, 147239.875, 136870.140625, 158535.25, 184971.4375, 231812.0625, 126339.046875, 216704.609375, 237705.640625, 178830.53125, 130534.578125, 120276.34375, 125668.875, 197990.28125, 126156.171875, 123848.046875, 241427.796875, 159322.234375, 212817.234375, 153652.3125, 143030.921875, 182657.21875, 214647.859375, 111139.4921875, 196532.21875, 159168.203125, 141112.421875, 196422.09375, 168907.890625, 139095.5, 217731.21875, 205542.0625, 127992.2734375, 175919.96875, 152256.875, 161511.25, 216539.5625, 171175.71875, 175128.375, 230159.828125, 142334.703125, 192155.65625, 175684.828125, 131603.546875, 154300.390625, 140368.5625, 224064.125, 191408.8125, 134971.296875, 173399.78125, 140764.9375, 172871.671875, 216116.953125, 165583.953125, 212232.59375, 151430.6875, 133454.53125, 180121.546875, 205322.53125, 270086.1875, 141462.09375, 134078.15625, 176612.984375, 132964.90625, 183357.953125, 213328.578125, 108822.0703125, 173171.53125, 160748.265625, 206998.28125, 286772.65625, 132027.296875, 145548.296875, 177853.609375, 151624.21875, 167113.640625, 129044.8359375, 179169.265625, 137794.859375, 161309.265625, 177721.625, 101985.40625, 199835.671875, 213467.078125, 200256.1875, 151587.09375, 211391.296875, 192814.34375, 116544.71875, 155239.6875, 140857.5625, 139661.9375, 198628.03125, 188174.34375, 170712.8125, 163666.125, 150840.234375, 147512.40625, 203638.765625, 226680.640625, 154002.84375, 167494.6875, 85279.6015625, 156760.140625, 157898.234375, 242790.40625, 172453.984375, 197805.203125, 192786.125, 138236.71875, 127813.640625, 112233.4296875, 158066.59375, 148196.625, 151923.828125, 176497.25, 150765.390625, 188854.109375, 128329.109375, 179654.46875, 197483.515625, 177036.625, 210984.84375, 176666.71875, 101570.578125, 251902.0625, 232660.34375, 172650.375, 125716.140625, 127239.015625, 123111.5546875, 178497.71875, 233379.40625, 154885.828125, 250619.453125, 138284.734375, 170026.40625, 124687.8203125, 122056.234375, 148133.875, 172468.296875, 190184.96875, 108104.3828125, 199863.8125, 199546.046875, 151091.109375, 204143.390625, 124849.34375, 165699.65625, 128027.984375, 183798.953125, 190721.203125, 124298.3515625, 143179.78125, 231681.78125, 152236.0, 174764.171875, 178852.84375, 173634.96875, 131337.0, 143941.015625, 167857.5, 193243.84375, 194915.78125, 165683.78125, 165204.484375, 174773.9375, 121116.4375, 176346.546875, 195473.8125, 187176.375, 137374.8125, 199514.46875, 129654.6875, 170664.625, 174941.375, 142049.3125, 227993.703125, 115259.359375, 165351.046875, 183026.890625, 134611.46875, 167315.890625, 187006.171875, 159417.34375, 129398.1328125, 154444.3125, 162986.921875, 129718.484375, 190786.796875, 182606.59375, 206437.953125, 172716.875, 121961.78125, 154415.09375, 128269.3828125, 161574.78125, 166155.78125, 135139.0, 227260.28125, 177103.90625, 204189.5625, 146067.0, 131868.546875, 197162.265625, 125753.078125, 197016.78125, 162496.5625, 170134.46875, 99820.6796875, 228683.6875, 165314.125, 170443.84375, 198845.03125, 171806.6875, 128560.3125, 125577.78125, 172748.203125, 154645.59375, 168806.125, 149006.078125, 219590.46875, 99820.6953125, 165225.8125, 142750.53125, 183495.25, 142519.65625, 196827.21875, 180254.75, 133023.8125, 243080.453125, 155667.4375, 171933.203125, 127717.0390625, 167403.609375, 146510.125, 112346.5, 179956.546875, 127258.5859375, 160777.3125, 139038.578125, 138750.765625, 222320.21875, 89023.578125, 134951.59375, 191268.984375, 123456.9765625, 235243.890625, 163263.578125, 171684.265625, 120462.2578125, 148303.546875, 163854.484375, 118040.1796875, 117417.90625, 175381.0625, 229062.875, 99649.2890625, 115598.015625, 164059.265625, 189234.15625, 206227.578125, 126781.2578125, 176355.984375, 125513.2421875, 168828.75, 142528.703125, 190203.453125, 102322.484375, 165452.359375, 155744.125, 134206.6875, 141614.25, 148183.75, 169200.546875, 195233.125, 114606.4375, 132065.15625, 173187.953125, 89067.6171875, 186612.046875, 105949.21875, 111818.4140625, 178371.515625, 205935.0625, 134995.34375, 129018.015625, 159322.34375, 129362.6171875, 120496.9765625, 117223.90625, 124350.46875, 170205.484375, 148106.40625, 122719.015625, 154802.203125, 152098.53125, 99765.203125, 117426.125, 110354.703125, 135151.59375, 117013.125, 181345.46875, 110616.609375, 126889.375, 153217.9375, 158226.25, 137674.171875, 105171.6640625, 112382.390625, 112693.84375, 129470.4140625, 150331.53125, 134922.296875, 125615.484375, 117511.6875, 125988.3359375, 134721.875, 171978.75, 114547.6171875, 115545.3359375, 116936.546875, 140414.0625, 132689.453125, 163569.140625, 173998.921875, 130665.265625, 118635.8671875, 97610.109375, 209822.015625, 115490.1171875, 137129.609375, 134828.0, 122700.546875, 104012.03125, 113839.71875, 134917.734375, 128454.609375, 146793.578125, 128533.4453125, 126856.09375, 136463.3125, 117467.0625, 134767.28125, 101281.4453125, 141602.5, 146419.015625, 113153.2109375, 130742.171875, 127953.609375, 120720.9609375, 137377.390625, 131697.515625, 130022.9375, 134209.9375, 119078.9140625, 91614.6328125, 140158.890625, 100687.640625, 103510.375, 150070.5625, 134929.9375, 168298.765625, 140143.953125, 149015.75, 144226.921875, 128062.546875, 134959.125, 138796.03125, 153693.234375, 137336.296875, 114258.359375, 119698.421875, 107480.2734375, 96782.0625, 121461.0859375, 121975.875, 152547.03125, 147198.859375, 139903.765625, 141854.5, 137757.234375, 116109.078125, 130297.296875, 112185.703125, 153523.765625, 120278.0390625, 106149.4453125, 109462.875, 170748.359375, 101830.671875, 157190.375, 100613.375, 106155.234375, 99855.9375, 125041.3515625, 198468.109375, 131833.015625, 107340.4453125, 104718.828125, 144114.875, 118994.375, 117803.984375, 139391.78125, 134551.5625, 157010.28125, 99509.90625, 118978.03125, 131298.09375, 115760.1875, 156043.90625, 99207.65625, 95873.1875, 106966.78125, 103107.2890625, 165707.9375, 121871.40625, 139383.515625, 144902.09375, 125669.7734375, 130317.6171875, 126082.2734375, 118920.2890625, 129465.2265625, 92579.59375, 154137.71875, 140979.65625, 129740.1015625, 141041.65625, 136482.203125, 135119.125, 102341.5234375, 127261.234375, 113806.1484375, 109510.2890625, 123623.0234375, 116103.734375], "name": "default", "desc": "lr_0.0001_nb_16_ld_4_b_2", "folder": "./saves/grid_seach/search1/lr_0.0001_nb_16_ld_4_b_2_default_20240214-012221"}