{"nhidden": 128, "rnn_nhidden": 32, "obs_dim": 1, "latent_dim": 16, "lr": 0.008858667904100823, "n_batch": 16, "beta": 1.3333333333333333, "total_epochs_train": 1000, "epochs_per_train": 50, "epochs": 100, "loss": [80240.390625, 131072.359375, 68809.90625, 88726.546875, 78160.7421875, 104621.1796875, 107190.5859375, 77794.8984375, 30718.369140625, 66679.125, 55718.26171875, 27629.5546875, 37602.5234375, 26072.845703125, 16741.59375, 20497.994140625, 7474.3916015625, 19182.63671875, 16465.8203125, 20489.228515625, 17954.421875, 16280.802734375, 19716.87109375, 3054.10546875, 24462.029296875, 13789.8212890625, 9955.2578125, 13146.55859375, 8924.9345703125, 13991.56640625, 16935.748046875, 24519.05078125, 4210.80712890625, 7669.482421875, 16689.302734375, 6795.85546875, 14728.07421875, 7226.44677734375, 23767.642578125, 10123.189453125, 12993.9931640625, 43021.6640625, 11751.6552734375, 14967.26953125, 10866.2490234375, 10561.3798828125, 11874.267578125, 4157.50439453125, 14654.8447265625, 8928.859375, 5813.70263671875, 23796.74609375, 10635.78125, 15419.0615234375, 16416.955078125, 12936.46875, 8416.32421875, 10683.0947265625, 29349.78515625, 10026.0869140625, 12027.1142578125, 12994.474609375, 9301.865234375, 6137.74169921875, 3671.310302734375, 5233.2763671875, 24044.099609375, 13380.5654296875, 12655.4970703125, 10918.1689453125, 6251.87109375, 23717.0703125, 3117.00634765625, 12013.9443359375, 7674.65576171875, 6139.78515625, 26189.3828125, 5955.74267578125, 5415.017578125, 7314.1416015625, 15146.513671875, 10081.373046875, 3297.056396484375, 12873.40625, 11848.7236328125, 11389.7109375, 1388.720947265625, 8023.38818359375, 8434.9599609375, 5615.900390625, 11290.228515625, 10481.697265625, 9498.875, 6138.7470703125, 3628.41259765625, 8088.11865234375, 7158.31396484375, 3678.253662109375, 6478.3271484375, 5170.02783203125, 6283.30078125, 7877.85595703125, 2044.72998046875, 10453.7734375, 16894.9921875, 5061.650390625, 6513.07177734375, 13902.61328125, 4603.00048828125, 3958.75341796875, 9961.1328125, 9261.42578125, 2056.666748046875, 10186.515625, 5951.69921875, 7436.63134765625, 10740.07421875, 5464.73095703125, 5069.08544921875, 3050.706787109375, 4307.02001953125, 10731.4267578125, 7819.49755859375, 4097.1650390625, 8402.1337890625, 12690.6982421875, 5756.43017578125, 3330.66748046875, 9044.99609375, 37290.3046875, 3457.964111328125, 3397.015625, 13588.501953125, 10032.8583984375, 8487.478515625, 5410.4677734375, 6968.6064453125, 13488.98046875, 14877.810546875, 10828.2841796875, 3765.56591796875, 6746.64892578125, 13703.30078125, 9018.21875, 7396.18603515625, 7408.20849609375, 17523.66015625, 8957.0498046875, 3956.82958984375, 4927.87158203125, 6608.052734375, 7050.64404296875, 4778.4697265625, 5403.451171875, 5580.4609375, 6463.89697265625, 5716.24658203125, 5465.59033203125, 7787.259765625, 6484.0322265625, 2889.346923828125, 5721.88623046875, 5729.18115234375, 2112.111083984375, 5349.873046875, 6370.306640625, 4291.126953125, 4312.47802734375, 3835.773681640625, 11480.5283203125, 8219.03125, 9184.0029296875, 4069.172607421875, 8087.61328125, 8574.6708984375, 4501.76611328125, 4169.21044921875, 11253.2177734375, 3699.59228515625, 6286.01611328125, 4956.89794921875, 3605.990234375, 5699.32373046875, 6339.462890625, 4267.44482421875, 6092.46484375, 4914.37744140625, 8882.314453125, 4340.77197265625, 7247.29345703125, 5756.1201171875, 3699.42724609375, 6276.43701171875, 5741.9267578125, 10048.7646484375, 9950.5048828125, 4121.16162109375, 2376.171630859375, 13989.279296875, 5761.2021484375, 2465.123046875, 3171.33203125, 7316.23388671875, 11399.1748046875, 10948.513671875, 7244.64111328125, 5471.6103515625, 6544.2890625, 4784.81982421875, 10715.9736328125, 14379.931640625, 7289.177734375, 2347.708740234375, 8426.8876953125, 4394.58251953125, 5618.25390625, 8442.2880859375, 5988.0498046875, 1207.0845947265625, 6691.9697265625, 2338.6123046875, 21582.1875, 5075.2822265625, 3565.4453125, 7785.8681640625, 6295.52392578125, 3662.371337890625, 4455.35888671875, 4931.59912109375, 14698.953125, 5394.90869140625, 6409.8525390625, 5616.3232421875, 5949.74462890625, 8217.03125, 5347.85546875, 2879.70361328125, 6754.1962890625, 3387.443603515625, 1829.147705078125, 8408.5234375, 6633.33251953125, 6375.916015625, 6916.00537109375, 8046.14697265625, 2282.445556640625, 3812.281494140625, 5863.1953125, 4700.75634765625, 5904.681640625, 5140.38720703125, 5832.93310546875, 3498.611572265625, 3708.105712890625, 5547.291015625, 12101.8076171875, 8655.767578125, 4156.38427734375, 11723.9306640625, 3655.6435546875, 5066.837890625, 4224.3193359375, 3043.127685546875, 6355.39404296875, 2660.8232421875, 9591.9462890625, 5229.890625, 10671.056640625, 5493.9052734375, 6532.76611328125, 9693.1953125, 5435.5263671875, 4286.68896484375, 6913.451171875, 2332.917724609375, 5500.4130859375, 2664.1357421875, 5302.18115234375, 5358.341796875, 5882.18212890625, 4513.22265625, 11442.73046875, 5293.55908203125, 6420.099609375, 2621.05615234375, 9103.6572265625, 1689.2510986328125, 5164.54638671875, 5803.96240234375, 8057.67333984375, 10209.556640625, 8468.5029296875, 4506.486328125, 5065.62109375, 2753.270751953125, 6705.501953125, 13063.4326171875, 6095.400390625, 8040.4296875, 5271.78173828125, 12192.0107421875, 7875.9111328125, 12121.9853515625, 8410.7802734375, 1062.4456787109375, 2229.001220703125, 10902.86328125, 10060.9365234375, 8377.6015625, 3649.1337890625, 6121.05517578125, 8170.31982421875, 1096.7310791015625, 6838.796875, 9372.9931640625, 13365.7236328125, 15268.14453125, 8479.6572265625, 5657.7880859375, 6109.8916015625, 6288.70068359375, 5565.8740234375, 8710.9814453125, 7324.33837890625, 9136.119140625, 6457.73486328125, 6510.43017578125, 8348.642578125, 8041.92529296875, 5838.93603515625, 3705.443115234375, 4987.6416015625, 5409.3935546875, 8362.9375, 4665.19775390625, 3408.5751953125, 4026.425048828125, 6031.83203125, 2562.37451171875, 4638.0185546875, 12630.212890625, 3716.1552734375, 6932.6142578125, 3831.90185546875, 5134.48828125, 5054.26025390625, 4945.76025390625, 3469.319580078125, 4654.37158203125, 8391.9140625, 2995.18017578125, 5251.298828125, 6898.22216796875, 8599.0205078125, 3126.794677734375, 2205.72412109375, 12792.9794921875, 5818.669921875, 2145.74658203125, 5546.0947265625, 6087.34912109375, 5305.7216796875, 3058.28125, 5424.9296875, 3862.8447265625, 4527.54296875, 3591.839599609375, 5132.7255859375, 8318.6337890625, 3079.3212890625, 5327.7607421875, 1585.739990234375, 6878.75244140625, 1885.7921142578125, 6317.99462890625, 5606.8310546875, 4446.02099609375, 9262.5771484375, 6110.02783203125, 8247.6484375, 6414.7265625, 3692.877685546875, 10853.4921875, 2599.91259765625, 5681.8623046875, 6893.79345703125, 2510.92578125, 3172.62060546875, 7500.837890625, 7215.71435546875, 4531.30126953125, 9636.9111328125, 5472.36328125, 2897.61767578125, 3438.400390625, 6486.2490234375, 7666.1962890625, 5057.5322265625, 3818.9658203125, 6984.86279296875, 5899.7509765625, 4692.515625, 3454.27978515625, 4517.85009765625, 1775.583251953125, 6350.47119140625, 6632.8369140625, 1189.080322265625, 5613.712890625, 3906.34716796875, 9246.240234375, 9029.7490234375, 8386.640625, 8671.8681640625, 4147.5400390625, 8416.0703125, 19815.2109375, 19542.275390625, 2139.92724609375, 9220.2314453125, 14486.9462890625, 5054.45361328125, 4959.1240234375, 6438.07275390625, 4860.3544921875, 4920.20458984375, 9947.7724609375, 3659.895263671875, 4915.57763671875, 4014.871826171875, 5978.30126953125, 3326.485107421875, 6034.6640625, 2342.696044921875, 4976.9404296875, 8400.4970703125, 7811.9873046875, 9228.6396484375, 3640.9169921875, 8446.6767578125, 7437.896484375, 5519.59716796875, 2235.505126953125, 4832.68798828125, 7306.4873046875, 16529.33984375, 19629.8984375, 3584.170166015625, 14725.263671875, 5497.52001953125, 4933.93310546875, 4852.177734375, 1821.4869384765625, 6046.111328125, 6071.73388671875, 9823.4150390625, 5402.43994140625, 12365.34375, 9540.009765625, 8121.0498046875, 