{"nhidden": 128, "rnn_nhidden": 32, "obs_dim": 1, "latent_dim": 4, "lr": 0.01, "n_batch": 16, "beta": 0.5, "total_epochs_train": 50, "epochs_per_train": 5, "epochs": 50, "loss": [162901.8125, 224293.5625, 148242.90625, 117687.34375, 192923.34375, 131816.0625, 140775.5, 217647.34375, 146720.515625, 2304155.25, 114008.765625, 169809.75, 186332.265625, 215658.53125, 137580.25, 102743.4140625, 151369.921875, 153805.234375, 114591.875, 168482.21875, 155453.890625, 194170.953125, 127080.7890625, 176645.8125, 163536.921875, 141552.390625, 157152.546875, 155537.390625, 114307.3671875, 139954.0, 164710.140625, 278352.6875, 137683.015625, 150827.671875, 152513.6875, 99497.734375, 173537.5625, 142187.09375, 173002.5, 171123.078125, 147408.59375, 146276.0625, 126411.5234375, 150537.953125, 147788.4375, 120906.5703125, 129125.4765625, 125593.0078125, 157881.265625, 124576.765625, 203215.265625, 125874.59375, 137166.890625, 161609.546875, 141861.46875, 154470.15625, 100752.4921875, 146538.28125, 133536.96875, 116747.8828125, 151549.921875, 185147.546875, 126063.078125, 155771.5, 130162.6484375, 121153.328125, 137331.359375, 118698.28125, 146734.71875, 136384.765625, 123193.359375, 132484.734375, 156122.125, 110754.859375, 107016.6640625, 184905.109375, 106924.59375, 162402.5625, 117376.296875, 112418.640625, 130722.75, 120392.65625, 100489.5625, 160961.9375, 144767.4375, 133734.21875, 144155.03125, 131503.015625, 97528.40625, 118626.359375, 178417.953125, 142534.671875, 163924.0, 158175.25, 108359.7109375, 128035.296875, 175790.84375, 98618.0859375, 158943.65625, 139896.28125, 97780.046875, 102533.5546875, 181277.390625, 106570.375, 116612.515625, 183502.25, 139012.203125, 121894.40625, 115405.59375, 142044.765625, 107973.2421875, 153967.25, 134390.0625, 119409.625, 139799.71875, 101987.1875, 101951.453125, 131365.25, 103395.296875, 158628.40625, 100185.9453125, 152905.25, 119578.2734375, 96151.9296875, 130712.1796875, 129556.6171875, 89699.7109375, 131136.609375, 91173.140625, 116241.7734375, 159889.328125, 101158.34375, 99843.9140625, 81459.4296875, 138478.640625, 120006.0859375, 86026.6640625, 105065.0625, 78670.3359375, 87952.9921875, 161492.46875, 91582.2578125, 75039.5078125, 130179.625, 112128.7734375, 85021.59375, 87867.96875, 112979.96875, 105033.7734375, 73620.8828125, 81389.0703125, 104081.2578125, 107750.0, 96894.9765625, 96817.2109375, 117941.59375, 60407.72265625, 71491.09375, 98334.9453125, 81161.046875, 66522.734375, 71955.59375, 73989.75, 108853.8125, 121206.8984375, 52092.98046875, 97417.890625, 69615.7109375, 72461.1171875, 78489.53125, 78808.796875, 73856.125, 82393.84375, 97591.9765625, 118987.328125, 56398.98046875, 85101.3125, 60487.19921875, 103213.3984375, 95145.59375, 90436.40625, 75282.734375, 83265.0, 76935.53125, 78018.28125, 65680.8984375, 106194.890625, 49899.4609375, 83651.9296875, 53126.35546875, 95045.234375, 130362.1015625, 71077.0625, 63515.34765625, 72934.84375, 61267.0390625, 84894.296875, 55842.7734375, 99403.828125, 72998.6875, 69926.8984375, 40679.25, 49928.63671875, 126404.2578125, 67771.25, 61734.67578125, 35673.87109375, 90593.265625, 48799.9453125, 80654.9140625, 64420.7734375, 66275.6328125, 59457.671875, 66951.734375, 46670.82421875, 71614.0703125, 80883.4609375, 81867.3046875, 58958.37109375, 29081.71875, 39823.04296875, 99896.7421875, 39247.4609375, 67520.8828125, 40432.5234375, 64046.546875, 43476.8359375, 72426.453125, 59241.9296875, 65529.50390625, 50478.953125, 37506.04296875, 51212.703125, 72331.078125, 83285.078125, 61845.68359375, 70576.5625, 39389.23828125, 55981.2265625, 70576.84375, 38687.0546875, 49158.68359375, 40640.40625, 35993.5625, 70066.984375, 61954.296875, 47161.2109375, 76232.4375, 41796.78125, 64054.38671875, 62611.5546875, 58192.484375, 51810.125, 62788.1015625, 42848.21484375, 61041.953125, 47431.734375, 86719.984375, 43830.37890625, 67080.96875, 35011.8046875, 47160.140625, 43810.87109375, 43326.765625, 62424.21875, 62763.94140625, 42627.68359375, 77185.921875, 52259.9609375, 47879.921875, 57666.71875, 87439.453125, 57277.6640625, 46911.30078125, 35419.296875, 34440.5, 50983.98828125, 83136.140625, 73482.484375, 63850.171875, 79922.03125, 38884.0234375, 59767.38671875, 85997.53125, 68459.046875, 50275.38671875, 29265.28125, 43376.42578125, 84252.453125, 72404.8046875, 53736.5546875, 42059.25, 54569.80859375, 36570.171875, 48266.23828125, 45956.1796875, 76788.2109375, 56778.1953125, 33338.94921875, 62748.53515625, 36060.06640625, 68549.625, 94706.03125, 42467.43359375, 58586.734375, 49882.70703125, 76823.9921875, 65329.07421875, 74926.9140625, 22754.708984375, 92975.6875, 34022.8359375, 44319.1484375, 33094.95703125, 54055.67578125, 53739.54296875, 36455.6640625, 33597.09765625, 34676.98046875, 35257.10546875, 79661.1875, 60084.95703125, 73598.234375, 45633.4609375, 34543.81640625, 55256.0625, 54187.484375, 54665.30859375, 55037.2578125, 58986.55859375, 66025.8046875, 74622.828125, 49108.61328125, 31474.0859375, 62261.19140625, 39246.8515625, 56328.1484375, 52232.3359375, 63837.08984375, 56383.09375, 47124.9453125, 51851.75390625, 42001.5390625, 40373.63671875, 33185.984375, 78388.6953125, 32878.15625, 72471.9609375, 45526.83984375, 50699.2890625, 78035.0390625, 36977.4453125, 73242.5703125, 77134.125, 30767.75390625, 25665.283203125, 60192.82421875, 40328.6953125, 114444.3359375, 37109.3515625, 38997.5390625, 87857.203125, 36071.34765625, 70497.3828125, 35586.13671875, 50390.5625, 58684.9921875, 47870.8046875, 46615.5625, 29116.69140625, 78822.4296875, 48197.66015625, 47138.2421875, 55384.39453125, 46567.90234375, 32654.52734375, 66687.7421875, 83725.1484375, 61771.4765625, 66060.640625, 73118.59375, 95686.234375, 24505.970703125, 73163.65625, 24959.337890625, 38424.28515625, 26807.107421875, 71731.28125, 81811.0703125, 57784.7890625, 55206.6953125, 29377.2421875, 47544.30859375, 39215.8359375, 58171.58203125, 21930.015625, 36418.14453125, 42052.96875, 73260.8828125, 44067.92578125, 78898.7265625, 41238.84765625, 45610.08984375, 46151.31640625, 52271.63671875, 42087.03125, 65114.4609375, 50638.6953125, 33239.84765625, 41684.19921875, 62177.71875, 78577.4765625, 22301.869140625, 62461.1484375, 42546.0703125, 22508.68359375, 64609.8359375, 75566.3515625, 36403.05859375, 83594.671875, 40890.2734375, 35759.59765625, 74061.671875, 70310.8359375, 54634.99609375, 26370.46484375, 62463.84375, 31825.392578125, 55610.65234375, 45124.90234375, 51916.3984375, 57695.875, 47860.96484375, 41809.51171875, 62129.4765625, 79928.6484375, 69017.6875, 38900.4921875, 53644.640625, 25156.06640625, 30835.39453125, 33706.12890625, 84394.1796875, 62986.30859375, 48333.79296875, 56544.6484375, 58704.65234375, 33769.390625, 29090.080078125, 52832.46484375], "name": "default", "desc": "lr_0.01_nb_16_ld_4_b_0.5", "folder": "./saves/grid_seach/search1/lr_0.01_nb_16_ld_4_b_0.5_default_20240213-223004"}