{"nhidden": 128, "rnn_nhidden": 32, "obs_dim": 1, "latent_dim": 16, "lr": 0.01, "n_batch": 16, "beta": 2.0, "total_epochs_train": 1000, "epochs_per_train": 50, "epochs": 50, "loss": [123518.796875, 180229.796875, 71899.5703125, 81065.328125, 65872.875, 77573.59375, 69275.5703125, 40855.5390625, 53000.0625, 34020.45703125, 44732.69140625, 17046.97265625, 21196.173828125, 45814.26953125, 14681.625, 20358.60546875, 25397.841796875, 19866.59375, 15689.2666015625, 21493.240234375, 8581.8408203125, 20615.814453125, 9525.55859375, 6910.7841796875, 12470.66796875, 6127.263671875, 22442.865234375, 22492.34765625, 4988.8642578125, 12106.220703125, 8264.095703125, 12840.2724609375, 12046.740234375, 11790.83984375, 9809.20703125, 5430.2880859375, 10678.103515625, 6983.36962890625, 9269.162109375, 7581.125, 3359.3916015625, 11938.009765625, 12150.677734375, 9769.44921875, 8605.5625, 3255.734130859375, 6410.20654296875, 4742.05419921875, 6509.2470703125, 8179.509765625, 9472.5087890625, 14988.267578125, 10244.4345703125, 9559.85546875, 26590.625, 8336.4296875, 20455.69921875, 4402.5048828125, 4929.2626953125, 20131.94140625, 14859.9833984375, 18688.462890625, 13014.115234375, 3463.49169921875, 19741.9296875, 12658.80859375, 5880.5576171875, 5504.5888671875, 3915.4228515625, 14048.400390625, 6946.4736328125, 9807.8623046875, 8727.150390625, 8315.0419921875, 24508.7890625, 14880.8173828125, 4618.251953125, 8809.0009765625, 9408.9912109375, 10964.9384765625, 12853.2998046875, 9153.4453125, 9624.470703125, 5704.13916015625, 11632.87109375, 8699.4697265625, 5543.9150390625, 5029.32568359375, 9514.3857421875, 9344.2685546875, 7697.875, 6783.712890625, 8303.353515625, 14458.783203125, 2672.9365234375, 14346.6494140625, 14014.125, 1694.8037109375, 12424.712890625, 5195.693359375, 6143.796875, 10448.7998046875, 5448.0634765625, 7201.5810546875, 8480.6279296875, 7138.5341796875, 6373.919921875, 7736.70654296875, 9401.451171875, 7276.37744140625, 6436.12255859375, 5729.66845703125, 15384.35546875, 14360.6259765625, 5079.29638671875, 5754.828125, 6261.64794921875, 3242.28271484375, 3668.648193359375, 8711.4677734375, 5776.0205078125, 6817.68212890625, 2841.26025390625, 14113.6220703125, 8379.337890625, 9492.1845703125, 1104.6107177734375, 5913.82421875, 9270.5810546875, 7961.974609375, 4357.2060546875, 7094.15478515625, 6618.650390625, 10413.8359375, 7442.09130859375, 7996.546875, 2447.042236328125, 2072.3818359375, 1241.91650390625, 21482.599609375, 4515.37451171875, 5780.4130859375, 4422.4990234375, 16794.61328125, 6090.08642578125, 7664.81103515625, 1338.47802734375, 12489.2744140625, 11006.029296875, 1689.142822265625, 4612.27587890625, 5953.23974609375, 8440.025390625, 5813.82080078125, 5430.3984375, 4587.8046875, 7482.150390625, 6990.48779296875, 2658.08740234375, 11930.61328125, 4487.64794921875, 3824.45947265625, 4140.71728515625, 2115.119384765625, 6230.92919921875, 3879.48974609375, 9774.02734375, 6680.3125, 8153.244140625, 4418.91650390625, 8799.6357421875, 3587.67236328125, 12191.21484375, 6294.744140625, 4197.19775390625, 9745.34375, 5860.26904296875, 6319.6806640625, 6333.96142578125, 4860.35888671875, 12604.142578125, 6560.49267578125, 12822.189453125, 2258.589599609375, 10844.71484375, 4853.84716796875, 8118.68798828125, 3540.806640625, 9570.9345703125, 3336.58740234375, 6173.3427734375, 7636.11328125, 4505.57861328125, 5195.56689453125, 7781.3388671875, 7013.56201171875, 4295.46826171875, 11236.0078125, 3014.6298828125, 8745.1494140625, 7376.07666015625, 5246.9482421875, 9073.5732421875, 4213.80322265625, 4539.580078125, 5878.271484375, 8512.82421875, 2279.867919921875, 6466.123046875, 10296.087890625, 5083.509765625, 2503.840087890625, 6333.5341796875, 5135.7568359375, 8020.8154296875, 8798.3505859375, 3051.409423828125, 2867.76611328125, 10659.998046875, 3614.885009765625, 11349.5361328125, 3426.20654296875, 20407.61328125, 10778.435546875, 28616.9765625, 10915.837890625, 5381.8095703125, 9106.572265625, 10675.1201171875, 17637.86328125, 5734.47021484375, 4237.6494140625, 8217.4580078125, 10074.251953125, 6342.41748046875, 5033.97900390625, 11355.294921875, 9514.759765625, 10368.23828125, 11253.3740234375, 5257.4228515625, 6302.8603515625, 4738.9384765625, 4277.75, 9150.2451171875, 5975.52734375, 8404.443359375, 5756.04833984375, 16651.5859375, 4810.41552734375, 5474.46630859375, 8638.701171875, 5116.86669921875, 8319.650390625, 4079.023681640625, 7117.7880859375, 5124.23486328125, 7033.21484375, 6645.5078125, 5289.109375, 4336.5322265625, 4091.074951171875, 4346.4912109375, 3515.607177734375, 8531.2646484375, 2035.127685546875, 4980.14306640625, 6260.20361328125, 15420.4716796875, 6513.1474609375, 2817.92626953125, 5422.7119140625, 5281.328125, 7669.94873046875, 6627.8720703125, 5289.06787109375, 2453.833984375, 5974.22265625, 8378.6591796875, 8771.6865234375, 7447.62841796875, 5800.14208984375, 6207.83740234375, 4377.08642578125, 4990.498046875, 12908.953125, 2083.623779296875, 8316.4638671875, 4120.5244140625, 8961.53515625, 2183.970458984375, 5356.572265625, 9437.0087890625, 2553.23583984375, 3520.37060546875, 5601.1845703125, 7378.279296875, 4051.3740234375, 1726.2574462890625, 6074.1669921875, 3041.4951171875, 2972.33447265625, 9177.8212890625, 9701.0234375, 4375.361328125, 7893.234375, 5551.28271484375, 5281.30810546875, 7177.2763671875, 5646.1044921875, 2112.766845703125, 8814.4912109375, 10303.0634765625, 3984.916259765625, 3458.704345703125, 6466.5712890625, 14248.4765625, 6320.669921875, 6329.970703125, 12939.1240234375, 2290.10302734375, 7057.3779296875, 8625.712890625, 3984.615478515625, 10128.05078125, 8259.3525390625, 6033.8837890625, 7760.02197265625, 3219.774169921875, 5726.453125, 5542.66015625, 11854.603515625, 3571.1787109375, 7139.72412109375, 10770.6923828125, 3304.413818359375, 4286.88720703125, 7869.4638671875, 4526.62841796875, 1853.52587890625, 3909.968017578125, 3123.27392578125, 6979.5439453125, 2113.1640625, 10645.2568359375, 5713.42138671875, 4936.3349609375, 5666.85546875, 5386.21630859375, 5071.876953125, 2151.718994140625, 7969.2763671875, 4924.90087890625, 4594.771484375, 5660.60498046875, 2204.401611328125, 7020.63525390625, 4630.501953125, 4512.4013671875, 4404.83203125, 3723.93798828125, 3112.572509765625, 8882.013671875, 6262.42578125, 7474.521484375, 3678.4326171875, 7213.6640625, 4341.9609375, 4407.2666015625, 7746.849609375, 5837.6494140625, 5120.9619140625, 11249.974609375, 4092.760498046875, 5498.15283203125, 3456.1806640625, 12001.392578125, 859.904296875, 3555.27783203125, 8319.439453125, 5483.12353515625, 11540.6591796875, 5804.3486328125, 10769.779296875, 13094.3251953125, 10420.162109375, 4334.50927734375, 9358.5302734375, 11333.513671875, 13417.615234375, 3628.466064453125, 13820.51953125, 4143.9541015625, 13216.4404296875, 8616.8408203125, 5766.9580078125, 3154.7578125, 16189.0087890625, 15988.798828125, 15228.625, 6118.65087890625, 8026.2294921875, 8491.376953125, 6235.90478515625, 9968.3251953125, 11395.4169921875, 3100.847412109375, 8422.97265625, 7602.0693359375, 8140.2607421875, 3001.6689453125, 3922.28955078125, 6927.3876953125, 13736.7392578125, 4488.61083984375, 6862.55419921875, 8231.6259765625, 7880.38134765625, 3093.072509765625, 4600.0107421875, 7169.50537109375, 2926.96826171875, 3993.833740234375, 5107.75, 7578.04736328125, 3100.0166015625, 4055.2138671875, 7897.76220703125, 4495.86181640625, 7556.19970703125, 21207.90625, 5315.1943359375, 3845.4091796875, 7913.0703125, 6064.1162109375, 20440.9296875, 3261.77294921875, 8554.6875, 25114.59765625, 14094.9853515625, 5529.9326171875, 2597.2685546875, 8770.4873046875, 9453.30078125, 11395.1455078125, 9923.75390625, 5718.78662109375, 15563.8837890625, 3177.017578125, 6225.41357421875], "name": "default", "desc": "default run", "folder": "./saves/dynamic_run_default_20240305-174044"}