{"nhidden": 128, "rnn_nhidden": 32, "obs_dim": 1, "latent_dim": 8, "lr": 0.005, "n_batch": 16, "beta": 0.001, "total_epochs_train": 50, "epochs_per_train": 5, "epochs": 50, "loss": [177382.015625, 126603.65625, 169285.90625, 134469.140625, 119423.265625, 186052.96875, 192114.546875, 195483.21875, 187477.4375, 129649.3046875, 136275.875, 191840.578125, 195797.609375, 146583.125, 144428.875, 139875.46875, 138626.234375, 163688.65625, 165161.28125, 153038.34375, 168318.484375, 98107.609375, 114856.984375, 140474.140625, 136507.109375, 172836.84375, 171425.296875, 172595.4375, 120641.328125, 131776.40625, 124860.609375, 141813.265625, 117018.7421875, 99116.171875, 156595.984375, 143170.65625, 133838.984375, 108807.515625, 137831.171875, 131220.5625, 116102.25, 103009.234375, 88249.953125, 171027.25, 128713.140625, 101308.671875, 122952.265625, 140318.78125, 130444.5234375, 108942.828125, 115369.0703125, 96255.34375, 170750.1875, 126703.828125, 133970.015625, 93184.890625, 89601.984375, 89389.921875, 142038.078125, 116949.5078125, 159576.109375, 139240.484375, 116344.59375, 85918.65625, 122011.671875, 139214.890625, 101318.1640625, 92068.53125, 157492.65625, 95023.703125, 94790.40625, 87046.640625, 103873.453125, 116145.453125, 90072.59375, 82624.15625, 127998.0703125, 98486.234375, 125292.90625, 105052.421875, 100902.84375, 70327.25, 121565.1171875, 122869.25, 191611.78125, 76831.0390625, 149000.8125, 122156.3203125, 108055.515625, 109051.453125, 72945.7578125, 112802.703125, 107587.171875, 133598.46875, 78946.7421875, 121419.796875, 141640.734375, 87546.0, 115933.171875, 122794.546875, 102635.3515625, 125760.5, 113818.546875, 80441.375, 100621.8515625, 98136.359375, 84525.859375, 84034.3359375, 99337.0234375, 124607.890625, 86834.7578125, 117155.6484375, 72910.015625, 100970.8828125, 110261.1171875, 82638.7578125, 72467.453125, 105679.515625, 80528.4609375, 88201.203125, 105050.5, 67928.2109375, 113992.625, 90326.171875, 96543.8515625, 97862.3984375, 121156.046875, 84335.984375, 101668.15625, 100530.0390625, 78154.9375, 70883.53125, 91535.0625, 64873.21484375, 56235.8984375, 110747.3359375, 68635.6171875, 69299.75, 95446.15625, 60745.3046875, 104582.15625, 93072.1484375, 59314.91015625, 80066.3125, 82968.3671875, 67053.296875, 73662.4453125, 99762.7578125, 74244.9140625, 132638.390625, 65517.36328125, 56336.84765625, 64348.26953125, 64633.67578125, 57938.875, 75016.265625, 43410.5078125, 62996.4296875, 81140.1015625, 61801.5859375, 59197.79296875, 84634.671875, 57742.4921875, 65714.0390625, 51221.4609375, 84815.1484375, 57373.1796875, 59617.328125, 95280.6015625, 58874.4609375, 55430.73828125, 38425.03515625, 61227.3359375, 88475.75, 70447.703125, 58107.18359375, 91047.984375, 43992.55078125, 56354.8515625, 55051.99609375, 63383.16015625, 44356.5, 71024.3203125, 55593.79296875, 73524.4375, 55804.66796875, 54583.13671875, 53484.72265625, 76238.125, 70963.375, 51970.5859375, 72124.8359375, 39955.05078125, 120389.1796875, 43222.71875, 80327.140625, 57813.1953125, 54047.03515625, 51169.96875, 70010.28125, 37045.34375, 67828.9296875, 43795.28515625, 98940.8203125, 57517.6171875, 63127.42578125, 45251.0703125, 64178.5859375, 57413.75390625, 68760.2890625, 74828.1796875, 48165.73046875, 43808.56640625, 80932.3125, 54485.92578125, 55942.3515625, 30693.185546875, 61709.0390625, 42572.40625, 71168.71875, 43669.0546875, 68489.109375, 83259.53125, 48327.921875, 48446.92578125, 77253.9296875, 72953.234375, 37488.3359375, 46166.87890625, 66124.109375, 48981.0546875, 66570.890625, 63062.25390625, 42084.546875, 67652.78125, 68695.234375, 53455.65625, 32524.8359375, 65270.5859375, 50176.109375, 77349.5625, 45365.55859375, 36547.59375, 34043.2109375, 78872.5234375, 26889.515625, 61258.796875, 51310.125, 75664.6171875, 40333.02734375, 56168.68359375, 70881.25, 39236.22265625, 64255.07421875, 62217.16015625, 48178.578125, 37715.30078125, 29866.1328125, 69459.6328125, 64745.5703125, 69798.1875, 82426.6171875, 41287.10546875, 60058.89453125, 33969.25390625, 59188.125, 48489.81640625, 51047.015625, 55503.16796875, 39701.296875, 37512.84375, 47848.7421875, 34019.828125, 60044.94921875, 52288.41015625, 48133.015625, 82518.0390625, 57603.89453125, 65989.65625, 46272.7421875, 80383.0078125, 61441.6796875, 48443.02734375, 26911.0546875, 34582.0546875, 55606.6328125, 44868.5546875, 58091.50390625, 51456.56640625, 33102.97265625, 34451.21484375, 58793.01953125, 35677.29296875, 57435.74609375, 76637.203125, 44539.04296875, 84813.34375, 52235.94921875, 60833.828125, 48141.65625, 65787.921875, 40419.55078125, 60340.87109375, 80077.0625, 42043.359375, 47642.2734375, 47908.79296875, 45522.91796875, 43471.20703125, 80344.0390625, 68137.546875, 36120.2578125, 56504.21875, 55852.57421875, 68497.8828125, 39214.51171875, 52950.84375, 91751.1796875, 39503.16796875, 49014.515625, 41500.55859375, 59854.20703125, 26027.21875, 52019.1484375, 61871.04296875, 71559.484375, 36961.1015625, 67301.265625, 42420.5078125, 31661.3671875, 76367.4140625, 48032.9453125, 37162.76953125, 66586.171875, 42064.859375, 69387.6484375, 49003.75390625, 58043.5703125, 44086.59375, 27484.154296875, 39535.5390625, 53074.578125, 53044.5078125, 75419.0, 24959.833984375, 66336.046875, 34487.375, 57583.0, 43774.3046875, 68834.9609375, 45047.1171875, 70451.46875, 33012.5078125, 51988.04296875, 36597.78125, 75920.4609375, 70656.1015625, 39247.9609375, 50280.54296875, 58198.99609375, 39190.1953125, 43056.4296875, 55521.1640625, 48033.0078125, 77709.5703125, 49563.390625, 52198.46875, 64852.05859375, 58933.453125, 53984.7109375, 55163.1484375, 44747.1484375, 40763.66796875, 68536.453125, 38758.88671875, 70374.4765625, 58687.484375, 37991.72265625, 64584.4453125, 44315.2890625, 71430.5546875, 38248.75390625, 41508.69140625, 81479.2265625, 40089.6328125, 67449.0390625, 19815.921875, 67655.109375, 54465.5390625, 39089.39453125, 38083.92578125, 32753.396484375, 68378.75, 39000.13671875, 48591.875, 64715.1796875, 116568.6171875, 38667.171875, 79149.8984375, 59441.9921875, 55166.57421875, 26321.810546875, 34041.16015625, 37359.44140625, 29522.83203125, 41544.671875, 89374.5546875, 56455.69140625, 41003.0546875, 41180.8984375, 76350.6796875, 76754.1171875, 32990.90625, 51859.984375, 37307.03125, 107946.578125, 29776.55859375, 30430.197265625, 43091.8984375, 53645.30078125, 40425.36328125, 47771.8125, 97029.578125, 53225.09375, 77827.84375, 47296.515625, 33596.96484375, 35638.78125, 34965.98046875, 42651.4921875, 99452.1328125, 49129.265625, 42143.3125, 21005.607421875, 47922.5234375, 60234.1796875, 44762.78125, 51890.6875, 59309.00390625, 65349.65234375, 79528.5546875, 57445.3515625, 89312.2265625, 41832.53125, 51382.34765625, 22483.701171875, 41343.2265625, 53860.140625, 53545.9140625, 52030.828125], "name": "default", "desc": "lr_0.005_nb_16_ld_8_b_0.001", "folder": "./saves/grid_seach/search1/lr_0.005_nb_16_ld_8_b_0.001_default_20240213-233116"}