{"nhidden": 128, "rnn_nhidden": 32, "obs_dim": 1, "latent_dim": 8, "lr": 0.0001, "n_batch": 16, "beta": 1, "total_epochs_train": 50, "epochs_per_train": 5, "epochs": 50, "loss": [176719.96875, 228399.65625, 229354.328125, 179556.40625, 161087.15625, 117474.140625, 157620.109375, 221475.6875, 122327.265625, 124900.3671875, 153444.640625, 190918.3125, 173768.671875, 252399.90625, 89341.640625, 147706.8125, 245017.296875, 229499.140625, 135500.46875, 165068.15625, 158501.46875, 175489.875, 207161.40625, 195972.90625, 93064.4375, 251739.59375, 191670.796875, 195788.40625, 228018.125, 142020.140625, 177449.59375, 168575.21875, 175612.703125, 162298.21875, 176317.8125, 171130.609375, 231320.390625, 194159.4375, 160397.75, 172589.9375, 136406.609375, 201144.296875, 191698.6875, 79117.15625, 202005.140625, 109280.4296875, 208757.0625, 227044.359375, 209285.03125, 98754.2421875, 136901.53125, 189303.359375, 208790.375, 213678.203125, 224777.65625, 121200.4921875, 157428.890625, 216746.359375, 174800.84375, 193844.5625, 141174.4375, 237506.75, 130265.359375, 172674.546875, 120025.5234375, 211230.484375, 180424.9375, 183242.09375, 223730.625, 184655.375, 134387.078125, 169503.328125, 153314.59375, 123578.796875, 215490.578125, 162392.296875, 160288.171875, 147701.921875, 190415.96875, 236046.53125, 197375.671875, 137923.640625, 265053.4375, 141685.546875, 141557.21875, 199246.59375, 114180.953125, 183327.5, 199398.140625, 142283.609375, 142108.984375, 166317.71875, 113076.8671875, 213117.0625, 176535.984375, 179658.296875, 241944.90625, 169391.609375, 133719.90625, 129644.609375, 199170.90625, 201652.875, 138502.796875, 115549.9140625, 155909.21875, 116351.8046875, 278436.28125, 200179.15625, 108204.7578125, 144131.34375, 179299.875, 212400.28125, 142046.53125, 208354.125, 221398.015625, 209407.765625, 128871.90625, 167214.375, 224576.453125, 186160.5625, 179115.21875, 168917.515625, 134789.40625, 169445.015625, 114494.1484375, 174601.609375, 156313.625, 248815.15625, 130252.734375, 134506.515625, 141709.59375, 125925.125, 117617.1796875, 212809.078125, 209544.96875, 191674.90625, 121290.71875, 250397.21875, 173996.0625, 167893.921875, 147194.625, 117307.2890625, 192356.390625, 126528.859375, 183195.46875, 198230.53125, 171055.140625, 219183.0, 157908.296875, 146340.546875, 166469.703125, 126071.96875, 133256.421875, 206489.96875, 161557.625, 153176.84375, 192243.46875, 164688.140625, 190149.453125, 153940.484375, 177757.65625, 111158.203125, 186440.03125, 142280.9375, 276925.21875, 101627.703125, 180378.609375, 131798.53125, 120301.6484375, 195222.9375, 155894.390625, 216954.765625, 125608.1953125, 138319.75, 157940.96875, 165822.875, 145528.421875, 118915.1328125, 162635.28125, 218386.6875, 127451.578125, 205955.6875, 197371.234375, 124510.0390625, 122553.0703125, 176824.8125, 114440.5078125, 199677.046875, 143555.90625, 133321.671875, 176475.84375, 181797.828125, 184587.5, 123156.828125, 111918.234375, 101500.359375, 202542.203125, 188304.375, 123739.015625, 166469.203125, 103700.9765625, 106795.8984375, 158589.296875, 147468.5625, 157171.1875, 155372.5, 214114.96875, 164937.25, 138160.5, 212635.328125, 127217.171875, 192788.71875, 120982.8125, 162793.5, 115385.2421875, 107440.125, 141007.78125, 113629.15625, 146901.859375, 153548.671875, 187187.109375, 103493.5078125, 147725.40625, 146038.0625, 183240.03125, 123643.5703125, 150010.859375, 101562.8828125, 177006.203125, 147562.71875, 114315.140625, 120288.859375, 182498.765625, 162596.484375, 151068.078125, 153403.515625, 123823.6875, 104403.6875, 124923.640625, 172364.21875, 117817.9453125, 137125.8125, 117308.234375, 139850.375, 154872.453125, 155315.1875, 94344.1171875, 132656.578125, 100225.65625, 105725.6484375, 147615.09375, 138807.6875, 109834.8984375, 121770.6015625, 107794.671875, 107385.4140625, 189311.25, 106303.234375, 137356.625, 111918.421875, 138718.3125, 113903.5390625, 130117.671875, 129246.5, 110205.078125, 114848.2421875, 127594.0234375, 103421.359375, 114730.6015625, 161045.515625, 111053.6328125, 150166.5625, 95919.484375, 120789.6328125, 124191.171875, 116755.875, 140207.59375, 91711.5625, 136060.421875, 165070.546875, 114916.1484375, 155731.9375, 122747.9765625, 99326.09375, 96069.0, 105564.125, 128942.71875, 113592.0, 126542.1171875, 139121.390625, 134320.703125, 123985.765625, 110815.96875, 132818.703125, 113937.03125, 90744.40625, 117152.828125, 130867.8125, 121682.0, 113239.484375, 122546.328125, 120443.359375, 109151.140625, 123363.59375, 145275.1875, 100644.96875, 165218.109375, 101311.6875, 101971.2578125, 82902.8515625, 118129.84375, 128207.703125, 83343.7734375, 127119.7890625, 121992.171875, 152112.890625, 97441.625, 134841.90625, 85081.671875, 127887.1171875, 131499.640625, 100362.921875, 102154.171875, 110945.7109375, 117428.796875, 109805.8203125, 140527.109375, 179439.84375, 132730.921875, 94427.171875, 108496.7421875, 131079.03125, 120333.03125, 116043.015625, 108878.7421875, 96431.078125, 123414.625, 87711.734375, 206640.140625, 104599.828125, 141031.28125, 89530.2890625, 109974.203125, 129767.640625, 118230.5546875, 146238.34375, 111738.921875, 87608.3671875, 130684.1328125, 94016.28125, 104183.9375, 125914.3671875, 162660.390625, 96448.0625, 82977.640625, 93851.2890625, 126933.75, 116104.1640625, 119649.34375, 96086.4140625, 100883.296875, 87077.4765625, 145917.46875, 130419.9765625, 123248.3984375, 112552.0546875, 129008.859375, 117596.859375, 155222.1875, 174899.765625, 131462.53125, 161804.65625, 127679.265625, 128191.015625, 125401.1328125, 143231.265625, 96959.21875, 124561.3359375, 116521.578125, 152093.421875, 149299.9375, 130109.9140625, 153736.5625, 153085.296875, 133981.53125, 96248.5859375, 96534.1875, 117100.859375, 143367.6875, 137766.109375, 129526.453125, 95719.359375, 117982.625, 120405.65625, 107071.609375, 111124.3515625, 132794.78125, 122424.8046875, 88098.234375, 95576.15625, 113248.421875, 108859.2734375, 115300.953125, 133079.46875, 130513.34375, 157123.859375, 95558.1484375, 130960.0625, 101061.1328125, 126311.359375, 112899.4609375, 121816.0, 138662.46875, 113904.9375, 106056.7890625, 115431.40625, 108384.0625, 88701.640625, 128827.125, 132130.375, 97820.6171875, 136479.4375, 113250.5390625, 118859.8671875, 115512.8125, 131223.859375, 105126.8828125, 102237.046875, 102227.90625, 120687.875, 112046.171875, 114090.671875, 139126.78125, 103784.2734375, 90644.546875, 107299.6796875, 128008.7734375, 107131.6875, 132447.625, 104292.4453125, 110303.046875, 96246.71875, 111599.8203125, 101963.15625, 126377.34375, 83296.3671875, 86027.8515625, 93346.625, 147290.03125, 122552.703125], "name": "default", "desc": "lr_0.0001_nb_16_ld_8_b_1", "folder": "./saves/grid_seach/search4/lr_0.0001_nb_16_ld_8_b_1_default_20240307-100528"}