{"nhidden": 128, "rnn_nhidden": 32, "obs_dim": 1, "latent_dim": 16, "lr": 0.01, "n_batch": 16, "beta": 0.5, "total_epochs_train": 50, "epochs_per_train": 5, "epochs": 50, "loss": [121589.4375, 131028.953125, 260816.46875, 236049.171875, 139117.859375, 116619.4296875, 158156.53125, 148078.9375, 228237.140625, 129634.8828125, 219437.59375, 184081.234375, 147094.328125, 208688.9375, 158560.09375, 110293.3203125, 134828.3125, 121493.125, 157873.53125, 161194.890625, 125004.90625, 158907.78125, 177021.078125, 164423.75, 151064.078125, 146407.375, 93372.8359375, 136342.828125, 133817.75, 128224.453125, 124212.484375, 136686.96875, 96293.8046875, 251969.59375, 149238.375, 153452.859375, 143312.296875, 87294.328125, 130922.234375, 176230.578125, 104878.15625, 195203.59375, 157178.65625, 129146.7890625, 215995.421875, 164082.921875, 157812.59375, 192877.84375, 132298.171875, 120988.8203125, 175106.203125, 118198.390625, 107124.421875, 122873.2265625, 105580.953125, 129901.421875, 106049.359375, 171468.015625, 151560.609375, 109211.2421875, 172155.8125, 115050.9296875, 182500.5, 154632.125, 123477.328125, 123138.875, 98195.9296875, 118538.7578125, 136391.96875, 127178.296875, 138913.515625, 94998.1484375, 143442.125, 103630.671875, 113460.9375, 101072.6484375, 94992.8203125, 82135.109375, 85796.109375, 124840.1328125, 139258.109375, 159244.828125, 96849.1484375, 173288.203125, 96171.0, 126439.40625, 140442.234375, 165688.4375, 169829.140625, 105544.203125, 131067.4296875, 129040.390625, 120955.625, 125111.859375, 119517.8828125, 93715.9921875, 95986.9765625, 124397.1015625, 103001.1640625, 86651.109375, 133631.1875, 134653.203125, 102236.7578125, 86886.3984375, 91486.6796875, 116832.203125, 84306.9609375, 96349.9375, 72228.5390625, 135890.6875, 82539.6328125, 107505.6875, 73829.6171875, 89146.078125, 71738.046875, 84503.1953125, 71582.0390625, 104927.015625, 50435.74609375, 84777.140625, 73059.9375, 79251.765625, 58786.453125, 115593.4765625, 111930.2109375, 59395.171875, 67462.640625, 77356.1171875, 104695.046875, 90964.7109375, 79589.5625, 105701.5, 72931.0234375, 77207.8203125, 87017.1796875, 68012.859375, 62659.359375, 106298.53125, 61286.55078125, 115135.015625, 86774.9453125, 74680.03125, 51418.80859375, 98740.671875, 67246.40625, 52993.27734375, 65496.5859375, 109750.875, 86421.6015625, 101246.9921875, 66723.3125, 83639.4375, 74040.9765625, 72525.140625, 53740.03125, 74356.328125, 93853.0234375, 54497.59375, 67431.53125, 107753.796875, 51996.08984375, 71195.5625, 64756.796875, 56252.6953125, 58669.65234375, 51246.75390625, 57354.22265625, 74193.0703125, 116986.578125, 39932.140625, 87887.5, 50265.16015625, 38935.703125, 53849.64453125, 125215.0703125, 61449.7734375, 61842.8984375, 70409.109375, 112986.3125, 48545.40234375, 78057.6796875, 60226.8359375, 61043.08984375, 50095.57421875, 54753.52734375, 45845.03125, 51844.328125, 89678.078125, 45768.625, 66339.7265625, 48861.296875, 44265.04296875, 52230.515625, 50034.53125, 92584.6171875, 66917.5859375, 48251.9921875, 46357.9453125, 42191.49609375, 91978.6796875, 80887.140625, 30607.033203125, 56924.3828125, 49570.20703125, 33658.26953125, 51628.55078125, 62336.53125, 46163.7265625, 52963.66015625, 59367.7890625, 35915.9375, 32231.296875, 77510.7265625, 72929.0703125, 66639.59375, 60592.75, 38225.32421875, 59201.4296875, 62284.9296875, 54900.7109375, 87598.0546875, 69564.0625, 106075.28125, 47770.5, 40797.92578125, 61258.99609375, 39827.63671875, 46316.61328125, 48552.265625, 47261.84765625, 48985.5546875, 91813.9140625, 72610.65625, 63132.16015625, 51688.31640625, 59699.05078125, 59492.4609375, 53527.49609375, 32796.79296875, 60068.8828125, 31010.380859375, 90657.109375, 54575.53515625, 47200.95703125, 52283.99609375, 48477.640625, 58845.390625, 40465.31640625, 44035.140625, 78099.5234375, 65008.53125, 39389.2265625, 46474.26953125, 31533.837890625, 39491.1640625, 45021.4296875, 17474.25, 106220.09375, 31536.5234375, 59884.92578125, 83589.5625, 51242.546875, 55259.14453125, 40006.6484375, 56450.9609375, 37541.71875, 41942.53515625, 52791.359375, 76359.5078125, 85922.28125, 35719.06640625, 97416.8671875, 69170.3671875, 33817.953125, 45207.7109375, 37687.546875, 56829.6484375, 36571.58203125, 75386.03125, 28514.2890625, 46617.53125, 52531.0703125, 27863.884765625, 70834.2578125, 90807.234375, 49598.8203125, 44754.19921875, 64059.921875, 71504.015625, 39726.46875, 47340.3125, 27746.81640625, 42137.92578125, 75019.84375, 69170.78125, 56454.4609375, 47352.7109375, 55319.52734375, 67064.28125, 49557.828125, 34173.59375, 52497.421875, 45791.66015625, 49323.203125, 49046.265625, 48573.51171875, 35248.14453125, 78775.0390625, 54234.23828125, 66693.515625, 76149.3828125, 26686.9296875, 30629.056640625, 50466.109375, 40371.08984375, 43210.85546875, 50560.95703125, 34009.38671875, 40356.625, 74257.0, 78400.34375, 39750.73046875, 37274.60546875, 56861.90625, 43562.46484375, 48226.30078125, 34949.91015625, 52876.0078125, 94976.7265625, 37808.4296875, 36861.91015625, 78817.34375, 53306.34375, 61076.1328125, 89471.203125, 72736.9765625, 27948.03125, 58900.609375, 37513.796875, 56668.4296875, 43328.30859375, 45583.8203125, 28573.818359375, 51585.3828125, 30074.07421875, 48819.01953125, 53932.1875, 48196.87890625, 83179.9375, 72263.2890625, 49951.9140625, 39452.046875, 49139.828125, 79608.28125, 64172.953125, 63441.30078125, 44449.22265625, 42821.5234375, 60367.1640625, 47529.16015625, 35881.640625, 49731.9453125, 28065.08984375, 86578.28125, 82061.0703125, 58654.2578125, 26799.3359375, 48583.21484375, 102734.9375, 78342.2578125, 33245.20703125, 51733.12109375, 37757.6015625, 71936.2109375, 57630.95703125, 51404.421875, 48346.80078125, 24902.677734375, 32340.44921875, 50767.4921875, 39081.6875, 16143.001953125, 74727.984375, 41724.14453125, 59053.5, 63730.69140625, 54079.0, 97705.953125, 38533.2734375, 32981.61328125, 35724.91015625, 59069.6796875, 31790.900390625, 49034.03125, 82577.390625, 30829.380859375, 33059.23046875, 70606.921875, 43464.66015625, 57107.26953125, 50805.87109375, 53614.8125, 39618.71875, 60765.6171875, 95673.7109375, 43729.3828125, 54370.69921875, 53358.51953125, 36605.8828125, 75151.0859375, 40167.1640625, 48839.5859375, 53663.08203125, 39577.390625, 35915.5859375, 51222.609375, 54629.1171875, 37313.08984375, 67611.796875, 39078.734375, 48610.6484375, 82122.7890625, 50852.87890625, 42040.828125, 42137.3984375, 48490.98046875, 70519.296875, 33572.8125, 46031.83203125, 60584.32421875, 58990.87109375, 64100.67578125, 28253.587890625, 45216.96484375, 57608.52734375, 35901.0703125, 74358.0234375, 51155.828125, 62729.34765625, 54915.765625, 36995.25, 46807.23828125, 57168.1796875, 80932.0625, 55964.0625, 46168.59375, 56737.578125, 48860.203125, 31680.1484375, 39367.2578125], "name": "default", "desc": "lr_0.01_nb_16_ld_16_b_0.5", "folder": "./saves/grid_seach/search1/lr_0.01_nb_16_ld_16_b_0.5_default_20240213-225249"}