{"nhidden": 128, "rnn_nhidden": 32, "obs_dim": 1, "latent_dim": 1, "lr": 0.0005, "n_batch": 16, "beta": 0.001, "total_epochs_train": 50, "epochs_per_train": 5, "epochs": 50, "loss": [157601.03125, 179557.453125, 156497.484375, 218349.75, 167182.5, 151686.875, 196015.09375, 154331.25, 190373.125, 184305.546875, 152339.515625, 171564.09375, 121861.796875, 250790.25, 93990.328125, 126975.4375, 251503.21875, 209603.765625, 168978.78125, 125195.46875, 159780.296875, 133323.375, 234131.21875, 134858.28125, 208000.84375, 124922.3203125, 194988.453125, 179056.03125, 121988.1796875, 132089.234375, 161928.09375, 132884.890625, 202169.09375, 137009.453125, 199694.34375, 228810.03125, 273671.4375, 102415.640625, 152203.6875, 163071.90625, 121219.2578125, 188412.234375, 205680.375, 140544.78125, 112805.0859375, 145286.0625, 170900.984375, 163945.59375, 124952.0703125, 177548.0625, 109647.6953125, 125805.734375, 89457.359375, 297769.03125, 198746.75, 149571.296875, 164594.46875, 178421.390625, 97917.0078125, 140047.46875, 132223.4375, 150302.015625, 180408.96875, 119218.7265625, 135052.4375, 113106.5078125, 163954.515625, 152884.296875, 169174.328125, 159956.265625, 123584.140625, 236956.640625, 147168.5, 176533.375, 194454.75, 115867.546875, 183866.015625, 123975.6796875, 137002.0625, 168743.96875, 159591.5, 118518.109375, 151246.625, 112857.90625, 154550.9375, 193130.5625, 188058.078125, 134133.203125, 156213.84375, 173279.265625, 93220.109375, 139794.03125, 156421.78125, 160374.484375, 126513.6015625, 186638.890625, 178314.65625, 133145.578125, 160720.53125, 210528.953125, 201444.953125, 132186.046875, 120614.40625, 171084.171875, 114498.8125, 140023.9375, 199183.109375, 108158.0625, 120747.953125, 159041.890625, 149910.921875, 195941.875, 145025.578125, 192280.390625, 109103.484375, 120556.578125, 203056.25, 136044.71875, 178748.625, 146141.625, 165513.65625, 110934.0546875, 131085.5, 224580.21875, 131063.7421875, 176603.8125, 126922.9453125, 191794.34375, 159066.25, 134748.8125, 156855.09375, 176860.4375, 132557.75, 206956.625, 112881.546875, 166369.375, 105666.96875, 106564.453125, 182027.515625, 128436.265625, 197554.015625, 155096.96875, 138739.90625, 208017.796875, 139804.3125, 133477.09375, 162914.875, 161260.203125, 156684.296875, 144966.734375, 120285.15625, 156186.984375, 157492.078125, 151528.328125, 174439.5625, 146255.8125, 102619.78125, 128095.90625, 161700.15625, 138236.484375, 184192.640625, 175616.40625, 199450.5, 153400.25, 391268.5, 112183.84375, 163577.390625, 113536.390625, 128350.1953125, 156345.671875, 176646.46875, 142550.0, 143574.53125, 107390.2734375, 199893.6875, 111958.3046875, 178090.953125, 172288.796875, 154294.15625, 182951.609375, 154128.46875, 132663.65625, 157503.640625, 154049.28125, 242767.921875, 132419.65625, 136923.6875, 149779.109375, 126240.390625, 147849.28125, 178092.546875, 138053.015625, 136906.515625, 209893.65625, 136533.359375, 142321.15625, 150519.921875, 180485.109375, 108844.109375, 156125.859375, 162917.4375, 126565.015625, 167220.484375, 128166.28125, 166342.8125, 151488.796875, 186701.5625, 115641.3203125, 129461.078125, 206340.0, 131160.0, 220174.625, 143654.0, 207964.53125, 109921.1953125, 131569.3125, 111379.9140625, 186378.4375, 145890.875, 210372.359375, 116018.1796875, 173493.21875, 148156.078125, 136175.109375, 125854.40625, 146454.328125, 164246.03125, 152208.890625, 127622.03125, 221659.296875, 130681.390625, 131896.65625, 141926.5, 185292.671875, 166753.3125, 156125.3125, 147360.59375, 155763.625, 147396.15625, 134951.9375, 172737.234375, 114198.0234375, 183106.078125, 132824.9375, 131558.53125, 160485.4375, 182930.0, 145793.765625, 147048.71875, 105662.2734375, 152330.15625, 180804.09375, 114776.828125, 141871.1875, 144136.390625, 113266.296875, 141442.734375, 180494.828125, 212796.90625, 129070.6015625, 167187.078125, 137575.03125, 183825.3125, 154329.203125, 182626.03125, 139361.125, 110829.984375, 135988.140625, 140677.6875, 179793.1875, 145770.59375, 154057.9375, 117640.296875, 133027.515625, 183435.421875, 123909.5546875, 147268.609375, 188688.53125, 171095.359375, 129898.9140625, 171529.515625, 155244.71875, 121451.578125, 106590.453125, 186878.25, 157624.40625, 157138.90625, 185343.53125, 110074.7734375, 145973.75, 145488.6875, 174948.40625, 163524.921875, 148027.25, 159595.953125, 151332.421875, 158009.234375, 181217.03125, 216486.5625, 133151.140625, 102642.03125, 146484.046875, 140211.8125, 129333.5546875, 134338.75, 207587.1875, 122241.5625, 134899.6875, 144819.4375, 165261.90625, 152840.84375, 180112.09375, 178895.375, 167277.53125, 118763.15625, 177138.28125, 158637.28125, 133698.234375, 241420.53125, 132907.28125, 148468.78125, 109539.2265625, 126606.453125, 145194.5, 177446.5, 152936.4375, 144737.34375, 109387.28125, 187410.6875, 150150.109375, 102801.796875, 186959.015625, 187946.40625, 148766.40625, 110224.8203125, 182196.03125, 131981.921875, 126869.9921875, 138318.859375, 189465.3125, 223163.828125, 132987.875, 147850.453125, 166005.96875, 168446.0, 169305.21875, 105104.15625, 160976.5625, 200238.09375, 118850.96875, 164563.234375, 155061.921875, 109807.640625, 155660.03125, 128200.953125, 165353.203125, 172204.515625, 142286.828125, 159655.234375, 179406.25, 118145.359375, 134765.953125, 187081.34375, 123287.421875, 206994.28125, 213183.125, 104248.0703125, 135736.3125, 167333.203125, 134232.28125, 158474.8125, 189527.8125, 133668.609375, 161175.359375, 147760.171875, 173474.453125, 140722.84375, 149398.28125, 160051.3125, 189705.125, 152888.859375, 144976.5625, 124656.40625, 153700.84375, 154159.0625, 155222.328125, 150114.953125, 116818.75, 173806.6875, 174454.640625, 136960.140625, 160044.28125, 120528.765625, 180839.546875, 156764.3125, 171155.5, 149467.625, 162229.59375, 160792.390625, 166952.09375, 116151.1875, 149276.75, 186613.78125, 126172.1875, 178927.25, 175586.75, 149265.453125, 117772.640625, 126699.9609375, 128395.765625, 189642.03125, 222891.546875, 139818.359375, 141536.90625, 108239.3828125, 98736.8671875, 219851.5625, 170642.34375, 126835.7109375, 178934.0, 169633.546875, 161450.828125, 144983.796875, 169006.234375, 153421.1875, 181332.0625, 166212.75, 114885.7578125, 146626.84375, 127636.828125, 162495.890625, 146133.234375, 135303.0, 170757.328125, 158544.59375, 114882.859375, 123086.8125, 183571.1875, 180180.78125, 148554.265625, 165993.59375, 110169.0546875, 138724.53125, 198677.84375, 186008.53125, 207114.359375, 124541.703125, 142668.421875, 126861.0546875, 144654.265625], "name": "default", "desc": "lr_0.0005_nb_16_ld_1_b_0.001", "folder": "./saves/grid_seach/search1/lr_0.0005_nb_16_ld_1_b_0.001_default_20240214-003520"}