{"nhidden": 128, "rnn_nhidden": 32, "obs_dim": 1, "latent_dim": 16, "lr": 0.008858667904100823, "n_batch": 16, "beta": 2.649398938409367, "total_epochs_train": 1000, "epochs_per_train": 50, "epochs": 100, "loss": [102695.6015625, 83284.4921875, 181402.578125, 68455.9140625, 58967.671875, 51930.55078125, 48690.26953125, 54230.03125, 52966.4140625, 35326.7578125, 38126.81640625, 40355.390625, 9855.3427734375, 26057.927734375, 18572.58203125, 32423.001953125, 4481.134765625, 13269.2451171875, 20924.01171875, 12159.1044921875, 8029.82470703125, 12883.5693359375, 6514.96875, 7875.125, 21857.169921875, 20112.357421875, 13774.5830078125, 6206.3291015625, 7497.58056640625, 15475.6884765625, 12096.6396484375, 5639.34765625, 11910.900390625, 21135.802734375, 11440.4140625, 15661.67578125, 10168.0439453125, 12784.2001953125, 9124.9248046875, 5819.13330078125, 10047.4541015625, 7134.4033203125, 6955.5205078125, 22515.98828125, 4047.4482421875, 7622.26806640625, 8132.18798828125, 9502.73828125, 7158.05859375, 8231.955078125, 10835.85546875, 4814.4658203125, 2342.116943359375, 14631.13671875, 6108.45458984375, 10262.8779296875, 3880.15283203125, 14540.96484375, 3363.88818359375, 10358.1611328125, 4015.64306640625, 9797.4765625, 4061.255859375, 5117.93359375, 11144.609375, 12121.876953125, 3511.2685546875, 6244.1904296875, 9619.63671875, 5346.55615234375, 4192.640625, 34323.2265625, 33517.671875, 12260.2412109375, 27668.494140625, 12678.1904296875, 4800.44775390625, 2882.110107421875, 15717.875, 13874.6845703125, 15256.181640625, 19121.703125, 11614.7412109375, 15560.7890625, 14165.04296875, 16834.330078125, 7209.26953125, 2357.850341796875, 40630.17578125, 28956.103515625, 25641.14453125, 17073.12109375, 11092.646484375, 14180.3857421875, 10650.0673828125, 12431.693359375, 5252.72314453125, 5954.845703125, 11455.060546875, 27715.849609375, 15834.9365234375, 8540.759765625, 4492.39306640625, 11391.0126953125, 10795.0556640625, 13882.4111328125, 8193.0693359375, 14332.09375, 14255.947265625, 7119.60107421875, 11914.517578125, 11178.9140625, 8216.4931640625, 5517.546875, 7685.0322265625, 2729.0654296875, 15498.6064453125, 14762.349609375, 7219.0556640625, 10026.7685546875, 7201.20947265625, 7955.60205078125, 9490.4248046875, 5762.30712890625, 4043.1220703125, 9889.6748046875, 10090.185546875, 6609.13134765625, 5046.0673828125, 8103.8203125, 8558.1181640625, 9206.7646484375, 8100.89306640625, 3905.989990234375, 4205.5849609375, 10560.1064453125, 5912.30419921875, 8444.4140625, 2535.633056640625, 8970.4931640625, 7591.86328125, 9696.0556640625, 3664.546630859375, 3446.1162109375, 5633.84423828125, 3528.90185546875, 3398.757080078125, 11041.185546875, 7212.40185546875, 5387.845703125, 4386.8271484375, 2873.41650390625, 11309.041015625, 5276.93505859375, 4771.0869140625, 5146.2529296875, 12660.7822265625, 5288.396484375, 3606.77587890625, 8506.8828125, 2509.82373046875, 3977.505615234375, 11155.912109375, 3529.345703125, 3969.4599609375, 5919.240234375, 5796.3349609375, 5100.373046875, 7245.36328125, 3402.559326171875, 6382.5625, 3535.390380859375, 3657.4755859375, 5419.32666015625, 8171.6396484375, 7506.65478515625, 3208.6171875, 5345.83251953125, 3667.648193359375, 5749.87451171875, 4775.4853515625, 4791.51123046875, 9885.3427734375, 5350.52392578125, 2618.977294921875, 3284.235107421875, 4429.71484375, 14152.392578125, 7115.20263671875, 6594.18994140625, 11013.8876953125, 6588.03759765625, 3833.587890625, 3926.76611328125, 12491.2802734375, 7622.65966796875, 7428.6015625, 3781.827392578125, 9599.603515625, 4587.294921875, 6306.298828125, 6311.71484375, 7437.83935546875, 7515.47119140625, 2338.125, 11187.794921875, 3005.77392578125, 13035.8388671875, 3306.1083984375, 3340.748291015625, 9078.65625, 6727.70751953125, 4867.703125, 3793.93017578125, 7157.2841796875, 3009.99072265625, 5659.9091796875, 4267.51953125, 7086.18994140625, 4015.4453125, 5311.4755859375, 10375.58984375, 3717.615478515625, 9449.4189453125, 6415.384765625, 10117.4013671875, 5004.234375, 4936.79296875, 7506.7138671875, 2675.32958984375, 8813.501953125, 10036.259765625, 5033.76123046875, 7373.29638671875, 5536.63916015625, 7304.9208984375, 2843.10546875, 11717.1142578125, 3416.9873046875, 10233.23828125, 5644.90283203125, 4399.11474609375, 2022.4810791015625, 6022.6083984375, 3585.041015625, 9464.294921875, 6151.22021484375, 5560.650390625, 7684.74658203125, 6789.4501953125, 3032.4716796875, 3314.14111328125, 1642.3076171875, 6172.873046875, 6799.8251953125, 6768.53515625, 3955.152099609375, 2679.312744140625, 6774.57470703125, 11561.7470703125, 7268.6572265625, 8085.8251953125, 6774.126953125, 6097.5791015625, 3245.00537109375, 10219.1865234375, 5760.111328125, 5846.8203125, 7182.24169921875, 13097.7294921875, 5270.41455078125, 5048.44140625, 11278.947265625, 10395.6298828125, 10008.7802734375, 5615.40234375, 10922.0029296875, 12496.4990234375, 7326.8017578125, 3355.83984375, 7346.57958984375, 8118.7353515625, 9317.658203125, 9211.6025390625, 3463.10791015625, 13484.552734375, 17578.671875, 3966.68408203125, 9540.357421875, 9890.2939453125, 6441.21630859375, 8214.0888671875, 8753.8125, 3645.365478515625, 7652.68798828125, 6697.484375, 5770.4697265625, 10395.1220703125, 5516.9853515625, 4638.2431640625, 6948.4970703125, 4428.33447265625, 3865.14208984375, 4716.904296875, 4951.263671875, 5493.39208984375, 8268.1640625, 6071.25537109375, 3234.98388671875, 12217.6689453125, 2568.446044921875, 5539.103515625, 10001.55078125, 5474.88037109375, 2620.49169921875, 5926.548828125, 6722.7041015625, 7548.9326171875, 4549.56640625, 4495.26953125, 13936.98828125, 7586.9794921875, 1400.22021484375, 6855.86669921875, 5457.19677734375, 5499.4931640625, 5473.95947265625, 5383.0458984375, 15909.6630859375, 2356.183837890625, 4489.12646484375, 4127.16015625, 6057.0439453125, 2753.606689453125, 9388.2255859375, 1817.6688232421875, 8832.4052734375, 4250.0654296875, 3987.117919921875, 8541.0634765625, 3239.10205078125, 5326.83740234375, 4479.59326171875, 9897.9462890625, 2438.02734375, 8398.0576171875, 5799.5732421875, 4109.5302734375, 3951.15576171875, 3692.805908203125, 3135.38134765625, 3619.6357421875, 4220.6259765625, 3491.05859375, 11130.134765625, 9398.669921875, 5535.162109375, 4803.111328125, 8682.9365234375, 5331.3388671875, 2368.272216796875, 5729.40966796875, 13327.84375, 4600.05615234375, 12047.728515625, 5563.8955078125, 8143.6298828125, 19029.833984375, 3540.61474609375, 6537.60693359375, 12256.4990234375, 5554.44580078125, 7636.7158203125, 3164.670166015625, 7916.05419921875, 9001.451171875, 6166.90283203125, 7476.58740234375, 6375.2861328125, 10625.5654296875, 8678.5498046875, 5189.3857421875, 10863.3779296875, 11428.9912109375, 11076.3388671875, 1908.3876953125, 5413.1259765625, 5403.6279296875, 6034.2490234375, 7590.353515625, 5070.7373046875, 4234.7294921875, 10575.662109375, 2759.957275390625, 2495.814453125, 2093.500732421875, 9910.1669921875, 5207.54150390625, 5507.09228515625, 10681.76171875, 3468.629638671875, 7800.09033203125, 5552.5390625, 3958.37158203125, 3541.021240234375, 3550.68359375, 11687.6240234375, 3212.080322265625, 1243.7989501953125, 6024.38623046875, 7111.044921875, 5436.91455078125, 8044.57666015625, 7370.77392578125, 3794.302978515625, 10417.681640625, 7493.95361328125, 9656.8349609375, 5334.5927734375, 2665.43994140625, 5797.3583984375, 4547.06640625, 2325.79736328125, 8231.0380859375, 5215.11572265625, 3235.46240234375, 8017.8212890625, 4884.59375, 2448.93701171875, 3456.56103515625, 7530.0009765625, 3383.140625, 3547.156005859375, 4990.244140625, 6088.03564453125, 4551.6201171875, 3231.7734375, 5197.03515625, 11045.732421875, 2993.98974609375, 4057.94189453125, 3541.41650390625, 7715.31005859375, 5867.3828125, 6133.46435546875, 4063.916015625, 7966.04541015625, 6983.6435546875, 6233.31787109375, 3087.86474609375, 4566.07421875, 4213.45751953125, 4262.4619140625, 6491.89404296875, 5749.52734375, 11512.69140625, 3411.4228515625, 4907.9736328125, 11556.3056640625, 