{"nhidden": 128, "rnn_nhidden": 32, "obs_dim": 1, "latent_dim": 2, "lr": 0.005, "n_batch": 16, "beta": 4, "total_epochs_train": 50, "epochs_per_train": 5, "epochs": 50, "loss": [280267.875, 151596.40625, 188990.390625, 130574.109375, 210369.21875, 106274.890625, 165923.21875, 109813.5859375, 150296.4375, 143184.25, 109759.46875, 127774.671875, 124877.65625, 129956.65625, 108950.5, 191242.84375, 185526.140625, 192163.6875, 149190.640625, 145880.03125, 101912.78125, 189577.96875, 115185.8125, 109502.484375, 108236.59375, 113652.0390625, 149237.546875, 132606.546875, 103100.8984375, 104523.75, 147562.796875, 161003.125, 144507.84375, 127249.734375, 127614.4375, 98889.6328125, 125628.09375, 113589.8671875, 146458.25, 146821.609375, 149118.921875, 131428.203125, 118465.5625, 83235.3671875, 106845.3125, 130770.8515625, 110306.65625, 130661.0, 105020.78125, 139614.40625, 128409.1015625, 122512.8203125, 149962.453125, 87152.390625, 108658.0546875, 106041.3359375, 170921.71875, 113710.15625, 99534.8046875, 98499.8671875, 106382.984375, 144797.015625, 111350.1015625, 126677.265625, 100508.578125, 96774.625, 88462.53125, 83216.234375, 143328.21875, 77550.7421875, 127401.75, 112553.296875, 96853.0625, 145090.859375, 73093.8359375, 114207.140625, 153391.515625, 114406.90625, 68565.15625, 102649.4921875, 120793.8046875, 72761.1640625, 102612.8515625, 107446.53125, 108352.453125, 119533.1171875, 95924.046875, 95588.2421875, 56942.4453125, 127372.1953125, 109320.46875, 67739.1640625, 84123.78125, 103651.6328125, 80645.4375, 126863.4921875, 97497.03125, 103218.84375, 73941.671875, 82509.6796875, 61861.6796875, 56254.3671875, 73409.4609375, 102504.921875, 108517.203125, 82277.546875, 74988.5859375, 87165.3125, 95057.84375, 83786.609375, 57000.59375, 111280.234375, 82720.375, 43790.83203125, 75155.09375, 79746.828125, 60715.5546875, 67871.078125, 78937.296875, 111231.2734375, 63214.14453125, 82951.8515625, 61691.76171875, 56153.93359375, 93167.546875, 76997.328125, 63743.67578125, 37929.31640625, 40879.56640625, 60853.09765625, 55259.0078125, 75347.7890625, 76389.4375, 58576.56640625, 107139.8359375, 63928.43359375, 40487.1171875, 59128.9609375, 57536.51953125, 57203.33203125, 56282.09375, 57029.0859375, 43755.66796875, 105040.234375, 39450.65234375, 79067.3515625, 37113.6796875, 106530.15625, 42916.60546875, 76997.890625, 139243.78125, 109121.34375, 51572.3125, 148504.875, 126653.984375, 102797.203125, 92850.46875, 90291.71875, 77069.5625, 65544.5703125, 59559.64453125, 77479.484375, 29611.18359375, 70937.828125, 95924.828125, 103673.828125, 61619.9609375, 33690.69921875, 85257.484375, 49294.86328125, 114839.90625, 76658.3671875, 69168.9375, 96148.4375, 42116.43359375, 43211.0703125, 58930.109375, 75713.7421875, 41477.5234375, 82061.9375, 51068.62890625, 70941.140625, 28964.41796875, 85269.21875, 41754.4609375, 106667.5078125, 46595.5390625, 38268.609375, 82041.5703125, 65864.90625, 55819.7421875, 62561.625, 66133.4296875, 54605.5625, 51170.59765625, 48982.3203125, 52904.34765625, 69206.6171875, 44998.9609375, 63426.171875, 47953.9765625, 55838.2265625, 37558.8203125, 74217.3828125, 65983.828125, 39073.1328125, 60132.18359375, 51034.66015625, 91974.8671875, 32834.6171875, 55130.1875, 59393.44140625, 30294.240234375, 44336.6171875, 49464.08203125, 64062.765625, 75102.90625, 30914.619140625, 41443.69921875, 75169.890625, 50964.046875, 44670.42578125, 43420.8125, 70287.9375, 40331.6796875, 25499.095703125, 40726.859375, 45198.9609375, 49509.5859375, 66911.0546875, 50627.3203125, 63490.984375, 43633.515625, 86044.0625, 51711.23046875, 42273.265625, 51073.890625, 43402.265625, 45334.75390625, 95541.4765625, 46786.23046875, 90889.78125, 60676.1015625, 43954.1953125, 48510.16796875, 51465.78515625, 73831.328125, 49574.1640625, 37367.6953125, 57552.203125, 60763.54296875, 48527.63671875, 31313.3046875, 45557.8125, 48893.12890625, 37564.7890625, 47088.36328125, 110026.4296875, 28023.4375, 50691.8671875, 64487.12109375, 45346.2421875, 53644.73046875, 41251.98828125, 85218.15625, 44947.0625, 29758.7890625, 49900.5859375, 48247.66015625, 58043.09375, 29878.470703125, 57515.625, 48166.9921875, 52058.9453125, 54213.04296875, 87924.6484375, 42181.96875, 30985.544921875, 50504.05859375, 37293.21875, 63474.4140625, 84932.5390625, 29382.9375, 47623.3046875, 44679.28125, 48220.51953125, 51866.9375, 51744.69921875, 53169.0078125, 48555.30859375, 31739.248046875, 98387.6796875, 31925.80078125, 27722.5390625, 46635.2421875, 53820.39453125, 66467.2578125, 50746.28125, 40322.75390625, 53137.8203125, 74553.71875, 37709.61328125, 40141.33984375, 35754.6171875, 70252.2890625, 53857.66796875, 27004.560546875, 75503.5546875, 50963.55078125, 60831.9140625, 53272.6640625, 66306.8828125, 61987.78515625, 42772.13671875, 47519.39453125, 67434.734375, 34216.96484375, 35291.89453125, 41031.1328125, 20664.92578125, 124798.609375, 40132.421875, 46307.734375, 54101.5859375, 69230.0703125, 91615.78125, 35956.28515625, 72194.34375, 33257.30859375, 31667.86328125, 28307.318359375, 45417.3203125, 38540.28515625, 47153.109375, 48312.875, 78578.5234375, 56935.71875, 62207.65625, 46630.46875, 37828.23046875, 44941.8046875, 46422.69140625, 38248.8359375, 43614.55859375, 51169.91796875, 60650.08203125, 60097.42578125, 55914.1328125, 38592.4296875, 30490.482421875, 45375.9609375, 55523.109375, 40613.515625, 45587.1796875, 62014.5234375, 64277.12109375, 28096.501953125, 75422.8671875, 58241.5078125, 40973.81640625, 106009.140625, 50473.96484375, 38475.92578125, 35902.2734375, 54432.11328125, 46576.390625, 66620.671875, 30631.380859375, 33306.37109375, 36612.546875, 103432.8359375, 101919.71875, 41095.28515625, 44616.23046875, 44632.05859375, 40097.3515625, 37849.08984375, 51560.09375, 52728.1015625, 45895.1484375, 63701.78125, 63907.3984375, 43896.0390625, 25778.015625, 58599.1953125, 50923.859375, 71455.203125, 70104.546875, 60184.9453125, 39977.3359375, 38201.578125, 46518.84375, 51634.796875, 34406.26953125, 70224.421875, 51357.1875, 43567.59375, 44355.734375, 63495.9140625, 61202.90625, 56968.5859375, 46303.765625, 56849.1640625, 29181.15234375, 33910.3125, 41146.5625, 23260.560546875, 40244.73828125, 36935.12890625, 46617.015625, 52419.67578125, 74527.9375, 40212.91015625, 83259.7578125, 41749.1328125, 61005.27734375, 47821.95703125, 48608.07421875, 68688.578125, 55277.375, 38305.53515625, 41141.24609375, 30552.5625, 64708.6875, 35317.70703125, 52956.08203125, 55090.61328125, 63233.8046875, 90532.9765625, 31563.03125, 54779.3671875, 27259.244140625, 52909.51171875, 55671.609375, 56410.60546875, 34228.4765625, 41997.8203125, 48561.8359375, 81783.1953125, 40045.3671875, 48683.3828125, 55124.93359375, 32022.51171875, 53473.6640625, 52836.28125, 56657.94921875, 39808.25, 39557.484375, 86069.9453125, 25452.716796875], "name": "default", "desc": "lr_0.005_nb_16_ld_2_b_4", "folder": "./saves/grid_seach/search1/lr_0.005_nb_16_ld_2_b_4_default_20240213-231802"}