{"nhidden": 128, "rnn_nhidden": 32, "obs_dim": 1, "latent_dim": 2, "lr": 0.01, "n_batch": 16, "beta": 4, "total_epochs_train": 10, "epochs_per_train": 2, "epochs": 10, "loss": [112017.609375, 148554.140625, 123801.46875, 87016.9921875, 73514.6640625, 59889.46484375, 99355.78125, 54237.8828125, 38724.515625, 43488.36328125, 34583.18359375, 35015.38671875, 56559.56640625, 53527.5, 66625.8046875, 36214.09375, 26588.857421875, 14840.5205078125, 112016.359375, 148553.3125, 123798.5234375, 87009.6796875, 73500.546875, 59869.41015625, 99327.359375, 54201.17578125, 38687.24609375, 43440.5078125, 34534.953125, 34961.10546875, 56495.4921875, 53457.1796875, 66567.296875, 36131.69140625, 26518.244140625, 14778.2880859375, 0.313875675201416, 0.2053980827331543, 0.7338130474090576, 1.8280670642852783, 3.528639078140259, 5.013162612915039, 7.106575965881348, 9.177732467651367, 9.317671775817871, 11.96381664276123, 12.057487487792969, 13.570626258850098, 16.018409729003906, 17.580480575561523, 14.626968383789062, 20.600252151489258, 17.653650283813477, 15.557740211486816, 17154.1640625, 38941.5078125, 22669.29296875, 7859.78515625, 36585.86328125, 35687.3671875, 23024.38671875, 19479.578125, 33727.20703125, 12697.400390625, 13687.146484375, 6175.9091796875, 12744.78125, 23210.037109375, 18393.470703125, 19973.1171875, 19520.109375, 31121.76171875, 17101.642578125, 38867.9453125, 22597.470703125, 7795.31591796875, 36481.14453125, 35570.078125, 22925.4296875, 19355.130859375, 33605.0859375, 12613.20703125, 13607.033203125, 6097.35009765625, 12677.4375, 23138.853515625, 18329.140625, 19893.65625, 19430.115234375, 31018.9453125, 13.129926681518555, 18.389734268188477, 17.955984115600586, 16.11712074279785, 26.178369522094727, 29.322132110595703, 24.738847732543945, 31.11180877685547, 30.52988624572754, 21.048131942749023, 20.02810287475586, 19.639842987060547, 16.835906982421875, 17.796157836914062, 16.082324981689453, 19.86532974243164, 22.498687744140625, 25.70457649230957, 15597.6884765625, 4603.2177734375, 23834.427734375, 21249.841796875, 9564.4521484375, 7946.81396484375, 14387.0927734375, 14881.318359375, 9229.791015625, 14156.646484375, 5860.3681640625, 6400.263671875, 31968.478515625, 5125.8896484375, 7211.875, 8421.4794921875, 3192.3291015625, 15515.7001953125, 15529.921875, 4532.025390625, 23777.609375, 21188.29296875, 9511.134765625, 7885.32275390625, 14316.2705078125, 14813.083984375, 9155.619140625, 14076.1640625, 5805.14404296875, 6346.5703125, 31894.390625, 5083.76416015625, 7137.0029296875, 8349.7255859375, 3150.82275390625, 15433.755859375, 16.94222640991211, 17.798036575317383, 14.205353736877441, 15.386957168579102, 13.329554557800293, 15.372749328613281, 17.705760955810547, 17.058773040771484, 18.542970657348633, 20.120397567749023, 13.805998802185059, 13.423148155212402, 18.52200698852539, 10.531325340270996, 18.71811294555664, 17.93838882446289, 10.37662410736084, 20.485633850097656, 9274.0849609375, 8416.0791015625, 10570.8583984375, 6450.66650390625, 6913.17578125, 10974.697265625, 6374.30908203125, 8981.2529296875, 4716.3134765625, 10517.58203125, 3212.73193359375, 4241.134765625, 1597.7396240234375, 11437.8310546875, 5441.9248046875, 14078.0400390625, 10251.251953125, 8294.24609375, 9205.63671875, 8358.57421875, 10509.162109375, 6381.97802734375, 6853.091796875, 10889.9228515625, 6314.01708984375, 8905.2119140625, 4663.29443359375, 10447.869140625, 3149.339111328125, 4192.76171875, 1560.305908203125, 11370.2529296875, 5391.736328125, 13991.779296875, 10185.078125, 8241.5732421875, 17.112409591674805, 14.376121520996094, 15.424180030822754, 17.17213249206543, 15.020936965942383, 21.193824768066406, 15.073016166687012, 19.01056671142578, 13.25471305847168, 17.427974700927734, 15.848231315612793, 12.09316635131836, 9.35848617553711, 16.89470100402832, 12.547096252441406, 21.56525230407715, 16.543699264526367, 13.168292999267578, 5087.68798828125, 10522.90234375, 12486.9638671875, 6843.1142578125, 6979.431640625, 10427.0458984375, 5734.2509765625, 6436.20263671875, 16429.34375, 16205.8837890625, 6375.4111328125, 3582.63720703125, 7185.1689453125, 3331.8447265625, 8311.83984375, 11982.451171875, 6345.23095703125, 5742.9912109375, 5043.611328125, 10467.0537109375, 12423.28125, 6771.9697265625, 6906.986328125, 10357.7216796875, 5664.4345703125, 6374.595703125, 16368.8857421875, 16144.154296875, 6312.40234375, 3526.7177734375, 7126.16845703125, 3263.395751953125, 8221.3623046875, 11910.53125, 6279.9921875, 5684.62451171875, 11.019183158874512, 13.962061882019043, 15.920991897583008, 17.78603172302246, 18.111112594604492, 17.331092834472656, 17.45400619506836, 15.401688575744629, 15.114462852478027, 15.432257652282715, 15.75210952758789, 13.979917526245117, 14.750259399414062, 17.112319946289062, 22.619346618652344, 17.98006820678711, 16.309587478637695, 14.591611862182617],