{"nhidden": 128, "rnn_nhidden": 32, "obs_dim": 1, "latent_dim": 16, "lr": 0.01, "n_batch": 16, "beta": 1.0, "total_epochs_train": 1000, "epochs_per_train": 50, "epochs": 50, "loss": [190868.875, 58720.4921875, 68675.171875, 104990.1484375, 105935.71875, 75514.8671875, 62688.71875, 62043.98046875, 29724.220703125, 20429.771484375, 38061.57421875, 20483.4375, 29984.58984375, 17152.63671875, 7564.423828125, 26247.017578125, 6152.1708984375, 18237.392578125, 12577.5390625, 9116.3115234375, 12318.423828125, 4676.322265625, 19475.30859375, 11612.298828125, 46047.53125, 15541.2060546875, 9539.5751953125, 26512.279296875, 13476.8447265625, 18550.494140625, 9728.732421875, 10880.8701171875, 5149.994140625, 16441.2265625, 4115.5859375, 13924.1796875, 9526.7998046875, 13814.6435546875, 4949.912109375, 14243.111328125, 10550.6611328125, 7600.24169921875, 21038.9296875, 2884.309326171875, 3500.17919921875, 2744.175537109375, 10043.1484375, 5410.66015625, 11075.7626953125, 6202.1240234375, 9042.265625, 11674.80078125, 7967.701171875, 6063.3525390625, 8360.20703125, 16817.12890625, 9757.8134765625, 12933.765625, 21854.2734375, 6759.2607421875, 13865.7509765625, 30663.654296875, 13044.533203125, 9684.4990234375, 8883.5888671875, 16616.421875, 9989.341796875, 9907.73828125, 5130.78515625, 24363.57421875, 7698.02880859375, 21999.60546875, 15368.0283203125, 5665.8701171875, 6055.3271484375, 6978.2490234375, 10459.111328125, 6898.47802734375, 6395.75537109375, 3317.0458984375, 7624.16259765625, 5544.578125, 11622.2353515625, 1713.652099609375, 5974.3876953125, 2550.208984375, 4096.67724609375, 9525.130859375, 5951.26904296875, 9181.3818359375, 7866.845703125, 5361.34423828125, 7580.7490234375, 18165.66015625, 12066.6171875, 22603.43359375, 18435.78515625, 14311.642578125, 12310.58984375, 7763.833984375, 8161.27294921875, 9116.603515625, 10613.6455078125, 6484.08154296875, 11172.8779296875, 10219.4658203125, 5872.42041015625, 10069.0537109375, 8165.5458984375, 2051.98193359375, 6584.9287109375, 3945.9736328125, 7308.50732421875, 8548.0, 11251.251953125, 5205.7001953125, 4820.77392578125, 6530.279296875, 7165.2353515625, 3027.3251953125, 3977.163330078125, 15111.7724609375, 9218.732421875, 3806.28466796875, 13163.0166015625, 5903.7626953125, 6473.49658203125, 7182.828125, 17025.52734375, 4009.48388671875, 8001.67138671875, 10053.9052734375, 6665.87744140625, 9202.7041015625, 8200.201171875, 12729.25, 2176.122802734375, 10062.0654296875, 9964.759765625, 10460.728515625, 7869.25048828125, 4498.080078125, 9845.677734375, 3725.781982421875, 8791.2734375, 6730.666015625, 9401.6064453125, 8932.060546875, 7511.43115234375, 6941.52587890625, 4391.0087890625, 9813.185546875, 7676.681640625, 5246.51318359375, 8049.958984375, 13823.8701171875, 4843.64013671875, 3818.57666015625, 3949.6875, 10126.328125, 11180.79296875, 7717.66796875, 9373.4072265625, 13534.51953125, 3205.931884765625, 9270.5078125, 13363.904296875, 33602.3046875, 4586.5322265625, 11276.2138671875, 17481.888671875, 8201.3935546875, 6481.783203125, 2416.642822265625, 12044.84765625, 13251.4638671875, 6902.79345703125, 3261.609375, 6978.5625, 7367.88134765625, 6668.9326171875, 6503.91455078125, 3689.5458984375, 11761.76953125, 5179.47509765625, 8859.44140625, 5805.208984375, 8578.015625, 6668.25439453125, 7241.6630859375, 6249.64013671875, 8842.2470703125, 4175.8955078125, 7249.47412109375, 1879.1195068359375, 4507.7333984375, 6582.32421875, 5229.1171875, 2975.28564453125, 5510.78076171875, 2481.744873046875, 5709.8291015625, 7644.56494140625, 9419.599609375, 15945.2412109375, 8195.154296875, 16556.123046875, 24979.7734375, 17821.125, 6953.8515625, 11943.1865234375, 14455.9990234375, 9959.39453125, 4108.0146484375, 5787.85009765625, 14017.98828125, 5761.85791015625, 9539.2470703125, 9107.630859375, 10267.6650390625, 8057.15625, 10124.466796875, 13360.9453125, 4427.353515625, 9343.19921875, 10649.9580078125, 13374.740234375, 2977.3935546875, 3851.27685546875, 5984.1181640625, 5493.001953125, 19230.78125, 10454.6181640625, 8178.69873046875, 2143.701904296875, 6440.79052734375, 10787.7958984375, 9907.7763671875, 6640.73681640625, 9357.7548828125, 10193.990234375, 8956.6220703125, 4970.71337890625, 10003.13671875, 6358.89697265625, 16265.8310546875, 7752.9814453125, 4107.11962890625, 5214.728515625, 6870.75390625, 6297.12939453125, 6626.248046875, 10177.841796875, 10301.3115234375, 8025.7939453125, 2118.266357421875, 21377.5703125, 6208.25634765625, 9757.205078125, 12680.10546875, 8820.4765625, 9440.9931640625, 11516.19921875, 13023.0302734375, 7600.76171875, 1697.036376953125, 5829.6376953125, 13344.49609375, 3586.717041015625, 643.1356811523438, 4270.169921875, 5794.3505859375, 3268.64404296875, 6633.685546875, 8282.083984375, 10894.8701171875, 5717.8125, 5977.083984375, 4102.9521484375, 7748.732421875, 2360.688232421875, 2798.87890625, 6178.29443359375, 17142.05078125, 8566.17578125, 6157.2421875, 16023.830078125, 12009.001953125, 6927.62841796875, 2866.22705078125, 6527.95166015625, 10133.921875, 10983.0224609375, 3151.381103515625, 8144.986328125, 7468.3505859375, 11249.8017578125, 6302.06982421875, 10151.34765625, 3988.68310546875, 2472.416015625, 10628.86328125, 16530.38671875, 10497.8779296875, 2976.255126953125, 8185.66796875, 3672.8740234375, 3266.35498046875, 9216.9794921875, 3283.8515625, 7406.0185546875, 18962.314453125, 2813.184814453125, 5574.8828125, 8492.5107421875, 4709.08203125, 4268.64453125, 3050.8671875, 8999.4384765625, 2992.929443359375, 10882.4619140625, 11691.31640625, 2086.04345703125, 11596.5810546875, 4956.16015625, 3894.6025390625, 1785.307861328125, 8426.623046875, 12829.453125, 7435.3046875, 3421.856201171875, 6985.068359375, 3494.47216796875, 4755.78759765625, 1904.07568359375, 7609.0166015625, 5551.861328125, 1515.5059814453125, 4214.3583984375, 8186.544921875, 10182.15625, 9039.1767578125, 11264.2998046875, 2708.38720703125, 6685.78125, 5897.2958984375, 4984.873046875, 5498.48828125, 5605.70166015625, 3983.827392578125, 4716.27880859375, 6917.1640625, 11816.1923828125, 4018.524169921875, 4353.80126953125, 7123.60400390625, 7425.97216796875, 7598.384765625, 2439.0556640625, 5617.30078125, 5502.99658203125, 11614.8828125, 5340.447265625, 2272.7734375, 5227.1435546875, 7627.57763671875, 9586.24609375, 9547.86328125, 2425.399169921875, 3377.802490234375, 5062.7978515625, 8533.3095703125, 5310.6318359375, 4816.92236328125, 5160.62939453125, 10860.380859375, 2201.198486328125, 3910.576171875, 4901.9130859375, 5797.84716796875, 3095.330810546875, 5702.85400390625, 7258.08935546875, 4009.29150390625, 6558.1259765625, 4336.1484375, 6628.69677734375, 2197.714599609375, 3807.18701171875, 5962.1875, 7898.3935546875, 6157.93017578125, 7527.1875, 2307.90869140625, 6507.83544921875, 3728.45849609375, 4084.289794921875, 3270.1953125, 6211.5390625, 6894.9462890625, 4955.92919921875, 3949.52392578125, 4460.73583984375, 10772.69140625, 1526.13525390625, 16320.2353515625, 5074.84326171875, 4603.50146484375, 6546.94287109375, 10500.53125, 3863.001708984375, 5193.03759765625, 5437.41943359375, 6313.2099609375, 7911.7236328125, 17318.376953125, 2486.84375, 3750.303466796875, 5429.4501953125, 6507.42724609375, 4688.384765625, 1949.2568359375, 9579.21484375, 2683.0576171875, 5796.3056640625, 4134.76123046875, 5942.669921875, 3627.281982421875, 1497.66796875, 10069.599609375, 9087.95703125, 7423.37158203125, 6515.10791015625, 7387.55859375, 5884.82275390625, 3267.10009765625, 9598.9384765625, 3743.185791015625, 7185.96630859375, 5834.30126953125, 3727.11767578125, 4884.263671875, 4277.0712890625, 5617.373046875, 3981.04638671875, 7415.8046875, 2147.310302734375, 3641.73486328125, 4917.021484375, 6074.84912109375], "name": "default", "desc": "default run", "folder": "./saves/dynamic_run_default_20240303-192004"}