{"nhidden": 128, "rnn_nhidden": 32, "obs_dim": 1, "latent_dim": 1, "lr": 0.01, "n_batch": 16, "beta": 0.001, "total_epochs_train": 50, "epochs_per_train": 5, "epochs": 50, "loss": [167094.765625, 1218449.625, 131019.484375, 137808.03125, 184484.9375, 130191.53125, 209563.625, 200177.296875, 156565.03125, 158989.15625, 197274.546875, 174640.71875, 161567.046875, 118170.2578125, 219412.546875, 149206.15625, 145997.828125, 140833.984375, 122839.4375, 178115.25, 124587.9296875, 195813.4375, 191453.515625, 146650.25, 139668.1875, 171301.671875, 148289.375, 168677.734375, 195682.1875, 204203.59375, 126249.5234375, 180396.234375, 96944.4921875, 153645.359375, 141622.734375, 131518.8125, 170741.4375, 113560.546875, 147628.140625, 152805.671875, 181046.15625, 164856.296875, 142593.796875, 135396.21875, 186323.65625, 114209.8984375, 216973.796875, 113752.0703125, 154453.5625, 127653.0625, 185343.4375, 169383.828125, 174650.171875, 131644.875, 160498.578125, 172251.21875, 165260.859375, 113484.7265625, 169077.984375, 160888.375, 103685.7734375, 116869.453125, 187592.03125, 128907.59375, 204030.09375, 140625.78125, 155420.0, 188272.75, 142122.75, 94137.25, 152479.84375, 170001.015625, 101721.359375, 201399.03125, 124834.9375, 154035.234375, 171368.875, 136261.203125, 158239.0625, 173782.8125, 162705.9375, 117406.03125, 199286.0625, 137300.265625, 103373.8828125, 175779.9375, 207374.453125, 134912.4375, 160225.828125, 127820.1875, 138221.453125, 105436.8125, 170287.0, 186359.59375, 152664.546875, 184290.609375, 110866.1015625, 120850.5625, 173301.359375, 156907.5, 140577.140625, 159386.671875, 155642.53125, 98987.8984375, 199699.859375, 138611.59375, 120373.65625, 186492.953125, 126138.3671875, 166802.3125, 153479.75, 212376.265625, 128194.9375, 132389.65625, 157244.59375, 131328.484375, 138252.3125, 203647.015625, 124896.59375, 112950.1796875, 149082.796875, 150974.203125, 158100.671875, 112190.90625, 171685.40625, 138498.34375, 165023.609375, 165028.421875, 216069.703125, 118745.1328125, 126409.484375, 98973.359375, 177689.875, 130263.15625, 118203.6796875, 124375.109375, 162126.75, 144563.09375, 153302.6875, 128377.9296875, 163012.140625, 122129.1328125, 135926.03125, 164225.625, 147530.140625, 181769.015625, 105270.75, 152704.71875, 143674.703125, 201584.9375, 119762.6171875, 152457.875, 129197.4921875, 192505.28125, 135837.265625, 127707.5234375, 91210.765625, 146979.796875, 395515.125, 151989.71875, 127241.421875, 163507.0, 131149.140625, 161107.828125, 171283.625, 166543.90625, 130896.4921875, 214777.28125, 137616.53125, 110909.2734375, 137394.34375, 108482.9765625, 115673.3203125, 165036.65625, 203556.125, 141506.859375, 119404.6015625, 129329.3515625, 214494.5625, 196457.328125, 171116.21875, 151452.03125, 146684.015625, 151982.484375, 213114.375, 150297.125, 170636.015625, 110622.0546875, 134591.46875, 204337.5625, 132256.328125, 130537.0078125, 116888.0625, 193969.953125, 214743.015625, 144694.15625, 156017.0, 122193.140625, 204971.375, 194976.6875, 158821.15625, 160434.515625, 106098.234375, 112618.203125, 138734.359375, 153371.171875, 160064.578125, 213982.578125, 137027.84375, 124036.6171875, 174424.96875, 129252.6328125, 152865.09375, 133579.328125, 175505.34375, 138092.09375, 165150.25, 139535.5, 157178.234375, 172696.40625, 142955.84375, 150094.125, 136207.34375, 136935.578125, 195883.21875, 169816.1875, 128369.6953125, 146086.203125, 170828.0625, 108582.5703125, 138204.875, 142188.703125, 210810.84375, 130832.171875, 142353.640625, 168403.1875, 212200.578125, 109904.859375, 137151.640625, 126372.0078125, 167997.171875, 137022.515625, 149288.546875, 174284.671875, 191268.765625, 184978.046875, 157787.203125, 130746.265625, 109945.8671875, 118352.53125, 174972.578125, 97746.828125, 137792.0625, 121137.859375, 195513.0625, 163608.65625, 96250.96875, 173810.0625, 166560.046875, 148100.765625, 182156.875, 146306.890625, 112462.859375, 207119.609375, 136577.15625, 120360.046875, 147818.890625, 160986.25, 168803.171875, 162200.09375, 131059.8046875, 181842.78125, 168979.015625, 137853.125, 121737.3359375, 104918.078125, 182671.28125, 177662.28125, 150742.125, 136104.265625, 192897.65625, 149864.453125, 166522.484375, 163551.5625, 172229.203125, 104732.015625, 145080.71875, 126296.5078125, 108558.4375, 142734.671875, 199007.390625, 150159.359375, 169343.8125, 136105.5625, 120986.71875, 180067.453125, 194464.25, 138591.328125, 133035.25, 160808.0625, 146720.171875, 119306.0703125, 185695.546875, 181414.96875, 165876.265625, 145528.46875, 166247.671875, 133806.8125, 116082.390625, 140875.859375, 123440.6953125, 151285.625, 211464.953125, 175994.015625, 162322.0625, 192717.75, 101233.0078125, 173423.5, 175288.578125, 158090.078125, 138690.53125, 169660.78125, 109166.7890625, 147330.828125, 108496.0625, 125157.109375, 180087.40625, 136189.921875, 228355.484375, 98330.125, 156747.71875, 140375.609375, 183353.46875, 119425.171875, 153802.15625, 134744.734375, 159303.34375, 174404.171875, 161538.453125, 150628.484375, 121446.671875, 155361.03125, 115819.4609375, 133527.171875, 158025.53125, 171385.640625, 136876.71875, 153009.21875, 174064.9375, 180565.765625, 93227.171875, 121624.359375, 140205.21875, 136702.859375, 102011.078125, 185250.0625, 160258.796875, 115431.4921875, 196592.65625, 141786.6875, 180050.15625, 153750.59375, 115351.0546875, 153991.921875, 168341.109375, 141902.546875, 152508.75, 125134.125, 161582.71875, 145724.46875, 138516.5625, 124041.1171875, 120077.6953125, 151228.359375, 162806.6875, 191061.578125, 167732.859375, 174344.796875, 96364.015625, 188968.9375, 158116.328125, 121748.4765625, 247458.15625, 113522.2265625, 194465.9375, 100215.484375, 105489.6796875, 111570.859375, 152521.9375, 158781.59375, 121436.453125, 121739.375, 192818.34375, 194729.796875, 126987.59375, 153726.109375, 150245.359375, 133099.171875, 117598.09375, 151183.578125, 123219.0859375, 157348.859375, 165901.25, 179623.875, 125388.4375, 141202.421875, 169857.8125, 157373.3125, 161565.078125, 128210.125, 120058.34375, 197359.359375, 127031.7109375, 92709.4609375, 109921.1640625, 113725.9296875, 192807.6875, 129527.0, 140707.46875, 89357.78125, 164158.65625, 144823.34375, 211468.90625, 119398.78125, 138977.484375, 135139.796875, 89458.0859375, 281992.25, 125422.5859375, 140017.765625, 130057.0546875, 144721.828125, 117815.5234375, 179397.96875, 118036.0078125, 129699.453125, 150479.546875, 113046.0625, 137785.265625, 162331.03125, 166666.34375, 167316.0625, 161603.4375, 175889.46875, 119935.65625, 156148.9375, 126683.1875, 107125.328125, 133415.671875, 145008.765625], "name": "default", "desc": "lr_0.01_nb_16_ld_1_b_0.001", "folder": "./saves/grid_seach/search1/lr_0.01_nb_16_ld_1_b_0.001_default_20240213-220658"}