{"nhidden": 128, "rnn_nhidden": 32, "obs_dim": 1, "latent_dim": 16, "lr": 0.005, "n_batch": 16, "beta": 1, "total_epochs_train": 50, "epochs_per_train": 5, "epochs": 50, "loss": [158815.625, 192683.421875, 115115.7421875, 251175.734375, 189760.890625, 130515.6328125, 133728.890625, 187317.953125, 142044.765625, 103982.6953125, 164316.984375, 123528.40625, 175934.921875, 159344.875, 202144.875, 128750.8125, 187478.03125, 166869.90625, 198921.71875, 150647.375, 121384.6875, 101025.328125, 167430.390625, 158712.359375, 140186.890625, 171353.34375, 145727.390625, 149598.21875, 133594.796875, 137420.53125, 120855.8046875, 112322.0625, 151859.5625, 104108.359375, 172226.46875, 173363.796875, 111771.109375, 143122.015625, 98987.8359375, 136913.625, 105364.8671875, 105495.6796875, 144618.59375, 165558.703125, 131495.109375, 134581.890625, 95808.9921875, 141635.21875, 88911.75, 134380.625, 100358.3671875, 95452.65625, 107219.0234375, 156693.703125, 101344.9765625, 110590.140625, 109368.953125, 118401.75, 103555.203125, 112792.8125, 81371.7734375, 117440.3515625, 75370.6484375, 68562.875, 72091.3671875, 111192.09375, 118936.78125, 111005.6328125, 103519.890625, 99947.6171875, 103788.7109375, 56761.7578125, 108644.03125, 73531.90625, 94938.5703125, 83527.828125, 76327.125, 88145.0234375, 78524.5234375, 98625.265625, 67540.125, 55504.953125, 52852.77734375, 77271.890625, 81213.296875, 103596.671875, 123380.609375, 82870.796875, 60755.89453125, 87147.734375, 79525.1484375, 118185.8046875, 53861.9453125, 56588.1328125, 65297.98046875, 67575.3046875, 43563.57421875, 79518.0859375, 47509.953125, 57764.26953125, 52101.56640625, 68841.828125, 57544.21875, 90202.328125, 58770.1953125, 80017.2578125, 41475.9375, 88098.1171875, 72484.515625, 59975.90625, 55606.02734375, 63704.28125, 48757.046875, 77565.2109375, 70583.0703125, 34497.44140625, 19432.9296875, 86726.71875, 28600.4609375, 50102.203125, 59531.5, 50015.984375, 95690.1875, 69897.15625, 47362.84375, 47450.06640625, 83236.953125, 49329.10546875, 32054.15625, 54768.86328125, 29389.0859375, 80859.734375, 59807.52734375, 93250.4140625, 65678.2578125, 55120.703125, 53223.84375, 59190.66015625, 49008.7578125, 103811.15625, 70333.4375, 41071.6328125, 41818.85546875, 36457.6484375, 36647.5859375, 79676.125, 51974.0625, 58823.109375, 72818.9140625, 63976.33984375, 45906.390625, 59535.421875, 17517.427734375, 48313.421875, 63577.8671875, 77858.8359375, 29465.646484375, 51077.26953125, 45680.5, 61896.234375, 50809.25, 58272.8046875, 54923.21875, 70870.046875, 36660.43359375, 58624.91796875, 54016.484375, 37349.984375, 50657.171875, 31880.3359375, 43479.5234375, 72386.8046875, 31043.01953125, 45506.45703125, 80668.921875, 44355.73046875, 26764.423828125, 45236.8046875, 70709.671875, 38217.52734375, 88282.859375, 41343.62109375, 45440.515625, 50611.95703125, 53961.203125, 47752.41015625, 55127.04296875, 73027.046875, 39220.83984375, 50913.1875, 114013.625, 19594.591796875, 73472.375, 38762.0625, 50054.796875, 52446.9375, 99282.40625, 63277.4609375, 46581.171875, 34224.2109375, 86448.6875, 55276.3203125, 74531.75, 53365.51171875, 77817.53125, 35773.66796875, 58671.6796875, 39002.08984375, 67503.921875, 26867.546875, 55865.3515625, 27294.439453125, 48527.70703125, 49382.171875, 45750.48828125, 94138.8203125, 69901.71875, 74233.5546875, 63514.41796875, 44768.7890625, 18640.02734375, 54566.8515625, 48835.8984375, 82261.4296875, 37059.90234375, 65667.0546875, 68944.953125, 66333.078125, 56216.5625, 40246.16015625, 47000.609375, 61089.15234375, 44383.921875, 34476.734375, 29108.30859375, 61261.83984375, 48135.62890625, 76291.6640625, 49213.0625, 51031.53125, 31485.359375, 68567.796875, 63753.9453125, 52697.4140625, 47629.14453125, 42219.98046875, 97587.84375, 32418.03125, 43157.0859375, 76781.828125, 30113.05078125, 36606.55859375, 56217.2265625, 61998.109375, 71604.1875, 29787.37890625, 39447.1953125, 52578.90625, 35891.2109375, 72197.28125, 56407.546875, 25345.10546875, 41873.390625, 52995.0859375, 42999.015625, 76815.1640625, 54135.7578125, 81896.296875, 33300.96484375, 41547.90234375, 36991.59765625, 41661.07421875, 58424.36328125, 64820.2734375, 23723.0859375, 65758.8671875, 70430.796875, 32235.916015625, 80964.078125, 43138.16015625, 39877.4609375, 47153.08984375, 47614.19140625, 110744.9375, 41087.01171875, 32955.11328125, 51892.4140625, 72199.7265625, 46375.6171875, 40661.03125, 54384.9453125, 36193.10546875, 86889.7734375, 76473.5859375, 43542.359375, 55102.35546875, 41649.3125, 45682.19921875, 66023.9140625, 61507.58203125, 64934.93359375, 37459.28125, 72084.625, 63370.93359375, 29976.818359375, 21087.505859375, 32570.693359375, 55398.62890625, 63454.84765625, 67700.0, 50106.80078125, 45439.7421875, 36849.421875, 42702.62109375, 59992.3203125, 53637.34375, 40294.75390625, 36178.6015625, 42369.28125, 66942.578125, 70816.9140625, 33463.20703125, 76924.2578125, 48035.046875, 57361.45703125, 33995.01171875, 31520.908203125, 68569.15625, 59833.140625, 63371.05078125, 45232.875, 18025.638671875, 84698.828125, 61651.83203125, 53497.34765625, 53637.23046875, 42228.30859375, 39731.296875, 63853.60546875, 38766.83203125, 54783.30859375, 84640.203125, 54886.99609375, 44161.89453125, 67517.265625, 41103.484375, 49557.078125, 64067.08203125, 64179.8359375, 61786.5859375, 32991.03125, 59338.0625, 53766.53515625, 40601.390625, 44538.12109375, 48517.55078125, 28700.767578125, 67876.125, 62507.203125, 40462.6875, 73674.6796875, 26985.07421875, 41530.9921875, 53840.703125, 68254.90625, 64656.53515625, 49051.70703125, 34263.640625, 49316.28515625, 60667.2890625, 85224.2421875, 36042.5234375, 44000.6640625, 39851.1015625, 44042.1328125, 42835.234375, 62478.69921875, 63320.65625, 54710.72265625, 54551.71875, 65520.0078125, 40003.99609375, 68671.6015625, 45841.09765625, 24552.662109375, 61108.25390625, 62055.015625, 60376.60546875, 84249.5390625, 76210.9921875, 61719.9921875, 30194.17578125, 40094.01171875, 47268.234375, 36130.203125, 44529.5625, 47196.015625, 77613.0546875, 33646.91015625, 53572.3828125, 89288.140625, 51499.6484375, 73941.046875, 29760.939453125, 36240.453125, 72477.2578125, 44177.609375, 55104.65625, 47927.65625, 49703.078125, 70091.140625, 41134.98046875, 24912.22265625, 26794.111328125, 20064.68359375, 36778.33203125, 22190.181640625, 66546.8203125, 27280.38671875, 70369.7578125, 45894.92578125, 102521.0078125, 68105.0234375, 40079.5625, 42580.07421875, 65290.34765625, 40046.078125, 54437.45703125, 48930.74609375, 87750.984375, 53499.296875, 48842.21484375, 42129.8359375, 52062.9453125, 50976.84765625, 30474.158203125, 39726.609375, 30259.501953125, 93900.25, 56420.09765625, 56465.32421875, 89375.5859375, 40546.05078125, 32461.134765625, 59564.81640625, 73007.875, 58330.421875, 40886.3359375, 62153.84765625, 45444.203125], "name": "default", "desc": "lr_0.005_nb_16_ld_16_b_1", "folder": "./saves/grid_seach/search1/lr_0.005_nb_16_ld_16_b_1_default_20240213-234539"}