{"nhidden": 128, "rnn_nhidden": 32, "obs_dim": 1, "latent_dim": 4, "lr": 0.001, "n_batch": 16, "beta": 0.001, "total_epochs_train": 50, "epochs_per_train": 5, "epochs": 50, "loss": [113549.234375, 173366.015625, 209634.59375, 161199.0, 180255.609375, 216670.734375, 187706.046875, 227591.25, 97459.5625, 117285.546875, 238724.828125, 114530.1015625, 227997.5, 161709.046875, 206526.984375, 164274.078125, 124501.828125, 155357.3125, 166102.71875, 146847.875, 139966.390625, 175591.8125, 150393.28125, 211549.671875, 186736.703125, 163473.203125, 162774.0625, 147476.875, 172224.265625, 176675.90625, 213750.5625, 100561.28125, 148365.40625, 126183.9609375, 146560.46875, 197125.203125, 160328.578125, 139406.921875, 138749.375, 146660.734375, 112672.078125, 134163.890625, 153488.53125, 237203.421875, 179603.21875, 198118.65625, 104822.2109375, 205281.515625, 124885.0390625, 187545.515625, 163190.4375, 133659.125, 98626.7578125, 132457.390625, 213093.8125, 122993.5078125, 103863.390625, 131051.3515625, 160860.796875, 153377.375, 136933.171875, 113617.7578125, 122911.7734375, 166865.75, 116901.453125, 172039.8125, 105518.6328125, 107297.0078125, 104909.375, 140184.609375, 153617.0, 152063.515625, 168236.125, 144915.234375, 98557.5, 141882.28125, 139310.078125, 130202.453125, 117835.3515625, 133326.03125, 104055.9765625, 145954.75, 170643.03125, 142003.71875, 121272.3125, 113438.3359375, 119878.28125, 91376.5078125, 124181.015625, 145983.390625, 177160.484375, 182771.015625, 97162.84375, 115935.9140625, 154351.09375, 104142.1484375, 118198.140625, 117198.640625, 81479.671875, 176123.875, 81818.984375, 102698.0859375, 93935.890625, 102053.6484375, 130639.671875, 154574.8125, 157987.71875, 126788.7578125, 133785.984375, 133292.75, 124348.03125, 145591.453125, 112725.515625, 103106.953125, 102179.2578125, 127533.1484375, 141677.09375, 84943.578125, 123162.6953125, 149937.390625, 115469.8125, 157328.15625, 113057.3828125, 139791.90625, 99163.5859375, 120576.046875, 118462.765625, 102331.3984375, 110192.34375, 125349.4765625, 111178.84375, 190828.46875, 92784.828125, 117833.359375, 113230.4375, 119474.3203125, 119952.7734375, 124122.9921875, 130860.7890625, 103283.2265625, 117500.2265625, 113811.6796875, 104730.4765625, 88031.4296875, 123717.8046875, 140545.390625, 97700.53125, 105947.09375, 108493.03125, 83509.8203125, 117183.6796875, 143927.359375, 108886.75, 112017.0234375, 113959.03125, 109990.046875, 100162.4296875, 154167.953125, 112004.6015625, 109339.0703125, 103779.03125, 89813.890625, 84730.640625, 107429.7734375, 143486.984375, 118140.546875, 110670.8203125, 128800.8046875, 111217.34375, 99741.1953125, 93021.0, 87078.296875, 93151.359375, 154885.359375, 105086.1484375, 121309.1640625, 82333.2890625, 105580.25, 123151.03125, 108784.359375, 73260.125, 101940.21875, 97483.0078125, 104299.7265625, 118596.59375, 96508.6640625, 111348.9453125, 114523.96875, 92063.3046875, 100013.2265625, 99279.65625, 83569.9140625, 96105.7265625, 82337.3125, 136705.96875, 212185.140625, 212649.140625, 149879.46875, 222345.234375, 132301.921875, 189603.359375, 195346.109375, 161736.75, 129789.2890625, 173888.203125, 180220.65625, 143300.21875, 136620.171875, 133825.703125, 136384.78125, 196492.21875, 205745.34375, 154918.4375, 190414.75, 164545.03125, 165758.90625, 193238.5625, 151485.59375, 149679.5625, 215926.875, 144584.78125, 96849.3671875, 116198.28125, 173851.484375, 190535.203125, 168522.90625, 158413.03125, 151137.21875, 147291.3125, 165902.21875, 133595.109375, 169584.859375, 121101.25, 164980.140625, 96195.046875, 196755.609375, 134382.828125, 157423.453125, 136464.71875, 145935.984375, 150695.5625, 170176.96875, 152831.828125, 162998.546875, 129573.328125, 130933.75, 175167.0625, 134324.4375, 158649.359375, 128389.234375, 141653.90625, 144539.328125, 121743.7890625, 128250.4453125, 140150.59375, 122066.1484375, 152232.53125, 130912.046875, 147112.5, 151450.625, 158928.90625, 102579.578125, 146473.75, 179810.21875, 161337.921875, 122308.3828125, 138825.625, 96249.6640625, 96107.5, 160505.65625, 191239.328125, 109973.84375, 187731.484375, 128461.2734375, 142626.921875, 102788.6796875, 133813.71875, 143868.59375, 131914.828125, 125823.2109375, 131342.25, 127134.234375, 132902.6875, 115399.203125, 173305.875, 146242.8125, 163243.890625, 110513.7578125, 140949.96875, 117007.2109375, 105659.15625, 115620.859375, 164618.265625, 197887.90625, 103471.96875, 194920.625, 121084.71875, 142019.359375, 108180.8984375, 105809.296875, 153499.84375, 127934.3828125, 161560.90625, 116901.2109375, 145060.671875, 140680.265625, 141097.1875, 119673.96875, 136537.78125, 97578.4921875, 150818.8125, 133610.421875, 115605.5703125, 113874.9921875, 157846.515625, 133887.65625, 141607.1875, 132633.171875, 107223.84375, 132223.15625, 93890.359375, 124700.78125, 130591.7421875, 141100.9375, 87851.6640625, 205049.421875, 116901.015625, 127059.859375, 100449.0, 133033.46875, 106282.71875, 114693.84375, 133216.796875, 159782.546875, 122133.1328125, 128316.84375, 113010.53125, 113529.7421875, 124599.28125, 147754.1875, 100767.453125, 138766.5625, 93080.421875, 123318.9609375, 118103.1796875, 101402.7734375, 159957.234375, 123373.90625, 115861.6796875, 130745.65625, 126438.859375, 168898.359375, 106149.515625, 117833.3984375, 89598.3359375, 97753.7890625, 113491.1875, 119438.921875, 102694.3359375, 146594.328125, 132717.0625, 134355.640625, 86137.4609375, 91924.25, 86438.0078125, 114086.203125, 121671.8203125, 139693.359375, 133573.3125, 113871.265625, 117654.1875, 109021.40625, 98377.21875, 161137.203125, 99678.71875, 153582.609375, 94528.5234375, 109821.75, 112025.953125, 112667.359375, 116823.984375, 100630.296875, 110870.6640625, 84439.5, 100038.8984375, 133711.359375, 177323.53125, 81199.71875, 108897.6953125, 107721.0078125, 112675.828125, 123180.4140625, 99524.2265625, 105219.328125, 122149.890625, 95186.9140625, 81654.96875, 111248.359375, 78574.6875, 88281.1640625, 112182.984375, 126895.3046875, 127209.21875, 104629.2265625, 132631.3125, 98592.8359375, 118577.3359375, 108953.078125, 78732.0703125, 135664.28125, 122889.78125, 169753.734375, 97363.953125, 95614.0625, 120048.5078125, 127085.0234375, 125355.78125, 74325.8125, 91247.359375, 104008.609375, 174639.21875, 83089.4921875, 156535.265625, 133436.9375, 129369.8203125, 98770.3828125, 88507.1796875, 94732.4921875, 132083.46875, 105527.53125, 110475.4140625, 112626.359375, 83136.2421875, 90036.4921875, 89959.6953125, 98820.859375, 148478.5625, 80752.6484375, 100245.3984375, 147089.484375, 90056.8125, 89931.71875, 122075.3125, 123098.0, 86997.5546875, 82833.578125, 114447.96875, 75624.890625, 91475.2265625, 113622.0], "name": "default", "desc": "lr_0.001_nb_16_ld_4_b_0.001", "folder": "./saves/grid_seach/search4/lr_0.001_nb_16_ld_4_b_0.001_default_20240307-091405"}