{"nhidden": 128, "rnn_nhidden": 32, "obs_dim": 1, "latent_dim": 4, "lr": 0.005, "n_batch": 16, "beta": 4, "total_epochs_train": 50, "epochs_per_train": 5, "epochs": 50, "loss": [203705.875, 103217.875, 172171.859375, 163362.296875, 215008.9375, 148963.796875, 203592.53125, 134213.453125, 159419.34375, 154800.796875, 122902.0703125, 144308.125, 122738.0859375, 132444.59375, 203563.421875, 136537.5625, 158113.65625, 128338.984375, 155451.203125, 228929.828125, 186807.140625, 113868.65625, 118423.515625, 121368.9921875, 162415.09375, 115131.671875, 95955.2109375, 129996.4375, 102599.359375, 136643.15625, 142626.90625, 148425.203125, 142152.15625, 141123.875, 134992.125, 120061.9375, 122475.375, 110177.5078125, 89567.34375, 110678.53125, 197531.03125, 108173.3125, 126661.1875, 122000.9296875, 135154.828125, 140220.890625, 109644.09375, 112902.046875, 79457.0703125, 173703.65625, 103514.40625, 100322.421875, 120059.8125, 80266.0078125, 79432.015625, 151088.40625, 133437.796875, 92282.640625, 110495.90625, 99856.578125, 105462.1640625, 90044.84375, 86396.4296875, 92011.203125, 86417.0703125, 111217.015625, 95680.8046875, 96368.6875, 112355.5, 91530.0625, 100016.7421875, 84090.7890625, 78736.890625, 76863.5625, 129185.828125, 67185.3515625, 71322.671875, 102867.875, 72337.7265625, 113424.09375, 102189.0546875, 114505.15625, 100549.015625, 114284.0390625, 91636.3046875, 133431.03125, 103467.921875, 59699.953125, 106508.5390625, 56373.26171875, 60257.78125, 65464.45703125, 86428.7578125, 101758.765625, 94897.0390625, 107239.1171875, 119304.671875, 74397.6796875, 61327.75, 98801.125, 84461.34375, 92984.96875, 82162.1796875, 61095.375, 77726.34375, 73966.90625, 76468.7265625, 70317.1953125, 68984.359375, 73567.828125, 105628.09375, 75880.5234375, 66978.8828125, 71295.640625, 100859.234375, 53852.3828125, 68959.9921875, 69533.1953125, 48347.2578125, 104300.078125, 68758.546875, 79935.4296875, 40038.8203125, 75406.140625, 61990.51171875, 104208.7734375, 62534.33984375, 57040.8046875, 84885.296875, 76978.6328125, 48403.00390625, 46895.28125, 53081.1875, 51770.53125, 102682.7578125, 58841.91796875, 56436.2734375, 57399.8125, 45924.1875, 66367.078125, 78092.96875, 88308.921875, 67875.359375, 75552.34375, 84510.0, 75483.3671875, 107766.921875, 112162.796875, 62024.87109375, 56839.48046875, 90850.6484375, 44880.109375, 79296.609375, 54528.4453125, 70721.0078125, 63626.4296875, 63677.359375, 87987.5546875, 75592.359375, 90491.421875, 102579.21875, 75070.875, 49828.0078125, 45892.18359375, 67842.5625, 58563.33203125, 101407.4375, 99639.15625, 160102.09375, 112974.0234375, 53644.375, 70449.671875, 102942.7578125, 71509.3125, 83999.96875, 54350.9296875, 49761.50390625, 58850.6640625, 76867.515625, 28256.66796875, 92492.015625, 54562.03515625, 97390.625, 68517.3671875, 59401.30859375, 63427.31640625, 48890.1015625, 52652.12109375, 62080.91796875, 76423.9375, 55107.13671875, 62243.1171875, 76383.234375, 78970.375, 41288.53125, 48774.609375, 56661.8828125, 41516.87890625, 59511.03125, 96815.5, 51705.70703125, 91013.921875, 39522.3671875, 70779.34375, 39151.54296875, 55813.69140625, 35557.7734375, 52045.72265625, 34196.35546875, 71513.171875, 58851.70703125, 42488.9765625, 54683.734375, 74956.9609375, 71568.4609375, 57409.65234375, 37013.09375, 65997.921875, 30710.384765625, 46100.9375, 74459.4296875, 35705.140625, 45348.12890625, 68710.5859375, 104707.046875, 98307.15625, 49558.19140625, 30998.154296875, 48369.1796875, 59336.12890625, 55934.71875, 45069.875, 48085.0390625, 67476.5703125, 56757.171875, 63575.1171875, 59106.90234375, 55910.8671875, 56274.03125, 59239.65234375, 56481.5234375, 43781.98828125, 25678.9140625, 49721.26953125, 76515.7734375, 35544.13671875, 57628.59375, 62205.48046875, 43879.78515625, 57636.24609375, 47509.64453125, 47314.23046875, 56956.578125, 42413.2734375, 78010.6640625, 39453.97265625, 38090.6796875, 54803.15234375, 96170.578125, 55294.66015625, 41428.5859375, 44481.8046875, 69967.125, 44919.69140625, 40291.671875, 63410.46484375, 53512.0, 89456.4921875, 51244.9140625, 37007.99609375, 118208.7421875, 24541.314453125, 52856.05078125, 59479.83984375, 40302.65625, 60023.80078125, 48652.0390625, 35925.4140625, 49750.88671875, 57085.98046875, 57167.9609375, 39963.5390625, 92555.34375, 25150.4921875, 67908.9765625, 49488.01171875, 54361.28125, 45507.796875, 61751.5078125, 49411.015625, 20400.82421875, 26750.6875, 44647.62890625, 64165.828125, 48879.78125, 61419.87109375, 56458.3046875, 32708.09765625, 44078.90625, 61482.734375, 57033.42578125, 48848.64453125, 51532.609375, 63874.87109375, 41423.890625, 67597.8984375, 74181.171875, 54594.6484375, 36779.23828125, 72489.6171875, 33050.5625, 55999.0703125, 35140.13671875, 51235.9765625, 65870.2109375, 32774.0, 82904.96875, 46659.32421875, 62252.8828125, 52863.59375, 43119.64453125, 76584.140625, 44103.53515625, 29879.935546875, 39337.21875, 35724.17578125, 78323.953125, 25771.2578125, 54070.21484375, 59356.64453125, 100489.8671875, 49428.3515625, 63365.05078125, 74640.2265625, 66263.8515625, 110848.71875, 45588.3828125, 81920.734375, 61883.890625, 56994.23046875, 40882.78125, 23530.611328125, 78652.96875, 51615.44921875, 49130.828125, 41344.6328125, 51970.51171875, 46716.33203125, 34628.99609375, 53641.203125, 76461.3359375, 44019.2578125, 43225.8046875, 44291.140625, 94600.015625, 46566.6875, 35029.3828125, 73405.890625, 57621.19140625, 50753.18359375, 44343.43359375, 125055.96875, 40450.25, 30476.0390625, 50083.9453125, 36640.6875, 46788.3671875, 41515.2890625, 47958.19140625, 56204.4140625, 27359.576171875, 25573.474609375, 49329.53515625, 49163.9296875, 55160.53125, 37836.29296875, 86669.140625, 77455.09375, 42789.1953125, 48749.671875, 76998.046875, 80435.1171875, 36497.05859375, 41303.80859375, 59289.78125, 29655.439453125, 49039.8671875, 89812.109375, 53454.2578125, 44975.9609375, 32794.86328125, 54428.45703125, 20031.283203125, 56246.32421875, 57604.984375, 31812.3125, 29580.6171875, 68296.953125, 21797.890625, 42897.171875, 39120.15625, 80602.515625, 41163.3046875, 48911.078125, 82210.4296875, 36545.5234375, 63382.09375, 64120.8203125, 23881.21484375, 45360.69921875, 35307.9609375, 46510.84765625, 70753.53125, 76588.328125, 62075.1796875, 59352.453125, 61290.125, 56399.3671875, 60044.2734375, 53723.875, 47077.73828125, 38263.76953125, 50991.57421875, 142958.125, 20635.28515625, 52449.32421875, 45031.37109375, 42688.890625, 32704.392578125, 38611.8828125, 79448.5625, 58375.54296875, 51975.2421875, 27024.099609375, 71948.0, 46233.8359375, 29501.384765625, 60637.58203125, 69111.875, 83399.3828125, 34489.640625, 61124.171875, 32341.75, 79198.703125, 59136.3671875, 37433.8515625, 33765.6484375, 56302.7109375, 45017.77734375, 72318.7578125], "name": "default", "desc": "lr_0.005_nb_16_ld_4_b_4", "folder": "./saves/grid_seach/search1/lr_0.005_nb_16_ld_4_b_4_default_20240213-232909"}