{"nhidden": 128, "rnn_nhidden": 32, "obs_dim": 1, "latent_dim": 8, "lr": 0.0005, "n_batch": 16, "beta": 0.5, "total_epochs_train": 50, "epochs_per_train": 5, "epochs": 50, "loss": [160507.34375, 209890.53125, 226986.4375, 176903.015625, 154541.796875, 190672.046875, 190999.5, 139075.171875, 116115.5078125, 201769.4375, 110404.7421875, 120750.609375, 197809.0, 189370.734375, 218603.5625, 157081.890625, 166857.0625, 173297.953125, 147219.484375, 141808.3125, 176439.953125, 194816.5625, 191544.046875, 158522.25, 222819.65625, 151030.171875, 151179.203125, 122115.2109375, 171458.78125, 129870.2109375, 144840.421875, 238759.515625, 240521.921875, 183333.015625, 170508.796875, 128941.859375, 148430.46875, 186423.484375, 217742.984375, 187850.0625, 154654.203125, 161925.0, 97073.1953125, 132951.03125, 189973.703125, 146927.953125, 161133.578125, 170196.578125, 170817.640625, 171584.59375, 189425.53125, 157795.84375, 184709.984375, 133817.5625, 173802.609375, 144465.75, 181316.96875, 157103.46875, 168668.8125, 134943.28125, 197445.171875, 142787.984375, 127850.1953125, 102042.0078125, 115216.4296875, 185022.265625, 157583.6875, 171111.265625, 169412.34375, 152149.40625, 134719.125, 184331.5, 118510.125, 181286.4375, 211002.0625, 140548.515625, 112167.390625, 133414.375, 142473.046875, 139837.53125, 139540.84375, 115308.4375, 183162.703125, 109277.609375, 115249.1953125, 153269.234375, 119506.28125, 123701.3125, 145353.5, 108314.4921875, 129915.0078125, 101255.4921875, 99303.0625, 131638.21875, 115609.828125, 114664.875, 185362.53125, 178277.3125, 137290.078125, 162679.1875, 144556.03125, 174343.09375, 106219.6640625, 134090.71875, 121035.6171875, 121394.6875, 109798.6953125, 124610.65625, 110586.421875, 104767.046875, 132669.15625, 150302.265625, 117222.921875, 125525.4921875, 107236.1875, 139126.359375, 119079.4140625, 97914.0703125, 124009.671875, 138437.15625, 124156.3125, 212800.40625, 145093.28125, 150925.234375, 171759.03125, 175340.015625, 156016.28125, 136268.5, 138499.90625, 84335.3046875, 102311.3125, 170518.5, 117525.296875, 123030.8125, 110585.875, 145778.5, 143817.359375, 109442.1953125, 208427.90625, 132279.046875, 122024.53125, 105471.125, 118828.578125, 123912.765625, 101878.65625, 113348.109375, 163114.28125, 121951.1796875, 139691.25, 147088.71875, 124656.671875, 117859.9453125, 118498.0703125, 131363.125, 108852.6953125, 118608.859375, 131423.84375, 119975.9921875, 142435.5, 124260.21875, 120279.109375, 127595.0703125, 108239.015625, 142737.75, 106882.0234375, 142614.671875, 125448.3984375, 106088.03125, 147413.734375, 105383.8203125, 170545.734375, 171980.890625, 123789.671875, 124370.6328125, 125969.1953125, 101988.046875, 102795.84375, 146000.0625, 123115.7734375, 136148.921875, 106494.4765625, 147192.265625, 105982.6015625, 104166.28125, 114184.0703125, 145579.953125, 146584.5, 107663.5625, 148766.53125, 124362.0859375, 113237.015625, 117526.75, 117993.140625, 126443.90625, 140208.3125, 151708.859375, 102128.921875, 127573.546875, 150331.015625, 128086.9375, 122293.625, 109062.84375, 139603.53125, 121747.328125, 127126.84375, 95493.453125, 91558.515625, 112416.015625, 140822.421875, 94315.21875, 124010.515625, 120952.890625, 174856.09375, 115669.984375, 106423.6875, 100597.46875, 114124.671875, 101989.4140625, 139866.875, 138405.59375, 107942.5546875, 125923.953125, 93693.59375, 143117.953125, 111574.734375, 90430.6796875, 108109.1484375, 94271.7421875, 109190.1640625, 104997.2421875, 148294.8125, 111582.578125, 116171.453125, 148560.890625, 110734.25, 106560.2265625, 125161.9453125, 93302.4296875, 172590.203125, 91542.4921875, 101344.1015625, 106688.546875, 159069.09375, 117565.8046875, 108545.0, 138872.234375, 105679.0625, 100398.390625, 96935.6171875, 113266.3984375, 148752.28125, 134677.28125, 139229.015625, 114553.953125, 134545.140625, 119647.6953125, 91036.09375, 113735.3125, 161776.6875, 86397.6875, 90420.5703125, 93604.59375, 129796.3515625, 96218.25, 126715.0078125, 98306.671875, 123360.5625, 108405.265625, 119461.3828125, 126348.796875, 123298.671875, 83014.125, 136630.515625, 133822.734375, 104104.234375, 129779.6796875, 101207.5546875, 88838.8515625, 109771.4296875, 115367.9296875, 91942.046875, 85870.5625, 123799.515625, 115441.390625, 129492.2421875, 104759.203125, 138937.9375, 102136.8671875, 106798.0625, 91387.484375, 113734.03125, 139046.484375, 85194.1640625, 134389.90625, 91052.578125, 131077.609375, 99011.4609375, 111316.6640625, 112360.5625, 102679.140625, 92732.390625, 76716.640625, 107886.296875, 108445.3828125, 133068.3125, 123370.1328125, 98783.796875, 109214.109375, 116931.59375, 107004.9296875, 104534.9609375, 102204.765625, 114420.3359375, 112581.390625, 94889.96875, 113497.8515625, 92543.1015625, 85847.0078125, 120885.9375, 109228.0859375, 90980.1640625, 120597.4765625, 86665.8828125, 98955.1015625, 103459.703125, 92696.765625, 91629.2265625, 92879.8125, 119073.453125, 107515.828125, 96952.40625, 135488.609375, 88630.9140625, 101844.46875, 94285.3125, 108389.75, 92321.625, 119336.921875, 97421.2734375, 111340.546875, 85495.2578125, 119621.0625, 97966.34375, 87728.1953125, 73598.65625, 115542.7578125, 130601.96875, 124946.421875, 91115.2734375, 99409.78125, 77750.875, 124350.59375, 106993.0625, 102234.6796875, 75634.765625, 91907.0625, 77623.234375, 84030.4609375, 138802.6875, 87754.109375, 98630.046875, 106922.1171875, 118494.671875, 78974.6328125, 81181.1015625, 122229.9921875, 116124.5859375, 75824.5703125, 99771.640625, 75612.5, 120421.578125, 107540.125, 81581.265625, 98836.2109375, 76357.015625, 132781.75, 87695.8125, 96853.6484375, 103657.8828125, 74863.40625, 104945.0390625, 124669.96875, 100567.0390625, 73536.3515625, 102177.5625, 114435.09375, 75030.078125, 135952.546875, 98303.796875, 80412.28125, 71821.9453125, 108261.5703125, 88511.6875, 78979.796875, 113765.984375, 69729.375, 64972.66015625, 100968.890625, 97725.0078125, 115549.703125, 113241.390625, 69293.828125, 68723.5234375, 88745.4140625, 74176.0703125, 102466.1953125, 100789.71875, 121907.96875, 68583.0390625, 73950.2109375, 76017.796875, 84349.1875, 78169.71875, 105078.78125, 117821.578125, 68688.28125, 88521.921875, 69827.6015625, 120310.8671875, 103202.03125, 92333.7578125, 70684.3046875, 87366.109375, 66038.1953125, 85533.1953125, 100120.703125, 62667.8984375, 60616.91015625, 108069.5703125, 92513.984375, 144158.484375, 89476.9140625, 92242.0625, 88574.140625, 74209.6640625, 76131.3046875, 77435.2421875, 68279.59375, 121214.1015625, 72763.6796875, 104182.0625, 82984.1953125, 88434.703125, 109490.71875, 88573.78125, 76500.4609375, 90483.609375, 62715.23828125, 104071.8359375, 71397.4140625], "name": "default", "desc": "lr_0.0005_nb_16_ld_8_b_0.5", "folder": "./saves/grid_seach/search1/lr_0.0005_nb_16_ld_8_b_0.5_default_20240214-005753"}