{"nhidden": 128, "rnn_nhidden": 32, "obs_dim": 1, "latent_dim": 4, "lr": 0.0001, "n_batch": 16, "beta": 4, "total_epochs_train": 50, "epochs_per_train": 5, "epochs": 50, "loss": [181724.703125, 185639.78125, 141864.203125, 137014.171875, 198541.96875, 147072.78125, 153928.625, 119160.25, 280202.1875, 288600.59375, 168103.828125, 199908.984375, 161096.515625, 125513.8671875, 131141.9375, 155908.25, 147616.859375, 162968.65625, 214005.046875, 181990.734375, 211047.109375, 172685.09375, 205084.796875, 118648.21875, 159681.671875, 156768.296875, 170210.109375, 182891.0, 120753.578125, 133218.46875, 168104.640625, 214857.15625, 222887.828125, 94839.3359375, 226788.78125, 209157.28125, 212281.25, 223810.140625, 148123.25, 160074.265625, 200281.578125, 131405.390625, 125573.984375, 169522.296875, 140864.015625, 188972.203125, 157047.609375, 125364.1875, 148123.1875, 185363.578125, 133610.125, 205261.265625, 173572.375, 190087.015625, 169131.421875, 142801.4375, 123408.09375, 221995.171875, 234194.9375, 254204.96875, 157482.09375, 121467.140625, 131164.765625, 131844.171875, 142257.1875, 191429.25, 213092.46875, 142508.1875, 193784.5625, 179052.625, 141928.859375, 207017.078125, 140824.9375, 162259.90625, 136801.09375, 198173.515625, 165298.578125, 149167.390625, 157789.609375, 198219.328125, 160727.890625, 149051.5, 161955.671875, 137816.21875, 139553.78125, 189340.03125, 143617.046875, 220933.453125, 173542.953125, 173371.3125, 191899.453125, 153008.0, 202706.625, 158125.296875, 141828.5625, 155988.0, 113979.5234375, 157164.96875, 235414.453125, 219879.59375, 154314.1875, 197322.03125, 143117.203125, 160001.484375, 180725.375, 144888.46875, 183955.375, 134938.90625, 97890.6640625, 227186.5625, 150622.9375, 110364.09375, 167055.5625, 166093.765625, 192776.8125, 258415.40625, 156151.734375, 240662.734375, 78035.9375, 232709.640625, 153212.75, 115909.8828125, 130535.171875, 180650.6875, 150270.90625, 146032.21875, 107645.59375, 229916.5, 232566.0, 159597.375, 163799.96875, 179036.78125, 173963.03125, 141973.515625, 93344.2890625, 149027.890625, 112307.7265625, 119897.4453125, 266137.625, 162641.1875, 167195.515625, 121893.7578125, 216125.828125, 188369.9375, 192769.625, 108475.15625, 205369.90625, 199562.28125, 152055.28125, 170167.109375, 152230.640625, 197385.53125, 144661.21875, 172874.421875, 157930.875, 142344.125, 170764.609375, 281132.0625, 149126.59375, 192072.15625, 128099.4453125, 106690.9765625, 165510.203125, 172299.34375, 132004.8125, 193759.21875, 116401.4609375, 183770.046875, 202418.28125, 151070.265625, 174805.375, 178519.296875, 117373.1484375, 128212.0078125, 150204.71875, 288326.75, 126241.015625, 119245.7265625, 175711.296875, 138764.890625, 134028.703125, 150683.390625, 146454.859375, 142763.453125, 138439.65625, 129616.578125, 164403.078125, 270752.0, 171163.078125, 195095.015625, 143353.6875, 143330.140625, 130075.15625, 159235.28125, 144029.78125, 182700.15625, 160214.453125, 125950.734375, 210263.875, 127714.9453125, 184396.0, 160833.140625, 111356.9921875, 107987.1875, 164372.484375, 135241.125, 143366.03125, 153882.8125, 133357.203125, 178360.875, 156011.21875, 141976.140625, 136461.09375, 198649.984375, 103618.84375, 138686.5625, 123744.609375, 185677.171875, 143225.0625, 169083.25, 186170.296875, 156661.0, 153220.328125, 137198.25, 107537.484375, 146060.5, 190241.734375, 126346.0703125, 181777.015625, 89269.8984375, 141845.6875, 115406.8046875, 135838.59375, 188571.6875, 115460.4453125, 172698.9375, 145095.34375, 145118.3125, 156628.828125, 121693.625, 121875.9453125, 124738.40625, 154456.640625, 164352.15625, 118889.1171875, 145639.84375, 110883.0234375, 192590.328125, 94977.5546875, 113576.28125, 119039.53125, 168327.734375, 138794.84375, 130168.9765625, 174013.9375, 147845.28125, 151387.21875, 123053.3515625, 97961.140625, 115512.15625, 97779.109375, 137338.390625, 152877.875, 115425.796875, 103122.875, 132614.875, 145486.8125, 148931.890625, 134061.875, 148086.90625, 126157.390625, 106243.7890625, 123052.671875, 130324.8671875, 141345.90625, 192674.21875, 130831.46875, 131233.125, 104248.078125, 154698.140625, 150298.25, 96212.9375, 125363.875, 164619.71875, 129256.21875, 98994.8984375, 100588.9921875, 138914.703125, 149756.015625, 103202.640625, 138214.328125, 127071.4453125, 104294.671875, 190403.703125, 132630.375, 126739.8359375, 109163.9609375, 143354.1875, 112557.1796875, 120574.6640625, 148214.515625, 126528.578125, 121773.3828125, 135056.703125, 138757.90625, 128533.8359375, 142701.25, 134332.25, 120696.34375, 143573.9375, 105045.3515625, 140131.546875, 95564.5859375, 140769.4375, 110317.125, 97492.921875, 120839.9140625, 153597.25, 163187.8125, 90323.6640625, 106446.671875, 129596.140625, 115494.2578125, 131133.171875, 152163.078125, 98804.28125, 124236.03125, 111370.640625, 134699.296875, 162880.859375, 104016.015625, 111644.46875, 151881.0625, 129514.734375, 153215.5625, 101001.6875, 139085.8125, 109106.1328125, 106219.3203125, 119077.890625, 157418.640625, 95504.8671875, 105690.0546875, 115963.03125, 193480.6875, 111699.75, 85672.546875, 139423.9375, 96506.6796875, 133406.21875, 140069.90625, 110522.515625, 148782.40625, 116220.59375, 94959.7734375, 156605.5, 110928.328125, 133755.9375, 104123.953125, 121516.5703125, 106696.3671875, 105083.5859375, 123679.1484375, 150575.15625, 203605.75, 120716.5390625, 105973.859375, 114736.0390625, 94705.0546875, 105489.6875, 107030.7421875, 117240.8125, 163250.640625, 133608.4375, 92405.03125, 142337.53125, 139653.0625, 107487.890625, 120282.9921875, 142576.34375, 109934.8046875, 140925.890625, 134527.125, 126939.125, 101604.28125, 116454.6875, 118721.8046875, 114335.078125, 114990.3671875, 111858.203125, 125311.5, 116816.96875, 138367.0625, 104401.1015625, 130257.34375, 162593.28125, 93743.875, 121213.46875, 109369.234375, 147436.953125, 124715.3984375, 111410.171875, 146792.1875, 143843.578125, 119902.203125, 116192.09375, 105926.9921875, 134886.21875, 140602.15625, 145741.3125, 146844.75, 124030.3203125, 107542.09375, 105548.4140625, 144066.984375, 153140.203125, 112890.6171875, 140647.3125, 105778.515625, 117652.875, 99800.46875, 92130.8359375, 130257.6796875, 96513.671875, 133117.9375, 124438.46875, 117583.9609375, 148755.015625, 108233.78125, 106391.6171875, 173722.25, 91774.03125, 109618.8515625, 114592.9765625, 134428.421875, 106776.3046875, 107551.859375, 123779.3671875, 106054.078125, 132668.296875, 145589.140625, 96568.03125, 127365.3046875, 114261.296875, 163040.625, 123324.1875, 128089.1015625, 136851.75, 99467.71875, 102562.96875], "name": "default", "desc": "lr_0.0001_nb_16_ld_4_b_4", "folder": "./saves/grid_seach/search1/lr_0.0001_nb_16_ld_4_b_4_default_20240214-012314"}