{"nhidden": 128, "rnn_nhidden": 32, "obs_dim": 1, "latent_dim": 16, "lr": 0.0005, "n_batch": 16, "beta": 2, "total_epochs_train": 50, "epochs_per_train": 5, "epochs": 50, "loss": [190265.046875, 273565.09375, 151859.0, 137868.09375, 180832.84375, 146758.3125, 151533.03125, 153572.078125, 180324.4375, 166515.265625, 154179.265625, 141644.546875, 171071.28125, 174734.84375, 235421.421875, 158910.296875, 192601.546875, 172498.609375, 105778.453125, 220008.265625, 209002.0, 130745.1796875, 272420.6875, 142865.5, 116075.9453125, 172178.28125, 151172.953125, 156840.8125, 130163.53125, 200838.703125, 221618.078125, 178725.046875, 161178.0625, 93408.953125, 233792.5625, 125491.953125, 112873.234375, 171188.65625, 204127.609375, 147447.890625, 206650.4375, 145729.40625, 158949.421875, 170977.234375, 163914.890625, 166656.25, 157556.859375, 105638.7890625, 197755.421875, 212924.53125, 177772.09375, 143906.640625, 136234.28125, 137046.875, 126968.21875, 218034.71875, 138166.859375, 160869.1875, 141235.3125, 132924.265625, 162744.875, 166211.71875, 162019.640625, 177098.15625, 131256.84375, 203361.6875, 167188.640625, 110547.9921875, 140262.40625, 139630.75, 148020.84375, 127385.8828125, 97973.4375, 147428.671875, 164077.71875, 166481.84375, 158133.640625, 115309.8671875, 163107.96875, 124269.671875, 126696.5, 148262.6875, 104836.078125, 100263.0546875, 146667.40625, 184628.78125, 146130.359375, 150620.484375, 127613.265625, 117335.578125, 115391.0234375, 164680.046875, 125882.375, 105960.2265625, 161242.8125, 120416.1640625, 167420.3125, 156717.671875, 111762.8203125, 104145.5, 117656.40625, 124763.4296875, 102742.703125, 157425.8125, 141355.890625, 148606.59375, 124561.2265625, 129569.2890625, 144945.078125, 131004.34375, 127882.921875, 119877.0625, 106101.578125, 141174.96875, 154638.25, 109008.03125, 146662.0, 118047.6328125, 114081.015625, 124920.3671875, 93080.7578125, 144459.40625, 160528.5, 140253.125, 133377.0, 118247.03125, 134318.0625, 149355.59375, 88555.1484375, 125374.7734375, 147956.28125, 135450.046875, 132609.703125, 130413.6171875, 104314.578125, 95054.140625, 125388.609375, 97873.453125, 118222.8046875, 148640.625, 120863.3125, 127834.859375, 110238.703125, 132051.125, 112709.3125, 105890.6796875, 111629.7578125, 105503.9453125, 127791.4921875, 128578.5, 150149.390625, 92373.953125, 139942.109375, 119640.125, 100280.359375, 116261.5390625, 140067.21875, 146139.265625, 103127.703125, 167365.546875, 85475.578125, 112535.7109375, 164672.296875, 85103.7421875, 144567.578125, 96843.3515625, 110971.6875, 147011.15625, 101826.1484375, 109965.15625, 111806.671875, 123173.1640625, 121746.03125, 106530.78125, 126896.1640625, 89092.828125, 113733.4765625, 111253.96875, 106567.28125, 129774.1875, 104270.28125, 90895.1015625, 83943.9140625, 93647.984375, 181635.75, 111943.3359375, 109908.375, 126946.6484375, 129131.03125, 127677.9765625, 125703.09375, 96094.0546875, 100606.5546875, 105975.921875, 106862.2265625, 152812.875, 94041.609375, 95821.6171875, 91435.1640625, 96859.296875, 137221.296875, 105042.9296875, 114405.6875, 86536.5078125, 160055.59375, 101502.2890625, 108898.09375, 113031.4296875, 121833.0625, 105992.1796875, 108344.8671875, 87936.7890625, 113407.84375, 93008.359375, 113221.984375, 119689.0390625, 89939.8046875, 82857.375, 133934.78125, 88061.28125, 112482.3671875, 130531.09375, 78009.625, 110845.0703125, 154400.78125, 174352.1875, 98434.390625, 107963.234375, 100242.25, 90461.3828125, 103250.6484375, 111680.1328125, 111048.75, 86860.8046875, 81536.359375, 87774.2734375, 113805.109375, 89662.484375, 118268.0625, 110229.6953125, 133027.171875, 81133.8046875, 103065.25, 114536.34375, 77037.046875, 100675.578125, 101056.1484375, 111456.03125, 100548.1484375, 130092.3359375, 88236.609375, 97953.9375, 78483.828125, 87296.8125, 118871.28125, 83648.3203125, 96643.5, 95050.34375, 93175.2265625, 86628.171875, 154100.984375, 75080.3125, 107209.328125, 72926.7578125, 102762.6640625, 90297.515625, 108293.0390625, 92107.3125, 125127.546875, 97962.5, 110732.140625, 90307.859375, 97130.609375, 101801.078125, 68151.0859375, 134752.28125, 91237.25, 84815.71875, 86135.4296875, 85694.0546875, 114836.359375, 62942.296875, 131939.34375, 88825.390625, 87347.203125, 100712.8203125, 96881.3359375, 87335.7734375, 108520.5, 82280.703125, 95360.25, 77892.1484375, 77190.609375, 95100.171875, 101452.65625, 75553.2578125, 99433.296875, 76842.40625, 92966.140625, 74371.546875, 111358.765625, 124249.234375, 75917.890625, 71135.7265625, 91920.96875, 112654.6328125, 71928.46875, 108119.5546875, 65451.87890625, 100287.5703125, 68639.9140625, 86136.203125, 82935.015625, 86340.796875, 130856.59375, 79692.4296875, 96270.875, 63389.171875, 80343.34375, 119336.03125, 62779.625, 103469.3984375, 104772.640625, 99914.6796875, 76100.03125, 67392.0390625, 82080.921875, 100814.7109375, 64238.67578125, 107364.609375, 89318.6796875, 123697.34375, 91389.8125, 106971.296875, 74667.5859375, 116559.203125, 57700.73828125, 63164.14453125, 55251.5234375, 93268.65625, 74721.7890625, 124987.828125, 95210.53125, 68297.5078125, 68730.8125, 80995.328125, 83927.4609375, 106714.4375, 66101.9453125, 109619.3515625, 91347.5703125, 95267.2578125, 81388.640625, 60624.34375, 70819.09375, 78740.8828125, 73160.4453125, 85683.578125, 104304.1015625, 65435.3046875, 54882.37890625, 59958.70703125, 75362.6484375, 53158.328125, 66234.0390625, 105654.203125, 82684.484375, 88173.5, 106520.921875, 81762.2734375, 104110.109375, 71398.234375, 73202.109375, 79676.171875, 69051.6484375, 68719.3515625, 87134.0546875, 85099.9140625, 86238.25, 63954.9296875, 83855.3671875, 90348.390625, 59805.47265625, 66625.828125, 123956.4375, 75332.1640625, 56244.4453125, 74931.6484375, 43214.578125, 98217.640625, 77085.03125, 49545.66015625, 52601.2265625, 87936.484375, 90200.109375, 79296.8203125, 62071.11328125, 78520.1875, 76126.25, 55581.46875, 95656.0703125, 66887.28125, 50073.83984375, 59440.96484375, 54219.984375, 75162.375, 45977.671875, 90196.7421875, 42943.609375, 53684.09765625, 51074.03515625, 75242.84375, 77153.5078125, 100007.390625, 52290.921875, 59842.72265625, 67010.0546875, 40284.28125, 62448.2890625, 76397.9375, 51623.55078125, 71696.328125, 83317.453125, 40205.046875, 75483.515625, 66051.2265625, 47500.328125, 58068.30078125, 34479.97265625, 106361.71875, 76304.65625, 63473.34375, 61004.8125, 85289.1484375, 68049.578125, 50037.734375, 50958.3125, 64935.5234375, 60898.7890625, 66644.078125, 50759.4296875, 92207.9375, 80313.2421875, 69658.40625, 51128.859375, 58593.50390625, 69304.2578125, 63337.984375, 39718.75, 70774.3515625], "name": "default", "desc": "lr_0.0005_nb_16_ld_16_b_2", "folder": "./saves/grid_seach/search1/lr_0.0005_nb_16_ld_16_b_2_default_20240214-010751"}