{"nhidden": 128, "rnn_nhidden": 32, "obs_dim": 1, "latent_dim": 16, "lr": 0.0005, "n_batch": 16, "beta": 1, "total_epochs_train": 50, "epochs_per_train": 5, "epochs": 50, "loss": [209799.96875, 153217.875, 125452.015625, 133905.6875, 139926.25, 201104.40625, 162014.671875, 228294.53125, 194369.578125, 172922.59375, 231368.375, 177015.484375, 134869.15625, 145125.234375, 200682.75, 217133.515625, 123133.21875, 141456.1875, 146800.9375, 152282.671875, 170325.125, 157971.65625, 168266.71875, 155613.140625, 176779.78125, 204109.046875, 173494.171875, 165550.6875, 92293.71875, 248501.875, 179510.515625, 213675.734375, 136951.21875, 163328.6875, 168335.109375, 149137.265625, 176530.640625, 146013.34375, 112890.1875, 174043.859375, 162320.921875, 183650.140625, 236270.765625, 148618.125, 123530.796875, 158790.28125, 167109.15625, 117758.21875, 130939.8203125, 166369.3125, 217663.078125, 137058.03125, 162693.484375, 110640.671875, 114521.7265625, 138403.90625, 140503.1875, 134586.21875, 100475.90625, 163654.515625, 100696.53125, 231480.1875, 174657.8125, 125122.9921875, 113854.6015625, 142814.828125, 151159.9375, 130174.921875, 154782.4375, 198995.125, 130887.0, 110678.625, 153860.671875, 102793.1796875, 121731.671875, 147260.375, 110211.9140625, 113378.0, 108773.15625, 111583.4609375, 145732.09375, 154293.96875, 106916.890625, 100953.1015625, 107410.4921875, 110932.59375, 122695.046875, 119236.875, 103409.0390625, 113558.4921875, 103083.3203125, 139691.9375, 98355.5, 126797.828125, 105426.2421875, 102127.6640625, 129530.0234375, 92937.4453125, 171170.1875, 125763.4609375, 117058.984375, 110071.2265625, 146383.96875, 92806.46875, 110104.3828125, 116019.796875, 122422.828125, 127480.2265625, 82228.8046875, 156965.21875, 115615.59375, 116939.3125, 130554.90625, 108556.7890625, 144523.3125, 100113.84375, 104148.9296875, 83479.6875, 119275.96875, 112602.6953125, 176298.65625, 123493.3359375, 93649.203125, 106004.2578125, 96197.921875, 133773.53125, 89759.609375, 106854.0234375, 82357.4921875, 136142.453125, 141020.78125, 92879.34375, 121672.96875, 148717.25, 108576.4921875, 103386.4375, 94266.34375, 103400.2734375, 107013.53125, 129535.640625, 123066.875, 135919.3125, 98133.0625, 97970.4296875, 100736.3125, 124438.7109375, 120949.53125, 112614.546875, 94801.2421875, 93616.015625, 108262.2890625, 134308.875, 110557.4609375, 106155.6484375, 114517.484375, 99517.28125, 116069.453125, 121518.421875, 113620.1171875, 125012.3046875, 101106.8359375, 88537.1015625, 114629.09375, 76571.3828125, 102832.3984375, 118544.9765625, 110808.109375, 93442.15625, 106581.0078125, 144037.140625, 85928.2578125, 130776.109375, 98563.640625, 103193.375, 92089.9453125, 115531.8203125, 90848.4375, 116174.3359375, 100450.640625, 103151.3515625, 109242.4609375, 118613.734375, 100291.96875, 114472.0625, 102673.0, 81229.1875, 78412.0703125, 86291.8828125, 125947.890625, 151561.9375, 88531.375, 98066.8671875, 98082.2421875, 94570.671875, 118814.9609375, 89279.96875, 76567.4375, 104037.9765625, 105661.453125, 77531.078125, 84108.140625, 122427.90625, 147792.171875, 114094.828125, 79892.5078125, 92562.8828125, 100892.6640625, 97809.125, 132263.75, 91742.8828125, 93865.3828125, 80003.6171875, 78584.09375, 112322.5, 111337.765625, 95198.109375, 102081.546875, 114771.328125, 122215.28125, 89180.2421875, 96859.7734375, 92749.5390625, 110110.609375, 78584.8984375, 106308.28125, 101420.859375, 116497.53125, 105926.25, 86416.5625, 97305.8828125, 104688.8984375, 103249.84375, 103972.8203125, 96435.1484375, 81844.5625, 126086.46875, 88135.296875, 131115.125, 86264.796875, 87756.0546875, 103772.3125, 79722.125, 90079.5390625, 107404.765625, 86736.03125, 94629.296875, 88536.890625, 93625.3125, 102825.6171875, 70523.59375, 97282.1640625, 94231.90625, 85798.703125, 86228.296875, 122035.9765625, 117512.203125, 95762.125, 90816.703125, 102448.03125, 80569.59375, 86168.578125, 89292.9296875, 89922.5625, 116002.703125, 112096.5859375, 114359.453125, 108009.71875, 91902.265625, 68727.7265625, 106313.34375, 106020.390625, 79822.9921875, 83040.84375, 97791.359375, 89735.859375, 89090.84375, 96755.5234375, 77256.7421875, 98849.609375, 81396.765625, 75811.2265625, 80532.3984375, 89519.8359375, 81889.453125, 108734.3515625, 84977.1171875, 90078.328125, 98041.359375, 75824.9453125, 111219.875, 82052.5, 81294.28125, 69539.0859375, 106038.0703125, 79869.5625, 77609.2421875, 69706.453125, 70788.2265625, 94925.2890625, 105992.71875, 69853.3359375, 93313.5546875, 80376.515625, 82531.328125, 86370.3828125, 86090.0703125, 68528.921875, 101592.5703125, 93002.03125, 109428.109375, 62736.0859375, 98371.90625, 66499.125, 77051.03125, 81217.2734375, 94896.265625, 58682.515625, 69897.09375, 116830.796875, 88622.828125, 67652.9453125, 95468.6875, 108761.828125, 70397.6953125, 73605.078125, 67951.0, 75787.609375, 82322.578125, 117163.2578125, 71680.546875, 75302.7890625, 76285.859375, 76896.3671875, 87080.3203125, 68088.3125, 69800.109375, 106109.046875, 92249.765625, 62588.3984375, 84898.03125, 70087.390625, 69498.4921875, 73111.703125, 95924.4296875, 76142.3671875, 70572.5, 70072.4453125, 61581.3671875, 101029.828125, 82860.0234375, 85661.5859375, 66414.5234375, 83530.9765625, 72861.421875, 90508.703125, 70983.4140625, 68422.90625, 65082.76171875, 76568.546875, 80643.2265625, 82619.4921875, 73054.953125, 90057.71875, 62382.3515625, 69671.3515625, 73241.15625, 91306.8515625, 84871.6875, 70877.84375, 76263.78125, 75090.34375, 70421.140625, 81299.5234375, 90407.1171875, 75003.359375, 70918.296875, 72636.6171875, 62837.79296875, 67446.6953125, 83225.9453125, 90993.078125, 72055.4296875, 68997.3984375, 77841.9375, 67427.8203125, 79442.4609375, 74217.5703125, 99652.484375, 77146.1171875, 81394.1953125, 83905.984375, 55969.08984375, 67202.4921875, 62226.0625, 57203.65234375, 62985.4609375, 73660.9609375, 80005.6640625, 68826.65625, 59004.55078125, 58711.84765625, 78622.8671875, 86751.7421875, 71973.75, 71509.84375, 66283.0, 67075.3125, 73489.8125, 69653.4375, 63792.0078125, 73928.96875, 79181.984375, 65708.1796875, 81959.5625, 74424.5234375, 86785.484375, 74331.46875, 82180.6796875, 66524.2890625, 64125.9296875, 72185.7265625, 68186.3515625, 56926.48828125, 73083.4375, 55912.9921875, 59395.046875, 52603.375, 58080.70703125, 76325.2734375, 76652.921875, 81773.109375, 82676.9453125, 82349.984375, 62627.57421875, 70236.7578125, 56168.52734375, 67209.671875, 53775.79296875, 65293.3671875, 64629.21484375, 95407.3515625, 71128.2265625, 61162.21875, 92000.2890625, 62127.7421875, 69579.625, 73337.953125, 63765.6796875, 59624.6640625, 62359.2109375], "name": "default", "desc": "lr_0.0005_nb_16_ld_16_b_1", "folder": "./saves/grid_seach/search1/lr_0.0005_nb_16_ld_16_b_1_default_20240214-010625"}