{"nhidden": 128, "rnn_nhidden": 32, "obs_dim": 1, "latent_dim": 4, "lr": 0.0005, "n_batch": 16, "beta": 2, "total_epochs_train": 50, "epochs_per_train": 5, "epochs": 50, "loss": [209480.5, 171920.03125, 205836.0625, 177390.3125, 213617.484375, 123607.4453125, 100478.34375, 191350.515625, 155259.796875, 150990.40625, 178111.859375, 149270.1875, 217612.9375, 213959.203125, 136836.734375, 205399.65625, 193983.53125, 138406.0, 128712.53125, 214122.78125, 254301.875, 122298.8125, 152940.671875, 251116.796875, 135770.59375, 189564.3125, 102486.546875, 301686.71875, 102676.5703125, 152265.125, 161150.703125, 120807.515625, 122868.21875, 209376.59375, 172923.546875, 166286.109375, 114467.3515625, 177129.484375, 171530.859375, 184971.828125, 153019.765625, 193174.75, 151288.15625, 198051.828125, 160709.9375, 176575.0625, 135020.703125, 134205.859375, 252385.53125, 165178.171875, 98817.0625, 189064.84375, 155906.1875, 149493.046875, 172872.53125, 220140.40625, 193845.84375, 160011.15625, 96495.109375, 140686.640625, 93888.8359375, 198079.40625, 173293.453125, 214247.703125, 123382.1015625, 182344.859375, 196835.890625, 107883.171875, 147480.171875, 169094.203125, 115220.0, 169659.859375, 135050.84375, 121554.53125, 196938.5625, 148937.25, 222483.0625, 122054.0390625, 101864.125, 142585.359375, 170541.78125, 178142.375, 120230.5546875, 122056.6171875, 94362.265625, 140904.875, 144986.25, 125690.21875, 137146.5, 141075.734375, 169564.09375, 128820.0078125, 131962.828125, 104675.1328125, 130348.09375, 120689.7109375, 114396.609375, 137858.5, 117372.96875, 126777.1640625, 150131.609375, 128139.25, 163323.671875, 139479.078125, 104933.9375, 102031.9921875, 131651.203125, 112716.890625, 106446.625, 148610.515625, 133789.78125, 90470.9453125, 120319.234375, 130006.5625, 109851.1328125, 101659.578125, 85909.875, 122481.1875, 117301.71875, 118052.5390625, 100887.0390625, 124606.8828125, 118834.0546875, 110491.4921875, 99953.40625, 121107.9140625, 113087.59375, 132672.375, 102448.453125, 123268.6953125, 102815.671875, 143111.96875, 125007.515625, 97416.6953125, 95926.1171875, 109578.359375, 174644.8125, 130673.234375, 110130.390625, 140504.328125, 133210.65625, 164444.265625, 130950.15625, 112186.7265625, 87843.21875, 146213.375, 156685.375, 117056.59375, 177308.296875, 143617.765625, 92636.078125, 112909.078125, 131582.75, 162043.6875, 131231.09375, 144357.265625, 108087.6171875, 148364.328125, 158635.984375, 104682.6875, 146046.328125, 136623.5, 152817.046875, 114974.984375, 107937.96875, 118111.015625, 157838.765625, 127524.234375, 127138.953125, 129994.890625, 129240.421875, 114424.5625, 146780.1875, 115338.78125, 144090.375, 101988.1953125, 98216.21875, 103571.1171875, 157617.109375, 140203.671875, 128388.3515625, 146077.359375, 105103.515625, 172280.484375, 111426.3515625, 106328.25, 131688.65625, 118681.25, 105103.8515625, 135713.984375, 134736.390625, 139361.5625, 122540.7421875, 93200.0, 121845.625, 104441.5234375, 98349.03125, 139887.234375, 172891.265625, 140780.921875, 99955.75, 111453.9765625, 145715.0625, 99295.4140625, 106172.53125, 100257.265625, 130243.0390625, 122877.8359375, 132139.5625, 154642.9375, 112518.921875, 106236.75, 103141.484375, 124443.09375, 138811.53125, 96626.9140625, 124768.640625, 126198.859375, 159711.109375, 109080.2265625, 110752.828125, 118029.2421875, 98218.4375, 103910.796875, 112887.265625, 135359.125, 106036.921875, 116161.0390625, 129349.890625, 99483.203125, 126736.3359375, 104125.8203125, 141827.265625, 104147.078125, 106591.2734375, 105255.375, 125103.265625, 135970.09375, 118788.0625, 124454.7265625, 135509.015625, 93888.953125, 116889.984375, 108272.4296875, 111273.109375, 91648.171875, 112340.5234375, 149611.125, 121451.8515625, 135405.203125, 124181.3046875, 113710.6875, 132927.375, 122070.4921875, 118410.6796875, 109378.25, 101939.296875, 116752.6484375, 156997.78125, 96947.5078125, 94845.171875, 76372.984375, 127400.90625, 131115.4375, 116498.46875, 104124.296875, 101667.9921875, 116579.53125, 141008.65625, 111268.7109375, 113853.921875, 110929.5390625, 129583.609375, 97388.828125, 102296.6640625, 101015.7421875, 131401.515625, 107217.3671875, 124167.78125, 102591.7421875, 117424.59375, 120290.078125, 145892.796875, 89406.671875, 91494.0390625, 99599.953125, 122193.6484375, 85121.65625, 98881.921875, 77741.703125, 110119.046875, 107314.625, 121363.2890625, 112774.6640625, 99937.1640625, 124963.9765625, 110497.2421875, 128258.328125, 135174.859375, 92090.9921875, 101066.125, 109923.3125, 106280.421875, 93450.7421875, 99885.4921875, 86737.015625, 113411.0, 101931.0859375, 79021.203125, 82312.8828125, 112377.984375, 160972.109375, 83553.4921875, 112175.1875, 106312.609375, 107178.921875, 96487.875, 101076.7109375, 87029.9921875, 135139.109375, 105653.5, 95691.0859375, 117740.328125, 80694.78125, 131819.453125, 127581.25, 97812.9375, 89018.5703125, 94349.96875, 119464.5, 95123.3515625, 82484.78125, 86479.1796875, 124384.265625, 107780.0703125, 78497.453125, 100403.578125, 78796.1875, 130896.5546875, 105751.875, 94900.5859375, 87992.53125, 86731.59375, 79307.1640625, 84681.796875, 91331.0078125, 102346.484375, 162557.984375, 107548.484375, 108996.265625, 74520.53125, 82298.328125, 89121.515625, 104308.609375, 95303.046875, 92672.171875, 122688.640625, 70229.40625, 120977.921875, 88526.2890625, 91780.734375, 107616.75, 124026.4375, 82880.65625, 93010.140625, 91813.890625, 81315.25, 92460.9375, 98018.953125, 76278.046875, 86139.421875, 67940.90625, 101132.484375, 121870.4296875, 81840.0703125, 104054.71875, 94004.2578125, 101756.0078125, 107167.5625, 90927.390625, 93287.8828125, 104271.125, 105790.5, 84131.5625, 70039.7109375, 81370.8828125, 87865.796875, 74774.9921875, 75850.4453125, 98581.625, 72183.359375, 67933.8125, 111165.171875, 175709.71875, 87325.2734375, 97007.1796875, 109904.4296875, 78498.921875, 94838.328125, 94495.28125, 74886.78125, 92722.078125, 83161.4609375, 56861.8125, 93598.1484375, 71830.9921875, 93349.53125, 79859.0, 93180.453125, 99829.3125, 85442.46875, 76291.7734375, 83575.25, 143418.25, 94795.6875, 82307.5234375, 82476.078125, 81474.1796875, 73764.890625, 155228.84375, 71207.984375, 78786.140625, 61559.44921875, 107503.359375, 82879.34375, 92719.9375, 61114.84765625, 136954.3125, 68353.6640625, 60423.5, 83302.1875, 68445.2109375, 88253.8828125, 69379.515625, 99968.234375, 101148.0703125, 82656.734375, 81851.84375, 104328.875, 61579.6484375, 72804.546875, 84483.578125, 76369.0625, 71381.84375, 114028.984375, 116920.3046875, 84266.734375, 77890.671875, 71079.46875, 73983.1484375], "name": "default", "desc": "lr_0.0005_nb_16_ld_4_b_2", "folder": "./saves/grid_seach/search1/lr_0.0005_nb_16_ld_4_b_2_default_20240214-005322"}