{"nhidden": 128, "rnn_nhidden": 32, "obs_dim": 1, "latent_dim": 8, "lr": 0.01, "n_batch": 16, "beta": 4, "total_epochs_train": 50, "epochs_per_train": 5, "epochs": 50, "loss": [127243.75, 107951.375, 215369.1875, 158421.203125, 116773.765625, 222584.359375, 181445.5625, 224874.90625, 147188.4375, 160651.125, 103865.59375, 161536.125, 143937.25, 134090.578125, 195455.34375, 139567.5625, 153933.640625, 142923.359375, 113459.703125, 135899.15625, 152076.125, 120789.875, 150956.921875, 132338.578125, 132121.4375, 112968.7734375, 177232.859375, 120230.578125, 105338.1640625, 132515.765625, 145428.9375, 137509.453125, 133286.46875, 114616.8125, 120898.421875, 138186.53125, 95787.390625, 149784.71875, 172205.0, 111290.71875, 81993.765625, 106084.6484375, 104133.1328125, 108088.5, 124160.0, 124900.2265625, 81619.1875, 136751.703125, 82374.984375, 101597.671875, 97302.3203125, 116560.734375, 94747.6640625, 130453.875, 84511.8984375, 106766.265625, 110824.96875, 101878.2421875, 116937.578125, 97258.03125, 78194.0078125, 86713.65625, 99482.9609375, 74988.2890625, 84214.125, 114649.84375, 71186.984375, 90000.6171875, 93234.7421875, 105247.6484375, 95181.1015625, 59609.18359375, 86092.4921875, 71002.4765625, 93764.5390625, 152937.8125, 95245.390625, 66420.953125, 62306.1171875, 57075.796875, 89552.921875, 58941.328125, 98341.921875, 91173.515625, 99580.0625, 50677.44140625, 81363.734375, 71540.15625, 121348.84375, 55394.41015625, 44663.59375, 127930.9609375, 61430.3359375, 111401.171875, 89739.90625, 56744.37890625, 52642.5546875, 84569.765625, 57683.4453125, 82087.09375, 51611.546875, 76005.6953125, 91727.2109375, 58705.1484375, 83350.8359375, 87277.4296875, 56140.421875, 63048.51953125, 89147.15625, 81750.5, 70523.3046875, 43372.5078125, 66066.2109375, 97237.5625, 66239.5625, 62965.703125, 74530.375, 91530.6015625, 71910.515625, 55544.453125, 59197.72265625, 42594.55078125, 50367.38671875, 79524.8203125, 59103.8515625, 62363.85546875, 51587.85546875, 37170.7109375, 64171.265625, 39446.03125, 46175.421875, 82810.7734375, 67579.34375, 48519.56640625, 82400.6015625, 70785.5546875, 54382.65625, 26179.162109375, 53305.92578125, 42100.05078125, 64062.96875, 38765.6484375, 76056.3046875, 55892.51171875, 70197.8125, 39341.47265625, 47858.7578125, 45366.5546875, 45173.14453125, 47398.02734375, 59149.6875, 70030.4765625, 59403.88671875, 93999.6796875, 61887.51171875, 73416.0390625, 65284.6953125, 66859.0703125, 48273.7890625, 58969.953125, 60853.4765625, 54640.921875, 125616.2734375, 76658.9453125, 65090.5390625, 44927.48828125, 72518.5234375, 45768.4609375, 57346.60546875, 34952.41015625, 36690.73828125, 82743.15625, 63023.3046875, 46549.21875, 43747.46875, 72256.6328125, 43546.5625, 44384.484375, 26256.994140625, 57582.1328125, 65621.484375, 54670.3671875, 27514.490234375, 30979.953125, 52851.54296875, 76287.3984375, 24813.0859375, 88112.3828125, 56486.625, 49877.88671875, 33133.53125, 41128.203125, 47050.53515625, 78329.28125, 54082.6796875, 62801.8203125, 71812.8828125, 65361.7578125, 46727.28515625, 79521.6953125, 68897.640625, 45168.2578125, 49309.9453125, 99425.1484375, 27965.5078125, 65206.921875, 75415.0703125, 54846.671875, 54925.87109375, 27980.623046875, 40858.98046875, 51476.05859375, 106416.921875, 57098.09375, 52044.8046875, 50112.3984375, 40586.4296875, 66718.984375, 77783.0703125, 71451.359375, 43222.6015625, 62369.953125, 37272.0703125, 66187.328125, 43765.6953125, 60949.8671875, 44877.421875, 87910.40625, 37493.8203125, 37704.61328125, 54435.27734375, 67737.578125, 71586.3671875, 74059.234375, 32826.43359375, 95058.265625, 99637.7421875, 38298.50390625, 60392.5625, 63059.62890625, 34052.41015625, 29105.9609375, 45116.515625, 25783.685546875, 41375.66796875, 54466.66015625, 47477.8828125, 68055.03125, 51436.69921875, 71974.890625, 80147.6875, 53806.71875, 32459.837890625, 36385.62890625, 80879.171875, 72815.125, 85000.9921875, 95531.34375, 42373.875, 38480.33984375, 52937.6484375, 51109.65234375, 50225.734375, 64068.3125, 45294.3828125, 33805.55859375, 39553.79296875, 44913.91796875, 69529.3828125, 56368.4609375, 23308.017578125, 34244.953125, 76352.53125, 48667.8125, 74358.8125, 92579.34375, 67037.953125, 50085.875, 39550.8671875, 98528.09375, 52486.578125, 17879.982421875, 94212.515625, 38101.3671875, 61501.296875, 41335.18359375, 37203.65625, 74388.3671875, 47024.3046875, 51418.2578125, 57126.84375, 66738.3203125, 39246.4140625, 66241.3046875, 56956.40625, 78728.28125, 74394.0625, 55834.6484375, 55470.890625, 89262.0625, 28191.27734375, 74638.125, 47477.1796875, 43940.71875, 37438.6640625, 53084.79296875, 64799.7109375, 46972.6484375, 42748.68359375, 106384.6640625, 74170.953125, 55280.23046875, 69720.4296875, 80573.7109375, 75771.78125, 81098.8671875, 70487.875, 68454.40625, 57727.94140625, 47278.88671875, 42657.65234375, 82253.0625, 45957.91796875, 38237.12109375, 65063.11328125, 32702.46484375, 62964.09375, 72712.3828125, 27239.9921875, 46418.37109375, 59385.66796875, 82203.453125, 21432.90625, 99134.28125, 62930.08203125, 44742.87890625, 67806.265625, 45908.8125, 31143.306640625, 35517.96875, 30987.24609375, 34445.01953125, 41217.2734375, 56943.609375, 51525.546875, 56093.16796875, 56863.6875, 40712.10546875, 96521.953125, 43259.68359375, 35087.25390625, 46443.546875, 49024.5, 38718.3515625, 35019.47265625, 73385.875, 61285.4140625, 63818.8671875, 61787.65234375, 49248.6171875, 69404.71875, 55720.23828125, 45488.78515625, 39989.0703125, 46279.6328125, 59633.66796875, 59557.984375, 49722.1953125, 40396.9765625, 45307.828125, 60977.71484375, 34692.2265625, 38706.46484375, 45795.18359375, 45204.4140625, 53642.2734375, 37367.90625, 64765.91796875, 29289.720703125, 45457.58203125, 46552.42578125, 88619.140625, 56973.8125, 37097.42578125, 37223.828125, 63473.9296875, 42019.29296875, 88083.5078125, 40751.609375, 36727.515625, 25633.462890625, 30140.990234375, 29252.986328125, 53023.515625, 60836.19140625, 98393.515625, 36412.0625, 45234.42578125, 72747.9140625, 45481.546875, 66738.3984375, 62649.32421875, 69371.3984375, 38049.32421875, 46160.5390625, 39436.6796875, 85922.125, 88014.296875, 38412.8671875, 39739.85546875, 61404.5859375, 56169.5546875, 63976.0234375, 17082.22265625, 43178.4140625, 28360.26953125, 29792.6484375, 39813.28125, 39521.765625, 83527.0390625, 67786.2265625, 43362.71484375, 58815.375, 52659.671875, 37945.25, 53052.22265625, 50922.234375, 39010.359375, 91575.421875, 45720.00390625, 72365.0703125, 38521.60546875, 44298.171875, 34316.50390625, 71742.6796875, 48620.109375, 58919.46484375, 78980.4140625, 56098.66015625, 48028.2265625, 57152.6875, 58980.90234375, 40546.625, 31867.87109375, 87874.703125, 49351.25, 39644.6328125, 49887.70703125, 73325.9609375, 49573.1640625], "name": "default", "desc": "lr_0.01_nb_16_ld_8_b_4", "folder": "./saves/grid_seach/search1/lr_0.01_nb_16_ld_8_b_4_default_20240213-224819"}