{"nhidden": 128, "rnn_nhidden": 32, "obs_dim": 1, "latent_dim": 8, "lr": 0.001, "n_batch": 16, "beta": 4, "total_epochs_train": 50, "epochs_per_train": 5, "epochs": 50, "loss": [156498.375, 159600.625, 239199.03125, 197929.734375, 176790.34375, 150300.796875, 144855.84375, 239497.34375, 109374.4375, 171735.4375, 190321.0, 167563.625, 166484.3125, 221907.21875, 174562.765625, 123106.625, 132081.171875, 171825.96875, 150807.203125, 151934.3125, 173701.359375, 221765.515625, 148541.796875, 182906.25, 212362.234375, 177379.8125, 97655.1796875, 166895.359375, 188803.109375, 147600.265625, 147570.8125, 121760.5390625, 175012.609375, 117137.171875, 168717.03125, 172332.0625, 115493.546875, 131070.90625, 109341.1875, 163358.34375, 184941.28125, 114255.375, 189586.796875, 169839.65625, 143150.34375, 152723.859375, 119039.9765625, 151243.28125, 142230.5625, 116031.9296875, 134089.8125, 145059.4375, 139581.125, 127974.90625, 111674.515625, 155347.875, 126796.765625, 146357.125, 152730.96875, 114675.8671875, 132750.796875, 256409.46875, 184798.296875, 164729.84375, 217817.578125, 231100.34375, 195136.6875, 173843.65625, 174624.78125, 118110.6484375, 138089.375, 105224.625, 181727.1875, 140129.59375, 146019.4375, 140945.015625, 191651.828125, 119549.9375, 115350.6875, 112236.9140625, 125616.9921875, 160947.671875, 104413.0859375, 126076.109375, 146264.765625, 136179.59375, 90033.25, 121742.84375, 91726.046875, 110823.984375, 139199.359375, 126568.625, 107872.625, 121164.6875, 95395.46875, 99776.359375, 139223.421875, 126574.921875, 101042.5, 124139.40625, 92620.7421875, 123049.4140625, 101349.359375, 119035.1953125, 152129.75, 96774.765625, 105898.96875, 103616.0625, 118112.1796875, 111210.6328125, 112217.90625, 122841.7265625, 94138.453125, 102734.3828125, 95248.15625, 132994.5625, 97739.6328125, 94932.328125, 103483.359375, 110510.9453125, 88225.75, 111018.71875, 110310.4453125, 121492.1796875, 107825.390625, 127836.734375, 115692.890625, 90049.203125, 89648.046875, 140192.453125, 91813.484375, 127867.7578125, 93077.96875, 95897.4609375, 100866.0859375, 97321.2265625, 96966.546875, 95135.0859375, 141750.546875, 132819.0625, 142212.234375, 83748.65625, 88196.21875, 88048.1953125, 111729.4140625, 135086.375, 97372.1953125, 117011.78125, 101254.828125, 95947.4453125, 96070.046875, 83287.359375, 128983.453125, 92993.03125, 106080.984375, 110040.359375, 118596.1875, 132680.28125, 99063.453125, 88887.453125, 105499.6015625, 110339.109375, 77355.15625, 110752.46875, 104360.671875, 105366.921875, 94957.7734375, 103329.2265625, 117489.734375, 120490.0, 86369.359375, 91460.84375, 74734.203125, 116921.5625, 102235.8203125, 121202.4375, 153657.03125, 84675.1953125, 99751.109375, 99009.671875, 116692.390625, 81705.3125, 84296.4296875, 113619.6875, 102027.0703125, 101069.8984375, 88487.2578125, 80208.765625, 94767.265625, 118571.3203125, 98038.2265625, 87918.640625, 104671.3828125, 106775.625, 86994.96875, 77964.9296875, 89782.234375, 82548.2578125, 90325.015625, 71468.0078125, 97675.171875, 123093.171875, 96283.6875, 93282.7890625, 104239.1796875, 79504.828125, 81903.390625, 81667.0234375, 68550.6484375, 70454.5703125, 112298.7734375, 101537.4296875, 102716.2578125, 113515.3828125, 104954.4453125, 104306.703125, 110016.0546875, 97531.1953125, 102678.2421875, 94506.3984375, 100166.3046875, 89333.609375, 67009.8125, 94563.953125, 89682.9375, 73823.921875, 95057.875, 121580.5703125, 76493.09375, 79793.21875, 77627.75, 77202.25, 90748.6875, 96819.4453125, 81436.4921875, 74548.328125, 85306.109375, 89143.6484375, 69783.2109375, 110757.34375, 82320.1328125, 99301.578125, 79225.015625, 78826.65625, 91922.3125, 73710.0, 91983.59375, 63789.140625, 92053.109375, 93249.359375, 74647.1640625, 67923.6328125, 78277.984375, 70400.5546875, 89095.34375, 72147.3203125, 68122.2109375, 90231.7265625, 105943.90625, 86655.609375, 71326.0625, 72060.0625, 82670.734375, 57308.19140625, 87299.7734375, 64551.5234375, 99648.859375, 80965.046875, 88355.8671875, 78204.1796875, 65122.48828125, 90270.1015625, 92741.5625, 75935.5, 64181.9453125, 72308.40625, 84351.3671875, 70491.7109375, 77179.3671875, 65872.15625, 76872.8984375, 84558.9375, 82594.203125, 58507.31640625, 91315.234375, 76114.578125, 68935.75, 85360.28125, 70640.3125, 72203.875, 78900.40625, 62543.54296875, 81910.71875, 66279.0078125, 60543.984375, 80895.6484375, 77887.4375, 51001.9140625, 69019.0, 56112.6328125, 92514.9453125, 85154.234375, 57628.7265625, 65951.4375, 84867.3203125, 78612.65625, 62604.3203125, 60391.18359375, 63525.38671875, 66623.828125, 104491.0859375, 80333.859375, 63000.171875, 68543.1640625, 73014.953125, 58145.3984375, 67796.9296875, 68815.828125, 60827.3984375, 63985.5703125, 85087.28125, 88297.5078125, 97333.5625, 78722.7578125, 73142.109375, 69025.7578125, 62214.6953125, 69825.09375, 69593.484375, 52702.6875, 84180.5234375, 69357.0234375, 68600.3203125, 64581.73828125, 56331.38671875, 73669.015625, 86241.4140625, 55484.046875, 47234.15625, 51032.15625, 78133.328125, 86104.4453125, 71419.3515625, 69392.09375, 69586.3984375, 51164.62890625, 57965.3515625, 65311.203125, 52919.8125, 57400.546875, 62115.46875, 62927.95703125, 68433.2578125, 84700.390625, 56423.05859375, 49416.9453125, 55881.28515625, 51050.80859375, 53994.9375, 61399.734375, 39622.71484375, 64836.28125, 61135.33203125, 50011.91796875, 54639.203125, 69346.53125, 94748.828125, 66183.21875, 70177.6015625, 57203.375, 49036.609375, 71036.9765625, 62308.3125, 40279.7890625, 62502.58203125, 56674.08984375, 48186.3359375, 56933.6171875, 58081.296875, 47661.39453125, 67497.53125, 41165.0234375, 62112.4375, 65609.7421875, 57641.1640625, 50940.78125, 50356.7265625, 36485.7578125, 41367.984375, 41023.4375, 54259.859375, 47016.890625, 57103.3125, 46862.00390625, 47593.88671875, 116839.0625, 43430.02734375, 40967.84375, 55693.015625, 66935.328125, 47738.2578125, 67651.1484375, 36762.4375, 48004.765625, 43354.046875, 52670.890625, 35259.81640625, 64346.51171875, 34165.80078125, 79111.2109375, 48827.39453125, 47523.8125, 39098.97265625, 58182.3828125, 40809.1875, 49215.6328125, 55623.0625, 40003.640625, 63523.828125, 51130.01953125, 37955.0859375, 28892.0859375, 57384.19921875, 30344.966796875, 33964.953125, 50416.44140625, 33980.61328125, 65813.78125, 40816.90234375, 44172.3671875, 34147.18359375, 70476.359375, 43620.18359375, 40570.35546875, 38138.45703125, 28141.154296875, 58371.078125, 28599.21484375, 63023.59375, 57500.12890625, 39338.22265625, 37117.40625, 39089.18359375, 36428.8515625, 41923.73828125, 57324.96875, 39810.078125, 31663.421875, 83923.796875, 55116.24609375], "name": "default", "desc": "lr_0.001_nb_16_ld_8_b_4", "folder": "./saves/grid_seach/search4/lr_0.001_nb_16_ld_8_b_4_default_20240307-093038"}