{"nhidden": 128, "rnn_nhidden": 32, "obs_dim": 1, "latent_dim": 8, "lr": 0.001, "n_batch": 16, "beta": 0.001, "total_epochs_train": 10, "epochs_per_train": 5, "epochs": 10, "loss": [322540.875, 180574.5625, 115215.2578125, 161927.828125, 132103.046875, 167339.296875, 174542.0625, 148126.15625, 171075.234375, 171356.015625, 183677.875, 119679.8671875, 119152.9765625, 244670.859375, 187710.890625, 163962.484375, 148397.25, 153789.109375, 144147.375, 182581.3125, 158296.359375, 145928.6875, 176042.046875, 176498.65625, 190014.5625, 147009.03125, 163466.0, 124798.9296875, 111505.6484375, 125938.1171875, 247520.421875, 186650.1875, 118385.7265625, 146572.375, 139447.625, 158590.71875, 197630.65625, 140398.46875, 132374.859375, 105653.8125, 181868.359375, 151815.625, 137361.40625, 106951.8828125, 107098.8125, 111460.7265625, 103181.203125, 128801.7890625, 111505.984375, 241615.859375, 142829.703125, 136226.375, 114627.0, 112239.96875, 100912.53125, 119925.21875, 132552.515625, 114746.9921875, 176381.28125, 123305.265625, 176980.046875, 156497.625, 121357.046875, 154929.015625, 167729.546875, 153302.390625, 166945.609375, 181835.84375, 175061.03125, 193664.71875, 95289.2734375, 163907.515625, 152710.5625, 143375.296875, 131862.3125, 119630.390625, 98888.890625, 117481.2578125, 95522.671875, 143644.1875, 123896.90625, 129202.265625, 129280.3203125, 117225.1640625, 102961.1171875, 116868.703125, 149853.140625, 122954.875, 94535.0546875, 135083.875], "name": "default", "desc": "default run", "folder": "./saves/default_run_default_20240307-072414"}