{"nhidden": 128, "rnn_nhidden": 32, "obs_dim": 1, "latent_dim": 4, "lr": 0.0001, "n_batch": 16, "beta": 0.001, "total_epochs_train": 50, "epochs_per_train": 5, "epochs": 50, "loss": [204138.15625, 196210.0, 146013.0625, 134086.8125, 169252.84375, 145667.25, 144581.65625, 267366.625, 148103.71875, 153518.328125, 150896.5, 187538.4375, 180014.625, 248873.40625, 174609.25, 182188.296875, 136617.59375, 184517.875, 182895.328125, 117485.6171875, 178846.40625, 237583.53125, 121337.1484375, 167479.84375, 141212.125, 233300.25, 191019.40625, 166058.328125, 107274.4140625, 175145.109375, 228556.765625, 138878.828125, 144645.203125, 201409.65625, 179523.953125, 197926.84375, 142163.46875, 174610.359375, 249345.625, 154647.59375, 135941.09375, 162271.15625, 180554.625, 127189.7265625, 190499.015625, 151790.5, 146630.8125, 176646.296875, 205935.203125, 137748.5625, 167282.234375, 161563.46875, 221286.0625, 204842.21875, 119267.4921875, 141295.078125, 136178.984375, 199482.625, 207996.234375, 248840.484375, 156922.921875, 183382.75, 151741.90625, 167314.25, 155950.0, 144620.234375, 157086.46875, 174362.953125, 131792.015625, 166171.390625, 216928.65625, 240696.984375, 174478.28125, 244677.21875, 122360.3671875, 169343.8125, 106811.3203125, 200595.625, 175937.984375, 182420.046875, 173742.9375, 186036.640625, 116735.2265625, 127481.1484375, 228152.03125, 149339.328125, 145674.09375, 224879.171875, 149023.125, 178064.015625, 159911.328125, 234163.546875, 221881.484375, 120006.421875, 147754.359375, 108119.8828125, 188561.984375, 142667.96875, 214664.78125, 144876.203125, 177952.703125, 124152.578125, 121156.8359375, 155364.25, 228358.40625, 265297.625, 123025.25, 183390.796875, 192748.25, 168233.5625, 123401.40625, 206859.5, 109006.4609375, 205511.15625, 170677.21875, 143572.046875, 113463.8828125, 176661.625, 209845.90625, 142862.078125, 144410.3125, 149888.578125, 197972.9375, 167085.859375, 174582.484375, 132475.609375, 164211.375, 268447.40625, 184074.921875, 146342.8125, 216571.84375, 136402.234375, 112767.8125, 152692.875, 114362.734375, 163034.5625, 174099.484375, 174198.59375, 163081.40625, 145061.75, 191650.3125, 219997.1875, 130479.703125, 135915.15625, 139742.8125, 102218.0546875, 125294.25, 234786.265625, 231015.21875, 126896.03125, 171845.28125, 167815.4375, 121192.671875, 161986.78125, 141751.296875, 152891.359375, 140909.609375, 282562.4375, 92397.28125, 171325.671875, 144865.5, 203805.28125, 171220.40625, 116160.71875, 170480.90625, 187949.6875, 227029.078125, 145705.859375, 175391.859375, 158021.296875, 104073.2109375, 180185.046875, 214098.609375, 141954.875, 153708.34375, 110967.0, 230741.90625, 151826.953125, 108581.0078125, 114071.53125, 142575.84375, 160569.640625, 187546.078125, 200534.421875, 156050.953125, 197694.3125, 103877.2109375, 161784.28125, 119117.7109375, 164614.1875, 154876.5625, 106167.078125, 154644.1875, 123594.375, 159229.015625, 185658.8125, 186020.109375, 188669.328125, 175738.390625, 107277.65625, 159444.890625, 168543.875, 180400.5625, 117738.921875, 195861.828125, 114296.328125, 179643.4375, 199225.359375, 106058.6484375, 96041.765625, 123542.4609375, 175487.5, 158271.25, 219224.59375, 157379.609375, 154673.453125, 147008.953125, 182756.34375, 169963.859375, 111352.7890625, 139147.046875, 163109.453125, 117940.640625, 169209.484375, 145558.78125, 203014.65625, 160593.25, 135501.21875, 156148.15625, 100803.3984375, 104583.328125, 111748.5234375, 106995.6953125, 236382.1875, 115687.53125, 174874.046875, 199913.3125, 111636.7578125, 133063.859375, 123611.734375, 203571.21875, 133359.03125, 106150.734375, 194148.046875, 100178.5, 170239.484375, 133977.546875, 133685.8125, 101201.125, 101999.140625, 146824.03125, 155486.0625, 116371.4609375, 141173.53125, 126116.1953125, 147385.015625, 114471.6796875, 108065.921875, 189766.375, 143774.015625, 127116.046875, 134637.6875, 156590.703125, 140303.59375, 115663.921875, 154607.90625, 149332.203125, 136179.171875, 125079.9609375, 112635.2734375, 133533.359375, 106549.703125, 108241.71875, 148053.625, 142756.96875, 165233.84375, 100906.0078125, 147719.109375, 133795.25, 139405.046875, 95814.1015625, 106675.0703125, 112428.515625, 180196.40625, 110890.1953125, 155793.734375, 129975.6875, 113060.671875, 141074.6875, 151974.390625, 118582.234375, 112386.1875, 159752.09375, 141555.75, 127683.890625, 98794.109375, 101407.9453125, 125079.3828125, 106043.6796875, 169246.5625, 110953.875, 107678.1015625, 151539.90625, 128336.3125, 127552.203125, 124763.0625, 104863.6015625, 101829.3125, 112840.765625, 133078.390625, 150014.625, 149053.3125, 139307.078125, 109064.5234375, 145433.21875, 140788.546875, 106820.6015625, 122628.484375, 113751.859375, 166433.5625, 127425.3515625, 134660.359375, 104320.65625, 145793.28125, 118149.9296875, 188154.5625, 150791.0625, 134433.296875, 106532.234375, 97510.4140625, 120299.328125, 118734.1015625, 109835.828125, 128436.3359375, 116531.09375, 137426.953125, 153617.234375, 136916.28125, 114858.4765625, 114406.6796875, 109456.921875, 125616.2265625, 109752.8671875, 130156.71875, 134894.09375, 171047.703125, 108102.3984375, 109840.9375, 116974.3359375, 103767.2109375, 160195.546875, 125033.8671875, 134096.328125, 111290.921875, 129739.9609375, 106955.9609375, 146890.453125, 100098.234375, 145420.25, 124386.9921875, 136958.859375, 111043.1875, 110719.2890625, 113465.390625, 143101.234375, 133853.25, 105909.03125, 104748.9921875, 174437.828125, 96846.109375, 134662.75, 119346.703125, 158529.21875, 124432.28125, 121770.609375, 109016.8046875, 129492.578125, 126860.953125, 126922.453125, 112410.671875, 127210.65625, 104144.265625, 125492.375, 129756.25, 112162.0703125, 137320.375, 141298.84375, 130950.8203125, 157735.609375, 104081.015625, 139241.421875, 106207.09375, 113171.5, 142317.953125, 91728.765625, 134442.890625, 139418.8125, 108058.25, 115335.734375, 110810.7890625, 108554.015625, 137665.828125, 129306.953125, 115728.890625, 142714.265625, 120682.890625, 145027.484375, 117697.71875, 118110.5, 105629.609375, 97199.484375, 158914.953125, 101478.5234375, 100238.8046875, 149006.875, 104325.71875, 98145.140625, 126845.578125, 109363.6875, 110519.25, 146802.0625, 135514.8125, 100067.8515625, 114990.0859375, 155910.578125, 131406.390625, 105539.8828125, 114318.484375, 135832.46875, 111442.109375, 130059.125, 96054.7578125, 119285.9921875, 121449.375, 124690.765625, 110423.7109375, 179444.90625, 105205.3671875, 112312.890625, 93184.234375, 115544.59375, 151786.34375, 94707.328125, 126622.84375, 119742.25, 114992.2109375, 112009.9609375, 114082.0390625, 147059.8125, 103755.484375], "name": "default", "desc": "lr_0.0001_nb_16_ld_4_b_0.001", "folder": "./saves/grid_seach/search1/lr_0.0001_nb_16_ld_4_b_0.001_default_20240214-011940"}