{"nhidden": 128, "rnn_nhidden": 32, "obs_dim": 1, "latent_dim": 8, "lr": 0.001, "n_batch": 16, "beta": 0.001, "total_epochs_train": 10, "epochs_per_train": 5, "epochs": 10, "loss": [106371.25, 230481.921875, 150239.5, 204813.625, 176532.4375, 210492.0625, 106151.9609375, 190510.5, 162964.53125, 144138.859375, 168185.921875, 222108.0, 218824.28125, 186324.6875, 154990.53125, 167771.796875, 129592.4375, 139769.578125, 195924.65625, 167925.421875, 224830.75, 141425.515625, 150658.671875, 144263.421875, 170540.890625, 137887.953125, 151565.796875, 163567.28125, 148978.203125, 158796.953125, 227682.21875, 191765.828125, 112542.5703125, 129380.625, 160868.40625, 167669.0, 120726.3515625, 180098.0, 148214.578125, 136418.6875, 170352.125, 166136.375, 105493.78125, 192896.734375, 162156.953125, 129737.8984375, 142382.34375, 121918.296875, 199842.609375, 161526.375, 172614.453125, 148998.8125, 131415.9375, 100751.4453125, 101353.09375, 82145.3203125, 165067.140625, 134841.46875, 152154.6875, 122036.578125, 137866.1875, 130429.453125, 134486.765625, 150901.390625, 141713.34375, 156793.1875, 123451.34375, 114396.8671875, 113595.1875, 123543.328125, 96083.328125, 122148.8125, 140643.625, 121314.234375, 137936.765625, 118186.578125, 154666.828125, 132961.6875, 142976.25, 91644.40625, 103935.7890625, 115835.28125, 87662.1640625, 167858.9375, 127741.9453125, 101483.609375, 101610.328125, 93085.203125, 170038.953125, 104221.90625], "name": "default", "desc": "default run", "folder": "./saves/default_run_default_20240307-072907"}