{"nhidden": 128, "rnn_nhidden": 32, "obs_dim": 1, "latent_dim": 2, "lr": 0.0005, "n_batch": 16, "beta": 4, "total_epochs_train": 50, "epochs_per_train": 5, "epochs": 50, "loss": [160512.90625, 128792.7421875, 167375.84375, 153761.703125, 195978.84375, 257500.421875, 175436.09375, 210112.015625, 152854.90625, 115986.5, 210738.375, 157840.0, 195078.515625, 154387.96875, 243969.046875, 160513.90625, 242702.6875, 102627.5234375, 183878.8125, 234337.015625, 165743.34375, 85775.890625, 230358.640625, 181065.6875, 132005.6875, 148620.40625, 125383.5703125, 198212.5625, 169714.140625, 154113.234375, 110222.859375, 154825.0625, 166895.46875, 190390.8125, 151149.34375, 182380.59375, 182361.78125, 171532.15625, 141899.171875, 108667.640625, 202325.8125, 197415.53125, 128133.0546875, 208823.6875, 150126.15625, 188628.359375, 149743.25, 190956.84375, 113995.4765625, 168119.140625, 203151.140625, 175482.40625, 113539.09375, 155106.328125, 132282.46875, 198016.9375, 176634.71875, 142060.71875, 139165.234375, 109952.9921875, 149484.359375, 147563.703125, 244203.09375, 144209.21875, 135800.078125, 127924.1484375, 194685.90625, 153875.296875, 145115.390625, 126696.7265625, 166525.65625, 180338.15625, 139050.0625, 135687.59375, 131877.328125, 148267.984375, 174333.734375, 146784.359375, 110268.140625, 113260.6875, 197879.234375, 177896.609375, 132237.625, 127240.765625, 122587.4453125, 130792.140625, 98822.0625, 141572.625, 100058.5390625, 160206.078125, 136305.484375, 128613.0390625, 115796.4921875, 121194.484375, 133227.40625, 108761.265625, 125331.3203125, 160178.59375, 127649.4375, 137322.953125, 156217.578125, 142072.84375, 126202.484375, 125755.734375, 106223.0, 137121.6875, 114275.796875, 110107.5703125, 118885.4921875, 154958.890625, 112140.1796875, 102438.25, 103215.15625, 144816.3125, 99898.640625, 149786.53125, 137100.109375, 112132.0546875, 128642.84375, 91096.609375, 119994.546875, 131108.9375, 120466.609375, 155763.015625, 115962.0625, 116512.1015625, 131385.84375, 100823.171875, 122021.1953125, 110184.453125, 117656.9765625, 102835.03125, 108822.25, 112936.7265625, 132928.96875, 117150.5, 109365.2109375, 123352.84375, 97628.2265625, 107225.484375, 108784.6328125, 113654.140625, 122373.65625, 86766.6796875, 106006.078125, 90704.4921875, 125000.8984375, 117966.609375, 125337.015625, 130090.1171875, 107050.6640625, 86531.09375, 92921.9609375, 127852.8828125, 83092.59375, 125528.625, 106054.78125, 104021.1875, 125072.8671875, 98833.0234375, 109050.640625, 102450.765625, 115573.328125, 107886.109375, 91026.5625, 110556.421875, 112893.2578125, 79747.84375, 113695.578125, 85477.28125, 105967.5859375, 109119.109375, 154245.09375, 103232.671875, 94733.359375, 97105.8046875, 87348.6875, 118282.234375, 112560.0546875, 82591.9765625, 105494.9375, 96772.8828125, 109940.3515625, 104245.578125, 100758.59375, 92312.8125, 95226.796875, 101129.0625, 107024.6015625, 105717.0859375, 92296.9609375, 104486.7265625, 84582.953125, 95826.75, 85682.375, 124642.171875, 86184.046875, 101611.0703125, 93426.0078125, 101083.0390625, 80539.171875, 87404.3203125, 82174.203125, 108528.6875, 104501.453125, 104237.3125, 87179.328125, 84000.7890625, 125483.921875, 100835.015625, 80879.671875, 87514.453125, 95911.15625, 76711.71875, 126664.6875, 81031.65625, 77367.109375, 96203.4921875, 105331.6875, 84687.046875, 116168.9375, 70055.421875, 89780.0, 91078.234375, 108116.234375, 67212.640625, 90809.984375, 83065.765625, 76483.453125, 97450.4140625, 76185.0, 97464.953125, 93848.546875, 81627.0703125, 90237.03125, 76560.671875, 72803.0234375, 135566.890625, 87449.828125, 73717.84375, 80983.40625, 69210.09375, 84213.265625, 84158.7421875, 76086.3359375, 66456.4296875, 106170.5234375, 108905.6640625, 73408.421875, 91054.1484375, 73218.0234375, 71523.515625, 69260.171875, 90355.3984375, 75855.703125, 69885.3359375, 90697.5078125, 97048.359375, 68240.1328125, 84436.2578125, 107716.1015625, 79452.7109375, 79108.3125, 78560.3984375, 88160.328125, 96999.3125, 59044.7421875, 100921.796875, 103158.40625, 99557.6015625, 65798.953125, 77239.6875, 103508.3359375, 74165.828125, 97889.8125, 89340.1640625, 68158.5703125, 93131.3671875, 70238.7109375, 66470.5078125, 90115.78125, 75356.8671875, 71027.4453125, 90776.09375, 70736.875, 70266.9921875, 107493.3828125, 69453.078125, 69011.609375, 71199.328125, 62648.1015625, 77971.1953125, 62777.984375, 75331.0859375, 112740.0390625, 86141.15625, 79780.6796875, 67792.9921875, 80143.5625, 71956.265625, 94152.84375, 92204.8046875, 91486.1015625, 67082.640625, 68664.3828125, 74407.90625, 91393.75, 73598.4296875, 62439.21484375, 62043.390625, 80489.0, 96811.15625, 64595.07421875, 79321.5859375, 71368.2109375, 54883.2265625, 77414.5390625, 57458.67578125, 123807.6796875, 64972.0546875, 60622.859375, 76159.9765625, 69146.6796875, 66497.015625, 71680.59375, 82616.8046875, 56567.32421875, 67221.9765625, 64946.16796875, 87413.28125, 73085.7734375, 55669.93359375, 80028.34375, 73171.7265625, 81395.765625, 79215.5859375, 78765.484375, 68530.1015625, 90354.9375, 68102.5234375, 68068.8046875, 65611.6640625, 68914.703125, 94950.921875, 58182.78125, 59571.53125, 86573.84375, 70859.109375, 73122.3984375, 59688.09765625, 65246.54296875, 87044.3671875, 71110.3359375, 69694.1484375, 95407.2265625, 61820.609375, 51415.57421875, 60364.9765625, 71757.296875, 58729.71484375, 70414.625, 83403.8984375, 58978.06640625, 53220.078125, 44611.03125, 88663.359375, 101837.8203125, 66091.2890625, 60749.58984375, 52113.55859375, 66830.0625, 72576.140625, 79043.4375, 61508.40625, 66685.875, 58241.69140625, 50526.2421875, 78053.671875, 55073.30859375, 66625.265625, 59412.484375, 62600.3125, 52569.76171875, 77718.78125, 68129.671875, 59512.63671875, 104184.578125, 66138.5625, 99475.609375, 64558.796875, 49369.1796875, 62804.5625, 67480.0234375, 56419.83203125, 86930.8359375, 54144.2265625, 82461.2421875, 67229.75, 81234.5859375, 53983.8984375, 64733.0703125, 79730.5390625, 60298.015625, 58887.18359375, 47685.47265625, 77197.859375, 51548.34765625, 57373.09765625, 51403.0234375, 69489.90625, 59612.4140625, 75838.1796875, 51696.71484375, 85782.546875, 49044.64453125, 58050.875, 82659.125, 64108.78125, 61637.52734375, 53957.09375, 43610.6484375, 79925.734375, 79204.703125, 57144.46875, 90469.3203125, 53272.05859375, 99124.453125, 57109.77734375, 64091.71875, 52890.34375, 66421.609375, 52624.9609375, 56525.29296875, 47817.26171875, 51465.59765625, 71380.546875, 60294.078125, 65515.3515625, 54581.6171875, 51237.125, 116281.671875, 58492.234375, 53936.35546875, 67520.5390625, 58149.86328125, 63198.765625, 57071.921875, 54131.171875, 81794.015625, 57370.578125], "name": "default", "desc": "lr_0.0005_nb_16_ld_2_b_4", "folder": "./saves/grid_seach/search1/lr_0.0005_nb_16_ld_2_b_4_default_20240214-004647"}