{"nhidden": 128, "rnn_nhidden": 32, "obs_dim": 1, "latent_dim": 8, "lr": 0.001, "n_batch": 16, "beta": 0.001, "total_epochs_train": 10, "epochs_per_train": 5, "epochs": 10, "loss": [171849.515625, 217501.875, 181666.40625, 164921.171875, 179502.34375, 149331.265625, 140552.484375, 143134.4375, 211217.96875, 155063.390625, 140882.34375, 208158.15625, 198560.25, 177589.625, 133992.453125, 136899.59375, 165330.15625, 210392.9375, 127258.34375, 115968.140625, 205974.53125, 173024.296875, 127429.6953125, 244031.890625, 153623.75, 164421.078125, 186031.0625, 183962.796875, 142659.3125, 182022.375, 202766.296875, 99072.6328125, 163739.453125, 131930.875, 108153.0078125, 244164.203125, 165619.9375, 149990.078125, 126688.953125, 154803.984375, 119954.984375, 204703.421875, 122588.734375, 185614.234375, 119705.328125, 185636.3125, 141898.0625, 218673.375, 108566.5, 159579.4375, 129614.6015625, 125661.484375, 117623.484375, 113538.359375, 153219.5, 123703.296875, 139512.25, 121494.3671875, 113576.6328125, 114169.53125, 162173.859375, 129045.8515625, 125192.3515625, 108907.3984375, 144618.1875, 146583.828125, 109322.4921875, 100970.875, 161624.140625, 138241.671875, 139346.640625, 122057.8125, 176778.703125, 119500.4921875, 153135.46875, 130109.140625, 94100.1328125, 141809.6875, 114656.8828125, 108723.7109375, 119995.9140625, 118552.0234375, 150539.640625, 121645.6484375, 115350.46875, 107132.53125, 120644.6484375, 100437.90625, 156228.875, 128546.671875], "name": "default", "desc": "default run", "folder": "./saves/default_run_default_20240307-062727"}