{"nhidden": 128, "rnn_nhidden": 32, "obs_dim": 1, "latent_dim": 16, "lr": 0.001, "n_batch": 16, "beta": 1, "total_epochs_train": 50, "epochs_per_train": 5, "epochs": 50, "loss": [132830.890625, 135313.203125, 280463.8125, 106022.828125, 225144.34375, 158046.640625, 210729.625, 139393.953125, 182993.234375, 145570.78125, 192246.71875, 123420.7734375, 184216.109375, 118712.5, 150786.984375, 170853.375, 204243.78125, 253424.34375, 132886.46875, 148516.921875, 167293.0625, 134735.984375, 236982.3125, 125799.7578125, 156084.84375, 258737.3125, 152919.1875, 122912.984375, 114060.3515625, 198823.0625, 120626.359375, 184832.703125, 140065.34375, 164397.375, 211940.421875, 184774.953125, 116771.6953125, 133619.0625, 151597.078125, 235398.8125, 136383.78125, 149257.625, 145075.296875, 125019.1875, 151571.703125, 121061.15625, 136354.828125, 134554.46875, 162011.59375, 132427.25, 123609.1015625, 134985.265625, 143943.90625, 192025.1875, 135119.265625, 206130.0, 128804.578125, 99455.90625, 141986.40625, 108984.8046875, 111508.4765625, 140400.53125, 135318.734375, 119981.703125, 112958.2890625, 108247.40625, 110986.546875, 163246.828125, 153205.640625, 126667.5546875, 169766.515625, 109094.640625, 131321.078125, 147904.265625, 145675.0625, 137639.859375, 115287.375, 121611.0, 122557.484375, 120587.9609375, 120485.5546875, 110840.828125, 127803.453125, 131146.375, 96197.765625, 112428.9140625, 156864.578125, 142395.1875, 99488.390625, 165104.765625, 123725.53125, 140111.65625, 159491.4375, 124862.203125, 126424.65625, 89123.375, 107571.53125, 129227.8203125, 88504.9921875, 120980.6875, 140344.90625, 131650.90625, 103085.8125, 130854.6875, 128583.7890625, 116608.7421875, 111266.625, 97429.96875, 128997.5703125, 100658.8046875, 120838.78125, 109061.8671875, 102725.90625, 130799.7265625, 129330.796875, 120656.1015625, 108612.796875, 117397.4609375, 131893.515625, 122482.6640625, 127543.140625, 109113.609375, 92607.9609375, 73211.7109375, 148500.90625, 113307.4921875, 107686.859375, 100941.375, 124443.4140625, 127200.078125, 111667.8125, 90347.71875, 152305.96875, 107628.3984375, 108823.546875, 110002.65625, 142489.3125, 109571.5625, 91660.2421875, 106654.1953125, 87805.7734375, 172904.21875, 106886.96875, 90975.203125, 104391.5859375, 107321.3671875, 100659.8984375, 101401.9453125, 92653.1015625, 92765.453125, 113977.421875, 112658.921875, 167738.5, 118699.6875, 91631.8203125, 125843.890625, 92654.2734375, 122004.796875, 111297.1640625, 153900.9375, 91258.890625, 91905.6875, 123773.9453125, 84932.9453125, 114681.6875, 103402.390625, 121074.9765625, 94938.3125, 118325.6796875, 83914.484375, 82290.9765625, 85754.8359375, 84133.6796875, 115287.140625, 89356.59375, 87629.3046875, 122915.359375, 89842.3671875, 128184.2890625, 81416.2109375, 74982.7890625, 149510.96875, 107062.90625, 99007.0625, 81066.90625, 74937.828125, 104139.71875, 112627.1875, 77891.921875, 89966.9453125, 85730.96875, 73972.84375, 99821.5625, 88033.5859375, 104977.578125, 105816.6640625, 89428.59375, 123755.9140625, 79870.765625, 84032.3046875, 133012.09375, 77978.359375, 89225.0546875, 72055.3515625, 97290.6796875, 103818.1015625, 113288.578125, 77108.421875, 80874.7578125, 74230.421875, 101105.3515625, 83821.859375, 112848.640625, 99322.9375, 79660.9140625, 71000.875, 99430.84375, 113913.765625, 70899.3125, 101444.03125, 77847.625, 61112.3203125, 92344.3359375, 64898.3515625, 97620.078125, 62150.890625, 92385.7578125, 82278.6796875, 100065.640625, 92705.8203125, 68686.296875, 107567.6328125, 96190.890625, 72788.640625, 66534.0546875, 108628.3046875, 62482.9921875, 61181.65234375, 112295.203125, 60027.4296875, 73783.0625, 93955.2265625, 88178.65625, 71678.1484375, 71305.4609375, 65662.09375, 93387.453125, 49529.890625, 61011.8828125, 89570.5859375, 77738.78125, 81851.6171875, 59279.140625, 57871.6875, 61978.80078125, 85568.3125, 96678.25, 91321.2890625, 58900.0703125, 55194.078125, 151497.984375, 68893.234375, 67953.1171875, 114610.7890625, 60036.0625, 58496.234375, 83435.1171875, 80174.203125, 73174.09375, 69036.2109375, 70014.2578125, 76604.28125, 52051.4921875, 83427.5234375, 69114.6328125, 53245.84375, 102724.4375, 63321.7734375, 97527.6328125, 54724.24609375, 47098.26171875, 78553.21875, 83016.453125, 70579.34375, 85537.5625, 49039.8046875, 73572.2890625, 59342.484375, 66956.8671875, 76215.6796875, 58436.5, 63331.828125, 62833.03125, 89083.1015625, 45758.5859375, 69203.9375, 57312.76953125, 71963.0859375, 53486.51171875, 50924.4921875, 41543.44140625, 60521.0234375, 68584.6640625, 51752.55078125, 100817.7890625, 66478.8984375, 71682.109375, 41765.03125, 73376.0390625, 52221.31640625, 56722.74609375, 38753.35546875, 72655.3828125, 62147.11328125, 67491.71875, 48560.0703125, 38110.96875, 141380.0625, 80545.640625, 67766.2578125, 58106.09375, 50637.03515625, 36074.9296875, 63682.87109375, 50020.19140625, 65348.80078125, 47036.32421875, 46457.4453125, 60000.8515625, 53345.26171875, 52981.640625, 82472.234375, 85175.484375, 85451.3828125, 64578.328125, 64049.45703125, 71620.59375, 76646.59375, 73153.859375, 34532.30078125, 69715.1484375, 57924.234375, 51332.16015625, 45858.1484375, 88524.46875, 50204.10546875, 67600.046875, 59608.16015625, 51001.9296875, 65525.98828125, 32711.822265625, 56387.578125, 41170.28125, 45384.8125, 40784.0859375, 68194.140625, 41942.22265625, 98662.8828125, 61793.48828125, 38882.62109375, 66710.265625, 46928.6796875, 55821.43359375, 80708.03125, 62651.33984375, 49028.3671875, 74370.15625, 45087.18359375, 54115.00390625, 61189.76953125, 93610.3125, 48538.64453125, 45612.5390625, 29133.4296875, 62861.0, 94091.96875, 49907.8359375, 46871.6875, 107884.8359375, 44133.890625, 56894.26171875, 37342.8984375, 37291.21875, 46825.33203125, 81034.0390625, 55673.11328125, 67115.8828125, 30192.31640625, 89034.2578125, 62575.73828125, 56666.78125, 74766.4921875, 76939.28125, 45929.89453125, 44123.2734375, 77699.0078125, 40289.36328125, 56609.16796875, 39390.125, 101260.1015625, 75628.6640625, 47147.453125, 75909.8125, 57252.23046875, 51129.15625, 31890.564453125, 78132.3046875, 51616.6640625, 44776.609375, 74870.34375, 73028.6484375, 53869.09375, 45008.41015625, 69477.0625, 48351.375, 87222.140625, 61991.421875, 33588.09765625, 48655.35546875, 63634.1015625, 51949.390625, 70576.4609375, 55878.69140625, 49584.78515625, 53741.296875, 56684.89453125, 79707.5703125, 39674.359375, 60912.359375, 55780.43359375, 50206.46875, 62843.32421875, 71751.0859375, 38846.91015625, 71926.84375, 73229.109375, 47301.0703125, 41445.15234375, 66645.8828125, 53332.68359375, 38941.40234375, 50994.55859375, 38154.0078125, 35767.37109375, 52481.6953125, 67668.40625, 44776.6640625, 60217.0703125, 81105.953125, 61966.515625], "name": "default", "desc": "lr_0.001_nb_16_ld_16_b_1", "folder": "./saves/grid_seach/search4/lr_0.001_nb_16_ld_16_b_1_default_20240307-093859"}