{"nhidden": 128, "rnn_nhidden": 32, "obs_dim": 1, "latent_dim": 8, "lr": 0.0001, "n_batch": 16, "beta": 0.5, "total_epochs_train": 50, "epochs_per_train": 5, "epochs": 50, "loss": [204662.703125, 145920.15625, 177885.65625, 153824.828125, 211835.734375, 198436.0625, 178984.6875, 146531.8125, 194414.59375, 185332.515625, 205778.234375, 175582.515625, 140639.6875, 205845.90625, 146549.046875, 159812.109375, 204442.65625, 183039.90625, 127850.421875, 184184.453125, 185911.21875, 251485.296875, 182841.0, 224928.0, 102899.3359375, 143082.8125, 164476.078125, 147541.015625, 136618.359375, 238735.90625, 166085.75, 170747.5625, 210788.375, 140609.03125, 150125.53125, 178300.8125, 110591.34375, 181889.28125, 125492.03125, 173371.359375, 128947.71875, 270467.625, 128127.078125, 207941.53125, 202072.59375, 113856.9375, 174525.40625, 213362.21875, 170587.125, 115893.5859375, 150557.59375, 219545.375, 196741.90625, 226268.484375, 205140.765625, 174181.125, 129697.7421875, 220598.015625, 152081.5625, 181443.078125, 211851.921875, 132683.328125, 148706.1875, 132162.390625, 210086.421875, 202933.5, 107633.890625, 149201.1875, 194094.265625, 150240.96875, 206240.828125, 177703.984375, 100879.5, 123898.7734375, 184448.5, 176257.359375, 195316.453125, 204777.734375, 154538.65625, 153695.515625, 266439.15625, 121544.296875, 251035.953125, 185758.671875, 124744.609375, 182929.140625, 124932.234375, 175020.75, 191577.3125, 179800.546875, 188433.125, 127897.9296875, 131054.7734375, 133715.796875, 230638.21875, 176474.609375, 210410.0, 244821.015625, 129676.046875, 166379.015625, 132710.515625, 118210.7890625, 178068.125, 226769.515625, 161119.703125, 195217.453125, 131861.4375, 224370.25, 156066.375, 156013.140625, 235265.9375, 186412.359375, 173503.84375, 138172.953125, 148971.34375, 161910.640625, 170434.125, 215562.609375, 249068.6875, 154399.640625, 124890.078125, 97956.265625, 142559.8125, 206305.953125, 131031.265625, 202443.421875, 165597.25, 165003.578125, 202505.703125, 212475.59375, 144832.984375, 246009.859375, 134962.015625, 165177.609375, 87618.21875, 171602.234375, 209289.28125, 167773.890625, 168123.859375, 157344.125, 161619.515625, 131610.765625, 151265.0625, 181421.46875, 172118.546875, 146715.203125, 175047.890625, 263333.34375, 169434.125, 214626.828125, 104477.078125, 120226.8671875, 138402.484375, 131108.59375, 199302.390625, 216542.53125, 206665.265625, 130256.53125, 123708.890625, 161522.03125, 181779.3125, 166793.15625, 167111.15625, 179855.28125, 164140.046875, 143606.796875, 233772.375, 167115.328125, 144032.15625, 145994.71875, 155394.90625, 140491.421875, 267598.625, 142154.984375, 155604.96875, 109011.390625, 226968.59375, 105608.8203125, 177525.859375, 165070.21875, 189602.125, 193269.34375, 158322.453125, 118620.3125, 176980.65625, 143559.125, 194646.90625, 128519.125, 199450.28125, 169629.171875, 197330.984375, 150979.375, 188956.46875, 153991.875, 126030.0625, 126570.2265625, 205241.984375, 150440.25, 203414.90625, 176691.53125, 190774.671875, 138865.609375, 110972.8984375, 142354.890625, 189833.078125, 133531.90625, 181754.796875, 143020.390625, 246736.125, 144349.109375, 190705.921875, 169596.953125, 133520.546875, 125505.265625, 106012.53125, 172676.234375, 199684.40625, 186824.6875, 197672.296875, 181696.421875, 155770.46875, 111400.953125, 96764.5, 115032.46875, 190514.0625, 136545.921875, 238577.140625, 125832.1484375, 168925.6875, 161101.890625, 143475.71875, 138510.484375, 142068.53125, 142033.765625, 105139.7890625, 183146.09375, 140687.78125, 204082.84375, 157665.03125, 120766.609375, 185971.59375, 135981.25, 146841.28125, 202097.75, 117634.765625, 129749.1796875, 104186.578125, 145521.03125, 197613.796875, 170727.5625, 114027.0703125, 152015.953125, 165110.125, 167253.828125, 198081.71875, 168433.75, 127700.8046875, 131990.203125, 134853.640625, 131304.828125, 129221.3125, 138413.15625, 127242.5078125, 197704.9375, 179162.5, 126435.3984375, 129486.0390625, 115177.15625, 111141.84375, 151961.265625, 144989.765625, 161000.1875, 131906.953125, 114136.234375, 118341.3125, 96520.578125, 131062.3125, 157693.078125, 171058.046875, 133190.8125, 126891.1875, 112198.7734375, 121577.375, 114600.921875, 159036.515625, 143681.609375, 152951.625, 97999.9140625, 158306.25, 121552.3515625, 128638.7109375, 122878.4921875, 89133.859375, 99899.640625, 126368.46875, 127800.859375, 208202.25, 152203.921875, 99324.59375, 102074.8359375, 93331.328125, 126130.078125, 120968.5234375, 180423.515625, 175146.34375, 122764.6015625, 135837.171875, 137663.234375, 133004.953125, 126913.171875, 104773.40625, 110677.9921875, 82954.71875, 126389.921875, 165027.5, 133232.953125, 91995.53125, 93750.7734375, 104193.796875, 151375.0625, 112630.5859375, 124675.8125, 133138.125, 112454.984375, 101679.171875, 83172.8671875, 141395.0625, 98743.4296875, 182174.296875, 123869.5390625, 108421.640625, 108993.1171875, 113362.34375, 117793.6484375, 166517.59375, 124823.4765625, 125654.75, 112177.7890625, 122347.9609375, 112073.40625, 96177.3203125, 92033.7890625, 98508.8203125, 155272.625, 113067.390625, 113838.0234375, 102404.3828125, 138179.78125, 122801.9296875, 128687.171875, 100782.8515625, 107114.1640625, 100781.515625, 128360.78125, 82261.4609375, 122178.7421875, 118340.5390625, 120078.2109375, 123102.25, 118791.0234375, 141035.78125, 113821.125, 107118.609375, 123935.0234375, 94866.015625, 109943.125, 102726.578125, 145295.625, 113725.25, 118500.671875, 105350.9609375, 95947.6953125, 142838.90625, 117775.234375, 121495.09375, 77534.3671875, 108024.96875, 147647.234375, 87273.9140625, 102935.2734375, 115505.03125, 127476.109375, 123273.875, 92754.4921875, 112415.0390625, 118753.46875, 89228.546875, 108984.2109375, 114831.578125, 127373.4609375, 117627.15625, 98661.5234375, 105433.359375, 128107.359375, 113366.1875, 126600.640625, 138916.640625, 126450.15625, 100313.53125, 93950.953125, 128197.6796875, 129583.78125, 113932.6015625, 114494.3828125, 90104.21875, 114235.78125, 95367.2265625, 95935.8125, 116054.796875, 127362.8046875, 75609.96875, 110415.1171875, 120558.359375, 155880.1875, 105678.6484375, 95226.53125, 124320.4296875, 93761.453125, 125279.59375, 101391.0703125, 103941.78125, 146611.65625, 110133.8828125, 94112.8046875, 90421.4375, 101946.6875, 123421.078125, 163435.953125, 114311.359375, 117903.484375, 122295.15625, 80271.109375, 107334.5, 112481.5625, 153159.40625, 104777.8359375, 107601.875, 113020.5859375, 91255.6171875, 96837.9453125, 99410.234375, 89556.8515625, 98172.40625, 151130.203125, 110546.703125, 115500.125, 93096.046875, 106411.3046875, 108847.546875, 113344.015625], "name": "default", "desc": "lr_0.0001_nb_16_ld_8_b_0.5", "folder": "./saves/grid_seach/search1/lr_0.0001_nb_16_ld_8_b_0.5_default_20240214-012513"}