{"nhidden": 128, "rnn_nhidden": 32, "obs_dim": 1, "latent_dim": 4, "lr": 0.01, "n_batch": 16, "beta": 4, "total_epochs_train": 50, "epochs_per_train": 5, "epochs": 50, "loss": [158823.1875, 142049.625, 202646.28125, 209122.515625, 128100.265625, 131946.078125, 209235.796875, 145729.984375, 169207.625, 169455.25, 155094.25, 187640.875, 122958.3125, 161475.15625, 213242.015625, 189987.1875, 137717.71875, 155612.078125, 139406.75, 115297.75, 182926.15625, 132735.21875, 167257.5625, 196928.5, 249194.78125, 126048.8046875, 129054.5703125, 143281.5625, 130712.0, 156734.515625, 153465.15625, 176762.03125, 190991.765625, 162352.0625, 140501.703125, 117180.515625, 184233.90625, 156061.125, 155404.71875, 138444.4375, 98640.046875, 104941.203125, 132374.359375, 119648.0703125, 105375.46875, 95216.203125, 104738.921875, 170858.359375, 123819.875, 120933.8125, 135721.734375, 128791.1171875, 120077.84375, 108663.765625, 111620.390625, 129801.359375, 141100.296875, 88547.1015625, 109315.765625, 111874.453125, 118377.828125, 91829.0703125, 138872.625, 140550.34375, 107619.9765625, 90787.21875, 92891.1640625, 118374.375, 74838.9453125, 116154.0625, 99490.8515625, 65370.13671875, 112250.984375, 103479.078125, 99814.4296875, 75968.5703125, 89817.2578125, 72479.3359375, 85448.375, 98533.8125, 72015.671875, 80898.6796875, 77927.3046875, 114089.7890625, 141115.25, 132919.921875, 87895.265625, 113042.5, 118081.984375, 127140.4921875, 70495.4609375, 146681.34375, 123248.1171875, 107163.828125, 167416.34375, 117488.734375, 127857.78125, 88911.6640625, 88473.84375, 122115.5, 91571.7109375, 119297.875, 119966.234375, 83771.3125, 93222.515625, 74098.34375, 98097.9921875, 107581.515625, 102662.4375, 87974.3671875, 126044.4609375, 58512.3359375, 77199.5, 122355.5859375, 70386.875, 92464.875, 56715.5390625, 111117.6875, 100086.0859375, 62493.4609375, 55943.9921875, 64886.90234375, 107619.75, 63060.578125, 88306.21875, 74547.109375, 53133.21875, 95998.984375, 92593.4609375, 77824.75, 57927.1328125, 59227.328125, 47153.69921875, 110571.7734375, 100005.9140625, 96176.78125, 60085.8671875, 59782.96875, 75392.6953125, 85046.1875, 84959.46875, 75229.390625, 43112.9140625, 56958.69140625, 76139.7890625, 59025.203125, 49152.109375, 48805.51953125, 45674.86328125, 114918.8046875, 43577.69921875, 60304.58984375, 109405.171875, 61549.69921875, 66094.7109375, 90602.25, 56591.98046875, 77896.515625, 56997.0234375, 62846.19921875, 128311.3984375, 67053.109375, 65110.390625, 45577.15625, 113874.640625, 48454.125, 62243.85546875, 64627.65234375, 34998.70703125, 64232.0625, 87911.6328125, 34940.73828125, 57011.2265625, 43512.9765625, 67519.9921875, 76163.015625, 55935.296875, 64804.29296875, 92641.296875, 32795.72265625, 47604.51171875, 34248.8203125, 50329.046875, 63059.125, 68429.5625, 51194.7890625, 78973.3203125, 48287.2109375, 69147.53125, 75322.703125, 52522.2421875, 76210.578125, 65897.4765625, 69752.5078125, 74731.953125, 49912.39453125, 27926.9921875, 69440.9375, 37909.484375, 68035.921875, 59080.1328125, 86794.3515625, 62086.73828125, 68815.78125, 46835.17578125, 89071.9765625, 86260.75, 90700.7734375, 72725.453125, 132180.625, 61434.0, 42027.0234375, 60653.61328125, 76690.7734375, 38865.88671875, 103000.0625, 41244.65234375, 54653.02734375, 62588.9296875, 125035.1640625, 61249.1484375, 67658.7421875, 42572.4921875, 45500.125, 47583.51171875, 52469.0859375, 56102.12890625, 41754.1796875, 61307.125, 53913.03125, 75610.328125, 68738.7109375, 47272.53125, 72196.3203125, 53360.20703125, 36915.0, 49598.265625, 53455.1328125, 29858.462890625, 32026.650390625, 82764.3984375, 65526.01953125, 59172.859375, 67941.2734375, 57401.36328125, 65883.03125, 54271.48828125, 65325.15625, 50900.42578125, 43904.7578125, 107576.515625, 53682.3125, 44164.4140625, 52669.4765625, 59418.4921875, 62873.5625, 64159.328125, 65109.640625, 41383.70703125, 35187.68359375, 46258.046875, 43234.5625, 71634.7265625, 47012.9609375, 36356.4375, 49035.05078125, 40591.2265625, 47625.90234375, 64936.46484375, 37979.515625, 72440.609375, 74059.8671875, 78698.3984375, 32213.208984375, 39798.0, 55067.953125, 51093.66015625, 34596.0078125, 87205.734375, 29305.263671875, 56441.1015625, 62674.80859375, 108445.0, 32302.203125, 91017.6875, 45733.5625, 75505.890625, 49513.109375, 86704.1796875, 70507.734375, 55415.515625, 68597.03125, 48401.375, 85057.15625, 54430.125, 83344.984375, 50126.5859375, 73165.578125, 87337.921875, 58637.9609375, 54726.98046875, 56037.10546875, 41428.33203125, 41269.9921875, 47108.66015625, 57957.21484375, 62340.62890625, 99979.1953125, 40878.8046875, 66508.1640625, 44996.30078125, 54205.4921875, 44320.4375, 47468.33203125, 47128.640625, 52529.1484375, 40263.4453125, 60168.171875, 61235.16796875, 55676.1796875, 32902.9765625, 32061.4375, 54520.4375, 89263.0703125, 67006.59375, 45120.2421875, 33409.09765625, 37106.2265625, 58383.5390625, 66159.859375, 67766.65625, 53113.93359375, 14043.2919921875, 23175.21875, 41403.62109375, 36301.453125, 49248.046875, 49326.80859375, 19324.04296875, 77542.9609375, 65349.6640625, 68143.8984375, 25921.33203125, 54526.62890625, 50577.23828125, 46350.21484375, 148177.734375, 92360.34375, 111607.453125, 40588.1796875, 84366.671875, 109784.5859375, 84068.0234375, 61932.6015625, 92339.8828125, 94318.9453125, 53032.44921875, 102523.390625, 71915.0, 35692.09375, 74526.15625, 61506.6796875, 62423.984375, 59764.51171875, 61864.828125, 48897.40625, 80081.140625, 42897.16015625, 55699.48046875, 62662.99609375, 47191.8671875, 52892.875, 30571.03515625, 76348.09375, 18270.578125, 37675.296875, 83128.34375, 83910.15625, 76995.703125, 37937.23046875, 69606.4296875, 28155.638671875, 35316.76953125, 79955.8984375, 28773.98046875, 73001.265625, 61739.0859375, 55207.15234375, 40806.2421875, 58306.9609375, 75137.234375, 48121.07421875, 66694.453125, 47025.5546875, 41154.53125, 39251.61328125, 36975.98828125, 32067.7578125, 66087.8125, 43369.59375, 51166.9140625, 55609.1875, 51463.7890625, 70393.09375, 75561.828125, 54683.9375, 73934.9375, 77205.125, 26972.0703125, 58252.41796875, 24854.392578125, 33590.70703125, 57326.609375, 45786.484375, 26750.515625, 45426.1875, 53648.2421875, 24555.013671875, 45532.671875, 93962.2109375, 40460.09765625, 70593.890625, 55121.5859375, 45828.08984375, 65937.4765625, 39066.15234375, 43308.9453125, 67837.1875, 29133.90234375, 56836.484375, 27630.876953125, 74088.7265625, 29091.47265625, 40940.609375, 34000.9453125, 30947.115234375, 57119.39453125, 73637.0078125, 64803.25, 69484.7109375, 59403.16796875, 59734.1640625, 43045.33984375, 57818.984375, 54881.34765625, 43316.94921875, 30527.34375, 67111.4609375, 51019.09765625, 34644.08203125], "name": "default", "desc": "lr_0.01_nb_16_ld_4_b_4", "folder": "./saves/grid_seach/search4/lr_0.01_nb_16_ld_4_b_4_default_20240307-081907"}