{"nhidden": 128, "rnn_nhidden": 32, "obs_dim": 1, "latent_dim": 2, "lr": 0.001, "n_batch": 16, "beta": 0.001, "total_epochs_train": 50, "epochs_per_train": 5, "epochs": 50, "loss": [209962.640625, 203226.59375, 223877.96875, 147955.765625, 132793.5, 174047.84375, 189979.578125, 171184.96875, 90481.15625, 174875.203125, 202914.703125, 176815.921875, 172418.453125, 125916.1171875, 174442.03125, 167781.34375, 186074.6875, 105333.703125, 204436.265625, 142282.78125, 132660.40625, 173309.203125, 185577.0, 177116.203125, 163541.0625, 156942.875, 159560.984375, 199491.78125, 191066.921875, 127536.2265625, 103729.375, 222893.171875, 179966.140625, 142965.0625, 117155.140625, 142112.453125, 196844.71875, 125553.046875, 181370.171875, 140126.375, 146241.46875, 101628.6640625, 148701.625, 174351.140625, 121783.1953125, 145879.40625, 148064.3125, 132916.203125, 134280.96875, 143197.78125, 148711.203125, 132552.65625, 181220.71875, 147382.3125, 124746.3359375, 133154.359375, 172426.09375, 124686.2109375, 147247.828125, 123279.9609375, 132150.234375, 152733.796875, 117626.5859375, 139816.53125, 136510.984375, 130387.40625, 134319.609375, 124384.4609375, 141459.015625, 168119.71875, 136980.765625, 105824.15625, 161259.34375, 152093.15625, 105738.609375, 160008.953125, 133241.515625, 120773.6484375, 104930.75, 147994.046875, 94696.7890625, 146894.84375, 100257.359375, 123224.8125, 96175.8515625, 141772.4375, 125353.0078125, 149081.5625, 111561.796875, 160852.171875, 108703.8046875, 136510.03125, 107923.234375, 131510.359375, 132139.21875, 140277.828125, 116289.8671875, 148104.796875, 114780.015625, 112309.859375, 123643.6171875, 119030.5390625, 122078.7578125, 127455.2421875, 118998.390625, 130403.609375, 117381.4453125, 112527.8671875, 145195.765625, 129670.890625, 150338.03125, 109975.6171875, 114367.6953125, 126181.265625, 104814.15625, 111003.0546875, 86406.8671875, 100510.2734375, 128432.3125, 128850.453125, 140321.5625, 108557.8984375, 102773.59375, 127301.1328125, 111408.7109375, 100138.21875, 122976.0625, 127301.125, 111815.09375, 99475.1953125, 101418.1640625, 112232.9296875, 124023.9375, 160840.484375, 91163.75, 90875.3828125, 126139.28125, 120174.765625, 115436.703125, 91310.359375, 118375.9140625, 139721.484375, 100169.1953125, 120183.09375, 122715.8984375, 117421.8125, 110740.671875, 122050.9140625, 90020.765625, 117148.8984375, 131145.828125, 90776.953125, 83319.875, 93659.34375, 109546.890625, 116284.2265625, 88650.4375, 83092.4375, 133262.625, 111129.15625, 101598.328125, 96296.640625, 94300.8125, 100104.625, 90304.7265625, 103144.6171875, 84585.5859375, 137632.703125, 115369.984375, 105444.9921875, 94204.9375, 109180.3828125, 129933.609375, 99002.3515625, 96647.75, 73517.65625, 91360.9765625, 151347.9375, 96739.265625, 85805.1484375, 114246.421875, 81158.609375, 98105.21875, 98574.328125, 83826.203125, 110962.1484375, 132243.453125, 88914.1953125, 81485.65625, 80927.578125, 104736.84375, 91421.0625, 114523.5546875, 102950.28125, 126880.921875, 74451.703125, 87848.328125, 119806.875, 165853.984375, 174077.3125, 176109.875, 148875.703125, 173445.140625, 190815.640625, 197657.515625, 126662.3671875, 160283.53125, 234190.53125, 111779.1953125, 188853.40625, 143457.234375, 108528.625, 142503.015625, 177966.53125, 220089.234375, 150851.90625, 253621.34375, 163791.59375, 130491.734375, 131484.703125, 148602.953125, 153649.921875, 173303.078125, 147761.75, 148390.875, 109354.046875, 111339.6328125, 160183.265625, 168169.484375, 179559.328125, 141953.09375, 215769.890625, 156161.71875, 134633.4375, 99488.578125, 165053.75, 129493.984375, 124879.171875, 151031.5625, 161826.53125, 167239.203125, 181154.265625, 147413.421875, 173186.875, 164932.796875, 140525.34375, 138870.34375, 178530.15625, 125931.84375, 95108.0078125, 76137.4296875, 115579.0, 89965.75, 120512.171875, 86211.1875, 114401.8828125, 89005.3828125, 81790.828125, 110013.2265625, 125296.9375, 81179.53125, 78812.984375, 93368.546875, 134736.296875, 99179.1015625, 88024.90625, 81623.4296875, 109878.0, 94074.5078125, 103093.859375, 101585.96875, 118370.640625, 83740.8828125, 75895.8515625, 116837.9375, 94631.6796875, 81382.2109375, 82739.53125, 77136.5625, 65123.5078125, 86825.0703125, 93599.875, 66430.375, 110953.828125, 77954.1875, 78929.4609375, 114526.5703125, 77035.8125, 118823.125, 112004.296875, 74713.34375, 83827.375, 82686.453125, 72502.703125, 107082.2265625, 69773.2890625, 64107.90234375, 69353.3984375, 121089.234375, 71389.8828125, 73417.359375, 97329.9765625, 69819.015625, 84786.1171875, 66147.1640625, 100645.21875, 88261.0, 76767.359375, 105437.421875, 58729.2421875, 109092.6875, 84044.03125, 69514.25, 68215.3828125, 57555.3359375, 74754.78125, 93882.0703125, 71920.640625, 69030.015625, 73343.109375, 86215.25, 95238.0625, 75132.9921875, 51505.6015625, 83083.1640625, 60971.08984375, 71135.09375, 79679.296875, 68627.4921875, 97308.828125, 73521.3515625, 69586.0703125, 91899.390625, 87372.3671875, 85598.2109375, 85509.828125, 81265.578125, 47044.03515625, 73648.890625, 84309.3046875, 78868.0078125, 59361.8203125, 53469.1484375, 97008.3671875, 116425.5, 92891.8984375, 61942.04296875, 52524.93359375, 75632.9609375, 59209.765625, 99645.3203125, 77487.3359375, 70022.1015625, 72956.9609375, 47984.2265625, 79133.625, 66189.21875, 75539.4375, 67848.625, 81170.171875, 56729.7890625, 57096.2421875, 107832.671875, 65887.984375, 61994.34765625, 57051.41015625, 80686.4453125, 49049.21875, 70137.8203125, 94258.2265625, 66236.1328125, 62695.4765625, 49654.328125, 54914.98046875, 54055.3203125, 68165.53125, 117038.6015625, 77654.1328125, 79717.0703125, 62302.24609375, 58652.75, 66149.984375, 62604.2109375, 45020.47265625, 102443.25, 66639.3125, 70661.5625, 46777.80078125, 73642.9609375, 77089.8046875, 63868.65625, 75902.921875, 62412.01953125, 63086.69921875, 44755.52734375, 41456.51953125, 104805.2421875, 53808.1015625, 32936.6328125, 58302.6484375, 77133.0859375, 66632.3984375, 43830.61328125, 83664.71875, 55682.49609375, 71620.890625, 52173.6875, 50234.6484375, 69626.5859375, 57835.734375, 58202.078125, 103988.4921875, 40965.6953125, 49935.9765625, 43555.84375, 103603.3125, 52759.6328125, 46712.65625, 72239.84375, 40090.02734375, 82405.0390625, 36769.96484375, 61922.3515625, 63184.67578125, 77026.03125, 62661.625, 25539.640625, 49519.54296875, 36552.3984375, 68895.0625, 82262.8984375, 54472.1875, 49281.28125, 92445.4375, 88117.90625, 48197.359375, 61342.953125, 60434.23046875, 53700.6640625, 56497.21484375, 26654.76171875, 55347.703125, 58514.9296875, 53843.8359375, 48335.00390625, 52506.34765625, 49081.515625, 69972.96875, 73104.96875, 42640.6484375], "name": "default", "desc": "lr_0.001_nb_16_ld_2_b_0.001", "folder": "./saves/grid_seach/search1/lr_0.001_nb_16_ld_2_b_0.001_default_20240213-235723"}