{"nhidden": 128, "rnn_nhidden": 32, "obs_dim": 1, "latent_dim": 16, "lr": 0.0001, "n_batch": 16, "beta": 0.001, "total_epochs_train": 50, "epochs_per_train": 5, "epochs": 50, "loss": [175428.53125, 176124.84375, 134110.859375, 184002.140625, 230324.75, 123805.9296875, 224342.78125, 194503.34375, 132843.5625, 183017.6875, 247573.6875, 184460.625, 207963.640625, 227808.625, 123012.6328125, 134786.0625, 142837.25, 142330.75, 155652.609375, 108549.0546875, 160554.609375, 247641.90625, 228777.25, 184744.625, 115977.09375, 113193.3515625, 228937.375, 190875.75, 151132.265625, 183985.640625, 185646.28125, 146158.71875, 190657.953125, 236209.40625, 176226.90625, 117966.8671875, 202177.875, 158648.140625, 210603.015625, 161963.546875, 204894.453125, 215822.078125, 102602.53125, 148193.421875, 156031.1875, 208267.984375, 146568.28125, 212457.515625, 176756.859375, 194366.5625, 152578.09375, 214177.234375, 110964.671875, 138874.515625, 168245.5625, 88093.0625, 140388.96875, 164343.921875, 195688.046875, 193996.40625, 119758.7578125, 207546.0, 294515.4375, 201554.078125, 131263.46875, 133493.171875, 184971.359375, 211246.265625, 112904.328125, 194276.78125, 194843.484375, 171933.125, 190261.28125, 92056.96875, 150291.609375, 172572.546875, 148528.15625, 229185.28125, 139622.171875, 134662.046875, 255197.46875, 129908.96875, 197840.796875, 217623.15625, 147381.140625, 138013.171875, 121516.1328125, 205537.515625, 211058.484375, 153535.296875, 162372.21875, 211510.28125, 147422.625, 115208.65625, 215288.546875, 192809.609375, 133006.75, 250474.1875, 124630.2890625, 192545.390625, 192741.328125, 123685.1640625, 147311.203125, 138758.484375, 113250.953125, 244255.90625, 200378.71875, 150927.09375, 206345.8125, 181753.9375, 172436.28125, 133208.59375, 174585.640625, 180234.578125, 160735.96875, 208914.8125, 111697.984375, 173400.203125, 306576.0, 136410.359375, 174562.984375, 170284.40625, 118296.328125, 172432.015625, 147301.40625, 122379.0859375, 150131.265625, 163720.078125, 221338.375, 151701.828125, 149274.5625, 241214.296875, 142414.1875, 127552.078125, 176435.75, 213065.875, 223982.671875, 107108.828125, 119561.0078125, 180206.0, 206291.078125, 160434.1875, 185776.203125, 110828.3359375, 217500.140625, 150829.703125, 121041.9453125, 135865.71875, 134558.25, 207542.21875, 199126.828125, 113345.2265625, 174411.359375, 203142.78125, 188542.109375, 196877.3125, 144075.4375, 172317.59375, 159907.375, 183176.015625, 103400.8046875, 135976.109375, 167022.25, 155554.546875, 256362.8125, 141242.953125, 198662.046875, 151694.96875, 122211.96875, 124493.265625, 129563.984375, 136080.125, 202616.140625, 164806.15625, 110455.203125, 172731.90625, 206020.34375, 182402.1875, 159162.953125, 139866.78125, 192502.15625, 171520.875, 167558.828125, 127688.4375, 159945.875, 84099.859375, 127713.078125, 161272.78125, 230233.578125, 142183.828125, 172110.21875, 139047.6875, 121989.3203125, 141492.796875, 251864.15625, 162554.84375, 163016.0, 126258.421875, 188835.734375, 132342.75, 155061.90625, 163645.90625, 125279.71875, 105755.09375, 211091.53125, 111493.359375, 144611.375, 158923.921875, 121277.265625, 154014.5625, 151363.71875, 134563.921875, 179270.921875, 199352.78125, 128560.6953125, 112787.6875, 95123.9765625, 189129.65625, 163208.4375, 172661.625, 113020.96875, 112273.390625, 132155.453125, 118072.1796875, 192742.109375, 145135.734375, 136939.0, 151534.109375, 149762.546875, 146083.53125, 127158.0625, 167533.296875, 117388.1171875, 143225.546875, 102847.9375, 129254.0859375, 145321.5, 156888.234375, 139156.453125, 118427.359375, 125686.28125, 148073.421875, 151396.671875, 172080.3125, 131383.296875, 105231.53125, 131393.734375, 160414.6875, 112219.3046875, 127021.671875, 129759.84375, 138100.734375, 162985.046875, 181159.53125, 111337.171875, 110049.3125, 131250.796875, 124361.8671875, 127550.953125, 126475.0, 100171.6484375, 98060.609375, 109462.765625, 107448.3671875, 159107.625, 165090.75, 187892.875, 116537.6171875, 119190.625, 153635.3125, 119749.8671875, 117076.390625, 140523.625, 117137.1796875, 143557.734375, 142365.75, 124202.46875, 135784.484375, 129356.296875, 135821.15625, 131807.203125, 134253.75, 115758.15625, 122748.53125, 119809.6484375, 133917.625, 149149.296875, 164733.34375, 142047.625, 107349.3515625, 119107.3828125, 137345.859375, 167907.546875, 147805.84375, 124329.078125, 126287.75, 119084.09375, 124030.390625, 100586.796875, 148749.875, 101179.453125, 165800.84375, 145120.5625, 115831.6953125, 98831.578125, 165928.796875, 146370.96875, 121350.671875, 122012.5234375, 120783.875, 113449.765625, 101879.671875, 151610.984375, 149710.5625, 150779.5625, 122213.734375, 131392.3125, 169934.59375, 150565.140625, 134764.453125, 100422.6953125, 93522.453125, 114510.2578125, 113725.046875, 135367.46875, 94352.7265625, 105961.0234375, 114532.0, 120325.390625, 147675.21875, 130491.4140625, 105208.6328125, 149655.734375, 137587.1875, 104924.2890625, 160285.1875, 146541.53125, 128370.875, 101439.2578125, 110643.1484375, 137851.953125, 108776.078125, 130997.7578125, 132586.265625, 101051.140625, 117120.234375, 149879.140625, 101294.0703125, 109359.0078125, 113382.90625, 147785.6875, 109155.28125, 148229.421875, 127013.71875, 135570.734375, 128079.390625, 102420.078125, 134243.34375, 122589.703125, 100876.40625, 102125.9765625, 100853.875, 121381.3984375, 109808.9375, 140859.671875, 104143.90625, 107638.46875, 201998.125, 141361.5, 129615.078125, 125533.25, 129602.6875, 136212.375, 97991.265625, 112067.578125, 154738.046875, 112757.859375, 128427.8203125, 109114.453125, 100336.875, 105831.6953125, 129359.1328125, 129434.453125, 132961.0625, 185704.296875, 110338.25, 125720.1875, 96326.125, 146760.390625, 121109.359375, 165835.5625, 135847.953125, 109867.4140625, 103267.6171875, 117488.65625, 102706.2734375, 110811.6953125, 116083.703125, 119416.3515625, 98329.234375, 122396.7265625, 131617.5, 92278.046875, 153701.546875, 134993.859375, 133960.921875, 163374.046875, 143538.515625, 96514.125, 121736.109375, 99289.578125, 127521.296875, 109253.8671875, 115772.8984375, 122271.5, 89693.15625, 110285.53125, 145018.65625, 116318.703125, 166957.765625, 114536.96875, 108779.265625, 138474.09375, 143179.671875, 95931.7265625, 135179.125, 116191.546875, 140656.46875, 105567.625, 112451.2578125, 94798.8515625, 115883.0390625, 137759.4375, 106167.6640625, 133371.515625, 121787.40625, 121946.5859375, 118643.828125, 113689.1875, 96098.4765625, 140750.421875, 99574.859375, 117886.03125, 115305.359375, 196681.125, 101070.03125, 100866.765625, 114831.046875, 163816.21875, 109433.1875], "name": "default", "desc": "lr_0.0001_nb_16_ld_16_b_0.001", "folder": "./saves/grid_seach/search4/lr_0.0001_nb_16_ld_16_b_0.001_default_20240307-101010"}