{"nhidden": 128, "rnn_nhidden": 32, "obs_dim": 1, "latent_dim": 16, "lr": 0.008858667904100823, "n_batch": 16, "beta": 1.3333333333333333, "total_epochs_train": 1000, "epochs_per_train": 50, "epochs": 100, "loss": [59696.45703125, 67093.3125, 114529.109375, 98808.359375, 130595.0703125, 49648.5390625, 52127.39453125, 46663.328125, 24769.19140625, 33817.23046875, 18788.73046875, 11495.326171875, 8954.5322265625, 22220.1796875, 31959.646484375, 21772.90234375, 13134.38671875, 15529.197265625, 18555.3671875, 12293.849609375, 6983.65380859375, 10504.564453125, 2790.387939453125, 27944.0546875, 13538.7705078125, 15292.0224609375, 26166.453125, 15845.998046875, 8170.6025390625, 10666.2646484375, 4642.61669921875, 6437.68310546875, 12523.6318359375, 8371.75390625, 10295.5185546875, 5473.48388671875, 9307.302734375, 7523.95947265625, 8588.0078125, 11730.1298828125, 4165.404296875, 5654.169921875, 9925.7490234375, 16131.818359375, 1872.928466796875, 26354.232421875, 4101.08544921875, 26746.99609375, 12533.287109375, 43230.0546875, 12743.24609375, 1747.0380859375, 10284.650390625, 28076.537109375, 14199.8583984375, 18058.38671875, 4289.43359375, 22665.55078125, 13579.6337890625, 11841.6845703125, 6992.69921875, 34852.546875, 3109.15087890625, 16548.55078125, 9776.2041015625, 7279.62744140625, 10633.75390625, 9997.01953125, 27646.60546875, 3256.1328125, 12622.927734375, 2424.738525390625, 10815.5703125, 10455.4580078125, 2745.16552734375, 5216.3720703125, 3927.73974609375, 3192.15283203125, 3590.99853515625, 16626.0, 10811.2197265625, 6327.9013671875, 14730.6806640625, 4858.544921875, 9581.3623046875, 7951.7119140625, 7637.1689453125, 3929.662109375, 13659.2783203125, 4762.359375, 7762.51513671875, 5964.056640625, 3790.68505859375, 5954.1806640625, 3633.463623046875, 11027.826171875, 9004.82421875, 9103.6748046875, 9405.00390625, 3882.5927734375, 12463.294921875, 6298.83447265625, 7931.513671875, 2366.28662109375, 14656.224609375, 4121.921875, 7202.41455078125, 5417.68310546875, 11784.896484375, 2971.742431640625, 23062.412109375, 10524.751953125, 8277.16796875, 6308.5478515625, 8043.29150390625, 6420.0078125, 3583.33935546875, 4611.1494140625, 10824.39453125, 8885.810546875, 3752.923583984375, 5403.20947265625, 6713.2333984375, 6711.9482421875, 4990.76708984375, 18615.044921875, 7356.0615234375, 4197.31494140625, 5470.8984375, 12806.1591796875, 6568.92138671875, 5410.25830078125, 6577.5302734375, 11168.740234375, 3746.261962890625, 6363.525390625, 2394.463134765625, 6169.5654296875, 6992.64697265625, 4050.836669921875, 5596.28515625, 6088.83056640625, 11928.671875, 5428.7021484375, 9488.376953125, 4912.73046875, 6114.27490234375, 7253.4970703125, 11784.328125, 12080.41796875, 7573.6279296875, 6865.59326171875, 10341.44140625, 6742.85791015625, 16524.1171875, 6351.6533203125, 9814.4609375, 22721.0703125, 5240.8662109375, 11379.6181640625, 10762.8984375, 9331.947265625, 13843.802734375, 7724.787109375, 3028.435791015625, 3268.99560546875, 12206.8076171875, 7586.9541015625, 7612.01611328125, 6558.25048828125, 9894.6328125, 6715.53076171875, 6682.29052734375, 5060.455078125, 3848.478759765625, 3627.045654296875, 1876.8780517578125, 16952.7421875, 10546.853515625, 5980.08203125, 6927.23486328125, 4922.537109375, 5382.38330078125, 11148.873046875, 3372.287841796875, 4541.4638671875, 5266.89306640625, 6692.51611328125, 3770.539306640625, 7200.3173828125, 3872.7568359375, 3806.65576171875, 2313.283203125, 10671.580078125, 5240.11865234375, 8457.330078125, 6842.6728515625, 5422.9755859375, 1873.254150390625, 10260.1748046875, 5227.09521484375, 2195.33642578125, 5868.208984375, 7004.83251953125, 5243.9755859375, 8497.9755859375, 3498.231689453125, 5063.447265625, 7595.05419921875, 3296.3427734375, 4107.59326171875, 4594.9794921875, 11136.990234375, 4323.466796875, 3978.005859375, 7835.5625, 1871.2578125, 8238.9091796875, 7285.482421875, 1583.436767578125, 10028.26953125, 7099.61279296875, 7821.4599609375, 8586.234375, 5746.25732421875, 9912.0576171875, 6486.34521484375, 3718.613037109375, 14402.80859375, 7244.59130859375, 11124.51171875, 1894.0618896484375, 20959.740234375, 5191.7744140625, 3131.350341796875, 2918.152587890625, 8227.3935546875, 9125.32421875, 14750.119140625, 6757.546875, 11026.365234375, 13227.728515625, 12746.953125, 16158.3447265625, 15632.107421875, 19529.5625, 12581.76171875, 6405.31982421875, 5210.90625, 5729.64501953125, 3703.18017578125, 7657.61669921875, 7153.3173828125, 5468.8203125, 6598.44189453125, 5088.52490234375, 6786.736328125, 21770.572265625, 1392.9434814453125, 8477.68359375, 9718.640625, 7116.58544921875, 8357.2802734375, 26061.1171875, 6173.02685546875, 7529.615234375, 25314.57421875, 11634.52734375, 18405.1484375, 19696.208984375, 9248.9990234375, 21934.150390625, 10037.60546875, 10590.5078125, 14313.5654296875, 9668.7451171875, 14251.919921875, 8439.068359375, 6420.45068359375, 6352.818359375, 14155.0751953125, 10342.515625, 5376.216796875, 8629.771484375, 8987.486328125, 8819.490234375, 6988.7548828125, 11598.08203125, 6111.06982421875, 3035.779052734375, 8071.97705078125, 7387.8466796875, 9092.4755859375, 8711.7216796875, 5324.2705078125, 9476.900390625, 4533.24560546875, 7228.43798828125, 9660.9853515625, 14340.640625, 14599.6923828125, 3531.151123046875, 5397.33203125, 11174.869140625, 9959.7607421875, 3293.055419921875, 11261.0234375, 3815.0048828125, 14734.53125, 5980.31494140625, 1976.335693359375, 3056.901123046875, 6794.892578125, 3962.465087890625, 8646.7958984375, 5150.7255859375, 14560.98046875, 5576.79248046875, 3499.62353515625, 6007.109375, 4485.91259765625, 4441.43115234375, 6248.876953125, 5719.99853515625, 591.25, 4385.4189453125, 11589.7353515625, 7678.92724609375, 6610.75634765625, 2656.4287109375, 5184.197265625, 8136.01953125, 10026.40234375, 5168.48193359375, 2566.0654296875, 1641.949951171875, 15515.08203125, 3405.939208984375, 16263.708984375, 9563.5830078125, 4593.6611328125, 8349.9775390625, 5086.5380859375, 5956.7041015625, 3546.7802734375, 11716.767578125, 2756.2666015625, 9762.9599609375, 6479.13818359375, 17065.123046875, 11403.794921875, 2367.94384765625, 1722.9080810546875, 9433.220703125, 11656.12890625, 6546.23876953125, 6851.3447265625, 3889.5712890625, 2567.21142578125, 5631.47900390625, 1853.624755859375, 15424.19140625, 10687.2529296875, 7020.818359375, 8167.11572265625, 11497.16015625, 20596.75390625, 2970.10107421875, 4217.99609375, 8018.29833984375, 6610.7119140625, 8716.67578125, 14012.7470703125, 9839.44921875, 4278.1875, 4978.59716796875, 6972.048828125, 8361.13671875, 8444.494140625, 6133.28564453125, 6319.44873046875, 5168.17333984375, 4836.568359375, 5150.22119140625, 3350.557373046875, 8452.8818359375, 3432.453857421875, 13339.1396484375, 5228.7353515625, 3703.396728515625, 6651.748046875, 6173.5595703125, 3221.083251953125, 5728.51953125, 5282.74658203125, 8969.720703125, 3841.766357421875, 4124.37060546875, 7069.6884765625, 8339.1552734375, 7869.63037109375, 4559.42041015625, 2794.591796875, 5828.66796875, 5804.34326171875, 7132.2197265625, 2681.401611328125, 4886.388671875, 4596.73876953125, 2582.340576171875, 8459.34375, 3584.855712890625, 3622.091796875, 9736.72265625, 5175.83203125, 7918.6552734375, 3899.06689453125, 1244.2381591796875, 5814.8837890625, 5044.0458984375, 4588.0390625, 5440.8935546875, 9762.3984375, 1614.827880859375, 9097.3544921875, 2493.4326171875, 7459.45458984375, 2263.196044921875, 2781.5751953125, 6457.79150390625, 7319.822265625, 6315.6787109375, 5752.8720703125, 4657.818359375, 7251.15625, 8460.3720703125, 3157.957275390625, 6534.0595703125, 4380.146484375, 6247.0078125, 4557.12158203125, 4981.94677734375, 1609.7362060546875, 11013.9091796875, 3385.041015625, 3654.740478515625, 10650.25, 11728.7080078125, 5670.66064453125, 2026.771728515625, 4508.28955078125, 4363.6015625, 5502.2783203125, 7538.71337890625, 5703.8076171875, 2579.3125, 12692.990234375, 7397.9326171875, 5076.52001953125, 7078.91015625, 3162.51416015625, 8608.7822265625, 4695.3671875, 