{"nhidden": 128, "rnn_nhidden": 32, "obs_dim": 1, "latent_dim": 8, "lr": 0.01, "n_batch": 16, "beta": 0.001, "total_epochs_train": 50, "epochs_per_train": 5, "epochs": 50, "loss": [187452.8125, 112734.046875, 139073.921875, 203863.34375, 173830.78125, 179277.109375, 163342.84375, 135853.921875, 132849.453125, 146954.125, 105337.234375, 155964.265625, 186618.796875, 220565.9375, 194934.828125, 102593.53125, 113179.59375, 131458.1875, 161754.859375, 119569.9921875, 112943.015625, 118817.6796875, 105294.328125, 113964.875, 120169.296875, 102265.78125, 155896.875, 170350.59375, 103461.5859375, 93885.6328125, 100773.3984375, 116559.765625, 156909.09375, 100958.03125, 176822.8125, 95553.6484375, 76851.7734375, 121130.640625, 95470.3359375, 109491.2890625, 116687.2890625, 83156.9765625, 77882.21875, 146572.484375, 76555.328125, 83054.2734375, 79847.203125, 98440.78125, 95306.9453125, 82939.046875, 99779.6015625, 59717.33203125, 107153.9375, 74322.8828125, 85785.109375, 87648.8046875, 105147.1015625, 99667.2265625, 91387.359375, 69962.015625, 65261.2265625, 110063.2265625, 70904.9140625, 101861.765625, 60834.19921875, 114488.9296875, 79914.8125, 109623.8203125, 75237.5, 52160.9609375, 69442.875, 50811.0234375, 78139.375, 99715.7734375, 69350.59375, 46711.67578125, 43806.7109375, 70500.5, 38781.65625, 94184.1484375, 69045.4921875, 48173.0234375, 59805.359375, 95112.1484375, 84875.8984375, 55362.2265625, 56014.56640625, 87948.7265625, 38052.53125, 70550.4296875, 45826.3515625, 134976.4375, 86267.21875, 54711.31640625, 125781.484375, 69893.703125, 88614.875, 87355.5, 46683.0, 71961.625, 118495.296875, 65986.9375, 46183.2890625, 123745.1953125, 61123.03125, 71145.9140625, 61199.5390625, 51278.69921875, 71201.109375, 39793.2421875, 80778.703125, 56166.30859375, 53132.78125, 86828.2734375, 69452.1953125, 88022.71875, 64726.23046875, 59969.19140625, 95943.671875, 36340.3125, 80505.5078125, 67221.46875, 63436.0234375, 78167.3984375, 47163.6640625, 44686.53515625, 74548.5859375, 62079.11328125, 36207.9140625, 70800.1328125, 66461.9921875, 55411.671875, 39403.6875, 53233.0390625, 40600.8046875, 60987.2578125, 60422.75, 55594.19921875, 37204.9609375, 95125.6875, 71263.4375, 33932.75390625, 42062.83203125, 31963.83203125, 59233.3515625, 33131.10546875, 75319.5859375, 64807.3046875, 59804.9921875, 48114.2109375, 61812.05859375, 100501.71875, 91836.5546875, 52983.56640625, 56280.54296875, 74944.84375, 70711.734375, 52822.2578125, 47465.41796875, 98485.5, 62918.78125, 48478.5703125, 45960.9296875, 50770.59375, 70623.03125, 51253.1171875, 47813.3125, 78409.15625, 39855.828125, 30749.31640625, 92606.4296875, 49593.46484375, 50986.90234375, 41542.83984375, 53971.609375, 29680.04296875, 41967.6953125, 74392.890625, 95685.3046875, 36403.703125, 41680.58203125, 48424.1015625, 55023.68359375, 65560.6953125, 78161.265625, 70441.09375, 24634.9609375, 55885.6640625, 75443.671875, 60556.65625, 51693.0703125, 52016.90625, 64477.46484375, 64780.37109375, 26967.1640625, 57555.1015625, 30215.72265625, 44023.22265625, 34472.55859375, 53361.73046875, 71858.0546875, 39185.0234375, 31637.939453125, 59999.71875, 87875.4921875, 51588.4453125, 50946.90625, 71187.015625, 53442.125, 101409.53125, 49477.234375, 44753.21875, 33668.65625, 36675.80859375, 52073.984375, 26978.947265625, 79268.375, 61850.859375, 63222.37109375, 55010.98828125, 45200.65625, 28287.412109375, 76179.859375, 25092.037109375, 53766.98046875, 75451.5703125, 89456.03125, 61799.60546875, 53821.06640625, 30743.380859375, 71657.828125, 50861.21484375, 50237.890625, 32287.09375, 84362.234375, 53329.24609375, 54273.77734375, 80288.8828125, 45609.2421875, 72845.828125, 66136.109375, 50672.51171875, 59006.76953125, 56293.1953125, 44661.3125, 47239.62890625, 52807.765625, 101132.7578125, 49828.55078125, 50133.94921875, 62243.95703125, 72042.0703125, 83574.0546875, 64029.83203125, 84403.90625, 50557.38671875, 44786.89453125, 50828.71875, 56175.140625, 32021.58203125, 102631.1640625, 91816.890625, 50988.859375, 58165.1484375, 55777.0703125, 38173.98046875, 60786.35546875, 75272.1015625, 49572.37109375, 47539.61328125, 69253.7265625, 64717.1875, 67201.21875, 38438.07421875, 55711.3359375, 62257.4609375, 50417.1015625, 32168.4140625, 46779.40234375, 73893.7421875, 45890.734375, 40719.06640625, 50887.25, 40009.81640625, 72092.453125, 39150.015625, 33700.3984375, 63842.1875, 24425.0859375, 68930.9921875, 57004.1015625, 75081.9453125, 39225.625, 36476.79296875, 60953.98828125, 59243.9609375, 34825.65625, 67551.046875, 42273.921875, 71564.25, 44704.81640625, 41097.5234375, 82455.8828125, 31307.1328125, 50384.4765625, 38240.59375, 39117.00390625, 59131.890625, 37380.51953125, 68019.15625, 73307.4609375, 44945.15234375, 24492.2109375, 35198.625, 46705.69140625, 73423.9609375, 30221.26953125, 65931.828125, 38165.47265625, 60236.2734375, 50927.73046875, 47402.265625, 38116.69921875, 41120.03515625, 54321.77734375, 66089.8984375, 54997.83203125, 38688.1875, 49091.98046875, 33484.55078125, 54560.671875, 58519.32421875, 57162.421875, 56268.4921875, 52709.8125, 59876.78125, 43415.84375, 50174.859375, 37754.9140625, 32245.55078125, 71594.78125, 43390.51171875, 45761.87109375, 52261.89453125, 61995.48046875, 72986.171875, 49914.84375, 39082.7734375, 32033.802734375, 62496.1640625, 41512.875, 41708.91796875, 53054.6015625, 53147.234375, 25818.326171875, 99571.484375, 46597.421875, 50489.046875, 41116.50390625, 59953.77734375, 65129.6484375, 81911.1953125, 49669.34765625, 67896.546875, 38408.0390625, 34710.2421875, 50422.984375, 44982.640625, 35252.9375, 77758.03125, 40478.421875, 28849.693359375, 64155.50390625, 50493.4375, 34059.32421875, 67364.578125, 34194.828125, 84911.1171875, 35102.26171875, 50159.46875, 66201.359375, 36829.890625, 72608.2265625, 68787.203125, 58350.765625, 44437.86328125, 44150.95703125, 75516.078125, 62010.2734375, 43118.2109375, 40064.640625, 85708.7109375, 30917.873046875, 47782.13671875, 81152.5234375, 39306.53125, 33840.9296875, 52942.26171875, 28228.400390625, 69287.25, 25879.7421875, 50165.015625, 64526.6953125, 62051.2734375, 66993.2421875, 65003.26171875, 41494.47265625, 46086.359375, 58676.3984375, 40683.07421875, 50867.75, 51672.1484375, 35157.98046875, 54792.390625, 53529.19140625, 62166.39453125, 56572.046875, 59183.2890625, 46830.45703125, 42049.0625, 28554.109375, 57940.1328125, 51965.30078125, 54222.7890625, 41661.875, 78955.96875, 64178.33203125, 41627.74609375, 39816.390625, 50938.25, 39176.03515625, 23337.396484375, 78740.640625, 43819.08203125, 55168.84375, 69502.9375, 59471.0078125, 43867.1640625, 50331.1640625, 39018.9765625, 34964.6640625, 36035.83203125, 67551.4296875, 60908.04296875, 56406.46875, 52229.171875, 42295.4765625, 40920.49609375, 65822.546875, 65367.375], "name": "default", "desc": "lr_0.01_nb_16_ld_8_b_0.001", "folder": "./saves/grid_seach/search1/lr_0.01_nb_16_ld_8_b_0.001_default_20240213-223939"}