{"nhidden": 128, "rnn_nhidden": 32, "obs_dim": 1, "latent_dim": 8, "lr": 0.01, "n_batch": 16, "beta": 4, "total_epochs_train": 50, "epochs_per_train": 5, "epochs": 50, "loss": [173817.8125, 145671.984375, 144490.15625, 190067.453125, 122472.3984375, 231117.828125, 132759.5625, 127824.84375, 210982.921875, 188408.84375, 151204.78125, 128171.046875, 128150.5, 152181.59375, 137763.921875, 187565.59375, 127391.0625, 151697.625, 171883.953125, 157761.890625, 140834.75, 180253.3125, 134197.0, 110567.90625, 133079.46875, 143740.09375, 86912.5546875, 124053.3515625, 146053.28125, 111674.890625, 92378.28125, 126027.328125, 114211.421875, 115282.640625, 135464.25, 190283.4375, 275237.28125, 188151.09375, 134184.8125, 191019.0625, 122500.2421875, 121818.4375, 103197.015625, 125747.484375, 162043.453125, 114224.6171875, 170142.9375, 127735.1171875, 126926.1015625, 129495.5703125, 165680.1875, 137772.5625, 108893.6875, 171135.28125, 113312.859375, 106495.828125, 144042.75, 110341.609375, 92226.1171875, 139207.46875, 83077.296875, 167125.21875, 99394.765625, 102534.265625, 181373.96875, 141261.59375, 88478.03125, 113825.3359375, 102068.5234375, 90352.640625, 155515.640625, 126705.3828125, 147946.109375, 123109.640625, 72072.640625, 123837.0234375, 88734.8515625, 82998.6796875, 132478.09375, 91908.8046875, 109837.7890625, 105459.6484375, 146482.828125, 90173.0546875, 110790.9609375, 67709.078125, 72440.6484375, 69309.65625, 92224.3515625, 86157.625, 76524.953125, 105099.0703125, 74791.265625, 60584.04296875, 121005.21875, 77085.2734375, 83667.6953125, 84773.6171875, 81719.765625, 53775.37109375, 57606.51171875, 71296.2890625, 70816.9765625, 85685.328125, 92598.515625, 79363.40625, 132128.625, 82567.1640625, 66804.9296875, 80229.7890625, 52600.33984375, 63851.296875, 73872.0859375, 106082.640625, 65123.6484375, 45385.203125, 65263.83984375, 76694.5390625, 72740.6796875, 83610.8125, 88972.8515625, 63411.27734375, 31583.322265625, 100390.09375, 96479.2578125, 84425.890625, 112476.8046875, 62524.49609375, 59552.62109375, 56727.08984375, 49208.046875, 88221.765625, 142960.15625, 86092.109375, 177062.0625, 126775.5234375, 108786.5703125, 106525.4609375, 130371.7109375, 130392.734375, 92852.5703125, 130183.0859375, 74759.0859375, 109603.796875, 110773.3671875, 107186.9609375, 114416.671875, 113891.9453125, 109755.8671875, 91354.890625, 71145.859375, 77629.828125, 82512.609375, 85322.8125, 72543.640625, 73024.5078125, 77802.5078125, 80959.0, 94741.7578125, 47999.015625, 68906.5078125, 47812.81640625, 51747.12890625, 99479.8984375, 45534.49609375, 66243.4375, 63258.57421875, 54658.30859375, 54858.50390625, 58250.2890625, 66099.3046875, 48918.98828125, 46670.7734375, 92317.71875, 62446.94140625, 47961.46875, 25714.447265625, 27161.375, 28958.326171875, 89561.734375, 67546.6484375, 54481.58203125, 56618.60546875, 61948.26171875, 55129.578125, 69824.0859375, 45125.94921875, 85523.5625, 85503.84375, 72542.5, 32570.11328125, 103813.15625, 38107.375, 71435.6640625, 67924.1796875, 39889.9140625, 67472.1484375, 73428.5546875, 41585.81640625, 40050.50390625, 46023.98046875, 54500.2109375, 40301.984375, 88730.984375, 105212.078125, 33261.359375, 70855.828125, 95251.7890625, 72726.265625, 45821.5390625, 47015.16015625, 56148.0546875, 73039.7890625, 39421.41015625, 40728.765625, 49923.31640625, 91648.7421875, 30332.3125, 47054.80078125, 24659.86328125, 71711.6484375, 79080.015625, 55966.1953125, 47509.28125, 25550.017578125, 41412.296875, 54316.3671875, 43122.25, 100415.2578125, 33383.515625, 73322.5, 30699.017578125, 59920.64453125, 77805.0703125, 47853.26171875, 49252.81640625, 51209.77734375, 30657.48046875, 39915.703125, 78017.1015625, 46819.81640625, 64352.42578125, 45483.39453125, 39256.0859375, 154664.59375, 39011.0078125, 46927.75390625, 52324.671875, 15349.73828125, 53861.6953125, 43763.9140625, 68066.359375, 72739.46875, 25909.66796875, 41505.77734375, 57821.6796875, 78049.6015625, 56315.9453125, 46536.0, 68546.703125, 32505.41015625, 58274.765625, 46400.83203125, 66916.3359375, 53724.11328125, 62862.96875, 58894.578125, 41453.06640625, 42205.40234375, 77258.5546875, 31677.125, 18776.541015625, 64526.61328125, 70853.9921875, 35589.02734375, 76652.890625, 56547.140625, 51679.19921875, 66514.546875, 64988.22265625, 45778.3828125, 24748.828125, 50906.27734375, 53959.7265625, 74107.765625, 51336.05078125, 62175.99609375, 112936.640625, 33503.48828125, 44715.890625, 67202.0078125, 45723.5859375, 23709.9921875, 49181.23828125, 99557.421875, 42932.2734375, 59721.78125, 61938.52734375, 57505.93359375, 100255.484375, 51185.47265625, 51964.52734375, 21070.326171875, 50551.2265625, 31536.10546875, 30937.9765625, 103553.421875, 44248.4453125, 54775.67578125, 43612.7578125, 36688.484375, 36275.546875, 25958.916015625, 35701.50390625, 71600.15625, 42153.2109375, 57589.3515625, 66307.8828125, 60923.2890625, 76467.4375, 42443.46484375, 29757.41796875, 50797.140625, 34207.37109375, 79944.65625, 29605.294921875, 87279.640625, 64710.140625, 38551.1328125, 52739.9921875, 33813.59765625, 55502.7890625, 42608.8828125, 63374.0625, 45028.22265625, 47220.07421875, 72133.203125, 42184.328125, 43781.6796875, 65606.734375, 28541.990234375, 26575.5390625, 87669.6015625, 30434.23828125, 51423.71875, 43884.6328125, 58521.8671875, 75069.7265625, 43931.53125, 41196.546875, 35472.23046875, 40327.32421875, 45378.90234375, 41787.1640625, 51766.375, 26334.44140625, 69878.140625, 92496.6484375, 35013.171875, 60180.71875, 26313.625, 39747.30859375, 88319.3359375, 41826.8046875, 76296.59375, 46303.6328125, 62057.7265625, 50838.87109375, 52218.85546875, 84056.5234375, 67971.0, 56403.9296875, 34906.2109375, 69390.53125, 28355.923828125, 28558.634765625, 48688.05078125, 71085.140625, 46837.54296875, 83987.328125, 37609.7421875, 76309.734375, 45321.0703125, 28656.791015625, 34571.1953125, 29370.21484375, 67591.25, 32922.83984375, 94387.65625, 32509.99609375, 75863.015625, 38404.6015625, 42394.96875, 35674.45703125, 71341.984375, 45847.25, 33038.2890625, 51188.68359375, 61365.83203125, 24580.55078125, 58649.1328125, 64127.07421875, 71018.7734375, 52368.18359375, 63090.9453125, 48836.0546875, 73400.40625, 59651.31640625, 49862.01171875, 41548.0390625, 44056.24609375, 72817.53125, 52173.74609375, 19889.970703125, 28156.830078125, 92709.578125, 57089.7734375, 70881.171875, 39849.03125, 57131.296875, 53370.60546875, 38451.734375, 28574.982421875, 29717.427734375, 56336.859375, 36352.08203125, 29251.7890625, 73394.2109375, 76975.59375, 43233.29296875, 60989.140625, 58101.296875, 83709.4921875, 62703.26171875, 61721.2421875, 56631.75390625, 48773.2421875, 67287.796875, 36269.05078125, 24157.94921875, 49784.5625, 75074.09375, 26472.896484375, 44456.671875, 112344.3046875, 53251.515625, 47596.5859375, 34599.84765625, 65234.75390625, 60713.0546875], "name": "default", "desc": "lr_0.01_nb_16_ld_8_b_4", "folder": "./saves/grid_seach/search4/lr_0.01_nb_16_ld_8_b_4_default_20240307-083149"}