{"nhidden": 128, "rnn_nhidden": 32, "obs_dim": 1, "latent_dim": 4, "lr": 0.005, "n_batch": 16, "beta": 1, "total_epochs_train": 50, "epochs_per_train": 5, "epochs": 50, "loss": [195645.796875, 226027.25, 136393.328125, 176221.734375, 164451.484375, 186272.46875, 168605.875, 155671.71875, 118702.75, 173308.0, 166087.1875, 154300.703125, 222124.09375, 160830.6875, 152583.59375, 144217.0625, 117643.8359375, 151628.265625, 125617.609375, 172884.4375, 123361.578125, 106077.8125, 181908.796875, 128106.609375, 162896.21875, 119848.4375, 192195.078125, 146151.15625, 131734.546875, 135463.484375, 111654.1796875, 138303.171875, 154657.328125, 155113.25, 128585.2890625, 146085.984375, 165220.28125, 153797.09375, 134247.984375, 114961.5703125, 116865.3125, 111179.7265625, 114333.96875, 174477.703125, 110535.796875, 110901.421875, 120480.6875, 219215.6875, 141285.484375, 123050.90625, 98454.109375, 151539.40625, 106456.2578125, 115019.34375, 164041.859375, 112173.15625, 99221.125, 117706.671875, 121413.1875, 108544.25, 151333.015625, 125060.2578125, 104707.84375, 99612.90625, 89842.296875, 111304.625, 107238.5625, 136976.765625, 109538.2265625, 123088.140625, 103410.421875, 134538.359375, 117304.90625, 123509.7890625, 102759.3515625, 95468.2890625, 105703.3984375, 88193.96875, 70391.765625, 84708.140625, 97635.953125, 116572.46875, 108830.515625, 79107.28125, 79506.7578125, 104206.421875, 92660.8828125, 143123.65625, 123407.078125, 96893.328125, 76920.6875, 96943.078125, 106414.59375, 124537.171875, 150099.734375, 117341.421875, 102924.75, 100170.546875, 75818.4140625, 102498.0390625, 89678.125, 101703.1640625, 92276.390625, 101001.3828125, 99323.9765625, 87480.328125, 109013.109375, 81979.90625, 85867.40625, 167860.046875, 89114.046875, 76044.3359375, 126635.890625, 75645.5390625, 101042.390625, 71214.90625, 80099.8984375, 80300.828125, 62688.3515625, 98016.8984375, 62184.71875, 144581.09375, 69114.703125, 130308.84375, 82475.3046875, 65146.3359375, 88586.7421875, 92681.2421875, 67635.4453125, 92715.7734375, 103871.96875, 66929.703125, 83779.0, 97434.296875, 94430.625, 74308.3203125, 111999.8125, 58563.703125, 110747.203125, 109379.0859375, 79802.484375, 71920.8046875, 63410.9453125, 90479.1875, 92878.1015625, 71369.2265625, 90217.265625, 122818.6484375, 83879.3828125, 89368.546875, 53882.0078125, 95569.171875, 63391.734375, 82526.3125, 68066.375, 74421.4765625, 64880.4765625, 83618.4921875, 83396.15625, 48027.7578125, 127148.4453125, 77004.9921875, 68442.671875, 69764.375, 100421.078125, 59706.6875, 60832.40625, 67182.4375, 82933.40625, 52395.25, 93543.828125, 118094.984375, 56183.515625, 56853.2109375, 59041.84765625, 66406.078125, 67553.2265625, 58423.18359375, 89773.484375, 72968.1640625, 64563.19140625, 104208.09375, 88293.1875, 63511.27734375, 63145.4375, 71646.1875, 56934.4453125, 83778.015625, 45006.796875, 48718.2421875, 54378.73046875, 41510.69921875, 54343.73828125, 87397.171875, 82531.03125, 57833.46484375, 74322.328125, 74671.921875, 66498.3203125, 90798.78125, 49591.125, 42583.828125, 64951.734375, 61487.99609375, 55470.6953125, 160203.015625, 93265.4921875, 108050.671875, 75290.0078125, 58364.15625, 89226.109375, 84171.15625, 29089.412109375, 41330.3203125, 89693.515625, 90396.46875, 41853.37109375, 58435.859375, 105249.65625, 48187.91015625, 57634.03125, 43081.41015625, 64600.04296875, 75295.390625, 70748.578125, 56740.37109375, 59660.109375, 36232.28515625, 56635.28125, 42215.4921875, 88971.59375, 75217.2734375, 71248.5703125, 69695.3515625, 50876.5, 66577.421875, 45052.796875, 61691.55078125, 55586.609375, 57996.40625, 74745.609375, 51245.3125, 86185.2890625, 48191.59765625, 57241.37890625, 50774.65625, 53174.3828125, 93414.296875, 54151.5078125, 57020.8515625, 61837.64453125, 51864.9609375, 80785.7421875, 46279.921875, 63478.4609375, 57817.80078125, 58922.5078125, 49691.796875, 50752.90625, 50185.234375, 55702.8984375, 89124.96875, 68099.3671875, 34560.7109375, 54811.125, 51459.3828125, 44501.9765625, 55406.72265625, 75901.8203125, 32932.625, 45078.96484375, 50405.91015625, 62331.421875, 84571.2734375, 45848.8046875, 36230.73828125, 32547.716796875, 52510.6875, 77448.9296875, 75833.4453125, 53073.5625, 80424.671875, 38847.578125, 25683.5, 54096.5, 60564.859375, 45818.34375, 46390.7265625, 36843.7109375, 71861.671875, 35955.93359375, 39294.296875, 31407.55859375, 45734.35546875, 60330.0390625, 29318.37890625, 102791.2578125, 51099.05859375, 80572.953125, 93951.2109375, 87768.0625, 50070.4140625, 86107.1171875, 58219.421875, 64377.93359375, 36673.125, 75176.5625, 63279.1875, 50044.21875, 50734.95703125, 49069.73828125, 65939.890625, 67041.5234375, 119605.046875, 32075.1875, 48896.44921875, 52570.96875, 41944.06640625, 69515.3828125, 70515.390625, 70079.4296875, 65235.8515625, 41618.7265625, 39751.53515625, 36849.59765625, 94678.390625, 24904.17578125, 43475.671875, 82520.203125, 42489.58203125, 37470.67578125, 72502.15625, 37607.13671875, 55635.5234375, 30240.33203125, 64916.046875, 76520.8359375, 46439.0625, 37107.88671875, 70285.828125, 39681.6015625, 33114.87109375, 44227.69140625, 47333.36328125, 44523.296875, 39960.16796875, 63593.51953125, 28148.767578125, 43452.20703125, 35972.2265625, 127546.703125, 48373.47265625, 62391.765625, 45409.4765625, 50811.2265625, 63920.20703125, 44304.24609375, 50445.05078125, 23377.2578125, 94225.140625, 73988.1875, 73862.09375, 63937.796875, 26569.208984375, 69386.765625, 28230.345703125, 48653.7734375, 42943.828125, 61932.9296875, 36134.90234375, 81763.2265625, 43127.5703125, 44757.25390625, 56636.10546875, 59860.12109375, 23432.62109375, 62780.09375, 49774.84765625, 32684.2578125, 66426.875, 32089.09375, 43734.62890625, 61089.14453125, 64348.0078125, 39503.76953125, 50451.578125, 42614.59765625, 48999.59375, 64213.98046875, 35618.50390625, 24920.341796875, 51121.53125, 64590.77734375, 26952.21484375, 63276.1328125, 65019.50390625, 44670.56640625, 44046.4921875, 34452.17578125, 62203.8359375, 60688.43359375, 68811.03125, 38749.3828125, 47556.46484375, 26280.30078125, 54047.46484375, 31069.0, 68494.0625, 52082.5546875, 68020.953125, 39160.01953125, 73930.3984375, 44837.796875, 28061.232421875, 48390.796875, 77807.015625, 60811.984375, 55976.8359375, 24200.16796875, 42866.47265625, 44893.17578125, 69689.1640625, 33096.1328125, 62580.765625, 32886.21875, 47845.7421875, 65423.23828125, 39343.41796875, 52195.55078125, 71742.84375, 34691.59375, 50791.46875, 47481.80078125, 37170.07421875, 60238.07421875, 45882.13671875, 33255.4140625, 48467.734375, 105451.2109375, 45904.3125, 58774.98046875, 55638.18359375, 56673.296875, 53697.92578125, 52020.265625, 48813.4140625, 42369.5703125, 61078.1953125, 44284.19140625, 61480.23828125], "name": "default", "desc": "lr_0.005_nb_16_ld_4_b_1", "folder": "./saves/grid_seach/search1/lr_0.005_nb_16_ld_4_b_1_default_20240213-232444"}