{"nhidden": 128, "rnn_nhidden": 32, "obs_dim": 1, "latent_dim": 4, "lr": 0.01, "n_batch": 16, "beta": 2, "total_epochs_train": 50, "epochs_per_train": 5, "epochs": 50, "loss": [206279.359375, 171200.8125, 225693.171875, 186615.53125, 171636.828125, 209585.28125, 121821.1875, 187912.5, 130712.84375, 117742.078125, 175038.28125, 140480.5625, 140787.375, 204794.71875, 194786.59375, 184227.90625, 99415.5390625, 176483.125, 107754.6875, 196725.078125, 106476.4609375, 183282.375, 161378.828125, 153204.484375, 124520.796875, 165257.0625, 130118.6015625, 195555.390625, 166851.71875, 181519.0625, 136913.359375, 181207.78125, 116330.2734375, 153547.9375, 126200.96875, 128633.7578125, 170195.625, 98463.375, 207767.46875, 87537.5390625, 144766.59375, 158128.96875, 114613.3046875, 192039.453125, 129157.6015625, 158825.296875, 117041.78125, 122484.84375, 114182.265625, 108594.5, 231968.734375, 111546.328125, 143983.296875, 154841.15625, 181762.96875, 149559.328125, 120736.2890625, 150840.546875, 133108.015625, 127736.921875, 125842.2421875, 126306.734375, 103871.9921875, 123951.734375, 118994.765625, 86957.46875, 150880.09375, 126931.5390625, 114422.0703125, 134235.28125, 80322.65625, 64436.1640625, 125870.96875, 144282.890625, 82753.9140625, 105195.8671875, 129288.8984375, 104831.140625, 71278.4765625, 75001.4765625, 128697.390625, 80434.3671875, 91639.0078125, 87158.0625, 108762.640625, 109331.6015625, 72864.2109375, 108711.8359375, 78272.140625, 49668.6796875, 83500.34375, 70037.7265625, 98582.1953125, 92997.9921875, 93455.4921875, 44748.390625, 67083.296875, 60457.3671875, 108346.9140625, 78500.40625, 58888.375, 48121.53515625, 126110.9765625, 79589.8515625, 70760.96875, 62900.8828125, 55392.61328125, 79933.75, 97401.90625, 51572.14453125, 33121.8515625, 54450.5625, 55764.63671875, 118935.4140625, 44742.05078125, 55083.1875, 84217.4375, 90387.59375, 63309.765625, 113353.875, 27973.359375, 76416.375, 61986.6015625, 101426.1875, 78182.8359375, 81766.4609375, 88080.953125, 71623.5625, 66761.2890625, 85466.1953125, 58757.859375, 86593.84375, 67981.875, 73842.0546875, 32040.96875, 81109.0390625, 50983.578125, 59288.3203125, 50834.15625, 69280.9375, 73948.453125, 43397.3671875, 48663.4453125, 80368.015625, 53732.96875, 58089.2421875, 54695.7109375, 26383.591796875, 79436.453125, 86169.625, 59196.82421875, 59457.44921875, 80318.3671875, 72505.7109375, 55244.24609375, 66971.2109375, 44652.39453125, 81760.1328125, 40950.2578125, 52891.609375, 84255.34375, 41592.83984375, 71424.578125, 82062.484375, 48397.23046875, 69088.71875, 26057.421875, 37823.765625, 56964.10546875, 63291.52734375, 48448.96484375, 42651.50390625, 28000.41796875, 76766.4296875, 83303.25, 71207.453125, 50643.59765625, 62133.86328125, 38425.2109375, 104586.828125, 69082.8515625, 44906.0390625, 71050.265625, 55003.0, 53012.67578125, 49265.3359375, 62302.41796875, 60593.578125, 46669.1171875, 52522.21484375, 54086.3125, 75592.5078125, 40631.51953125, 46354.79296875, 32791.65625, 71987.4375, 59316.21875, 39844.37109375, 86007.0859375, 39427.890625, 33812.1171875, 58704.5078125, 48025.9453125, 55960.046875, 37398.22265625, 72400.0390625, 34985.3515625, 57297.46484375, 41216.6640625, 61297.81640625, 84204.7421875, 33467.1953125, 44225.65625, 47483.296875, 30655.5, 83881.90625, 44507.8515625, 83552.390625, 44930.1953125, 52259.4765625, 34419.82421875, 103020.375, 37922.65234375, 88733.65625, 46616.05078125, 69607.5, 88531.546875, 84959.78125, 48788.90625, 43824.6640625, 39598.27734375, 44484.30859375, 42035.5625, 60254.22265625, 45560.296875, 25885.662109375, 42025.015625, 93469.5234375, 47674.890625, 44846.30078125, 44966.9921875, 43372.265625, 51510.234375, 42369.2109375, 37826.3359375, 90776.2578125, 52457.61328125, 69219.609375, 40290.65625, 29496.875, 36395.55859375, 75069.609375, 48199.1328125, 27758.521484375, 52257.74609375, 73330.21875, 34147.8828125, 53608.56640625, 42532.59375, 79513.625, 72456.421875, 41457.28515625, 101771.0078125, 67331.609375, 49167.28125, 43597.28125, 37279.89453125, 70302.328125, 58892.44921875, 79532.390625, 36007.80078125, 38970.56640625, 70460.6484375, 32881.84375, 66991.1640625, 46589.6953125, 60886.69921875, 77928.71875, 46420.359375, 53026.82421875, 53995.3828125, 78201.46875, 45178.73828125, 48017.7109375, 56685.91015625, 44253.640625, 50047.7890625, 22083.234375, 26671.01953125, 57407.3671875, 53529.58984375, 40827.3828125, 60299.8984375, 54615.953125, 76532.21875, 35123.11328125, 39895.30078125, 26213.7734375, 51038.0625, 36817.4765625, 39670.2578125, 32017.11328125, 80954.28125, 77493.265625, 64964.43359375, 34019.765625, 61294.90625, 51334.875, 38194.0390625, 58826.2578125, 69251.8046875, 49482.6328125, 46444.50390625, 41863.046875, 38095.02734375, 79976.921875, 44685.1796875, 68805.4296875, 32799.0859375, 65158.05859375, 31388.875, 60324.6015625, 62639.5546875, 37645.02734375, 35890.63671875, 63439.76953125, 55323.1796875, 33784.30859375, 55307.24609375, 51952.41015625, 80341.765625, 36861.22265625, 37226.49609375, 45321.4921875, 61755.5546875, 53990.546875, 52605.453125, 52848.625, 56551.71875, 55162.6328125, 39349.72265625, 51973.40234375, 30728.615234375, 96958.953125, 36582.16796875, 48291.1875, 31877.904296875, 36379.484375, 52570.08984375, 47902.953125, 39429.90625, 45511.65625, 39585.2890625, 44475.8984375, 39097.1875, 42321.5, 110773.1015625, 37902.1484375, 55840.58984375, 51032.25, 50994.234375, 50770.3828125, 55851.9140625, 44336.45703125, 100851.359375, 38580.6328125, 40458.73828125, 43497.01171875, 57613.4609375, 69953.7109375, 40769.23046875, 59214.40625, 36908.14453125, 37578.7890625, 33063.6640625, 52916.30859375, 67840.6484375, 73097.5390625, 66307.265625, 35911.46875, 67207.1953125, 46669.3671875, 36483.125, 68639.453125, 48394.046875, 54990.91796875, 55305.66796875, 60443.62890625, 38614.875, 32605.990234375, 79573.921875, 63711.91015625, 58735.87109375, 30678.623046875, 88360.078125, 60427.54296875, 73591.4375, 46549.65625, 63142.55859375, 55089.58203125, 77606.953125, 38460.7265625, 39358.07421875, 54208.015625, 50796.3671875, 32603.69921875, 44196.015625, 105431.4375, 102439.0234375, 35200.21875, 61102.640625, 53285.7578125, 50731.546875, 51213.2734375, 77467.84375, 37535.9375, 54538.51953125, 53907.24609375, 37359.6328125, 24832.046875, 75841.71875, 63538.609375, 35815.38671875, 92103.0, 36855.9921875, 59423.71875, 28043.46484375, 38973.9609375, 32115.986328125, 50597.0078125, 31006.01953125, 74060.9296875, 68863.40625, 39383.50390625, 61020.8125, 49428.82421875, 40610.8359375, 80009.7578125, 47644.07421875, 31540.625, 46691.01171875, 34007.109375, 77246.6484375, 53120.52734375, 35200.703125, 29661.826171875, 20232.63671875, 71020.625, 64300.03125, 54540.7890625], "name": "default", "desc": "lr_0.01_nb_16_ld_4_b_2", "folder": "./saves/grid_seach/search1/lr_0.01_nb_16_ld_4_b_2_default_20240213-223447"}