{"nhidden": 128, "rnn_nhidden": 32, "obs_dim": 1, "latent_dim": 16, "lr": 0.01, "n_batch": 16, "beta": 0.001, "total_epochs_train": 50, "epochs_per_train": 5, "epochs": 50, "loss": [172244.609375, 193524.0, 147468.5, 205084.09375, 205350.265625, 169846.375, 147596.3125, 148544.875, 140762.53125, 163797.078125, 150260.75, 179339.265625, 146181.4375, 188476.0625, 151424.8125, 167370.65625, 125649.7109375, 129394.6328125, 135233.53125, 141003.0625, 189342.6875, 139074.59375, 181193.71875, 131190.65625, 136644.59375, 161560.0625, 112079.8125, 108205.3125, 152378.625, 166337.890625, 139926.359375, 149051.984375, 116282.625, 175831.5625, 186492.90625, 131684.125, 118084.0625, 134520.140625, 236101.984375, 159140.46875, 104616.53125, 123686.1953125, 120931.8359375, 139561.75, 137609.5, 123048.984375, 148554.5, 133719.84375, 80636.921875, 119615.6875, 101673.78125, 130693.1875, 107818.2734375, 163236.671875, 113688.21875, 92990.2265625, 125948.0078125, 133713.703125, 127134.1796875, 105884.9453125, 104974.703125, 77536.171875, 80479.0546875, 100402.5859375, 112562.421875, 130971.3984375, 98782.515625, 145236.28125, 124762.6328125, 147100.078125, 140786.96875, 72656.453125, 124409.265625, 150614.28125, 103717.015625, 122190.5859375, 139788.953125, 123166.5546875, 104784.7421875, 118590.5625, 91959.203125, 88920.03125, 106462.265625, 86428.265625, 125427.4921875, 108746.3125, 97966.1015625, 98586.421875, 131334.9375, 68035.8671875, 119192.421875, 88238.1953125, 103558.0078125, 62070.78515625, 99202.390625, 56750.71484375, 73099.421875, 66376.390625, 73641.4921875, 72256.703125, 62099.390625, 66792.171875, 82054.4375, 79574.390625, 102155.1953125, 86283.0625, 52285.78125, 77202.96875, 83796.9296875, 43121.04296875, 49259.859375, 70334.15625, 51940.28515625, 90266.609375, 78509.546875, 115602.609375, 115812.5703125, 127304.75, 75015.0859375, 91345.7578125, 78166.265625, 74424.40625, 111670.203125, 72097.6640625, 107561.4765625, 86966.25, 66110.1796875, 96575.03125, 64331.71875, 72553.8046875, 66515.53125, 80464.2578125, 106921.1796875, 106049.609375, 80415.6875, 57469.25390625, 63625.47265625, 102485.40625, 51552.23828125, 70350.7734375, 73505.2734375, 90090.265625, 60108.8671875, 75280.2421875, 115870.328125, 47071.22265625, 89592.6875, 38886.86328125, 55781.5703125, 67794.21875, 68709.0546875, 58932.28125, 43961.25390625, 76667.578125, 79962.6875, 68815.40625, 38846.921875, 61348.9765625, 45369.66796875, 51377.96875, 63464.1875, 53843.75, 48195.875, 37656.53125, 78350.7421875, 67766.9765625, 67384.1796875, 65146.2890625, 81726.703125, 100368.65625, 55419.02734375, 106148.3515625, 60257.44140625, 83395.8515625, 108096.96875, 55552.71875, 78610.0859375, 62741.63671875, 59899.45703125, 38165.09375, 96619.5703125, 32270.060546875, 52654.13671875, 83467.1015625, 67128.9296875, 53690.4921875, 41888.65625, 40816.3046875, 54554.1796875, 48736.9375, 60719.9609375, 51831.10546875, 20798.55078125, 37605.63671875, 68032.421875, 71013.6875, 42743.375, 40316.4921875, 44149.546875, 21498.650390625, 62086.4609375, 25646.9375, 27254.26171875, 34655.55859375, 41330.2265625, 35587.6640625, 26696.69140625, 18300.794921875, 29824.3125, 41463.54296875, 53367.4609375, 26083.33203125, 48063.6875, 32889.26171875, 52741.31640625, 23934.09765625, 21096.615234375, 22709.39453125, 38140.25390625, 32095.07421875, 33684.66796875, 33441.4296875, 23128.673828125, 33279.9765625, 51654.9453125, 26287.0859375, 75720.703125, 30612.58984375, 46773.78125, 30580.6484375, 44438.0390625, 41246.375, 39133.84375, 62874.6171875, 48507.01953125, 40513.15234375, 59740.53125, 60711.125, 29590.029296875, 54129.3515625, 35848.91796875, 39345.7734375, 34611.828125, 35027.75, 27482.79296875, 46270.92578125, 39156.25, 32910.28515625, 46085.13671875, 52114.484375, 56155.44921875, 26777.4765625, 34719.578125, 22607.009765625, 51231.55078125, 66244.3828125, 61209.578125, 66325.59375, 81745.4765625, 69751.1484375, 74315.609375, 49646.46875, 45303.95703125, 46512.76171875, 47123.859375, 29356.546875, 45329.828125, 44873.39453125, 28426.564453125, 43106.8515625, 26997.98828125, 48014.87890625, 47527.75, 46182.10546875, 53090.828125, 66115.640625, 63306.546875, 34954.42578125, 30286.41015625, 44105.08203125, 29583.962890625, 28614.216796875, 50257.75, 50298.93359375, 42901.99609375, 38713.17578125, 45441.66796875, 71864.078125, 70750.5078125, 32971.36328125, 41285.5703125, 29700.60546875, 98200.078125, 70354.265625, 24443.59765625, 56520.1328125, 50585.9375, 78228.609375, 35463.21875, 34264.01953125, 39456.08984375, 92591.0078125, 35525.28515625, 95870.15625, 42511.34765625, 53175.73828125, 52142.2109375, 41149.40625, 30426.46875, 45199.08203125, 85377.3359375, 22522.53125, 29315.5234375, 50389.95703125, 38970.8203125, 74080.7265625, 68585.328125, 35008.47265625, 45409.8671875, 40392.7578125, 17641.83984375, 22395.48828125, 39335.8359375, 21510.09375, 50782.77734375, 16020.2412109375, 24269.201171875, 19528.984375, 21447.99609375, 52391.421875, 27145.8046875, 25413.31640625, 18641.66796875, 36220.29296875, 48086.30859375, 27133.240234375, 36667.16015625, 30756.826171875, 18276.470703125, 22076.927734375, 8813.390625, 14526.9453125, 86047.7421875, 26386.22265625, 15878.716796875, 22267.705078125, 16476.857421875, 20981.779296875, 22246.146484375, 37128.74609375, 49084.00390625, 9575.810546875, 55169.78125, 36603.47265625, 26295.4765625, 30057.03515625, 18706.27734375, 48589.43359375, 51710.3046875, 28515.0703125, 33385.84375, 29133.16796875, 14834.2568359375, 34228.7265625, 26521.994140625, 30369.3515625, 27022.49609375, 39177.015625, 21580.7109375, 22319.044921875, 44975.24609375, 35992.640625, 17582.966796875, 14885.376953125, 20747.9921875, 47045.53515625, 21603.40625, 20224.865234375, 17346.541015625, 29178.560546875, 32993.015625, 30205.013671875, 21962.75, 31371.43359375, 41421.43359375, 26829.4765625, 24482.123046875, 19171.7734375, 24834.8046875, 40327.95703125, 42218.5625, 32760.62890625, 23142.732421875, 15013.6650390625, 15249.306640625, 15788.9921875, 14444.525390625, 14334.9384765625, 48603.0390625, 16551.21875, 22322.484375, 27296.966796875, 22265.224609375, 27197.4296875, 18158.666015625, 26985.720703125, 39356.20703125, 12652.205078125, 27873.09765625, 35706.78515625, 25056.42578125, 23737.6953125, 28274.197265625, 36233.31640625, 25748.962890625, 36018.125, 68198.9921875, 26439.583984375, 19604.9453125, 30305.873046875, 29769.166015625, 40348.41015625, 24581.1015625, 39845.37890625, 20457.44140625, 38908.12890625, 36859.23046875, 21801.734375, 37971.38671875, 34955.12109375, 24075.5, 43345.24609375, 15146.0166015625, 41734.59375, 34918.7890625, 28260.953125, 13909.609375, 36526.578125, 29374.78515625, 34048.49609375, 24819.357421875, 19361.9375, 18474.37109375, 48308.1171875, 46159.078125, 38174.59375, 17144.609375, 25962.755859375, 27153.78125, 19923.90625], "name": "default", "desc": "lr_0.01_nb_16_ld_16_b_0.001", "folder": "./saves/grid_seach/search1/lr_0.01_nb_16_ld_16_b_0.001_default_20240213-225043"}