{"nhidden": 128, "rnn_nhidden": 32, "obs_dim": 1, "latent_dim": 4, "lr": 0.0001, "n_batch": 16, "beta": 4, "total_epochs_train": 50, "epochs_per_train": 5, "epochs": 50, "loss": [181362.78125, 204940.171875, 162073.21875, 130113.5234375, 195502.53125, 109627.234375, 154207.421875, 250671.03125, 245258.1875, 172387.8125, 242733.0, 126979.078125, 158269.375, 228394.484375, 234777.109375, 203705.796875, 128549.0390625, 119813.640625, 179830.015625, 192834.5625, 144950.609375, 174948.375, 191230.84375, 197166.125, 150192.59375, 164634.40625, 215970.6875, 240567.046875, 163273.765625, 108936.6015625, 165066.609375, 179688.59375, 178945.15625, 227019.171875, 124344.09375, 188676.03125, 159724.625, 241633.28125, 172070.78125, 136416.75, 116947.03125, 94713.8046875, 245701.515625, 175818.046875, 246447.78125, 145691.625, 122705.375, 179415.703125, 211981.84375, 181902.578125, 179595.0625, 189241.234375, 169547.75, 155932.9375, 139942.75, 149845.84375, 181456.40625, 148369.9375, 198037.71875, 120409.9921875, 279062.28125, 192692.921875, 169929.171875, 111575.484375, 222663.578125, 184449.96875, 158825.71875, 247115.1875, 229841.703125, 134002.90625, 112945.421875, 178246.53125, 163294.25, 141936.84375, 169095.546875, 231422.75, 190613.21875, 143720.328125, 126406.125, 197812.046875, 209998.03125, 204196.46875, 182857.59375, 142431.609375, 141746.15625, 147564.71875, 161784.015625, 142611.75, 152595.890625, 228734.71875, 193489.90625, 150295.015625, 164552.078125, 169954.0, 152285.234375, 152870.609375, 195581.625, 190448.6875, 139509.46875, 190974.890625, 149626.796875, 113093.8984375, 186028.390625, 125106.8125, 107047.671875, 205329.28125, 185211.828125, 266900.28125, 157645.484375, 133033.359375, 149588.625, 168185.671875, 134130.078125, 239306.828125, 230603.890625, 180357.9375, 155610.03125, 116904.140625, 208931.40625, 158710.9375, 148183.5625, 238248.6875, 152548.46875, 153575.65625, 167840.078125, 172097.15625, 144623.0, 150896.125, 165266.703125, 227831.078125, 172456.234375, 192437.546875, 145221.765625, 105693.6640625, 162485.0, 106433.171875, 166305.40625, 160563.328125, 153912.0, 186057.671875, 152129.375, 228863.671875, 163914.1875, 150588.921875, 201459.171875, 147053.09375, 135163.5, 203237.59375, 167203.203125, 192505.0625, 149406.796875, 160029.140625, 149435.140625, 138736.390625, 147227.6875, 181249.828125, 181091.90625, 207283.71875, 129020.2421875, 154728.25, 121350.984375, 208440.09375, 143997.640625, 219090.0, 120620.09375, 132717.3125, 166659.65625, 183095.734375, 180929.953125, 130723.4296875, 176499.984375, 206052.390625, 159595.546875, 156634.671875, 170570.46875, 98711.8046875, 160489.96875, 172888.921875, 113926.4375, 171087.59375, 159758.140625, 190682.578125, 177556.3125, 103404.4765625, 93229.1015625, 143401.4375, 191134.921875, 125585.1328125, 183085.203125, 236265.53125, 100236.671875, 84162.40625, 118390.140625, 116022.84375, 208405.90625, 161208.8125, 185464.828125, 138538.671875, 151143.03125, 179737.46875, 130923.4921875, 127953.4375, 110619.7109375, 107082.9296875, 95088.09375, 158358.234375, 228038.015625, 112517.34375, 133635.78125, 141139.390625, 132012.390625, 108726.5078125, 106658.2734375, 197180.921875, 144284.09375, 175303.6875, 173653.78125, 114193.734375, 129948.8203125, 138447.28125, 116915.8046875, 131580.890625, 133798.59375, 89148.53125, 154642.0625, 190565.53125, 86750.2890625, 106346.734375, 119580.40625, 130701.90625, 129504.7109375, 122232.09375, 133277.671875, 169255.21875, 165370.984375, 139580.46875, 145636.265625, 134745.34375, 107453.546875, 108591.1640625, 118866.625, 149822.6875, 102500.828125, 164430.171875, 139799.53125, 102334.703125, 133027.921875, 129052.5859375, 109624.859375, 123842.6015625, 124281.5, 133864.734375, 96630.9296875, 172593.21875, 105009.046875, 124384.140625, 117039.9140625, 195544.96875, 104844.1171875, 95658.2421875, 146638.890625, 145245.984375, 150247.09375, 133459.703125, 100946.203125, 128352.625, 143494.09375, 106759.6953125, 115367.71875, 107975.8359375, 116330.59375, 86539.6484375, 153929.9375, 123469.5546875, 132466.765625, 113267.25, 142917.296875, 128658.71875, 121618.15625, 101625.859375, 109912.078125, 140039.9375, 126249.7578125, 135401.40625, 112045.28125, 146376.671875, 143711.8125, 125109.3359375, 181706.578125, 122310.09375, 113511.640625, 117637.15625, 145500.140625, 106049.6875, 102836.1796875, 105974.265625, 115411.9453125, 102364.28125, 126388.5859375, 151513.296875, 103109.890625, 99798.59375, 145584.78125, 156833.078125, 87841.15625, 116697.7109375, 151597.421875, 106736.296875, 157245.578125, 111170.5859375, 124094.1484375, 94344.0546875, 105703.1484375, 128930.0546875, 146620.484375, 103871.4765625, 118728.8671875, 117221.9140625, 162886.5, 97362.21875, 134520.71875, 136978.765625, 128182.7734375, 126792.703125, 105579.546875, 110342.953125, 136949.75, 94344.9296875, 156239.796875, 128788.140625, 127238.2734375, 96021.09375, 157309.546875, 138853.9375, 182000.0625, 102185.3046875, 106612.6015625, 95669.4140625, 146960.234375, 104442.015625, 108726.671875, 133164.34375, 130779.3125, 109149.890625, 150359.28125, 112812.859375, 104321.40625, 127035.875, 116422.53125, 129935.03125, 136629.828125, 122896.09375, 126282.9453125, 93105.2734375, 142083.328125, 132700.28125, 107623.875, 104532.03125, 112615.578125, 150247.15625, 124511.1796875, 102431.0, 146366.3125, 125230.625, 147400.1875, 163190.84375, 102289.3125, 87988.8203125, 99199.9765625, 94376.7109375, 108330.2734375, 119602.28125, 125518.84375, 108776.984375, 125531.1875, 129312.578125, 114090.65625, 132757.296875, 121073.234375, 125221.328125, 142487.125, 108505.453125, 146445.03125, 101919.2734375, 100410.421875, 103258.9296875, 113059.7578125, 93499.8046875, 107325.8125, 101605.234375, 110153.609375, 136921.25, 108501.4375, 140313.265625, 94343.234375, 134783.265625, 98014.359375, 150706.234375, 117371.1484375, 101885.3828125, 107532.609375, 109681.5625, 120312.765625, 111423.109375, 136091.671875, 114977.984375, 96669.09375, 105238.078125, 101446.546875, 90348.953125, 122094.1640625, 152999.625, 128606.2578125, 131558.03125, 134537.8125, 82402.09375, 126899.9140625, 84002.3984375, 109339.625, 123616.4375, 141169.28125, 93264.03125, 96766.796875, 119844.1640625, 109104.9453125, 100448.828125, 92006.28125, 117986.0, 115162.734375, 89723.3515625, 125932.3515625, 126993.5078125, 119766.9921875, 90851.171875, 132295.5625, 99064.25, 133601.3125, 108967.765625, 103060.375, 96069.5546875, 112469.203125, 119640.3125, 79781.84375, 125484.4375, 104041.0703125, 96301.609375, 142139.6875, 114057.1015625, 93744.4921875, 100521.96875], "name": "default", "desc": "lr_0.0001_nb_16_ld_4_b_4", "folder": "./saves/grid_seach/search4/lr_0.0001_nb_16_ld_4_b_4_default_20240307-100135"}