{"nhidden": 128, "rnn_nhidden": 32, "obs_dim": 1, "latent_dim": 16, "lr": 0.008858667904100823, "n_batch": 16, "beta": 2.8033908493059387, "total_epochs_train": 1000, "epochs_per_train": 50, "epochs": 100, "loss": [115541.484375, 64260.03125, 78685.171875, 55751.046875, 79048.421875, 129973.390625, 55948.61328125, 85667.3203125, 32960.47265625, 41583.53125, 47419.859375, 52477.1640625, 19540.140625, 9399.38671875, 34364.62109375, 24261.32421875, 13179.0546875, 15083.3623046875, 11577.052734375, 4325.80859375, 5311.8408203125, 6485.3642578125, 15436.4052734375, 19253.3984375, 8061.171875, 32149.22265625, 11556.455078125, 6612.4833984375, 9656.5625, 11009.806640625, 20033.1484375, 26233.041015625, 11636.7783203125, 6745.61767578125, 7634.365234375, 8019.39794921875, 9249.0732421875, 14780.8369140625, 5453.56005859375, 4604.578125, 7676.4833984375, 13053.736328125, 9499.1669921875, 5689.53662109375, 8843.8349609375, 8911.419921875, 13483.169921875, 7869.9501953125, 10137.65234375, 13649.3095703125, 17267.17578125, 4707.73291015625, 22523.537109375, 9164.693359375, 17132.833984375, 4240.9140625, 15811.33203125, 9650.4970703125, 9875.5224609375, 4696.8984375, 8668.384765625, 5906.5380859375, 7866.27783203125, 6845.44287109375, 10058.2275390625, 8877.7646484375, 6331.74462890625, 6098.115234375, 5048.2255859375, 3487.72705078125, 9754.4521484375, 2160.26220703125, 7927.91845703125, 3301.455810546875, 5029.796875, 9170.7900390625, 4041.022216796875, 10424.1328125, 7307.19580078125, 5344.20849609375, 6008.53564453125, 7671.71142578125, 4116.9697265625, 8340.40234375, 7547.47900390625, 2891.578857421875, 1608.7625732421875, 9802.01953125, 4385.13134765625, 7377.37646484375, 6103.33544921875, 6880.02880859375, 11824.76171875, 4696.04345703125, 2352.252197265625, 14020.837890625, 8544.0263671875, 5744.9482421875, 12226.0029296875, 11329.98828125, 10549.392578125, 2754.08984375, 11107.484375, 4494.9248046875, 10009.8642578125, 12149.5126953125, 8201.20703125, 20726.140625, 4063.46533203125, 8044.017578125, 24850.779296875, 17706.7734375, 7119.1513671875, 10756.38671875, 16246.4443359375, 9720.9599609375, 6197.150390625, 14870.1640625, 10407.7373046875, 6193.087890625, 6774.2138671875, 5355.47265625, 8391.080078125, 1490.072998046875, 8712.1279296875, 9097.83984375, 4888.60302734375, 3805.97314453125, 6944.8740234375, 3697.15478515625, 4189.44580078125, 5309.65185546875, 7128.8505859375, 10049.693359375, 10492.0078125, 5733.46533203125, 5889.63916015625, 4659.30712890625, 2977.9638671875, 6425.34130859375, 12060.892578125, 3750.7109375, 9352.0234375, 3711.52099609375, 4508.26953125, 7658.91064453125, 3461.822021484375, 6085.2412109375, 5761.81298828125, 6522.5224609375, 11151.6904296875, 5037.59912109375, 3023.2294921875, 4953.14208984375, 5759.9765625, 5042.45947265625, 8839.2998046875, 5748.57666015625, 11383.6767578125, 2847.39404296875, 1551.7572021484375, 4408.873046875, 3494.917236328125, 2977.035400390625, 7039.2236328125, 4034.907470703125, 4555.49267578125, 10645.5205078125, 4797.0224609375, 5566.875, 5060.111328125, 1993.5107421875, 2893.168212890625, 1599.6776123046875, 2813.23974609375, 8679.3115234375, 12454.26171875, 6539.58642578125, 15905.7900390625, 5786.61328125, 1531.3175048828125, 3207.64208984375, 9032.751953125, 6173.9921875, 6965.41943359375, 6722.763671875, 11043.71484375, 6393.28662109375, 6507.5498046875, 9430.859375, 5992.71826171875, 6590.3896484375, 5685.95166015625, 3794.0361328125, 7450.84716796875, 4718.87158203125, 3240.636474609375, 4783.513671875, 3263.387939453125, 6603.9306640625, 12880.71484375, 8474.892578125, 6837.83349609375, 3231.17041015625, 8311.02734375, 5884.74951171875, 5024.17138671875, 4905.8759765625, 2455.344482421875, 4881.185546875, 5142.5966796875, 4946.9423828125, 18872.0234375, 9653.3896484375, 14538.0185546875, 5875.751953125, 2634.377685546875, 6795.70263671875, 21266.0546875, 3052.77587890625, 5107.33984375, 6251.4072265625, 5690.33935546875, 9514.10546875, 5801.89990234375, 9111.845703125, 6367.8935546875, 2464.050537109375, 10060.8349609375, 8352.4619140625, 8511.955078125, 10258.16796875, 7650.6083984375, 7823.0615234375, 8568.919921875, 5808.341796875, 8434.30859375, 7120.603515625, 5387.2890625, 3688.159912109375, 7004.587890625, 4033.018798828125, 7415.33984375, 7141.7626953125, 7627.1689453125, 3830.464111328125, 2732.399169921875, 4366.5517578125, 10768.498046875, 13241.5634765625, 7721.3681640625, 4816.0380859375, 14597.9130859375, 8739.908203125, 2951.857177734375, 9118.3798828125, 9640.20703125, 5578.21435546875, 14097.87890625, 12958.966796875, 7157.00048828125, 16404.84375, 5237.5927734375, 8095.5126953125, 5523.6748046875, 9292.0107421875, 5286.134765625, 8414.7265625, 6581.76025390625, 6824.2841796875, 6874.58837890625, 9026.3232421875, 2458.538818359375, 6918.34521484375, 4049.741943359375, 13302.2080078125, 2563.1416015625, 3790.926025390625, 5987.01171875, 3237.37548828125, 5656.376953125, 1816.9991455078125, 8056.84326171875, 4397.9501953125, 6767.0908203125, 6966.228515625, 3439.046875, 9419.115234375, 2066.33740234375, 2419.298583984375, 2025.0037841796875, 12380.98046875, 8916.80859375, 6833.5068359375, 5191.1396484375, 8219.689453125, 1625.794189453125, 12088.49609375, 5856.333984375, 3064.414794921875, 4248.64599609375, 5463.6845703125, 2082.365478515625, 7092.3720703125, 7658.5947265625, 4531.32421875, 4760.82763671875, 5716.28076171875, 6300.279296875, 8983.9130859375, 5562.048828125, 4550.318359375, 8510.90234375, 3844.595458984375, 4520.9365234375, 7787.94970703125, 6423.9072265625, 6173.8408203125, 13237.689453125, 6551.1650390625, 6137.037109375, 3084.398193359375, 4054.7255859375, 2648.96728515625, 14105.97265625, 5406.78466796875, 3899.270263671875, 6488.25244140625, 3779.644775390625, 7227.6806640625, 5826.6572265625, 4127.5009765625, 4166.14208984375, 15147.4658203125, 7704.32421875, 3534.281005859375, 3616.08251953125, 8980.5732421875, 8340.373046875, 3718.83642578125, 5862.7705078125, 3816.219970703125, 4555.966796875, 5244.64208984375, 8500.763671875, 4947.4423828125, 4088.83154296875, 7197.90673828125, 9876.6337890625, 4134.14892578125, 10690.5341796875, 4773.3408203125, 8231.7744140625, 11931.970703125, 3136.33251953125, 13370.9970703125, 4522.33447265625, 10444.734375, 5784.6650390625, 9613.16796875, 4693.5185546875, 12858.111328125, 6431.4052734375, 7827.66455078125, 4173.06689453125, 6457.1083984375, 3418.41552734375, 8348.1376953125, 4702.5673828125, 11059.3310546875, 3839.0322265625, 6665.57861328125, 8391.1513671875, 2348.5048828125, 3196.943603515625, 7626.65625, 4289.90283203125, 2628.36962890625, 8660.927734375, 4459.9326171875, 5240.23876953125, 5357.92236328125, 6111.96337890625, 8099.18359375, 2974.2802734375, 2256.62744140625, 1679.82666015625, 9923.7802734375, 5629.0283203125, 5389.6318359375, 2594.11572265625, 3139.151123046875, 6709.29248046875, 4013.782958984375, 4792.291015625, 6814.484375, 4853.02001953125, 3272.137939453125, 4771.36767578125, 3207.4208984375, 5481.197265625, 7521.11328125, 2196.33984375, 7505.48974609375, 2939.883056640625, 10266.890625, 5526.4599609375, 4789.953125, 10875.056640625, 2762.87548828125, 1342.381103515625, 2959.450439453125, 18479.265625, 7597.63525390625, 1638.102783203125, 6459.0341796875, 7891.78076171875, 5005.48291015625, 7975.55859375, 7871.68603515625, 3901.4560546875, 10296.431640625, 7675.88818359375, 9678.791015625, 10837.7666015625, 6061.244140625, 13497.6240234375, 5845.58251953125, 2372.7509765625, 6588.15380859375, 6011.18017578125, 7651.03271484375, 4286.68017578125, 3632.21142578125, 7000.68994140625, 3391.500244140625, 8664.587890625, 12055.349609375, 3904.68017578125, 3571.6181640625, 8220.2548828125, 4499.24267578125, 8265.517578125, 5622.54150390625, 7752.79443359375, 6056.001953125, 3662.143798828125, 5339.02294921875, 8629.0712890625, 5930.67236328125, 3257.408935546875, 9794.650390625, 4346.79345703125, 1080.5926513671875, 6659.228515625, 6196.52587890625, 3918.470703125, 5405.96875, 