{"nhidden": 128, "rnn_nhidden": 32, "obs_dim": 1, "latent_dim": 8, "lr": 0.01, "n_batch": 16, "beta": 1, "total_epochs_train": 50, "epochs_per_train": 5, "epochs": 50, "loss": [139998.46875, 157273.4375, 110274.90625, 89146.2265625, 194705.75, 193795.921875, 210772.8125, 151473.046875, 229538.671875, 187653.21875, 145284.640625, 146046.828125, 175500.453125, 166866.34375, 95950.96875, 134969.5625, 173552.4375, 179567.875, 140068.21875, 150086.953125, 164539.5625, 104103.859375, 138434.65625, 145022.4375, 147689.671875, 103768.71875, 161308.171875, 139615.875, 111495.0078125, 161392.171875, 105913.078125, 109891.0, 128179.71875, 135208.34375, 149789.484375, 83232.90625, 118227.484375, 90075.1875, 179163.296875, 124027.9765625, 124525.1640625, 98408.7734375, 98981.4296875, 120078.953125, 100113.90625, 107344.046875, 88860.125, 110556.890625, 111052.3671875, 111111.703125, 101706.6171875, 126403.03125, 109889.125, 83202.8359375, 115824.765625, 93528.84375, 70547.4140625, 129574.328125, 107397.109375, 80023.453125, 130444.71875, 87891.3203125, 93249.109375, 68387.375, 83225.8984375, 100322.7578125, 102216.984375, 60397.3828125, 115875.90625, 83923.2265625, 110261.8984375, 81288.5234375, 91349.75, 115092.078125, 113946.484375, 68349.09375, 65829.453125, 59906.484375, 87310.0546875, 95622.359375, 115050.0546875, 77613.9453125, 110068.078125, 100831.9375, 56316.1640625, 47697.01171875, 75439.5390625, 83293.0625, 77162.5, 79249.9375, 105251.265625, 66281.09375, 81035.875, 66141.7109375, 60456.2265625, 104943.8203125, 134891.453125, 84625.0390625, 64667.18359375, 77812.0390625, 82911.8046875, 80414.671875, 84334.8984375, 61888.3203125, 58275.0234375, 84250.5625, 77958.171875, 173823.78125, 59943.7890625, 92687.4765625, 111912.5546875, 77167.8046875, 73049.015625, 111689.859375, 68416.6015625, 109833.3984375, 111987.90625, 86982.328125, 53609.4375, 68908.2265625, 81143.640625, 88530.203125, 71672.5390625, 70192.375, 35770.39453125, 58808.859375, 75038.4609375, 82132.359375, 35765.0625, 58522.33203125, 99349.515625, 38033.2265625, 73870.390625, 78382.4921875, 73682.703125, 64217.3359375, 89490.28125, 45615.57421875, 46004.73828125, 49732.953125, 74410.390625, 50412.31640625, 116695.8984375, 80568.4140625, 54243.01171875, 47065.7578125, 57454.78125, 59564.1796875, 56614.4140625, 123411.03125, 61281.6875, 27080.294921875, 47517.49609375, 78920.1875, 67264.59375, 38348.29296875, 44798.546875, 53203.8125, 41052.37890625, 25226.681640625, 78490.296875, 63159.81640625, 59104.3125, 48550.1484375, 59915.921875, 61678.86328125, 66444.859375, 33457.83984375, 79429.4609375, 73631.6875, 49963.73828125, 44913.7421875, 75464.1953125, 28873.740234375, 62436.4140625, 49121.17578125, 73269.7734375, 32962.03125, 66733.8515625, 47375.5546875, 91240.59375, 49903.0078125, 39692.046875, 40240.3203125, 46897.41796875, 34062.60546875, 43030.171875, 88645.15625, 45189.18359375, 61955.9296875, 52539.02734375, 49057.3203125, 93232.5625, 46420.328125, 44721.69140625, 57103.25, 45723.80859375, 33886.58984375, 65266.08203125, 41263.01953125, 49871.578125, 61799.09375, 93835.7109375, 48422.31640625, 57108.6796875, 57471.15625, 47681.59765625, 56637.4765625, 43638.078125, 72157.015625, 33967.73046875, 52067.2265625, 68899.078125, 67783.375, 45380.5234375, 49015.296875, 38654.5625, 59874.015625, 26253.66015625, 66515.90625, 34276.921875, 106224.546875, 70371.7578125, 49259.9921875, 38579.203125, 61656.23828125, 73892.9921875, 56816.25, 59286.6875, 31579.65625, 53086.29296875, 35325.43359375, 34898.7265625, 78581.9140625, 57936.5703125, 36719.08203125, 18587.015625, 69397.328125, 63009.3671875, 65712.2109375, 56784.1796875, 59018.5, 64971.43359375, 46399.73046875, 59943.15234375, 38223.15234375, 66165.09375, 48947.17578125, 76457.328125, 80516.3515625, 31136.021484375, 35176.95703125, 46545.4921875, 40652.65625, 69288.4140625, 24701.880859375, 26783.58984375, 78741.2421875, 45951.89453125, 85392.0625, 37130.140625, 41338.91015625, 32026.9765625, 73566.1015625, 57800.56640625, 68618.7109375, 67812.359375, 84164.3203125, 39815.14453125, 39073.03515625, 58090.18359375, 32156.1484375, 39220.015625, 61881.421875, 34282.4921875, 107490.359375, 20002.580078125, 70978.0, 56966.92578125, 56397.07421875, 51562.5703125, 31197.310546875, 46332.109375, 50389.8671875, 76349.015625, 57245.1484375, 47838.4609375, 63088.96875, 87063.96875, 37878.91015625, 48792.671875, 49401.37890625, 34345.46875, 67154.3828125, 37814.93359375, 49019.5, 51550.84375, 83463.609375, 46340.70703125, 45644.91015625, 48325.05078125, 37900.8203125, 37768.140625, 52000.37109375, 59297.34375, 64376.6484375, 104913.4453125, 47122.96875, 70224.984375, 64159.28125, 35751.765625, 43771.0703125, 45401.453125, 59730.27734375, 29274.26953125, 46168.953125, 52504.0390625, 55956.34765625, 61950.4921875, 28152.216796875, 98613.9375, 44462.984375, 66070.0546875, 36923.359375, 51947.28515625, 76835.5390625, 39700.6796875, 71146.1796875, 44428.59765625, 50106.03125, 48068.5859375, 82997.9296875, 22521.71484375, 45271.4453125, 46362.078125, 43828.26953125, 66737.875, 58560.48046875, 72145.59375, 44679.78515625, 43295.6875, 63740.37109375, 83097.296875, 36857.88671875, 48283.74609375, 66207.21875, 59416.96875, 49643.66796875, 69459.765625, 51763.12109375, 49283.10546875, 36443.9609375, 75333.921875, 40482.75, 87116.3984375, 48605.484375, 27662.654296875, 71646.015625, 56399.60546875, 53255.09375, 41654.953125, 38831.06640625, 74887.3203125, 72703.9609375, 61003.86328125, 54706.90625, 65805.1484375, 17111.60546875, 70752.2890625, 42664.80078125, 39502.30078125, 52383.44921875, 56902.51953125, 107315.9609375, 36351.046875, 42060.78125, 36157.390625, 61904.421875, 32644.376953125, 32120.66015625, 31500.744140625, 53932.046875, 36335.74609375, 78156.53125, 74479.9140625, 28996.853515625, 100474.53125, 57478.296875, 51277.49609375, 65443.25, 58830.9609375, 61716.04296875, 47393.453125, 43473.50390625, 25468.021484375, 32921.5234375, 37543.23828125, 37580.7265625, 38331.33984375, 56384.5546875, 71736.015625, 36724.80078125, 82194.3125, 62179.30859375, 30541.162109375, 55599.25, 28397.34375, 35916.16796875, 30723.11328125, 48258.54296875, 96238.0, 68324.9921875, 32831.796875, 86999.59375, 35273.99609375, 90470.34375, 36758.921875, 44927.828125, 49075.625, 50166.4140625, 55898.546875, 48264.109375, 88498.46875, 78245.0078125, 36521.78125, 41371.28515625, 51599.29296875, 49487.62890625, 39498.46484375, 77448.9453125, 65252.23046875, 50169.45703125, 48023.546875, 57779.7265625, 42138.515625, 46206.7421875, 54126.08203125, 44236.6171875, 59795.55078125, 67690.859375, 81050.125, 40984.109375, 34485.1640625, 42394.2421875, 70945.0, 37096.359375, 55530.2578125, 94514.875, 70687.203125, 55796.69140625], "name": "default", "desc": "lr_0.01_nb_16_ld_8_b_1", "folder": "./saves/grid_seach/search1/lr_0.01_nb_16_ld_8_b_1_default_20240213-224355"}