{"nhidden": 128, "rnn_nhidden": 32, "obs_dim": 1, "latent_dim": 8, "lr": 0.0005, "n_batch": 16, "beta": 2, "total_epochs_train": 50, "epochs_per_train": 5, "epochs": 50, "loss": [197375.109375, 213076.765625, 181699.609375, 137502.421875, 170297.0, 105081.0546875, 214196.609375, 145751.125, 187215.5, 220650.859375, 96536.21875, 228845.828125, 177388.25, 157386.84375, 150876.03125, 180594.46875, 210341.21875, 151106.65625, 101142.2734375, 198610.1875, 230133.234375, 192504.0625, 170068.234375, 156545.421875, 191113.015625, 161611.359375, 139839.546875, 153051.796875, 149378.0, 149504.15625, 217068.265625, 122622.546875, 173455.484375, 137545.75, 146448.5, 227337.71875, 122137.203125, 171048.328125, 193093.0625, 177083.1875, 169356.890625, 123671.28125, 224157.703125, 149303.125, 131588.890625, 170658.0625, 204312.265625, 159415.9375, 160694.03125, 160898.34375, 142394.96875, 237216.703125, 131336.078125, 122449.109375, 181498.1875, 147107.140625, 174850.921875, 187215.859375, 213450.484375, 154148.5, 126405.734375, 136902.859375, 97873.0546875, 110404.984375, 156884.46875, 197258.984375, 173629.6875, 196231.65625, 147524.921875, 139345.40625, 122497.90625, 119633.0, 178888.625, 123289.0, 90088.3828125, 156887.78125, 120246.3671875, 189177.203125, 111858.9609375, 192255.90625, 116888.625, 161568.375, 174189.296875, 165729.171875, 94224.4765625, 126303.140625, 99916.0234375, 122388.0, 117198.7578125, 93738.1328125, 159027.28125, 91327.4765625, 132865.890625, 104283.015625, 111341.7890625, 146977.046875, 144771.140625, 99527.859375, 122095.8671875, 94811.140625, 134943.3125, 121384.453125, 116855.9140625, 129527.078125, 113620.40625, 132514.453125, 104454.5703125, 128120.40625, 135099.078125, 133478.96875, 109668.546875, 102509.015625, 135416.265625, 107093.3515625, 91421.875, 102083.3046875, 125481.921875, 118720.453125, 122906.1171875, 114301.171875, 91130.7265625, 110710.078125, 122034.28125, 98519.484375, 96091.1015625, 142191.0625, 123387.921875, 94336.09375, 151886.21875, 112393.5390625, 109513.390625, 88320.34375, 101729.890625, 120515.875, 114242.4140625, 118996.703125, 95710.0390625, 95259.5703125, 114174.9140625, 116670.078125, 103175.3203125, 130375.3671875, 107999.734375, 80682.484375, 140262.875, 121977.546875, 113585.015625, 117814.9765625, 100110.1484375, 98163.8359375, 102676.8515625, 88362.0859375, 82876.3671875, 93496.3515625, 84328.8828125, 128486.6953125, 133670.796875, 83391.296875, 93447.7578125, 115061.890625, 92442.2421875, 118408.578125, 101727.90625, 117469.0546875, 135278.546875, 97197.2109375, 101790.6796875, 103279.1484375, 98374.875, 122086.4140625, 114050.5546875, 115246.0390625, 91181.8359375, 104963.578125, 117287.1015625, 106097.7109375, 91091.515625, 112431.2109375, 122167.53125, 161398.65625, 128226.3984375, 105326.28125, 120593.9375, 105222.40625, 81628.203125, 99894.8203125, 101514.5390625, 94701.96875, 119132.90625, 96326.1953125, 109060.265625, 84540.265625, 119836.15625, 93924.6328125, 110753.0, 95023.9375, 102835.4296875, 104416.9140625, 103590.3359375, 127581.59375, 89735.328125, 103387.75, 99080.671875, 93996.7109375, 93792.4453125, 82870.234375, 100726.125, 91933.578125, 121738.578125, 116257.4140625, 91318.25, 84323.5, 83599.7421875, 88310.53125, 103655.0078125, 99578.5703125, 85153.703125, 97800.3828125, 112776.3671875, 89330.6015625, 100481.328125, 110772.1484375, 117648.15625, 128957.140625, 125868.8125, 145058.234375, 115917.0859375, 103028.9921875, 92242.765625, 148609.546875, 86765.4921875, 106249.109375, 110079.9375, 108216.328125, 100010.2109375, 144000.734375, 117351.4140625, 135587.984375, 106918.25, 117128.890625, 90073.3515625, 83606.734375, 130692.2734375, 100993.3515625, 105794.5625, 105986.65625, 106373.0234375, 104110.125, 141955.875, 90980.3125, 99297.3046875, 104628.171875, 111390.46875, 95893.5859375, 103263.71875, 107423.84375, 102719.296875, 140090.828125, 83027.0390625, 128670.203125, 103051.1171875, 127263.6171875, 109099.296875, 91527.0, 99715.8046875, 114773.0859375, 80426.5390625, 108129.90625, 113122.0703125, 84506.65625, 74101.9296875, 103637.984375, 93462.78125, 129629.359375, 127310.5, 100508.65625, 120528.28125, 93286.0546875, 98815.265625, 104489.7265625, 87574.671875, 110101.4453125, 90999.21875, 127484.0390625, 106976.75, 91883.796875, 112691.109375, 107686.875, 90567.25, 89583.4375, 81745.828125, 98216.984375, 129298.84375, 86478.1875, 82475.4609375, 122247.03125, 107178.03125, 98411.90625, 120089.4140625, 98657.515625, 121002.921875, 81725.4375, 103390.5859375, 117351.859375, 102174.4453125, 77963.9609375, 76774.46875, 82049.953125, 106602.9453125, 142280.359375, 100338.34375, 111549.8046875, 75284.984375, 115354.59375, 100000.3359375, 125241.359375, 83808.3984375, 114022.015625, 86766.6328125, 70804.5625, 77407.359375, 99973.1953125, 116150.640625, 105064.0546875, 106303.1484375, 92273.40625, 134700.4375, 72203.734375, 85330.6484375, 104211.140625, 81186.796875, 102840.15625, 85192.59375, 96039.640625, 114097.96875, 82105.875, 69284.078125, 88867.09375, 121093.09375, 95883.53125, 87364.2421875, 83052.28125, 65095.92578125, 132219.234375, 94129.609375, 130079.2265625, 82800.7109375, 70841.890625, 80466.046875, 94168.6875, 85335.3984375, 118480.8515625, 76445.8515625, 86099.8125, 89609.0234375, 74599.8203125, 96596.0234375, 117242.703125, 75810.328125, 76022.140625, 73053.609375, 138405.546875, 76960.953125, 85429.5625, 81737.8046875, 118093.15625, 101876.328125, 77565.2734375, 76367.984375, 83501.7265625, 80788.671875, 107783.265625, 82847.5390625, 127466.3203125, 93313.6640625, 75613.7578125, 88188.1953125, 79008.7890625, 96885.75, 86404.34375, 79831.3125, 100621.2421875, 87233.7890625, 101470.1640625, 74761.90625, 90257.9765625, 86175.8671875, 99338.234375, 73769.0234375, 69927.046875, 88012.59375, 69044.7109375, 92868.7421875, 113180.3125, 95610.8359375, 89083.0703125, 85747.3984375, 97466.0234375, 132887.453125, 87983.4375, 91809.28125, 71245.9765625, 82844.8125, 60067.01953125, 90000.9453125, 87172.3125, 78361.03125, 73679.8671875, 81172.3671875, 86391.3125, 100131.0859375, 115645.734375, 81352.609375, 80079.015625, 107687.265625, 79095.65625, 64125.68359375, 76271.4609375, 65285.05859375, 60803.625, 93069.875, 101234.65625, 152755.296875, 78397.7890625, 93428.0390625, 80967.328125, 90586.578125, 92406.9921875, 77908.6796875, 120456.0078125, 71326.8125, 100956.8046875, 78000.703125, 81128.1015625, 106777.578125, 115283.3046875, 66810.3515625, 78825.4609375, 94500.0625, 72376.1171875, 89569.8984375, 99771.453125, 60664.0390625, 102998.6796875, 66512.53125, 112299.671875, 78125.84375, 81242.9453125, 76032.75, 86822.828125], "name": "default", "desc": "lr_0.0005_nb_16_ld_8_b_2", "folder": "./saves/grid_seach/search1/lr_0.0005_nb_16_ld_8_b_2_default_20240214-010050"}