{"nhidden": 128, "rnn_nhidden": 32, "obs_dim": 1, "latent_dim": 16, "lr": 0.01, "n_batch": 16, "beta": 1, "total_epochs_train": 50, "epochs_per_train": 5, "epochs": 50, "loss": [119958.5390625, 179654.0625, 201101.28125, 164191.359375, 158897.828125, 198591.96875, 177710.421875, 167515.546875, 121793.8203125, 142595.8125, 151379.484375, 195857.25, 141976.140625, 198314.296875, 207003.875, 113139.4296875, 136551.21875, 158557.703125, 138196.28125, 130382.0859375, 140736.453125, 194595.75, 170307.171875, 139462.578125, 147049.3125, 168533.53125, 161386.828125, 177803.40625, 147096.875, 180214.71875, 114784.140625, 148835.484375, 156290.125, 158746.96875, 123112.625, 130048.171875, 133805.171875, 161339.28125, 120975.4375, 129617.75, 128001.8203125, 137770.890625, 131456.875, 157337.0625, 112385.6875, 130534.4921875, 110278.4609375, 127769.015625, 108435.5625, 124475.2265625, 136787.90625, 99013.1484375, 128171.625, 118788.71875, 120549.75, 89141.765625, 117760.359375, 117850.625, 109337.5, 76555.3515625, 124955.5390625, 108620.796875, 86745.796875, 132533.453125, 94383.1015625, 131073.96875, 87469.875, 113423.390625, 106891.1015625, 91517.859375, 84889.0, 103882.203125, 122508.34375, 88982.828125, 82745.0859375, 93254.8203125, 93807.2578125, 68308.578125, 78591.109375, 91424.234375, 82632.0625, 105714.6796875, 113784.453125, 81293.015625, 61072.87890625, 90468.171875, 78151.9375, 87418.859375, 106811.3671875, 76165.6015625, 66562.6640625, 68000.3515625, 86704.8203125, 87064.1484375, 87682.8046875, 95223.5078125, 57250.3828125, 75620.078125, 92705.203125, 67747.1953125, 47664.78515625, 48130.2265625, 43457.32421875, 102016.0625, 62978.8203125, 87044.0625, 81608.265625, 65666.3046875, 66809.4453125, 60910.515625, 76882.9453125, 60152.51953125, 76986.4296875, 69379.2421875, 53547.9921875, 60618.90234375, 49727.6796875, 55337.3046875, 80144.390625, 83970.25, 51728.59375, 41929.0703125, 41516.1640625, 81989.2890625, 77231.3125, 62659.5625, 53365.765625, 78921.734375, 83729.5078125, 49610.9921875, 42162.421875, 48428.9453125, 86385.2421875, 58544.6640625, 43720.9296875, 43576.58984375, 40121.27734375, 51387.0390625, 43136.1953125, 78790.609375, 51726.44140625, 70530.515625, 88626.3828125, 64118.66015625, 36969.45703125, 79508.6015625, 155101.515625, 76991.5703125, 74284.90625, 49315.49609375, 43909.40625, 79582.609375, 68919.8046875, 60114.328125, 62335.6484375, 64846.26171875, 79954.640625, 43913.71484375, 80386.5625, 44013.3359375, 46922.75, 37011.13671875, 86990.2265625, 27941.080078125, 59319.84765625, 29506.798828125, 86779.421875, 48728.73046875, 47304.9765625, 56553.79296875, 58258.60546875, 109113.9921875, 30851.72265625, 41890.2421875, 56050.87890625, 86646.8515625, 34068.15234375, 38473.1484375, 29776.78125, 42576.98046875, 42919.34375, 71012.09375, 38753.140625, 42734.2890625, 34835.20703125, 49459.58984375, 75959.0234375, 46738.04296875, 91916.671875, 32287.455078125, 79559.15625, 33657.984375, 60503.83203125, 55534.21484375, 51478.4921875, 92656.6875, 39402.22265625, 30529.234375, 37213.81640625, 54072.76953125, 51399.25390625, 36265.0546875, 39255.6171875, 32576.650390625, 81599.6171875, 63262.421875, 46224.33984375, 80751.0625, 65910.359375, 39156.55078125, 32180.466796875, 48967.875, 46653.0234375, 56163.41796875, 42984.109375, 70251.4296875, 46557.75, 46381.828125, 60877.57421875, 45259.4609375, 109825.640625, 68663.703125, 39026.66015625, 41499.9765625, 41146.83984375, 44562.765625, 41229.453125, 53186.4765625, 91751.1328125, 48273.796875, 29297.63671875, 71293.390625, 23520.232421875, 41274.41015625, 34585.21484375, 36037.31640625, 56365.5, 47406.38671875, 62887.0390625, 61807.23828125, 70587.921875, 30003.59765625, 54531.5703125, 46747.328125, 88149.703125, 32590.82421875, 44983.703125, 40111.890625, 65747.75, 40599.69140625, 74113.6015625, 51118.6796875, 35800.921875, 42559.42578125, 66897.734375, 88032.8828125, 47873.6875, 66807.1328125, 26948.955078125, 43269.83203125, 46234.00390625, 65575.453125, 45914.453125, 51766.9375, 54999.9921875, 26210.796875, 48981.42578125, 72879.3359375, 55158.37109375, 99123.953125, 38105.37890625, 34640.90625, 38079.12890625, 63032.26171875, 67164.7109375, 38862.41796875, 60012.234375, 71276.8515625, 70170.046875, 68311.421875, 48974.60546875, 63931.9921875, 60186.5546875, 75363.734375, 32728.8515625, 48474.296875, 65241.515625, 33164.2578125, 77192.28125, 50044.43359375, 36298.17578125, 62296.015625, 72538.140625, 53049.953125, 86370.1640625, 50946.0234375, 98577.2890625, 100740.0859375, 90710.6328125, 99076.3046875, 128184.4765625, 181863.984375, 97311.53125, 213325.375, 119124.8828125, 72487.0859375, 124301.0859375, 134963.859375, 94033.6484375, 119280.328125, 186019.15625, 131146.75, 102075.1875, 168104.3125, 55149.76171875, 88599.9609375, 99196.0546875, 74138.3828125, 123201.2734375, 64903.1484375, 62804.0234375, 67207.359375, 96602.359375, 79493.6015625, 60941.3984375, 59771.1328125, 59351.25, 89036.328125, 79152.125, 71071.09375, 48467.07421875, 62666.98046875, 101477.125, 64345.03515625, 84623.328125, 64797.1875, 42271.5859375, 45794.45703125, 38277.6484375, 51774.28125, 67862.609375, 41147.08203125, 60853.3359375, 34211.546875, 56125.375, 63392.76171875, 43480.68359375, 65598.7734375, 45523.10546875, 49579.953125, 68213.125, 52733.3203125, 84652.7109375, 54798.90625, 43892.1875, 85783.53125, 39727.0625, 51821.421875, 31623.8828125, 41678.5, 48761.4453125, 52195.953125, 122428.09375, 27658.208984375, 70669.203125, 33892.5703125, 57068.0390625, 46098.40234375, 40581.890625, 48765.60546875, 109167.9765625, 30316.689453125, 35169.85546875, 37731.69140625, 48398.67578125, 64824.1171875, 56596.3125, 30701.501953125, 33537.25, 73804.5390625, 50792.859375, 45547.49609375, 21083.970703125, 47383.0078125, 54960.4765625, 67801.3359375, 64973.53515625, 53610.0703125, 48929.921875, 39485.3515625, 85138.5703125, 51190.1953125, 28809.80859375, 78617.4453125, 47206.109375, 66511.2578125, 71333.171875, 46724.51171875, 60505.24609375, 31986.0859375, 43363.4921875, 67293.296875, 72731.5234375, 38389.65234375, 40328.453125, 57265.97265625, 46182.3125, 34961.1171875, 62072.0, 35954.640625, 85915.5078125, 45248.5859375, 30527.2890625, 50210.3125, 47921.39453125, 66580.3828125, 42899.28125, 48719.31640625, 24531.275390625, 64071.6484375, 56138.62890625, 56902.921875, 22361.49609375, 27810.373046875, 51271.5078125, 37469.90625, 26522.408203125, 49072.9375, 63014.33984375, 88937.125, 75469.8984375, 34528.33984375, 45755.3828125, 36031.3125, 61276.9453125, 51171.5859375, 28515.564453125, 58195.3125, 80854.859375, 40643.4296875, 44957.53125, 51875.1328125, 46291.6796875, 44291.71484375, 81702.8359375, 34965.87890625, 47449.1640625, 73212.921875, 83802.671875, 40143.5234375], "name": "default", "desc": "lr_0.01_nb_16_ld_16_b_1", "folder": "./saves/grid_seach/search4/lr_0.01_nb_16_ld_16_b_1_default_20240307-084622"}