{"nhidden": 128, "rnn_nhidden": 32, "obs_dim": 1, "latent_dim": 2, "lr": 0.0005, "n_batch": 16, "beta": 2, "total_epochs_train": 50, "epochs_per_train": 5, "epochs": 50, "loss": [188994.21875, 167880.078125, 129169.2578125, 151335.6875, 268005.6875, 121927.21875, 158868.4375, 185606.609375, 192306.9375, 196326.4375, 206232.34375, 185224.53125, 165617.265625, 152049.390625, 166965.40625, 132347.3125, 149447.125, 156279.734375, 226759.796875, 176435.265625, 123278.3828125, 149630.15625, 150710.265625, 214356.578125, 115468.265625, 121493.359375, 212261.1875, 114556.265625, 213318.6875, 167215.171875, 116373.1640625, 202941.859375, 173151.46875, 128228.5703125, 151356.8125, 173462.703125, 169038.546875, 171487.953125, 142522.96875, 119381.0390625, 142185.796875, 135925.734375, 165093.65625, 143568.65625, 247026.421875, 131283.828125, 156272.15625, 158769.03125, 108897.375, 151966.640625, 241436.9375, 169929.28125, 131075.125, 162089.546875, 151184.75, 214648.859375, 168700.109375, 166985.15625, 151109.65625, 118907.53125, 155461.6875, 120940.1640625, 157106.3125, 165996.703125, 138691.34375, 142757.6875, 191280.828125, 179256.875, 196007.6875, 105984.2734375, 126440.78125, 114480.4609375, 134877.765625, 103993.65625, 168444.375, 196865.65625, 163697.078125, 95737.015625, 125469.3125, 149936.5625, 129939.65625, 146496.515625, 133648.21875, 103513.125, 148891.46875, 123649.0234375, 131414.609375, 156739.71875, 130786.9296875, 135030.625, 152361.125, 112441.765625, 100142.21875, 108575.5234375, 151584.046875, 132550.671875, 175284.96875, 131495.671875, 120307.3125, 175327.296875, 132196.15625, 151577.828125, 114096.140625, 97676.0703125, 140393.953125, 107610.171875, 138031.203125, 132866.3125, 111393.5, 95360.5, 131505.953125, 128384.5703125, 105999.5, 127949.875, 136253.734375, 122687.59375, 173451.625, 110617.4296875, 142426.75, 138405.46875, 138069.6875, 154240.5625, 104527.40625, 133394.609375, 102813.3671875, 99847.90625, 134656.921875, 102681.6171875, 132498.25, 143972.8125, 97499.2578125, 120916.28125, 86915.1484375, 127296.78125, 149039.21875, 108922.8125, 171462.46875, 134234.21875, 111912.0546875, 116142.5859375, 134351.3125, 93879.140625, 116418.53125, 110511.0625, 194990.71875, 132573.8125, 126162.25, 128873.875, 116917.484375, 94695.234375, 104605.65625, 110483.75, 105953.828125, 123276.390625, 117942.1875, 99999.1953125, 99406.125, 169704.09375, 110826.640625, 128874.84375, 147953.859375, 105250.484375, 118938.3828125, 89270.265625, 131863.5625, 117421.125, 159950.34375, 109690.375, 126530.21875, 130406.0, 100867.78125, 111787.9921875, 96360.421875, 90143.0, 134807.875, 119230.7109375, 98323.96875, 140762.109375, 118033.5625, 120378.8671875, 126819.65625, 103208.921875, 118021.21875, 96070.6015625, 109131.796875, 120854.625, 116537.5234375, 129117.5703125, 133212.984375, 91765.328125, 86530.140625, 173573.09375, 101266.6796875, 134353.921875, 116047.8984375, 108957.1484375, 127236.53125, 91390.796875, 96868.4921875, 132342.65625, 113920.453125, 89509.9765625, 117903.4765625, 83073.1640625, 135427.9375, 127639.2734375, 131457.953125, 116759.0078125, 101854.1875, 127207.9140625, 98604.2109375, 114964.328125, 91540.359375, 133388.5, 117292.8671875, 97809.734375, 123497.3359375, 172698.90625, 91133.765625, 120441.796875, 110278.1484375, 94234.2109375, 98037.5546875, 99395.03125, 88722.6171875, 102640.03125, 92288.796875, 151204.296875, 102389.046875, 106087.390625, 122396.96875, 91333.8515625, 115444.4453125, 101286.03125, 90141.640625, 146473.671875, 114855.03125, 120374.140625, 83649.765625, 110020.3046875, 83324.671875, 113909.15625, 102727.546875, 121872.984375, 77737.6484375, 127106.4921875, 95060.515625, 94927.390625, 110191.4609375, 85359.3984375, 114875.265625, 139398.125, 94003.4609375, 83191.5390625, 93380.7578125, 118444.890625, 91860.125, 120667.90625, 117691.5, 136154.921875, 100975.9375, 121428.984375, 113544.0234375, 133089.40625, 109229.0, 95437.46875, 104804.3671875, 92624.9296875, 98944.3046875, 86014.6640625, 95961.25, 98508.234375, 96916.4375, 97648.5625, 102756.34375, 163475.421875, 115827.8515625, 83743.359375, 90835.265625, 80506.734375, 116433.453125, 102969.5234375, 102474.015625, 121175.2890625, 122764.390625, 125111.9296875, 97901.3984375, 83485.71875, 130622.09375, 125986.046875, 105999.0859375, 83552.859375, 82598.2734375, 106607.015625, 105506.9765625, 92757.09375, 80245.3671875, 76217.25, 86708.734375, 97767.3359375, 148222.71875, 111310.703125, 122380.9296875, 99733.0, 83695.1015625, 101241.484375, 84388.0078125, 87773.1484375, 138498.828125, 108737.140625, 118401.921875, 86113.140625, 86258.828125, 102949.6875, 91957.6875, 71620.9453125, 93696.6796875, 82442.0390625, 79618.71875, 95833.21875, 123805.6328125, 101982.46875, 95024.71875, 102136.0390625, 114719.15625, 89327.328125, 122582.0625, 96157.8359375, 88108.4375, 118799.6171875, 80177.765625, 83441.765625, 73810.7890625, 111361.875, 83727.1953125, 110544.40625, 102582.3984375, 87929.4296875, 79048.375, 84172.8203125, 75097.2890625, 100321.0078125, 108178.3046875, 107017.890625, 71607.734375, 87413.515625, 66502.0625, 99865.8359375, 120371.625, 101692.1875, 71283.421875, 89709.4609375, 67618.6953125, 84285.1796875, 93118.0625, 68725.4609375, 106336.0234375, 96981.6875, 86366.3515625, 99434.078125, 85139.7109375, 114816.3203125, 82561.15625, 90763.515625, 80400.9609375, 61276.375, 94254.5, 96287.15625, 83008.1484375, 76977.953125, 93103.2109375, 118567.640625, 87103.0, 53084.46484375, 75796.6328125, 79005.46875, 81674.796875, 81662.421875, 94476.875, 75548.625, 74160.921875, 76126.0234375, 112506.71875, 77660.1640625, 104076.7734375, 66553.3203125, 75833.0625, 62279.296875, 81644.6328125, 103807.15625, 61440.80859375, 66585.671875, 128986.71875, 71002.1953125, 65875.1875, 85126.3125, 109822.46875, 69365.8125, 91010.1328125, 98403.0546875, 64676.43359375, 64268.09375, 71903.078125, 71418.640625, 71145.546875, 67441.0625, 67523.453125, 111211.40625, 66228.25, 120479.7109375, 56702.95703125, 47732.9765625, 86569.5625, 80930.59375, 84431.5625, 59144.46484375, 68940.7578125, 80702.0546875, 111999.1953125, 64035.0859375, 72238.6796875, 74509.4453125, 72033.875, 88203.2109375, 59073.9140625, 78380.515625, 62244.58203125, 48718.66015625, 71149.3125, 105403.625, 50440.3984375, 94777.8046875, 54178.03515625, 53637.47265625, 54536.578125, 65673.453125, 76967.6953125, 103300.1484375, 52205.05859375, 73692.828125, 103792.5390625, 53692.328125, 71038.8125, 51287.79296875, 54964.140625, 103366.1328125, 73388.7265625, 63129.8359375, 111792.2578125, 54154.359375], "name": "default", "desc": "lr_0.0005_nb_16_ld_2_b_2", "folder": "./saves/grid_seach/search1/lr_0.0005_nb_16_ld_2_b_2_default_20240214-004502"}