{"nhidden": 128, "rnn_nhidden": 32, "obs_dim": 1, "latent_dim": 1, "lr": 0.005, "n_batch": 16, "beta": 0.001, "total_epochs_train": 50, "epochs_per_train": 5, "epochs": 50, "loss": [211183.6875, 162711.609375, 176337.15625, 108622.3984375, 119765.8046875, 225949.6875, 158248.609375, 206379.6875, 106303.4609375, 210484.875, 235696.828125, 111168.46875, 198501.953125, 100348.4140625, 165125.46875, 117537.0625, 149703.28125, 147401.921875, 113881.3515625, 131486.53125, 126913.3125, 174191.796875, 180237.734375, 222478.96875, 189915.6875, 104380.796875, 128430.1640625, 178845.875, 150213.796875, 90689.671875, 163400.953125, 132677.125, 173786.515625, 203279.140625, 132649.53125, 172076.765625, 172429.875, 127427.875, 167590.703125, 191426.5625, 164696.46875, 143485.703125, 127528.71875, 108600.6328125, 187489.78125, 124900.65625, 232565.75, 148068.890625, 183068.78125, 101929.984375, 106138.90625, 137394.90625, 160501.84375, 172483.296875, 136204.21875, 194694.109375, 110023.40625, 206171.03125, 129126.890625, 142366.234375, 155208.9375, 133380.703125, 173195.828125, 168602.53125, 143667.734375, 187612.0625, 164574.796875, 133287.78125, 187253.84375, 155274.875, 101725.4140625, 139745.453125, 155461.296875, 131182.328125, 192647.078125, 113045.890625, 142829.5625, 182718.234375, 127457.734375, 127339.4921875, 209449.171875, 118121.4921875, 199583.578125, 113111.84375, 166333.453125, 147066.03125, 107427.015625, 179098.75, 144346.71875, 169950.71875, 147628.296875, 167557.390625, 137500.625, 172264.40625, 151030.8125, 152290.859375, 114255.0546875, 182013.5, 100397.0625, 120209.828125, 123560.6328125, 146939.3125, 159008.625, 120494.5625, 114704.6875, 150166.015625, 155536.84375, 158303.15625, 186446.125, 101486.5390625, 156981.1875, 150778.859375, 101798.8203125, 185573.8125, 122965.40625, 176292.03125, 125219.40625, 119768.1328125, 117104.8828125, 152852.125, 142788.03125, 124583.109375, 172540.296875, 133546.171875, 112490.1171875, 191015.265625, 194583.015625, 85959.3828125, 131096.484375, 136878.53125, 156937.0625, 111154.609375, 139236.84375, 186249.953125, 120606.578125, 118144.890625, 180619.890625, 126860.078125, 202427.0625, 132335.03125, 120425.046875, 120968.7265625, 118512.4296875, 135548.3125, 160559.3125, 123801.4140625, 113688.875, 128685.375, 172348.171875, 129306.4140625, 197001.671875, 102773.2734375, 144629.84375, 197203.3125, 144670.796875, 93193.5078125, 135852.96875, 150976.96875, 124396.7578125, 109302.1875, 157411.96875, 136976.671875, 141120.90625, 171646.21875, 140970.09375, 105593.0234375, 133242.578125, 137464.15625, 99748.71875, 159963.109375, 101611.6328125, 117972.9375, 103559.21875, 124144.6875, 152455.0625, 134170.390625, 117205.71875, 99137.5390625, 168330.5, 185885.0, 112577.578125, 156922.65625, 89977.125, 134637.015625, 96363.9296875, 148279.125, 118843.9140625, 128271.28125, 176644.328125, 154256.4375, 120794.171875, 141754.875, 123662.5703125, 116737.53125, 82822.640625, 160321.6875, 122429.578125, 147431.453125, 104979.1875, 136106.328125, 131298.390625, 84608.25, 134606.796875, 81642.703125, 137804.09375, 212375.484375, 136109.078125, 140839.71875, 126848.921875, 115566.546875, 149485.859375, 143806.0, 104526.3125, 103238.65625, 113531.5078125, 118691.109375, 87037.078125, 97318.875, 139610.46875, 132444.15625, 189843.90625, 139429.390625, 97979.890625, 93236.2421875, 155421.25, 114253.125, 90048.6171875, 161935.328125, 149796.453125, 127892.296875, 107040.3203125, 92192.453125, 126937.8359375, 127389.71875, 120295.96875, 119785.765625, 127584.3359375, 166117.25, 103240.9140625, 79842.7421875, 110397.875, 145591.8125, 146432.9375, 119355.015625, 101987.578125, 134674.03125, 140921.09375, 99309.125, 103132.234375, 138160.1875, 242393.984375, 144623.21875, 136960.46875, 179591.59375, 155095.84375, 152704.046875, 175382.5, 175488.765625, 144456.75, 192388.78125, 122284.84375, 195329.140625, 134491.15625, 200144.375, 139395.390625, 160566.96875, 162870.25, 106016.65625, 167855.296875, 143288.78125, 189842.25, 159790.375, 129827.890625, 102460.1640625, 136777.46875, 203054.59375, 157480.453125, 162398.78125, 169990.90625, 157693.609375, 166384.84375, 143057.796875, 167460.796875, 133586.953125, 174728.765625, 123627.6796875, 175710.171875, 142457.703125, 147183.90625, 128820.984375, 184052.0625, 242624.296875, 164028.171875, 117169.2109375, 146731.96875, 143328.984375, 138151.03125, 144835.59375, 174799.1875, 122280.125, 134228.390625, 177783.640625, 206588.0, 156357.046875, 117290.34375, 167344.375, 175783.46875, 131808.953125, 125959.7421875, 171455.578125, 155592.828125, 157661.640625, 142638.375, 148316.375, 206296.6875, 156630.453125, 190991.34375, 154919.78125, 166022.15625, 108138.9140625, 189380.25, 120715.859375, 162968.515625, 158043.453125, 160550.421875, 136974.96875, 137818.109375, 124350.8828125, 164143.734375, 240335.9375, 157455.46875, 170930.375, 119281.765625, 135925.984375, 138606.0, 145350.921875, 131105.546875, 185153.296875, 116982.4453125, 168316.828125, 216850.96875, 180882.609375, 236555.765625, 127560.828125, 116300.78125, 155732.375, 146209.296875, 180065.53125, 163620.3125, 112098.609375, 183452.5625, 114085.6875, 103824.6875, 122878.90625, 152320.03125, 140033.484375, 189250.84375, 208833.0, 141004.6875, 193522.21875, 133265.0, 142327.921875, 143563.25, 159002.1875, 142151.0625, 227937.171875, 136923.25, 152101.0, 166239.34375, 138437.4375, 166401.0, 131141.6875, 147393.5625, 173489.15625, 134242.46875, 191707.1875, 172534.75, 151972.515625, 133127.171875, 136140.296875, 133338.09375, 221066.765625, 90466.671875, 174045.828125, 184489.53125, 124482.5, 196402.6875, 153609.359375, 142579.921875, 104477.328125, 147530.125, 176775.25, 184700.15625, 161396.609375, 141652.1875, 199247.8125, 198264.109375, 156604.359375, 121855.90625, 180010.640625, 150335.265625, 130692.03125, 143928.359375, 179847.25, 160274.390625, 164701.78125, 113498.390625, 118805.2734375, 205883.75, 164503.484375, 155706.53125, 189748.5625, 130536.28125, 153479.015625, 158586.875, 155515.09375, 104272.625, 152733.65625, 212262.234375, 124629.78125, 189614.578125, 142042.90625, 179187.40625, 141341.265625, 140790.65625, 138546.46875, 141026.78125, 188404.0625, 162371.75, 110302.53125, 168374.546875, 166643.984375, 131773.0625, 168646.78125, 183966.6875, 170292.46875, 142952.59375, 139565.390625, 143154.34375, 149267.46875, 165767.328125, 209011.8125, 133187.46875, 138548.046875, 169618.046875, 135851.4375, 145492.9375, 113917.703125, 138679.34375, 187154.40625], "name": "default", "desc": "lr_0.005_nb_16_ld_1_b_0.001", "folder": "./saves/grid_seach/search1/lr_0.005_nb_16_ld_1_b_0.001_default_20240213-230150"}