{"nhidden": 128, "rnn_nhidden": 32, "obs_dim": 1, "latent_dim": 1, "lr": 0.01, "n_batch": 16, "beta": 1, "total_epochs_train": 50, "epochs_per_train": 5, "epochs": 30, "loss": [175807.109375, 188552.578125, 198023.84375, 114588.2109375, 171564.03125, 154700.859375, 218495.9375, 162466.046875, 173999.140625, 162780.0, 151517.109375, 160547.25, 149462.21875, 151130.25, 197115.4375, 217553.25, 122987.625, 138244.46875, 144319.640625, 118369.1796875, 169610.078125, 116565.5, 218937.84375, 153480.546875, 162052.84375, 159423.1875, 163336.75, 181032.90625, 135922.4375, 131295.515625, 191357.046875, 145618.53125, 152187.4375, 125799.21875, 167376.375, 184676.59375, 161582.6875, 176161.34375, 162045.578125, 116177.078125, 114431.0, 175876.09375, 114539.3125, 202059.40625, 170835.703125, 155521.40625, 177906.4375, 172523.59375, 120443.328125, 146969.140625, 145739.78125, 152107.4375, 154687.046875, 128670.25, 200565.046875, 167927.96875, 120962.0546875, 134198.4375, 188094.234375, 153027.75, 161057.9375, 141087.03125, 129377.3203125, 154384.890625, 165415.96875, 135594.3125, 134000.28125, 140817.609375, 197275.0, 141261.78125, 187268.609375, 159610.921875, 141982.65625, 191536.578125, 146946.296875, 129456.25, 184285.4375, 126703.65625, 196978.109375, 130607.609375, 152638.640625, 195717.21875, 141015.28125, 156918.484375, 167582.359375, 139096.921875, 154951.046875, 123510.09375, 203673.40625, 118107.9140625, 136808.8125, 132058.796875, 154802.171875, 147125.765625, 169483.671875, 124002.75, 148464.125, 127377.8203125, 223413.3125, 158712.296875, 140014.59375, 141102.546875, 162711.953125, 112570.875, 137244.84375, 142155.65625, 149137.359375, 159305.59375, 113750.5703125, 145879.1875, 139193.0625, 153948.4375, 113624.046875, 237880.75, 129041.546875, 111676.953125, 195285.484375, 116765.921875, 163395.765625, 123767.6875, 201663.21875, 138865.84375, 147443.171875, 157449.3125, 187969.0, 157726.09375, 108182.765625, 138025.8125, 126783.1015625, 153306.03125, 204459.359375, 199235.703125, 131325.65625, 144399.703125, 157554.78125, 159198.59375, 148945.421875, 86079.34375, 182715.71875, 138029.890625, 134118.625, 186084.375, 150967.734375, 165890.1875, 125690.9921875, 208264.015625, 136737.265625, 144128.671875, 144071.46875, 112894.1328125, 116465.6640625, 127972.046875, 167104.1875, 165782.078125, 123058.125, 245884.21875, 128979.4453125, 148825.734375, 178636.75, 136680.9375, 124438.296875, 123275.8671875, 129390.1171875, 116706.4765625, 145335.296875, 141904.703125, 135848.125, 201822.359375, 155176.359375, 159912.078125, 130533.3828125, 137410.640625, 161478.28125, 149214.390625, 157013.03125, 154039.953125, 175727.0, 179095.265625, 104405.375, 103680.0703125, 144581.859375, 145367.390625, 186893.28125, 120075.78125, 139361.34375, 171522.96875, 127002.1953125, 121283.6875, 197528.3125, 184400.6875, 122707.765625, 155417.875, 152157.1875, 155633.53125, 101680.4765625, 170558.53125, 127863.046875, 150621.75, 135109.40625, 172612.203125, 150041.140625, 152486.984375, 139191.140625, 125688.046875, 135240.3125, 132194.0625, 183040.265625, 158540.84375, 115733.359375, 170793.625, 168115.328125, 140553.75, 172204.140625, 99215.109375, 114315.859375, 170584.78125, 92537.921875, 120293.6640625, 106122.96875, 109336.078125, 150228.046875, 135733.359375, 179446.171875, 108781.75, 181230.3125, 133612.8125, 126785.9765625, 131111.921875, 116176.75, 130719.515625, 110035.7578125, 178301.421875, 142998.53125, 144989.59375, 109698.765625, 124257.125, 190995.765625, 156538.578125, 88785.5546875, 167840.375, 81021.546875, 152840.96875, 99911.71875, 136834.21875, 139898.84375, 128002.234375, 158419.765625, 129529.109375, 108236.0078125, 143008.875, 122401.640625, 116252.21875, 99248.78125, 107266.890625, 85670.2421875, 136027.421875, 165990.40625, 102088.296875, 137476.09375, 83485.75, 156741.0625, 119696.8359375, 115178.34375, 92737.5, 95443.0078125, 104337.6015625, 159829.21875, 91038.09375, 103994.515625, 118557.15625], "name": "default", "desc": "lr_0.01_nb_16_ld_1_b_1", "folder": "./saves/grid_seach/search4/lr_0.01_nb_16_ld_1_b_1_default_20240307-075435"}