{"nhidden": 128, "rnn_nhidden": 32, "obs_dim": 1, "latent_dim": 1, "lr": 0.001, "n_batch": 16, "beta": 0.001, "total_epochs_train": 50, "epochs_per_train": 5, "epochs": 50, "loss": [243199.96875, 153532.953125, 148713.015625, 138248.125, 191709.296875, 156379.75, 166672.140625, 127608.40625, 217193.296875, 170133.15625, 226850.6875, 213463.46875, 113652.8359375, 160978.21875, 162577.890625, 157899.90625, 91491.5, 181170.78125, 132319.515625, 139707.046875, 164207.625, 175542.625, 230009.390625, 110138.3515625, 135079.40625, 144388.9375, 184039.28125, 204973.796875, 162328.1875, 120388.15625, 139600.6875, 155910.984375, 145889.46875, 160148.015625, 153520.515625, 150394.03125, 178068.4375, 127368.375, 158245.703125, 222530.609375, 141059.234375, 125480.3046875, 148483.203125, 103173.296875, 152828.734375, 199305.703125, 220996.75, 99517.265625, 136100.0625, 167360.015625, 111977.0, 184789.21875, 143111.5, 133360.78125, 122948.71875, 112806.40625, 181865.75, 113010.5234375, 150364.921875, 145949.59375, 229429.109375, 166903.828125, 169114.171875, 150556.78125, 142667.828125, 179115.65625, 110598.9375, 105672.7734375, 222306.453125, 203791.65625, 124613.78125, 152071.34375, 151926.375, 134572.625, 218509.046875, 138178.734375, 125654.90625, 158520.65625, 179059.75, 141530.75, 137947.78125, 139834.21875, 130573.5078125, 168114.53125, 142527.078125, 158521.5, 166102.6875, 193354.09375, 158066.359375, 135776.109375, 157200.3125, 196573.875, 125559.40625, 177373.78125, 159748.953125, 180511.5625, 122543.6796875, 100942.828125, 146223.96875, 153074.3125, 181684.953125, 141861.046875, 135887.0, 156282.671875, 152970.1875, 149387.3125, 117392.375, 131372.46875, 152804.734375, 159675.0625, 130186.515625, 147573.46875, 175572.59375, 104205.765625, 196262.796875, 185932.625, 137832.28125, 180029.8125, 144663.28125, 140215.9375, 141641.953125, 128604.453125, 116491.921875, 181897.625, 187342.34375, 164714.46875, 174865.484375, 64841760.0, 161188.390625, 82217.1953125, 140500.796875, 116449.078125, 222184.140625, 135782.53125, 162761.671875, 166634.828125, 209140.296875, 162789.390625, 141717.09375, 134410.75, 163968.34375, 150983.625, 183028.6875, 96504.265625, 108183.5078125, 195436.078125, 217657.28125, 158210.625, 103759.6796875, 129508.5703125, 215272.359375, 171517.421875, 125569.5, 124168.0546875, 167729.03125, 218355.4375, 156676.71875, 128971.046875, 159539.53125, 142142.875, 153371.484375, 148576.171875, 196209.859375, 157125.90625, 129999.515625, 134456.34375, 150234.609375, 176066.59375, 146001.078125, 182886.984375, 99588.7109375, 146884.296875, 152904.96875, 149194.46875, 189164.71875, 160503.921875, 197964.25, 135297.9375, 133985.78125, 115758.28125, 171668.40625, 204157.046875, 166935.734375, 139304.90625, 181054.703125, 104878.859375, 125962.859375, 169624.453125, 139165.25, 156249.03125, 129080.75, 128280.765625, 142646.875, 116207.28125, 133541.03125, 131676.59375, 293078.21875, 162507.25, 193085.78125, 126417.8515625, 129951.15625, 97440.8515625, 216970.859375, 170540.171875, 155510.765625, 129181.109375, 173882.65625, 193441.5625, 123593.8515625, 173270.90625, 149409.15625, 169395.75, 148708.765625, 134308.03125, 152107.515625, 122911.28125, 195683.265625, 179695.3125, 140586.75, 162091.609375, 142451.21875, 127378.875, 127859.8828125, 150164.578125, 141011.84375, 211603.140625, 124669.6171875, 161430.890625, 147664.4375, 170305.1875, 134546.3125, 166722.78125, 141203.109375, 110323.484375, 152997.0, 126509.375, 176764.375, 145130.21875, 157447.234375, 113504.796875, 115685.96875, 253404.78125, 151682.671875, 135371.609375, 168298.4375, 153207.046875, 171573.125, 163142.8125, 122480.515625, 112817.46875, 227631.515625, 139090.125, 160675.921875, 128418.796875, 160931.734375, 135294.3125, 114989.859375, 184380.78125, 135609.15625, 178174.09375, 132056.21875, 140734.03125, 96105.125, 110469.59375, 217223.90625, 186017.390625, 130902.671875, 160847.984375, 137835.90625, 195039.984375, 134220.234375, 159890.3125, 157979.046875, 245522.234375, 134860.3125, 171494.421875, 111564.8984375, 128400.015625, 153503.359375, 190768.75, 174831.5625, 129634.3671875, 153071.328125, 153445.40625, 208622.984375, 119451.65625, 118848.1796875, 158788.9375, 156689.953125, 162102.21875, 149639.484375, 134698.1875, 131800.59375, 160169.59375, 179012.125, 174450.0625, 111144.8125, 176468.765625, 104971.0390625, 155309.625, 118739.359375, 171683.109375, 182609.6875, 130205.296875, 171989.640625, 151978.515625, 132753.6875, 127962.8125, 223720.421875, 134020.65625, 158052.3125, 174552.03125, 189458.71875, 122695.5234375, 129159.375, 133899.484375, 154445.40625, 160649.890625, 156140.59375, 105510.8828125, 202445.078125, 106549.96875, 168383.1875, 188648.328125, 172955.859375, 123523.015625, 137953.53125, 119451.15625, 166252.40625, 175035.40625, 130406.234375, 175006.71875, 197247.46875, 124228.75, 146220.6875, 146255.78125, 151989.90625, 206262.0, 199639.9375, 133044.59375, 141121.765625, 144542.625, 149353.265625, 152615.609375, 131927.96875, 184503.59375, 163769.609375, 181225.921875, 134287.015625, 186716.84375, 106417.265625, 112125.796875, 192092.21875, 134549.703125, 127891.78125, 155130.8125, 180709.78125, 125638.890625, 170648.75, 165447.734375, 119676.4140625, 176064.296875, 163176.671875, 210926.359375, 110107.2578125, 170390.3125, 165650.46875, 143009.734375, 124445.125, 184018.25, 124951.3671875, 146115.46875, 156088.28125, 186857.09375, 201734.875, 121311.78125, 152387.96875, 102399.7890625, 166803.96875, 105676.984375, 120097.921875, 146993.015625, 162433.46875, 161706.359375, 130147.703125, 151131.375, 211952.703125, 94635.328125, 172988.140625, 115924.296875, 112169.0390625, 162099.40625, 199915.75, 111552.21875, 207189.875, 191933.296875, 101961.53125, 196901.34375, 170783.28125, 129300.0546875, 150684.96875, 118187.9140625, 188286.15625, 184550.75, 135360.890625, 145237.640625, 124417.3984375, 121479.109375, 183822.6875, 189662.421875, 152220.328125, 202131.75, 124828.6875, 120639.390625, 124512.3125, 168171.0625, 189580.203125, 111748.515625, 174189.671875, 147654.875, 157263.90625, 161057.390625, 137498.8125, 148151.0, 164392.625, 107322.8046875, 174008.765625, 116357.5703125, 194202.125, 167292.09375, 164248.125, 149604.359375, 208899.78125, 155019.9375, 135926.859375, 178624.453125, 158527.09375, 145696.5625, 166955.96875, 94401.0546875, 115830.0703125, 111095.4453125, 107127.8359375, 115704.0390625, 144977.84375, 174330.8125, 201459.375, 146184.796875, 181626.453125, 172673.421875], "name": "default", "desc": "lr_0.001_nb_16_ld_1_b_0.001", "folder": "./saves/grid_seach/search1/lr_0.001_nb_16_ld_1_b_0.001_default_20240213-235142"}