{"nhidden": 128, "rnn_nhidden": 32, "obs_dim": 1, "latent_dim": 16, "lr": 0.001, "n_batch": 16, "beta": 1, "total_epochs_train": 50, "epochs_per_train": 5, "epochs": 50, "loss": [139969.203125, 141850.125, 129730.078125, 221790.171875, 188872.359375, 188071.8125, 123191.09375, 258825.984375, 193407.421875, 219671.65625, 144633.5, 249146.421875, 120572.140625, 135859.265625, 152017.921875, 205142.578125, 116157.3125, 166879.25, 138389.671875, 217953.171875, 156359.765625, 178357.78125, 188537.5625, 168265.671875, 141988.328125, 132829.9375, 171050.890625, 145446.0625, 196570.796875, 104945.578125, 112751.5703125, 170956.328125, 192167.03125, 229462.609375, 178735.875, 110383.7265625, 202092.671875, 165918.671875, 143916.859375, 152552.375, 167127.125, 128697.03125, 131947.3125, 154183.875, 192157.40625, 157728.59375, 156560.390625, 225670.390625, 149157.90625, 170725.65625, 97338.390625, 168454.40625, 126858.71875, 176322.375, 171087.28125, 125945.421875, 205871.359375, 113735.9609375, 109096.359375, 192890.09375, 116245.3671875, 180369.5625, 149990.25, 189858.203125, 158200.15625, 139450.328125, 146662.140625, 134095.96875, 126789.5078125, 107686.1171875, 89375.28125, 161176.828125, 120659.3359375, 213731.5625, 113210.8515625, 161995.546875, 126999.171875, 156684.484375, 122473.0625, 107099.859375, 136829.203125, 126229.9375, 163948.34375, 152560.53125, 110085.328125, 121387.171875, 136146.03125, 165378.25, 122348.4453125, 130884.125, 170261.171875, 139587.25, 123263.359375, 102416.3671875, 125907.7109375, 92979.71875, 133903.59375, 170700.515625, 107187.2421875, 114860.4921875, 88332.6171875, 136782.046875, 147713.0625, 132261.46875, 108045.7734375, 154301.90625, 121947.8046875, 107560.2109375, 94210.078125, 108966.9765625, 145688.171875, 104052.625, 114999.8828125, 122697.59375, 130611.1484375, 131767.328125, 113080.7734375, 101779.125, 114615.4609375, 90060.6640625, 99007.109375, 140369.546875, 101790.671875, 126459.734375, 111904.390625, 138748.3125, 98408.9609375, 94560.046875, 139569.859375, 136676.09375, 87375.5234375, 105302.34375, 105290.5859375, 94900.7890625, 142567.640625, 110335.8125, 129551.75, 114120.1015625, 99853.0859375, 104183.0546875, 114408.015625, 75506.3984375, 142316.90625, 125651.296875, 79808.1328125, 141286.0, 110693.03125, 84724.2890625, 91642.4609375, 108664.3828125, 112863.578125, 104042.4375, 121181.3984375, 148850.609375, 120791.9375, 108099.9921875, 89571.8203125, 80555.125, 114087.8359375, 84678.515625, 95498.8125, 135632.5625, 106990.5234375, 84624.3359375, 85696.578125, 94951.0546875, 97748.1875, 104751.21875, 130452.8984375, 98231.390625, 104803.578125, 73273.640625, 101368.90625, 128275.453125, 94613.1796875, 90660.5625, 121817.171875, 121957.6640625, 90843.765625, 66301.078125, 71121.140625, 104832.765625, 96760.625, 93002.7421875, 83543.5859375, 103182.109375, 99317.6953125, 75293.0234375, 133997.984375, 89184.2265625, 87127.8671875, 88640.484375, 96068.1171875, 92415.703125, 107300.7578125, 94314.203125, 88678.609375, 90379.859375, 71316.921875, 94350.8359375, 81757.2109375, 112236.828125, 87261.515625, 80820.3125, 79766.8125, 98506.6171875, 86547.21875, 87649.7265625, 61234.09375, 92319.8828125, 87568.6015625, 73362.84375, 71495.03125, 100168.015625, 110536.5390625, 96105.2109375, 66241.296875, 110191.953125, 91299.1328125, 92830.296875, 94707.015625, 77139.15625, 88404.21875, 68179.5546875, 68553.0625, 87428.90625, 109655.5625, 67444.2109375, 53866.65625, 58575.69140625, 105877.453125, 74168.4140625, 69677.703125, 88997.328125, 73943.09375, 84378.359375, 86020.7734375, 66475.625, 64402.6796875, 58424.48828125, 68510.8984375, 69587.4296875, 73938.8203125, 77754.7578125, 65603.1015625, 82100.8046875, 51870.7109375, 58508.81640625, 66640.8828125, 50840.2734375, 61461.5078125, 89671.6328125, 57593.5, 94132.078125, 102106.1484375, 62638.5078125, 60422.3984375, 46252.234375, 84694.15625, 68566.0390625, 28034.255859375, 64550.35546875, 115386.34375, 41792.37109375, 53692.0703125, 62712.1015625, 66775.0390625, 53520.265625, 90249.734375, 65713.234375, 38659.40234375, 66113.578125, 41106.0234375, 68513.9921875, 110980.6796875, 46838.23046875, 58732.86328125, 70828.8515625, 51574.609375, 47945.1015625, 103997.8125, 42146.47265625, 35388.24609375, 49707.71484375, 77637.296875, 65778.0625, 73821.8828125, 58729.6484375, 126360.78125, 37124.7109375, 49560.96875, 45529.53125, 83977.921875, 118315.1171875, 32503.236328125, 91736.1484375, 41066.546875, 154764.390625, 53017.828125, 49099.625, 42630.39453125, 50685.18359375, 54739.171875, 70940.0, 67234.078125, 51559.1953125, 51035.54296875, 90877.1796875, 64033.859375, 49223.76171875, 34695.45703125, 93559.640625, 66677.0625, 48162.8984375, 122917.7578125, 54625.1953125, 85232.171875, 49061.5, 110370.8046875, 64056.328125, 43297.6640625, 64218.359375, 85258.3828125, 45538.296875, 86486.765625, 61827.734375, 87670.71875, 37315.75390625, 61804.16796875, 50061.61328125, 49777.05859375, 106659.1015625, 154100.53125, 60489.4296875, 59637.9140625, 63710.6796875, 91168.453125, 47480.48046875, 129650.84375, 38793.26171875, 48368.078125, 128311.3125, 51477.41796875, 94261.546875, 53635.38671875, 123076.71875, 59062.859375, 46726.25390625, 78191.5625, 45502.63671875, 106990.25, 49132.6640625, 104755.6640625, 76667.828125, 50079.2109375, 66844.8671875, 64817.5546875, 108720.953125, 39932.2734375, 78046.1875, 96839.515625, 36809.921875, 56762.43359375, 46065.24609375, 51317.4765625, 71429.03125, 41171.41015625, 56570.0859375, 111651.515625, 41024.9375, 80556.171875, 79273.09375, 62851.68359375, 57762.65625, 40726.06640625, 121103.390625, 77590.09375, 57904.515625, 43849.515625, 51074.6484375, 60030.734375, 40564.15625, 80800.9765625, 164444.4375, 61931.03125, 38998.10546875, 63863.3359375, 51909.48828125, 139031.171875, 56813.9765625, 86368.84375, 37981.0546875, 55875.1953125, 82580.75, 90351.640625, 45700.0859375, 80393.7109375, 43056.359375, 55856.21484375, 112468.859375, 92447.25, 42596.72265625, 78042.609375, 89975.296875, 89394.7265625, 60319.94140625, 95595.5546875, 50972.140625, 170636.0, 65225.7734375, 50857.76171875, 58194.8515625, 64904.61328125, 43208.3203125, 129488.6171875, 96893.6953125, 39057.66015625, 62756.8046875, 64299.77734375, 43132.0078125, 121180.4453125, 49752.46484375, 58900.640625, 39144.8515625, 92448.078125, 102185.8515625, 85766.859375, 56404.05859375, 74116.1953125, 52096.33203125, 62041.00390625, 45369.2421875, 95731.7265625, 109106.8984375, 112764.1015625, 93789.3125, 76171.265625, 38728.76953125, 46170.9609375, 39106.8125, 36671.2109375, 52783.90234375, 61595.42578125, 63779.21875, 83938.65625, 94964.2109375, 47192.671875, 59323.08203125, 68953.515625, 125934.703125], "name": "default", "desc": "lr_0.001_nb_16_ld_16_b_1", "folder": "./saves/grid_seach/search1/lr_0.001_nb_16_ld_16_b_1_default_20240214-003011"}