{"nhidden": 128, "rnn_nhidden": 32, "obs_dim": 1, "latent_dim": 4, "lr": 0.001, "n_batch": 16, "beta": 4, "total_epochs_train": 50, "epochs_per_train": 5, "epochs": 50, "loss": [201649.015625, 150160.71875, 138283.796875, 159188.1875, 190337.9375, 178063.359375, 160059.0625, 229536.25, 129612.90625, 120147.5234375, 240311.421875, 153255.125, 128628.1484375, 178361.28125, 177852.90625, 138223.5, 188906.5, 179711.71875, 176353.453125, 143679.5625, 176601.875, 205741.15625, 205121.03125, 147825.703125, 148729.296875, 145171.359375, 145576.3125, 192245.921875, 110914.453125, 134252.5, 137626.109375, 153042.09375, 157075.171875, 132749.265625, 167631.15625, 240172.578125, 149610.4375, 157279.5, 169777.84375, 170040.40625, 174156.03125, 115960.0546875, 191315.21875, 139415.59375, 133897.546875, 203041.140625, 129012.5859375, 106194.9140625, 186311.515625, 163224.90625, 128018.4453125, 185929.046875, 121504.234375, 141679.5, 121408.296875, 108150.2890625, 142482.15625, 123422.7109375, 113077.0, 115940.6796875, 181955.375, 153178.09375, 181875.359375, 129806.2734375, 152511.34375, 162335.046875, 134347.125, 158389.78125, 131942.515625, 129278.125, 143082.15625, 109009.015625, 155395.53125, 152745.40625, 167003.25, 129962.8359375, 112742.8984375, 130596.9140625, 104656.984375, 114579.0625, 148362.359375, 106562.4296875, 134477.1875, 135717.453125, 155343.59375, 136275.15625, 152003.4375, 123310.21875, 117825.90625, 139868.765625, 150443.0625, 115153.09375, 112640.828125, 140493.78125, 146308.234375, 121427.3984375, 124873.4453125, 80613.0390625, 153086.90625, 141806.03125, 122218.8515625, 135661.71875, 102980.421875, 141948.3125, 149155.734375, 96010.921875, 124547.7265625, 97221.09375, 153544.4375, 114014.734375, 106763.34375, 114729.8125, 114181.3828125, 125547.609375, 125798.40625, 146067.84375, 107376.953125, 134678.046875, 120708.59375, 146121.15625, 136515.46875, 97724.9609375, 115999.171875, 120480.375, 102851.2109375, 87181.421875, 124202.3671875, 141812.59375, 113578.078125, 110646.3984375, 117395.109375, 108830.7890625, 97558.3125, 135292.375, 128446.5703125, 112223.453125, 119725.71875, 99449.6796875, 119985.203125, 169717.515625, 101350.8515625, 101045.0625, 89513.9765625, 130549.28125, 141212.34375, 103820.9765625, 122230.703125, 105241.4921875, 107091.0234375, 83231.6015625, 150361.46875, 115266.046875, 188037.359375, 151259.421875, 110326.546875, 95133.5, 118882.578125, 120683.7265625, 102815.109375, 118887.609375, 85620.1953125, 87841.8671875, 98919.421875, 107858.203125, 96758.125, 76538.8515625, 92005.640625, 159702.28125, 103748.953125, 101738.703125, 102039.546875, 95570.6328125, 115205.734375, 132676.890625, 89227.328125, 97959.46875, 125763.8125, 113014.453125, 97131.8671875, 114116.1796875, 87782.265625, 134669.28125, 122027.8125, 91827.640625, 136828.703125, 92528.5703125, 86446.9296875, 117381.7890625, 84542.234375, 122197.84375, 95196.3203125, 97678.2578125, 106784.6171875, 98236.78125, 99812.8125, 129182.828125, 121434.0078125, 80447.59375, 108236.875, 91736.7109375, 71485.375, 101106.78125, 99728.34375, 88807.40625, 95758.0859375, 132944.25, 94269.140625, 94771.8671875, 114128.0546875, 71241.765625, 118871.3359375, 107139.0, 68609.46875, 74926.78125, 129204.765625, 95894.6796875, 75671.78125, 103077.5234375, 113628.546875, 102283.5703125, 114978.7890625, 99236.046875, 86042.203125, 90255.2109375, 99034.65625, 91666.6953125, 79605.5546875, 85444.1796875, 108651.1796875, 95889.203125, 109519.5, 101550.84375, 87374.7734375, 93024.890625, 85084.96875, 88095.1328125, 100702.2421875, 102149.453125, 114993.2109375, 107287.0, 73813.1875, 80358.15625, 90182.171875, 82902.171875, 65417.8515625, 103131.765625, 99136.46875, 97728.8671875, 92165.1328125, 83752.9765625, 79211.25, 77542.625, 68374.359375, 106925.421875, 66687.296875, 76745.5, 94143.296875, 75010.859375, 117377.1171875, 83597.0, 89634.125, 117908.140625, 86737.953125, 75327.78125, 79106.4765625, 82484.1796875, 91066.5078125, 58259.57421875, 63481.484375, 98567.609375, 67818.0703125, 75038.1953125, 62027.04296875, 96289.1328125, 83129.640625, 98130.2578125, 108075.46875, 74394.640625, 74464.8828125, 62793.1484375, 70767.578125, 83693.2421875, 68556.359375, 79137.6796875, 95889.953125, 79259.40625, 76184.9765625, 122406.2890625, 70659.6484375, 49402.90625, 84508.953125, 67274.515625, 54943.62890625, 75906.171875, 81009.09375, 83501.2109375, 89183.9140625, 77580.890625, 67339.1328125, 75419.703125, 63362.9921875, 95470.0859375, 98244.546875, 83117.6953125, 86077.140625, 49536.94921875, 64357.02734375, 49822.91015625, 80933.828125, 71827.2109375, 84947.9453125, 80468.84375, 98449.3125, 95184.9296875, 73633.125, 74719.78125, 60082.77734375, 91009.4140625, 67661.921875, 66788.140625, 49486.81640625, 74886.40625, 44858.203125, 141113.265625, 80039.9375, 121551.875, 68154.484375, 57373.734375, 78952.609375, 67697.140625, 66711.3671875, 64351.078125, 50537.23046875, 49893.8359375, 53053.69921875, 71305.2421875, 59539.203125, 78510.296875, 103723.5546875, 72860.828125, 43957.5859375, 76866.734375, 81835.453125, 40602.05859375, 63874.90625, 44921.3984375, 78623.8203125, 57556.125, 70915.546875, 58885.6484375, 104546.921875, 65887.8046875, 57193.078125, 65584.3984375, 84822.265625, 74126.6796875, 93861.2578125, 41732.421875, 55392.7734375, 58125.3046875, 63502.5078125, 54059.69921875, 57108.56640625, 47212.18359375, 65520.265625, 73185.96875, 50588.3046875, 66399.7890625, 75468.578125, 37472.4140625, 58454.5078125, 42751.359375, 55762.76953125, 83358.1953125, 40613.17578125, 56393.046875, 37383.9296875, 90677.78125, 41439.890625, 59406.16796875, 74488.65625, 83938.09375, 48418.7890625, 59990.0, 41483.0703125, 64661.87109375, 46116.71484375, 49468.5390625, 132837.9375, 62190.3046875, 45850.8828125, 60166.80078125, 41750.25390625, 40918.9453125, 65584.0390625, 29758.88671875, 82307.6953125, 48965.87890625, 80294.8515625, 75183.21875, 43784.35546875, 32054.4921875, 49559.2421875, 51701.81640625, 53492.921875, 55139.890625, 45058.3125, 65674.5078125, 95923.0703125, 40577.671875, 46031.28125, 61889.47265625, 61906.5078125, 62449.41015625, 47083.36328125, 41665.6328125, 67529.328125, 39427.9375, 61657.17578125, 138247.8125, 56606.77734375, 34127.80078125, 50135.7890625, 84658.984375, 38492.12109375, 61019.15234375, 62730.2421875, 63149.3125, 38572.27734375, 37484.421875, 39572.94140625, 53229.30078125, 63385.2734375, 101178.25, 69424.2109375, 53942.953125, 86286.203125, 63470.70703125, 35146.921875, 23333.384765625, 41609.90625, 63101.67578125, 36156.0625, 55000.87890625, 62581.0625, 62413.66015625, 57386.6328125, 85099.875, 56267.3515625, 44062.27734375], "name": "default", "desc": "lr_0.001_nb_16_ld_4_b_4", "folder": "./saves/grid_seach/search1/lr_0.001_nb_16_ld_4_b_4_default_20240214-001534"}