{"nhidden": 128, "rnn_nhidden": 32, "obs_dim": 1, "latent_dim": 1, "lr": 0.001, "n_batch": 16, "beta": 1, "total_epochs_train": 50, "epochs_per_train": 5, "epochs": 50, "loss": [159228.796875, 178379.515625, 112547.875, 242692.375, 221364.25, 123264.765625, 141620.78125, 204947.125, 157064.15625, 179874.59375, 174520.28125, 108404.3515625, 167218.625, 250049.28125, 141124.421875, 183060.8125, 96575.0703125, 177319.71875, 141587.859375, 157662.21875, 153567.578125, 118121.8125, 154054.15625, 201591.703125, 214563.625, 125855.2890625, 127216.9765625, 158291.8125, 154103.703125, 162770.046875, 249364.5, 127042.6640625, 134754.90625, 157677.546875, 158831.90625, 107989.7265625, 138212.671875, 142282.796875, 179872.203125, 136656.25, 198068.078125, 107629.171875, 249383.53125, 108671.3203125, 119027.015625, 169788.96875, 143778.296875, 147852.96875, 160545.09375, 153347.890625, 200368.875, 141052.875, 136799.90625, 117067.4609375, 131991.78125, 181178.6875, 153248.0625, 134651.703125, 112253.6484375, 138892.84375, 192350.40625, 214415.9375, 133148.515625, 150463.0, 163407.5625, 147426.171875, 202417.6875, 143885.078125, 127944.703125, 163722.5, 164959.4375, 105315.921875, 207033.21875, 144388.140625, 125923.4453125, 174146.0625, 95819.171875, 140460.296875, 171749.203125, 122523.8203125, 173009.8125, 113939.828125, 158955.671875, 139071.234375, 163902.78125, 179820.671875, 133710.71875, 177022.71875, 132598.96875, 142670.328125, 120973.15625, 175707.140625, 142122.765625, 148043.1875, 202829.96875, 150706.5, 158631.015625, 150244.046875, 133362.984375, 161710.78125, 103299.265625, 112363.953125, 196017.625, 222136.671875, 132211.984375, 134636.625, 144903.359375, 186349.609375, 132447.484375, 132675.015625, 187521.09375, 127360.5703125, 153641.3125, 141267.921875, 188030.484375, 124325.40625, 167988.234375, 153380.953125, 122112.1640625, 196933.09375, 174766.828125, 146287.1875, 136179.3125, 119359.90625, 160962.125, 151472.953125, 194514.3125, 131496.8125, 151502.953125, 144675.34375, 174465.671875, 164559.734375, 117740.46875, 164180.09375, 143805.671875, 184231.34375, 196047.890625, 138345.9375, 129804.5234375, 158633.21875, 157710.359375, 163775.71875, 145260.453125, 120289.96875, 126106.984375, 131996.171875, 156591.765625, 169085.9375, 122924.671875, 194666.21875, 119846.0234375, 203166.53125, 129248.046875, 153509.078125, 164561.03125, 176013.484375, 150748.515625, 120134.078125, 122581.828125, 154150.4375, 175230.65625, 151029.71875, 103918.2734375, 139342.875, 185599.21875, 142810.359375, 148938.640625, 123694.1953125, 200522.453125, 140769.03125, 178587.390625, 123660.3828125, 150975.28125, 146351.03125, 187679.265625, 131028.03125, 225100.34375, 140829.21875, 129120.71875, 155020.3125, 174758.421875, 165232.15625, 159304.15625, 182253.9375, 142694.296875, 194045.53125, 130924.1640625, 112304.890625, 117223.203125, 124142.953125, 162989.015625, 155649.40625, 191260.28125, 163628.21875, 157879.4375, 133278.3125, 118187.1796875, 177458.25, 142279.15625, 179792.359375, 182329.96875, 125628.0625, 126795.3515625, 151046.109375, 120829.171875, 150176.09375, 208811.90625, 171918.53125, 211088.234375, 127752.34375, 191979.203125, 109841.9296875, 120566.265625, 114188.140625, 164810.96875, 144933.46875, 158334.28125, 194065.6875, 133137.640625, 126053.15625, 129224.5859375, 192570.703125, 147735.359375, 156762.953125, 143421.078125, 124649.140625, 122244.140625, 184300.1875, 172746.4375, 180809.171875, 126263.015625, 159123.546875, 27812960.0, 171822.53125, 130276.25, 177813.78125, 144402.71875, 131066.0, 145841.3125, 184307.296875, 137247.71875, 141680.0, 171139.6875, 154204.953125, 148087.890625, 141800.140625, 99867.078125, 169572.5, 194030.1875, 195862.21875, 136176.859375, 158949.609375, 116111.1640625, 205294.6875, 110305.5625, 170121.125, 169198.265625, 122703.59375, 142467.25, 165584.234375, 212891.765625, 129543.2421875, 123950.21875, 168533.0625, 147734.125, 169578.8125, 115053.5625, 244451.65625, 154991.0, 150528.359375, 162909.90625, 168041.078125, 114015.5859375, 140289.09375, 189095.53125, 153385.0625, 153232.828125, 165482.9375, 150908.03125, 160236.984375, 144194.5625, 180435.765625, 177931.5, 123843.78125, 199115.71875, 115077.0, 138329.015625, 164332.59375, 127204.671875, 140474.28125, 181671.125, 169667.21875, 174057.953125, 156542.25, 164395.796875, 103584.328125, 160797.296875, 146366.75, 117093.515625, 193910.796875, 146693.796875, 157765.203125, 178122.46875, 115846.1640625, 165386.546875, 167606.34375, 165759.5625, 193042.640625, 102761.7890625, 177692.03125, 146163.28125, 124327.9765625, 156752.140625, 193591.625, 126180.7265625, 170921.5, 120875.078125, 194359.40625, 149754.109375, 151791.5, 161785.03125, 169289.71875, 122756.9765625, 141533.453125, 133849.890625, 144330.6875, 208685.734375, 164171.890625, 137309.109375, 169064.78125, 107780.25, 158410.5, 151214.0625, 158901.6875, 169316.515625, 149661.359375, 197568.71875, 156008.6875, 125136.09375, 181166.9375, 118952.984375, 129590.9375, 182171.21875, 197725.21875, 133100.46875, 99124.21875, 135914.21875, 131816.34375, 128611.6875, 199156.9375, 123368.34375, 125861.8984375, 148232.625, 149714.15625, 147847.3125, 132283.25, 151516.421875, 131205.28125, 190998.390625, 177781.671875, 170464.28125, 141688.78125, 166271.734375, 147091.40625, 127805.3125, 131138.015625, 146167.015625, 186334.25, 146773.796875, 134364.59375, 154136.859375, 177285.421875, 136905.703125, 165017.28125, 127214.953125, 229345.875, 159530.640625, 116213.6796875, 163265.046875, 119759.7578125, 147744.421875, 165348.765625, 194831.125, 188576.6875, 133189.3125, 186457.46875, 98617.6796875, 150289.53125, 176826.78125, 123260.265625, 177692.875, 176574.546875, 125896.046875, 164516.21875, 160901.484375, 129015.03125, 104548.25, 166685.25, 130185.609375, 157879.890625, 184427.78125, 135596.109375, 177691.859375, 135202.9375, 185946.21875, 141462.765625, 130214.53125, 146176.09375, 117756.234375, 195431.96875, 252249.5625, 138417.984375, 120483.828125, 147633.609375, 176662.578125, 197493.15625, 143704.421875, 164812.046875, 150172.859375, 133028.828125, 168584.671875, 124877.859375, 126006.328125, 156400.328125, 110611.4140625, 155751.875, 102407.0625, 166761.328125, 201725.8125, 181196.8125, 139065.3125, 174302.015625, 146796.734375, 195622.640625, 136959.921875, 215468.546875, 119706.53125, 116983.796875, 121240.59375, 167590.234375, 175484.171875, 129736.75, 129137.96875, 199952.65625, 146059.21875, 136769.4375, 111873.8828125, 170357.609375, 225200.15625, 125981.515625], "name": "default", "desc": "lr_0.001_nb_16_ld_1_b_1", "folder": "./saves/grid_seach/search4/lr_0.001_nb_16_ld_1_b_1_default_20240307-090453"}