{"nhidden": 128, "rnn_nhidden": 32, "obs_dim": 1, "latent_dim": 1, "lr": 0.0001, "n_batch": 16, "beta": 1, "total_epochs_train": 50, "epochs_per_train": 5, "epochs": 50, "loss": [230705.5, 189957.515625, 171479.34375, 188419.046875, 189514.78125, 148249.9375, 160635.3125, 171348.078125, 136941.75, 202153.53125, 138393.8125, 194954.875, 218106.09375, 180084.40625, 131369.71875, 196015.375, 201138.546875, 145520.453125, 161041.5, 153580.78125, 238655.75, 203162.015625, 138621.3125, 204930.65625, 173804.3125, 151951.90625, 133348.359375, 171709.34375, 152926.078125, 159575.921875, 166327.125, 166069.15625, 208560.203125, 174785.765625, 170466.5625, 217958.0625, 195994.78125, 152946.375, 240937.734375, 181935.546875, 88009.734375, 170410.328125, 211065.890625, 176919.53125, 130272.640625, 163199.578125, 116714.8984375, 186088.0625, 124723.9609375, 129859.515625, 249447.140625, 203350.25, 230159.71875, 148928.6875, 175316.59375, 137886.4375, 131841.3125, 156253.78125, 171455.234375, 127391.1328125, 177851.890625, 239917.53125, 206738.3125, 182615.890625, 146999.0625, 137945.15625, 169057.328125, 190227.34375, 152310.125, 156725.515625, 122705.265625, 175794.484375, 155225.59375, 143457.0625, 208293.796875, 217484.734375, 198900.78125, 181694.984375, 170763.375, 148314.375, 106696.5703125, 157832.71875, 119501.5078125, 127435.0546875, 180984.40625, 137053.78125, 200508.59375, 258392.328125, 164043.65625, 168665.578125, 162066.609375, 157140.140625, 192336.3125, 109207.625, 115519.6953125, 212722.421875, 267507.9375, 160320.78125, 104768.46875, 188333.21875, 156696.125, 81491.0625, 195256.875, 210576.28125, 164843.96875, 178272.5625, 164796.375, 132810.71875, 171595.109375, 181878.953125, 141599.359375, 125605.484375, 198524.390625, 152443.578125, 184811.53125, 111700.4609375, 227620.296875, 166731.125, 138640.015625, 110167.6796875, 176242.265625, 109932.671875, 236276.625, 124770.5625, 178252.625, 209824.390625, 160843.828125, 169610.703125, 149393.234375, 135736.5625, 140699.53125, 125131.34375, 190829.34375, 191108.4375, 170014.78125, 226969.28125, 205191.53125, 154330.453125, 128188.3046875, 148202.03125, 102376.734375, 134568.203125, 184357.5625, 151348.546875, 147695.53125, 154580.1875, 187593.6875, 182837.40625, 164393.25, 163076.640625, 143224.65625, 196753.390625, 107416.09375, 135915.5, 116624.5234375, 115134.546875, 90648.5, 208189.0625, 135523.6875, 260618.0625, 195298.53125, 148339.671875, 160726.921875, 181650.59375, 122866.421875, 198608.84375, 154457.640625, 220339.609375, 98351.6953125, 118815.15625, 185776.96875, 192402.734375, 193860.0625, 140913.5, 148722.875, 151220.40625, 151905.5, 147261.84375, 150460.84375, 164907.5, 156022.296875, 152054.015625, 159099.890625, 123338.71875, 146582.28125, 168162.765625, 141008.75, 148306.546875, 236869.84375, 157997.4375, 148369.171875, 176314.546875, 199858.359375, 96827.703125, 154673.25, 138409.265625, 174394.203125, 170735.125, 127390.125, 119934.328125, 120617.53125, 178103.0625, 180563.15625, 149009.890625, 125148.5, 182341.484375, 190600.375, 124026.0390625, 123831.8828125, 108232.75, 144006.40625, 188616.671875, 220379.9375, 212818.859375, 159197.796875, 134873.0625, 173388.5, 124097.5859375, 142934.21875, 104035.6875, 136443.0625, 149949.09375, 176821.75, 214840.59375, 204580.578125, 163886.5625, 134211.5625, 143042.078125, 121489.7578125, 197719.15625, 167677.65625, 165112.4375, 126547.671875, 174068.015625, 147166.8125, 112398.0078125, 156906.296875, 199231.75, 151774.265625, 248250.9375, 140012.578125, 136645.734375, 131890.25, 187487.96875, 158022.5625, 185018.890625, 143306.640625, 145353.546875, 129896.390625, 140307.765625, 118685.1328125, 153085.828125, 216800.1875, 106208.53125, 188921.453125, 160080.21875, 93531.7734375, 161839.28125, 207095.53125, 147357.796875, 130141.6953125, 154293.265625, 129787.9609375, 110093.1640625, 212317.703125, 150580.65625, 182721.84375, 148512.921875, 116763.03125, 190565.9375, 122997.015625, 142192.5625, 126017.3359375, 163453.578125, 213364.921875, 112380.21875, 139568.71875, 162788.40625, 202110.90625, 115877.0625, 130602.34375, 180875.65625, 99588.8359375, 152475.859375, 137028.453125, 185245.734375, 148668.25, 246698.890625, 125447.5625, 153132.78125, 212140.796875, 128501.9765625, 107116.390625, 114746.796875, 123193.0, 200836.15625, 179917.421875, 126888.59375, 137715.578125, 127599.3125, 207909.84375, 105803.6484375, 129267.875, 199990.71875, 136967.125, 226550.0625, 154339.875, 118326.359375, 234824.46875, 139737.21875, 192608.453125, 88624.0625, 167376.578125, 128253.546875, 139189.5, 139984.484375, 203244.25, 209437.921875, 137955.421875, 156765.0625, 160198.40625, 119413.09375, 160842.234375, 111564.15625, 194003.21875, 139473.46875, 134201.84375, 172562.734375, 176782.25, 121150.765625, 129846.3984375, 141496.3125, 189864.21875, 137173.171875, 242348.21875, 233512.140625, 114313.2421875, 160299.484375, 118498.328125, 143239.0, 122030.1484375, 134379.125, 133026.546875, 151005.375, 183349.15625, 152903.578125, 112255.78125, 203371.734375, 110846.5390625, 168668.5625, 131309.15625, 158103.46875, 160228.765625, 206178.859375, 153068.234375, 117028.375, 185312.640625, 163866.953125, 116857.0625, 126385.0625, 218382.046875, 120401.703125, 165218.09375, 163730.21875, 201097.96875, 144896.609375, 108275.6875, 129265.515625, 155180.140625, 167459.4375, 178400.546875, 163722.5625, 145840.40625, 150892.765625, 105345.578125, 152426.265625, 184003.53125, 144917.15625, 144976.703125, 175597.328125, 168993.3125, 113621.5390625, 265374.875, 132991.34375, 89045.359375, 110053.078125, 169700.75, 148150.28125, 174945.359375, 134539.140625, 143886.125, 149337.34375, 125442.0859375, 237340.1875, 126397.8203125, 143845.078125, 161509.96875, 169610.796875, 189313.71875, 153487.71875, 139082.15625, 136908.328125, 139340.546875, 166986.875, 128308.4921875, 132318.09375, 133510.875, 146184.0625, 190087.125, 174675.109375, 168962.125, 158203.8125, 122343.6875, 167053.0, 129637.7421875, 126576.8828125, 158761.125, 124993.8515625, 161657.296875, 170019.734375, 224767.234375, 126366.265625, 169003.125, 111853.40625, 126650.78125, 175151.703125, 138628.390625, 105862.28125, 182346.359375, 171087.421875, 174560.921875, 205679.40625, 139404.1875, 132909.875, 196462.046875, 167081.0625, 169596.484375, 135302.859375, 122331.625, 184319.9375, 137071.765625, 183750.15625, 108002.3203125, 132715.546875, 165155.625, 105697.640625, 156900.703125, 105258.4453125, 130662.09375, 278644.78125], "name": "default", "desc": "lr_0.0001_nb_16_ld_1_b_1", "folder": "./saves/grid_seach/search1/lr_0.0001_nb_16_ld_1_b_1_default_20240214-011219"}