{"nhidden": 128, "rnn_nhidden": 32, "obs_dim": 1, "latent_dim": 16, "lr": 0.0001, "n_batch": 16, "beta": 1, "total_epochs_train": 50, "epochs_per_train": 5, "epochs": 50, "loss": [255151.703125, 222614.421875, 147753.90625, 126974.5, 126258.640625, 148029.625, 149115.484375, 273098.15625, 143024.78125, 158164.90625, 152413.5, 219530.0, 167765.8125, 155830.765625, 129692.4296875, 240731.9375, 153974.8125, 102740.203125, 170243.484375, 152486.140625, 227192.6875, 185870.671875, 205037.640625, 151898.734375, 139562.609375, 174234.609375, 172240.671875, 236384.578125, 159256.90625, 169607.0625, 234803.125, 111371.2109375, 205559.3125, 154643.109375, 143797.9375, 177527.9375, 218818.265625, 197000.703125, 113132.03125, 212741.875, 210120.96875, 135167.546875, 107419.8125, 167190.390625, 174076.46875, 234005.734375, 149656.9375, 140915.296875, 164588.375, 111693.3203125, 258352.390625, 204948.828125, 173245.65625, 131418.734375, 138191.8125, 218423.390625, 145152.78125, 227455.1875, 121850.859375, 147172.5, 175799.640625, 192001.9375, 198488.75, 128467.4375, 143174.28125, 194091.59375, 149791.96875, 226654.28125, 199961.21875, 175645.96875, 126520.421875, 160432.75, 163879.328125, 125880.234375, 120386.7421875, 177458.265625, 197495.921875, 164101.515625, 161692.34375, 234395.5, 209220.65625, 153974.515625, 109908.7578125, 228619.921875, 177312.25, 171293.390625, 185615.25, 151235.890625, 134713.84375, 244958.4375, 175123.1875, 157909.21875, 164226.546875, 126290.96875, 176897.1875, 153681.28125, 109476.28125, 244612.703125, 193748.4375, 213837.515625, 170920.4375, 160796.265625, 213775.703125, 140740.78125, 170908.078125, 171607.671875, 116656.4296875, 125044.484375, 169561.140625, 222819.125, 160445.671875, 166365.65625, 202691.0625, 212988.46875, 139266.90625, 126650.921875, 116906.5625, 180460.5, 157775.15625, 151880.40625, 203638.015625, 172707.125, 103438.2890625, 230138.625, 132661.28125, 203757.828125, 161419.484375, 176423.234375, 138748.421875, 177912.40625, 198581.21875, 142403.765625, 158362.296875, 143196.28125, 181371.984375, 150986.15625, 97963.21875, 152185.28125, 179594.03125, 132647.109375, 144338.21875, 201169.0, 175529.59375, 188847.1875, 160122.8125, 172629.53125, 112698.4609375, 147993.390625, 171320.28125, 119625.984375, 272014.75, 191184.0625, 167703.0625, 199414.8125, 154149.078125, 146622.0, 124492.8125, 150813.5625, 167567.484375, 166377.96875, 165033.375, 162417.9375, 129320.7734375, 231290.28125, 157525.515625, 162706.4375, 158193.546875, 188769.578125, 185051.484375, 160709.5625, 97513.578125, 159996.296875, 173251.59375, 180485.359375, 174616.25, 143667.65625, 221126.796875, 128181.59375, 164014.734375, 106359.078125, 168680.03125, 135924.5, 214362.578125, 207680.171875, 117221.5, 110070.09375, 173549.59375, 146833.390625, 185410.671875, 147340.109375, 116769.53125, 128717.59375, 201670.625, 246236.359375, 109649.2890625, 169364.375, 141441.328125, 134310.953125, 122506.0625, 137044.390625, 208919.0, 146470.109375, 207664.71875, 113789.5234375, 149830.0, 127294.9296875, 166143.5625, 108956.7265625, 175335.875, 154445.125, 146245.828125, 187128.40625, 140298.5, 168903.609375, 175901.078125, 137936.34375, 198344.21875, 172850.59375, 200441.609375, 149312.40625, 164374.453125, 125421.78125, 126627.3046875, 109824.890625, 119665.6484375, 148588.6875, 127390.8125, 190419.359375, 127395.9609375, 192071.1875, 113741.015625, 122125.0, 137480.546875, 167780.546875, 178539.390625, 174883.0, 129539.7265625, 130248.390625, 124062.265625, 116744.5, 145332.859375, 149208.53125, 149149.40625, 123348.765625, 154842.25, 145770.90625, 167356.1875, 118152.5234375, 178704.84375, 97171.3984375, 187833.84375, 121575.8828125, 171400.796875, 186999.703125, 108600.3671875, 122402.7734375, 130812.171875, 117970.0625, 104169.53125, 116615.21875, 175839.578125, 127445.578125, 116223.5390625, 162480.734375, 124329.734375, 109843.90625, 153239.296875, 166903.125, 152061.171875, 117454.90625, 98809.171875, 141971.828125, 151202.0625, 145738.78125, 132219.734375, 117201.6953125, 157639.6875, 147615.8125, 101433.203125, 100623.3359375, 146558.703125, 110520.8203125, 88380.203125, 125932.75, 168412.296875, 127650.8125, 114679.4453125, 95934.171875, 116114.3984375, 119164.484375, 124316.125, 130219.9765625, 113076.3984375, 127658.8828125, 134430.984375, 127184.25, 106019.3671875, 81439.109375, 154110.703125, 122155.3125, 138407.609375, 117220.9375, 118866.4296875, 110080.203125, 109747.0234375, 117958.9375, 175016.3125, 118744.9765625, 115294.1953125, 99562.9296875, 125717.171875, 132860.921875, 102480.5234375, 107875.890625, 104248.03125, 96138.015625, 112325.671875, 118414.359375, 127897.4921875, 118923.0703125, 98067.296875, 126353.9453125, 141129.03125, 121985.4921875, 86008.6953125, 134614.875, 122709.6796875, 112427.1171875, 103188.140625, 107094.3125, 130814.328125, 134305.796875, 91278.25, 135998.515625, 86749.46875, 108568.0234375, 99470.4140625, 118617.765625, 133459.71875, 106590.796875, 90625.3828125, 135413.375, 118091.109375, 106980.546875, 104602.984375, 123617.1171875, 122927.8984375, 107641.734375, 93698.8828125, 109055.7109375, 118803.796875, 90041.6953125, 149685.46875, 86861.4140625, 110799.8046875, 89841.71875, 102865.0625, 120743.8125, 104895.5546875, 136008.546875, 117106.375, 130910.0078125, 108139.125, 131288.0, 86476.546875, 93775.5625, 145773.21875, 90413.1875, 106476.390625, 122564.5, 130248.4765625, 122141.03125, 110600.109375, 90408.1953125, 144424.8125, 125784.640625, 164206.25, 84373.625, 136101.234375, 127701.59375, 112473.0390625, 108893.5859375, 110013.265625, 137723.28125, 101482.359375, 140433.109375, 104203.96875, 87949.609375, 139363.484375, 152605.8125, 82665.0625, 108857.4140625, 130894.3984375, 100744.0, 120326.46875, 116556.3984375, 130131.46875, 144104.21875, 97256.859375, 80779.28125, 108908.3984375, 136802.078125, 134052.65625, 100138.453125, 104374.2109375, 92064.6171875, 128105.9453125, 99385.796875, 101137.8515625, 105889.8671875, 102176.5546875, 130379.734375, 112111.984375, 102856.90625, 102532.5, 99360.25, 130811.6953125, 134522.921875, 127841.609375, 117231.7265625, 116899.0625, 91951.25, 107551.546875, 115749.109375, 130134.8046875, 89682.6171875, 139711.796875, 92463.4921875, 99232.078125, 141651.921875, 97738.90625, 110945.546875, 104418.8359375, 104569.140625, 113428.734375, 111748.7109375, 109959.59375, 120153.9765625, 105542.546875, 133776.703125, 83995.703125, 87540.46875, 137479.625, 132047.875, 95374.109375, 112436.9453125, 93122.90625, 126248.421875, 104320.078125, 94567.984375], "name": "default", "desc": "lr_0.0001_nb_16_ld_16_b_1", "folder": "./saves/grid_seach/search1/lr_0.0001_nb_16_ld_16_b_1_default_20240214-013026"}