{"nhidden": 128, "rnn_nhidden": 32, "obs_dim": 1, "latent_dim": 8, "lr": 0.001, "n_batch": 16, "beta": 2, "total_epochs_train": 50, "epochs_per_train": 5, "epochs": 50, "loss": [166191.109375, 155189.34375, 236030.59375, 165868.6875, 226055.296875, 112462.75, 225820.75, 139348.6875, 159493.9375, 223386.453125, 184948.34375, 181430.46875, 132637.0625, 93624.9296875, 199825.15625, 168356.46875, 122634.375, 166327.78125, 190432.71875, 134037.296875, 222539.0625, 132659.21875, 149287.15625, 210858.234375, 129965.7578125, 119097.25, 196100.265625, 159256.953125, 120040.328125, 163148.125, 132546.5625, 172697.421875, 216033.609375, 127943.359375, 142400.203125, 197300.234375, 173772.46875, 159455.875, 104659.375, 130437.8046875, 172926.96875, 185589.140625, 115718.109375, 146153.640625, 112637.515625, 107005.8671875, 134087.03125, 119503.96875, 118332.3828125, 103326.6875, 160318.78125, 128097.9453125, 185840.796875, 120541.953125, 124229.6796875, 121756.5546875, 151990.453125, 129891.1953125, 114330.078125, 122806.1171875, 105407.734375, 117699.125, 137155.34375, 119053.171875, 120582.453125, 97765.3671875, 141972.0625, 150860.578125, 104173.125, 100186.6953125, 162910.9375, 126050.3671875, 117940.453125, 106805.9921875, 118642.1875, 117170.1171875, 138488.4375, 99541.6328125, 113262.90625, 136089.0625, 88562.734375, 126530.203125, 137139.203125, 115191.375, 90185.1796875, 105646.671875, 98536.9375, 99584.296875, 135566.390625, 141670.0, 103290.2578125, 156339.265625, 112690.40625, 108275.4609375, 96447.6875, 103552.7734375, 131113.75, 96071.65625, 117828.2109375, 94786.8984375, 110192.71875, 117895.203125, 89301.546875, 158777.015625, 92704.609375, 70188.453125, 113061.875, 113543.2890625, 128122.6875, 111759.15625, 90142.96875, 138955.296875, 80209.6875, 87376.171875, 86782.546875, 130077.796875, 118777.375, 131984.84375, 105868.046875, 97586.84375, 103140.8671875, 87932.0078125, 91734.34375, 81516.796875, 134729.6875, 172744.03125, 140182.5625, 130928.546875, 113633.640625, 77333.359375, 101793.2734375, 110795.6640625, 98541.1015625, 96972.9609375, 99961.3671875, 110389.1640625, 109926.8671875, 91398.6171875, 130991.78125, 103416.578125, 82075.9375, 120663.0390625, 85892.9296875, 81639.875, 109428.1328125, 97849.015625, 107593.640625, 108514.328125, 93201.453125, 135178.6875, 94165.625, 106148.375, 105601.125, 121757.4375, 88170.2109375, 122130.15625, 93675.0, 92887.453125, 126613.84375, 96102.96875, 125677.1875, 94310.265625, 121810.703125, 92622.0078125, 121842.984375, 108581.734375, 91976.1171875, 102122.8984375, 99552.84375, 136378.375, 90952.328125, 101210.265625, 84151.0625, 112302.234375, 110005.984375, 86691.890625, 101633.6015625, 81511.3828125, 91148.2265625, 81972.390625, 75773.953125, 92857.6796875, 83163.671875, 85792.1796875, 97501.6171875, 97887.5546875, 123377.125, 112555.1875, 104615.453125, 85450.6796875, 104104.2421875, 93265.71875, 104509.9453125, 102181.84375, 83316.734375, 90194.5078125, 89333.7890625, 95655.8203125, 101217.375, 113339.828125, 91501.53125, 86022.0859375, 98478.671875, 166000.53125, 103811.6484375, 81531.0546875, 116175.3046875, 90304.484375, 86329.140625, 121860.7578125, 76225.3515625, 113933.609375, 103016.953125, 87803.09375, 96835.109375, 74230.9140625, 82107.71875, 85546.3359375, 68280.578125, 98712.515625, 161779.296875, 124356.4140625, 103891.3515625, 90744.484375, 64157.02734375, 100580.90625, 108503.3984375, 111906.6171875, 125653.578125, 158344.671875, 103619.5859375, 173055.953125, 238283.5625, 100101.515625, 227422.03125, 189359.484375, 164702.515625, 162576.8125, 142409.0, 161980.15625, 119612.1875, 195420.171875, 158081.796875, 152574.59375, 118867.671875, 233002.78125, 180039.3125, 133000.953125, 111681.8984375, 189242.859375, 155516.046875, 173107.90625, 147618.46875, 84919.9765625, 131284.65625, 192782.796875, 221686.859375, 178255.28125, 233429.375, 140021.328125, 113086.4765625, 105468.5, 175679.71875, 151416.609375, 139725.09375, 161654.90625, 196547.828125, 158045.0, 150551.140625, 127847.265625, 165839.578125, 114188.671875, 165076.90625, 101022.21875, 173864.5625, 141501.421875, 131023.0, 140794.28125, 112859.40625, 140314.875, 152779.75, 145559.65625, 130175.1796875, 117050.578125, 97530.6484375, 144012.390625, 142288.890625, 122190.421875, 111745.5703125, 130977.21875, 184239.765625, 132667.53125, 116932.7265625, 132024.8125, 156901.53125, 105114.828125, 115754.046875, 145101.921875, 119533.5, 129705.78125, 136458.9375, 130314.453125, 125303.671875, 158220.15625, 117277.9453125, 114093.203125, 103400.1328125, 139479.5625, 150323.75, 138505.359375, 110118.25, 129914.546875, 115023.5625, 142311.84375, 129177.984375, 149733.90625, 128784.078125, 106789.3828125, 135674.015625, 139425.9375, 115700.78125, 164110.9375, 106062.3671875, 119966.8515625, 158484.640625, 148031.3125, 118899.28125, 133667.953125, 151413.296875, 114742.890625, 96724.1953125, 104590.046875, 100016.515625, 138325.09375, 162751.21875, 122293.109375, 118899.390625, 124521.515625, 153011.9375, 116382.953125, 80626.796875, 108482.3125, 120056.171875, 152385.078125, 100190.8046875, 129167.5, 143516.25, 130402.3671875, 137254.421875, 132801.0, 105185.8984375, 124371.71875, 188115.734375, 137565.671875, 112029.1640625, 154759.109375, 128022.578125, 97552.5, 118712.4375, 117336.6953125, 117557.25, 136414.609375, 92500.125, 144090.859375, 122726.2890625, 165005.9375, 134418.046875, 113110.3203125, 116829.796875, 151878.84375, 126942.296875, 105479.015625, 121153.46875, 146597.734375, 89619.0, 102630.359375, 149623.84375, 141256.5, 144790.03125, 100239.125, 137165.640625, 119930.609375, 118309.5546875, 112121.6015625, 151029.28125, 157177.09375, 87149.9140625, 135886.09375, 95002.0703125, 143134.421875, 109183.015625, 116320.34375, 109671.46875, 136203.4375, 100361.71875, 136720.03125, 107102.421875, 132306.984375, 110788.75, 149765.703125, 103116.1328125, 116174.1953125, 124565.5, 96441.015625, 159573.328125, 122423.8515625, 141646.671875, 100070.734375, 104988.734375, 144609.0, 108114.9375, 96334.625, 143881.84375, 113499.734375, 138639.90625, 102934.90625, 124149.8984375, 143051.546875, 96543.140625, 110521.140625, 116228.390625, 106891.9765625, 117106.0078125, 177362.0625, 104282.1953125, 121756.734375, 122436.25, 133225.90625, 106267.3671875, 97008.0546875, 86916.171875, 131865.4375, 150822.828125, 145359.578125, 95156.6875, 107225.3671875, 126609.8671875, 110018.828125, 112458.1171875, 107171.0, 121711.6875, 116963.0, 99590.90625, 87676.78125, 116108.515625, 129611.5078125, 122640.03125, 133646.875, 108343.2890625, 132915.109375], "name": "default", "desc": "lr_0.001_nb_16_ld_8_b_2", "folder": "./saves/grid_seach/search1/lr_0.001_nb_16_ld_8_b_2_default_20240214-002307"}