{"nhidden": 128, "rnn_nhidden": 32, "obs_dim": 1, "latent_dim": 8, "lr": 0.0005, "n_batch": 16, "beta": 4, "total_epochs_train": 50, "epochs_per_train": 5, "epochs": 50, "loss": [159744.765625, 164876.703125, 204137.078125, 177786.765625, 208888.78125, 218136.40625, 131921.09375, 178739.0, 151708.78125, 169296.671875, 195910.4375, 188492.609375, 203884.703125, 117996.75, 159575.0625, 132839.734375, 210031.5, 163492.59375, 198419.59375, 182609.421875, 176213.0625, 211325.671875, 97020.5, 135260.265625, 134798.546875, 231435.953125, 154790.828125, 222879.046875, 166677.359375, 179622.6875, 123379.9375, 120168.2734375, 148006.0625, 213877.09375, 141719.75, 141995.125, 124905.9453125, 171506.09375, 162223.84375, 136749.546875, 180549.28125, 214774.46875, 132127.359375, 181934.71875, 196424.515625, 144499.21875, 213828.109375, 119299.1171875, 183126.921875, 166703.96875, 126108.5390625, 169323.796875, 171578.359375, 127117.9921875, 197276.0625, 112174.96875, 229723.4375, 116182.0390625, 178600.5, 150282.375, 112486.453125, 138655.328125, 140607.6875, 120682.6328125, 96977.3125, 142605.84375, 140933.046875, 204463.421875, 103997.34375, 153829.125, 138614.453125, 145664.890625, 143535.6875, 101339.3828125, 143168.296875, 110145.953125, 163806.71875, 117211.421875, 98101.859375, 162899.84375, 135188.125, 109197.5859375, 125104.6484375, 119834.5703125, 140398.890625, 139314.25, 112460.125, 97799.5859375, 147978.296875, 122364.6015625, 98876.546875, 146023.6875, 136626.90625, 123284.078125, 126517.421875, 128115.46875, 107004.1953125, 95960.2578125, 174286.40625, 119388.859375, 197083.875, 107403.140625, 141268.109375, 130596.609375, 101509.9296875, 203709.046875, 128454.96875, 239795.921875, 173065.828125, 164089.515625, 200281.375, 185642.953125, 123939.03125, 163392.71875, 158212.21875, 176542.78125, 144329.59375, 115501.8125, 125858.25, 136762.609375, 259843.1875, 153272.84375, 183854.15625, 135449.484375, 165181.046875, 176107.953125, 120252.3984375, 139555.578125, 132868.25, 170764.9375, 160744.78125, 192567.96875, 264835.625, 86228.7265625, 183606.875, 187475.09375, 212352.3125, 196434.359375, 105408.421875, 169774.5625, 185464.0, 145599.796875, 87498.1015625, 130672.390625, 180804.78125, 192753.40625, 150921.0, 114699.0625, 157754.53125, 107008.1953125, 176615.875, 182774.984375, 153311.140625, 180678.4375, 144674.125, 176970.0625, 110271.671875, 196162.09375, 157839.59375, 183442.046875, 118821.9140625, 126454.90625, 131684.4375, 198739.890625, 221631.578125, 129615.625, 144402.875, 126102.65625, 156894.328125, 105973.875, 126401.515625, 137410.78125, 151425.5625, 194119.09375, 125148.734375, 147582.5625, 115940.5703125, 133752.890625, 197450.984375, 112060.171875, 164675.375, 127258.40625, 162459.921875, 155538.796875, 102935.9296875, 111217.2578125, 170783.484375, 163675.5625, 130201.125, 152813.34375, 176059.25, 112437.359375, 123647.71875, 120687.7890625, 159009.5, 145501.609375, 118681.5390625, 162822.828125, 113705.078125, 122243.3125, 176458.875, 128081.6015625, 117157.9296875, 142543.703125, 209704.671875, 90810.5078125, 108708.3359375, 107414.3203125, 133349.90625, 124178.6328125, 167851.25, 113423.6171875, 146251.28125, 152395.03125, 117358.96875, 148528.890625, 162374.671875, 125126.0546875, 114780.34375, 122161.671875, 126233.296875, 113934.7890625, 146829.578125, 168693.40625, 126133.8046875, 105990.796875, 146578.9375, 114234.40625, 110985.0703125, 122602.7890625, 144061.734375, 168363.90625, 119127.1328125, 121056.265625, 117254.71875, 110270.53125, 157130.171875, 140703.171875, 116829.3671875, 147652.625, 145405.59375, 144345.78125, 113818.546875, 151465.375, 120636.5859375, 148251.125, 125930.09375, 131300.09375, 87022.5625, 128419.5546875, 133122.984375, 121462.03125, 91427.796875, 132506.890625, 146256.015625, 160617.71875, 168934.734375, 131949.859375, 105411.2421875, 94032.5546875, 101441.8046875, 105656.375, 106497.0234375, 178030.953125, 121535.78125, 126380.9140625, 137958.015625, 163517.515625, 137295.25, 107639.6484375, 130623.7109375, 97563.5390625, 115468.171875, 137486.4375, 108158.296875, 132522.203125, 146370.890625, 158190.15625, 108604.359375, 125866.7109375, 126290.3828125, 95592.0, 152809.1875, 143424.65625, 134788.734375, 186837.484375, 100448.2890625, 122242.0078125, 110634.765625, 111003.9453125, 105894.7265625, 130191.578125, 145055.546875, 127707.734375, 131000.1875, 149603.21875, 170983.5, 146803.265625, 175674.28125, 110545.890625, 92507.390625, 105000.8828125, 114248.765625, 120970.9921875, 101755.1875, 181388.78125, 167016.453125, 132044.03125, 119328.921875, 141135.046875, 150459.5625, 128067.5234375, 122852.6171875, 95158.6484375, 101838.09375, 112268.9375, 85153.9140625, 155809.9375, 144828.1875, 160088.90625, 162868.359375, 105454.2109375, 150238.421875, 113216.5234375, 137187.03125, 122975.203125, 117877.078125, 116185.2890625, 103307.546875, 140738.875, 149684.125, 154630.75, 104933.6953125, 136943.125, 129683.2890625, 108064.890625, 112295.0546875, 107348.6875, 92317.90625, 181401.921875, 147884.84375, 161125.34375, 147578.171875, 167371.421875, 116323.921875, 114869.2265625, 138760.328125, 118894.625, 94348.4453125, 106809.8359375, 126322.375, 190677.515625, 116678.2578125, 110472.203125, 135441.28125, 116620.921875, 125536.625, 97593.859375, 116517.6640625, 123786.875, 126182.203125, 119047.96875, 98089.4296875, 125198.828125, 128088.0546875, 133092.671875, 113930.640625, 124505.4375, 183481.0625, 118535.171875, 117938.8046875, 108536.1875, 137085.84375, 116076.2109375, 165778.890625, 112594.0546875, 98644.984375, 131043.859375, 152798.875, 129452.8984375, 130494.921875, 106440.1796875, 118663.09375, 159245.421875, 97353.25, 114495.421875, 129843.8671875, 150007.90625, 115876.5390625, 131293.65625, 115711.5703125, 118039.453125, 106882.0625, 108578.0, 155572.3125, 114696.09375, 178330.453125, 107161.1484375, 120324.59375, 147265.65625, 115724.296875, 123849.4765625, 144982.171875, 121031.625, 102407.8515625, 110228.1015625, 125063.375, 121720.25, 150506.8125, 109289.1875, 161728.015625, 128948.359375, 117018.8203125, 101768.9453125, 90491.8984375, 130693.15625, 107128.40625, 104348.9609375, 120221.4375, 127941.09375, 122302.5390625, 187760.5625, 132256.9375, 107798.6171875, 130730.53125, 115479.9296875, 157950.203125, 123415.28125, 111553.5625, 131527.1875, 116743.9140625, 120085.046875, 139721.1875, 110788.515625, 122650.109375, 164190.671875, 97350.96875, 133844.375, 97685.6796875, 155736.390625, 105215.21875, 105748.1015625, 132048.90625, 123673.609375, 142778.34375, 104193.828125, 100565.3828125, 110699.5390625, 126349.6171875, 125582.0546875], "name": "default", "desc": "lr_0.0005_nb_16_ld_8_b_4", "folder": "./saves/grid_seach/search1/lr_0.0005_nb_16_ld_8_b_4_default_20240214-010223"}