{"nhidden": 128, "rnn_nhidden": 32, "obs_dim": 1, "latent_dim": 16, "lr": 0.0001, "n_batch": 16, "beta": 0.5, "total_epochs_train": 50, "epochs_per_train": 5, "epochs": 50, "loss": [161013.984375, 212005.34375, 212698.0625, 125580.0, 157939.90625, 158314.0625, 173976.171875, 172814.890625, 220571.25, 182056.984375, 259637.5625, 219177.703125, 160250.53125, 126466.5546875, 137184.8125, 165954.65625, 116629.515625, 145931.5625, 216355.703125, 112765.6875, 171966.765625, 167189.984375, 169840.40625, 148070.953125, 282677.34375, 132588.125, 195118.5625, 182962.671875, 176190.203125, 79920.2109375, 272149.03125, 167158.75, 144330.40625, 148189.3125, 263583.53125, 130869.3359375, 212683.3125, 128516.3359375, 123662.640625, 135744.234375, 186016.0625, 231519.40625, 126239.0625, 212142.65625, 224913.359375, 130519.3515625, 175463.8125, 167604.59375, 194460.390625, 136845.1875, 149746.875, 208816.703125, 142861.796875, 182955.34375, 273794.46875, 173661.15625, 168647.921875, 143127.734375, 156824.609375, 124164.3515625, 175754.765625, 152585.71875, 177281.578125, 229005.015625, 123487.75, 189185.78125, 171301.90625, 155576.375, 163433.203125, 166515.1875, 158504.09375, 134551.75, 211123.03125, 134678.8125, 161561.859375, 153171.3125, 153252.875, 219706.0, 268205.03125, 125772.953125, 140925.6875, 124743.4140625, 167652.390625, 205922.125, 179564.796875, 158710.28125, 150281.328125, 233499.921875, 145911.078125, 183858.1875, 164468.625, 223434.796875, 196636.203125, 164843.390625, 139490.203125, 181582.265625, 205365.4375, 148063.875, 115036.171875, 170925.828125, 196105.0, 172304.625, 148778.8125, 140674.859375, 154482.453125, 189653.65625, 216746.203125, 133973.828125, 129400.8828125, 126901.171875, 166862.90625, 134575.390625, 207637.203125, 218510.859375, 163841.109375, 189545.40625, 187737.59375, 148302.921875, 119333.890625, 205321.734375, 142548.1875, 169009.984375, 172642.921875, 146956.59375, 246007.109375, 135935.421875, 157693.609375, 116234.5, 165988.359375, 198840.25, 185750.953125, 149801.453125, 177597.3125, 168231.0, 202360.21875, 171182.203125, 153734.65625, 174645.125, 171748.78125, 208584.71875, 121327.453125, 260522.015625, 112209.8515625, 143956.203125, 187739.921875, 185885.421875, 185339.921875, 146561.21875, 148873.578125, 176641.890625, 186900.25, 176535.546875, 102793.765625, 116223.140625, 169651.21875, 176075.15625, 184470.296875, 129618.921875, 165108.9375, 159217.46875, 212516.390625, 196546.40625, 188016.5625, 222650.515625, 135590.046875, 137211.875, 170331.859375, 94841.7734375, 171337.21875, 155180.765625, 226993.6875, 134105.3125, 165475.4375, 120011.515625, 158943.921875, 154621.6875, 184172.1875, 127194.5546875, 149408.875, 243782.546875, 254909.8125, 100352.8203125, 113470.484375, 162852.796875, 237417.5625, 172727.9375, 121094.0859375, 161997.171875, 133923.6875, 157887.953125, 247057.046875, 147904.375, 154991.15625, 111362.578125, 140861.6875, 134405.96875, 129030.5078125, 168004.0625, 205971.34375, 174316.84375, 135580.53125, 161397.78125, 138069.203125, 157296.78125, 154683.390625, 160256.0625, 133430.390625, 145415.5625, 165790.34375, 87592.828125, 181529.46875, 182181.265625, 160824.09375, 196186.078125, 142995.03125, 172455.59375, 160121.1875, 122905.9921875, 154393.5, 153404.9375, 157400.15625, 193328.640625, 145163.03125, 164589.90625, 175407.8125, 155759.25, 130483.640625, 149553.0625, 118661.9609375, 185512.65625, 154415.328125, 194397.125, 157855.578125, 152829.5625, 185850.96875, 172515.875, 169694.25, 121088.5625, 153109.3125, 148532.578125, 135729.796875, 137911.21875, 122983.546875, 137923.671875, 171694.828125, 178417.078125, 151329.125, 128138.8671875, 106443.96875, 139543.5, 161309.15625, 164352.640625, 232196.375, 110787.484375, 153367.46875, 125319.203125, 146208.625, 102954.203125, 169688.28125, 98950.9921875, 156674.328125, 106625.6328125, 87682.875, 167390.84375, 176962.609375, 164286.359375, 178488.53125, 170373.03125, 130762.015625, 98864.5078125, 134555.875, 117822.75, 106605.8515625, 94784.0234375, 156319.1875, 140387.421875, 148394.90625, 118531.8515625, 151483.03125, 118158.453125, 105059.234375, 140694.875, 109902.2421875, 148860.203125, 122227.671875, 166000.640625, 131576.734375, 114094.8125, 102539.9765625, 136662.9375, 144485.953125, 136991.59375, 143200.21875, 155156.8125, 147717.09375, 99752.4921875, 85967.7734375, 148336.0625, 106860.5546875, 137574.0, 108785.703125, 84524.859375, 122850.6015625, 120538.65625, 107112.859375, 128942.0625, 109217.125, 102988.5625, 176103.84375, 135857.65625, 92389.6328125, 109425.140625, 109542.8671875, 91698.078125, 121156.5625, 94253.1796875, 165098.375, 114342.5625, 105838.640625, 101922.953125, 149431.015625, 135919.984375, 146564.5625, 95282.828125, 93683.4453125, 116034.7578125, 128948.34375, 149102.09375, 107151.3203125, 116165.6171875, 114981.609375, 100690.4921875, 106500.0625, 125943.8515625, 114288.53125, 99550.546875, 112883.2109375, 114500.828125, 136782.0, 114927.921875, 91819.796875, 107072.4140625, 129406.578125, 115789.1953125, 101167.984375, 131772.8125, 111434.546875, 106387.078125, 95565.6328125, 100555.8515625, 114764.1015625, 147140.921875, 100107.4375, 114011.65625, 105839.015625, 104574.515625, 95575.421875, 101020.1875, 146775.734375, 98204.0703125, 118365.109375, 136764.921875, 103161.8515625, 98990.890625, 122623.78125, 109464.6640625, 117783.109375, 90916.5625, 111885.4609375, 104708.96875, 166390.828125, 115714.75, 92907.2578125, 88175.5859375, 112488.796875, 117660.765625, 148153.578125, 125945.109375, 118316.875, 111979.5078125, 161715.296875, 140579.53125, 134472.015625, 97117.9453125, 112100.2890625, 119457.3203125, 104046.265625, 106756.8984375, 132094.828125, 102392.703125, 110140.0625, 99111.5, 95412.0625, 137112.875, 139384.71875, 122548.5703125, 124237.421875, 122834.3203125, 99641.1640625, 109018.84375, 112007.828125, 100708.34375, 84881.2890625, 111057.078125, 131080.03125, 123145.234375, 90596.296875, 74175.640625, 129388.0, 92223.1484375, 112140.6171875, 124954.171875, 118069.9296875, 100870.59375, 114307.9609375, 115542.25, 135819.15625, 119485.84375, 84434.1171875, 117422.46875, 83835.796875, 103029.890625, 87585.140625, 90268.25, 138734.953125, 122115.296875, 87554.5625, 115099.953125, 81644.0546875, 112537.2109375, 106117.1171875, 115135.453125, 97178.28125, 113598.2578125, 110509.5703125, 108254.2421875, 110790.2734375, 97832.84375, 88605.5234375, 133026.59375, 101519.296875, 120453.109375, 76506.7421875, 88670.53125, 111616.921875, 83102.8203125, 121501.078125, 116095.7578125, 127722.03125, 112766.5], "name": "default", "desc": "lr_0.0001_nb_16_ld_16_b_0.5", "folder": "./saves/grid_seach/search1/lr_0.0001_nb_16_ld_16_b_0.5_default_20240214-012934"}