{"nhidden": 128, "rnn_nhidden": 32, "obs_dim": 1, "latent_dim": 8, "lr": 0.0005, "n_batch": 16, "beta": 0.001, "total_epochs_train": 50, "epochs_per_train": 5, "epochs": 50, "loss": [191181.234375, 140760.21875, 220704.875, 170478.75, 100879.609375, 193686.78125, 177504.515625, 117764.96875, 231761.53125, 233722.21875, 208035.90625, 162518.359375, 185198.65625, 143294.875, 131444.953125, 119465.296875, 210900.890625, 178689.8125, 222301.734375, 175043.96875, 148585.421875, 89257.421875, 237864.21875, 126888.640625, 230801.5625, 181191.828125, 139218.546875, 198706.75, 144366.203125, 191474.296875, 175560.765625, 176546.015625, 146517.0625, 230084.421875, 125371.6796875, 129092.3046875, 160919.453125, 185961.484375, 123946.0625, 280656.28125, 148240.515625, 170106.234375, 111446.6015625, 200517.25, 112163.765625, 178078.765625, 173172.65625, 129690.6328125, 132803.515625, 224471.765625, 159503.453125, 119931.484375, 138620.3125, 145856.421875, 199570.953125, 201888.890625, 181538.46875, 147656.328125, 117536.9765625, 169401.09375, 141930.375, 139517.53125, 130637.75, 153411.34375, 150080.390625, 160509.921875, 196311.0, 121530.7578125, 120033.3984375, 140719.921875, 205378.0, 89506.5625, 131371.21875, 106833.9453125, 155717.828125, 119795.8359375, 133307.625, 173764.65625, 158161.46875, 118962.296875, 115252.7578125, 134226.984375, 82713.4609375, 119061.03125, 166161.65625, 140026.640625, 104341.28125, 119895.6875, 91948.9453125, 144572.71875, 121032.078125, 115331.78125, 91554.59375, 118446.8984375, 147968.5, 113941.59375, 136767.0, 126700.4453125, 101570.75, 90301.609375, 117146.1328125, 112508.390625, 123471.5703125, 134085.015625, 173916.03125, 115281.9296875, 142304.53125, 102743.640625, 151568.46875, 128503.3359375, 113386.921875, 114297.7734375, 101465.875, 98403.0078125, 110452.890625, 120939.9609375, 109858.1171875, 96685.703125, 114542.125, 117633.75, 138143.609375, 159398.8125, 105552.6796875, 98157.3828125, 130216.09375, 95544.203125, 134683.75, 124976.3828125, 112189.1875, 118646.4375, 100882.2578125, 115126.4921875, 96149.03125, 129173.859375, 85737.0390625, 120706.921875, 119335.453125, 81622.1796875, 132452.78125, 115940.6015625, 103018.6484375, 135479.5, 97653.53125, 131083.390625, 93052.6171875, 104173.546875, 125543.609375, 118693.7109375, 95727.4296875, 107143.390625, 117561.1328125, 167999.9375, 159098.515625, 120020.3515625, 160183.625, 145596.09375, 217497.875, 136430.9375, 116489.984375, 109663.6640625, 107822.875, 91014.53125, 129389.703125, 96715.359375, 118916.7109375, 118229.21875, 104534.109375, 108449.2109375, 110707.046875, 102325.1953125, 126282.796875, 140617.9375, 154040.109375, 101697.140625, 118275.8984375, 110685.3046875, 100948.1171875, 87754.5625, 116930.296875, 107684.578125, 97891.328125, 103410.625, 132832.125, 97013.6796875, 111812.953125, 113047.7265625, 97385.1015625, 113327.171875, 103033.1484375, 107279.359375, 120490.6875, 94097.21875, 108523.03125, 87700.734375, 124678.4921875, 116470.859375, 146137.78125, 78019.25, 86486.6640625, 143531.5625, 108656.796875, 118388.828125, 92761.171875, 91744.71875, 96210.609375, 98908.921875, 99607.0859375, 127502.9140625, 115081.1953125, 96289.1328125, 98554.34375, 80784.421875, 101085.90625, 148381.421875, 114859.015625, 159997.984375, 149690.734375, 105931.1015625, 90243.875, 104835.1015625, 96439.828125, 105425.109375, 116672.3515625, 90547.34375, 107434.859375, 135147.65625, 79411.8125, 141160.546875, 84847.421875, 107770.125, 111377.2421875, 84544.0625, 88857.2109375, 101511.5703125, 107063.140625, 71845.2421875, 121955.4609375, 83658.9140625, 81107.4375, 100656.5234375, 149099.09375, 95421.875, 90341.40625, 93234.9765625, 101166.03125, 86146.84375, 127864.3515625, 108561.6328125, 110132.8828125, 87618.625, 81463.359375, 90854.796875, 92521.984375, 109236.671875, 88461.296875, 97619.890625, 89582.546875, 118666.8359375, 78430.8359375, 93375.765625, 95997.640625, 112466.09375, 98240.0859375, 94542.796875, 70079.484375, 102440.140625, 92562.234375, 108744.734375, 90439.8125, 90346.0390625, 103956.765625, 101347.9765625, 100729.921875, 111261.171875, 74797.5703125, 95063.0859375, 85460.734375, 86224.15625, 98811.0703125, 83783.2734375, 94978.671875, 121369.3671875, 93786.8203125, 105768.8984375, 114110.3984375, 92551.09375, 127565.0546875, 84649.703125, 104717.53125, 81462.4609375, 90737.9921875, 117743.7734375, 98573.0234375, 73655.1875, 116110.625, 91664.4140625, 91810.2734375, 91655.609375, 115407.7265625, 83996.71875, 77052.1328125, 104486.25, 105193.828125, 89158.546875, 84284.3671875, 75291.953125, 102775.78125, 85557.5234375, 93394.265625, 83224.21875, 82247.8515625, 87680.78125, 81856.453125, 80530.5234375, 104455.7109375, 104988.6953125, 109029.4921875, 99125.703125, 78672.09375, 92847.0703125, 82013.078125, 85247.21875, 82026.15625, 73835.703125, 102562.265625, 82646.6953125, 89348.90625, 84174.2421875, 90814.5390625, 74903.4375, 90574.2578125, 79563.390625, 69346.8046875, 70209.453125, 80116.25, 98617.375, 102202.8359375, 82048.75, 77071.6484375, 75309.4765625, 95847.6953125, 71638.1875, 74402.5859375, 63644.10546875, 99964.7421875, 91976.1875, 66418.4140625, 91474.2890625, 71948.2265625, 74314.6796875, 87079.1171875, 83077.359375, 77816.078125, 72291.1484375, 81160.265625, 81469.390625, 65431.078125, 69659.8046875, 103304.6640625, 92500.0390625, 61417.25, 74644.7265625, 83542.8359375, 73742.65625, 102565.3359375, 95908.5, 75871.6171875, 79475.515625, 68856.6875, 94287.890625, 84561.296875, 78399.609375, 85679.2421875, 65360.921875, 59243.84375, 93404.703125, 78041.03125, 64591.46875, 70313.0078125, 82698.984375, 78332.1796875, 102338.984375, 84795.140625, 61452.640625, 81817.21875, 67014.6484375, 74095.46875, 100540.171875, 67902.640625, 90148.5, 85828.8046875, 69317.7265625, 74063.5859375, 77759.2265625, 75629.0859375, 62620.421875, 76990.8125, 87147.6484375, 63645.390625, 58741.32421875, 74939.3671875, 72903.9609375, 89027.78125, 88487.1484375, 62314.5, 79611.5859375, 70896.9453125, 73932.828125, 61468.49609375, 91948.6953125, 62525.390625, 63250.73828125, 65043.48828125, 81187.4375, 68205.3984375, 60547.72265625, 83056.4609375, 79916.9609375, 58887.234375, 79425.2109375, 104083.640625, 85606.7109375, 74193.265625, 81633.5859375, 66128.21875, 59657.625, 65223.53515625, 74942.875, 61263.46875, 64197.66796875, 96747.3828125, 110613.8359375, 84306.8046875, 74228.9453125, 78827.7265625, 63003.01171875, 66104.890625, 69665.078125, 93109.5, 86653.9765625, 63776.14453125, 75535.3515625, 87703.546875, 67707.3046875, 61531.078125, 96754.9609375, 66813.609375, 71950.8984375, 64820.953125, 57715.22265625], "name": "default", "desc": "lr_0.0005_nb_16_ld_8_b_0.001", "folder": "./saves/grid_seach/search1/lr_0.0005_nb_16_ld_8_b_0.001_default_20240214-005627"}