{"nhidden": 128, "rnn_nhidden": 32, "obs_dim": 1, "latent_dim": 2, "lr": 0.001, "n_batch": 16, "beta": 1, "total_epochs_train": 50, "epochs_per_train": 5, "epochs": 50, "loss": [139724.0, 191194.765625, 234321.1875, 171491.046875, 205176.5625, 177388.59375, 176340.53125, 140274.390625, 136113.140625, 170329.640625, 230371.921875, 158177.65625, 179374.390625, 119917.3671875, 142912.734375, 149545.5, 185890.375, 166655.5, 194387.3125, 115715.390625, 170680.109375, 181025.703125, 170540.0625, 179265.703125, 136606.734375, 114709.265625, 177422.4375, 241822.75, 140779.921875, 212044.0, 182795.125, 114481.21875, 138725.109375, 169729.21875, 132075.328125, 113886.15625, 181232.75, 148510.296875, 178567.53125, 144648.1875, 93262.5390625, 223783.53125, 157466.6875, 163689.296875, 124332.359375, 152578.484375, 164472.5, 161596.984375, 193499.78125, 172439.234375, 136617.53125, 160559.375, 152834.40625, 100086.515625, 185873.703125, 161658.90625, 103185.875, 110413.953125, 182072.265625, 118806.1953125, 190903.21875, 170509.078125, 141108.890625, 173296.40625, 162499.53125, 116966.359375, 142985.5, 156696.828125, 130800.375, 183511.140625, 141702.5, 167971.25, 98239.0625, 143485.515625, 113923.65625, 195829.375, 171439.28125, 147467.15625, 178365.8125, 108488.84375, 151060.6875, 120257.671875, 128228.109375, 118689.8515625, 168673.9375, 113010.359375, 145307.5625, 152166.71875, 118156.859375, 140521.09375, 175114.1875, 122120.15625, 112564.7578125, 146319.75, 175833.34375, 162213.203125, 112978.015625, 147808.078125, 141933.109375, 163613.0, 118703.6015625, 143502.34375, 135985.78125, 113208.5546875, 123732.109375, 143606.78125, 133760.90625, 140622.5625, 180682.328125, 115422.140625, 103816.953125, 133352.59375, 93070.1171875, 111765.8125, 132354.8125, 139729.703125, 179522.890625, 126188.9296875, 153672.15625, 99916.640625, 104021.6328125, 121432.7578125, 180117.0, 124653.4375, 109138.015625, 112203.1640625, 181986.09375, 139267.09375, 102096.5546875, 98082.8046875, 121540.71875, 117160.6953125, 123037.421875, 110494.390625, 134290.09375, 109539.265625, 141791.765625, 159978.953125, 103267.1484375, 111644.96875, 113071.171875, 112865.8359375, 146052.78125, 106122.859375, 98842.078125, 99633.390625, 103882.7734375, 114296.296875, 153159.375, 151548.5625, 134085.015625, 104047.609375, 99397.6875, 127914.328125, 125957.640625, 111122.203125, 137468.625, 107067.21875, 109832.828125, 134269.9375, 93623.671875, 113350.4453125, 108913.2890625, 109197.0078125, 117216.7421875, 154539.734375, 123372.4921875, 98153.3125, 88474.3984375, 118108.1796875, 120700.3125, 124643.6015625, 117332.953125, 99927.171875, 109240.078125, 134616.390625, 103626.53125, 119120.25, 110447.109375, 93686.6875, 91838.734375, 148725.640625, 98279.71875, 143531.34375, 86001.6640625, 114820.7421875, 126806.078125, 118969.859375, 104063.640625, 87815.875, 98897.9609375, 125643.109375, 124810.859375, 132006.375, 95614.953125, 93595.3125, 123720.4453125, 96694.4375, 102734.65625, 79961.21875, 88462.390625, 123696.4375, 85113.296875, 94515.625, 104915.2578125, 141857.1875, 110577.328125, 101196.765625, 90584.421875, 88429.3828125, 89824.53125, 120265.8125, 78434.46875, 94177.765625, 116820.15625, 131887.625, 144473.890625, 91505.671875, 104438.75, 91963.8984375, 81578.078125, 95289.46875, 97058.34375, 122619.296875, 85975.0078125, 99592.59375, 102738.8671875, 103919.0546875, 82976.890625, 142373.015625, 62851.5078125, 90573.3671875, 98194.359375, 92372.9765625, 71666.34375, 73607.9140625, 107663.0, 83052.9140625, 143628.875, 122164.40625, 94347.2265625, 90320.7734375, 70989.3828125, 91740.3203125, 70852.75, 71734.5546875, 104495.1875, 84117.828125, 105020.03125, 82186.5, 96236.8203125, 79554.2421875, 108271.21875, 98505.7265625, 93214.28125, 95947.2734375, 96890.53125, 92195.9921875, 74374.7109375, 81984.859375, 74051.28125, 99463.421875, 127800.296875, 82533.2734375, 77868.6484375, 88004.75, 71352.2578125, 86926.8828125, 74412.03125, 72836.59375, 74345.5859375, 86362.875, 65084.59765625, 99339.2734375, 107095.6328125, 93535.265625, 75656.984375, 72518.4375, 100727.828125, 61435.5546875, 69432.578125, 82353.3671875, 69789.421875, 87659.8515625, 96450.6328125, 77250.0390625, 62167.75, 146761.609375, 80390.953125, 83829.9453125, 98070.7421875, 109840.3828125, 63371.6875, 80776.6796875, 72570.8984375, 86891.65625, 85419.203125, 77226.8671875, 55468.96484375, 64899.703125, 60585.6328125, 139276.515625, 72373.8203125, 78979.734375, 104129.5703125, 79337.3359375, 73070.6796875, 73862.0703125, 91014.546875, 102983.15625, 67115.1484375, 56313.953125, 115032.71875, 84256.171875, 49686.7265625, 62319.8828125, 70793.8671875, 78887.2890625, 63785.65234375, 65645.21875, 94023.5390625, 71735.40625, 98639.9140625, 81079.8515625, 110843.8515625, 57044.1875, 65245.91015625, 58269.08984375, 67572.6171875, 72863.25, 85303.9296875, 57018.3515625, 55658.2421875, 61726.0, 82803.921875, 75393.9453125, 81906.0, 106672.4375, 47473.9140625, 80644.9921875, 64820.390625, 47156.2109375, 71816.40625, 70561.234375, 85648.6875, 74253.21875, 62323.953125, 79358.96875, 67800.1640625, 70768.203125, 66740.8359375, 65126.79296875, 58932.265625, 110851.046875, 52347.2578125, 57434.03125, 58322.65625, 97509.3984375, 77025.3125, 54950.453125, 68853.1875, 82253.03125, 61142.61328125, 56615.96875, 51892.33984375, 85575.25, 61171.33203125, 37220.8671875, 82377.0390625, 58888.3203125, 82502.109375, 73979.1171875, 55583.3125, 50492.75, 75217.453125, 44823.6484375, 102035.9609375, 44069.9921875, 51681.8515625, 62609.984375, 83183.203125, 244310.546875, 180577.890625, 153372.265625, 178130.96875, 202083.96875, 187059.609375, 183581.6875, 229825.9375, 234213.71875, 159884.25, 191638.296875, 167449.6875, 112692.828125, 125828.4140625, 168657.53125, 131002.8046875, 160701.96875, 144955.8125, 172352.015625, 170930.75, 167857.53125, 229598.3125, 201212.75, 153952.984375, 147524.125, 191769.09375, 197410.9375, 164833.21875, 211902.171875, 187977.671875, 138807.953125, 154922.3125, 96530.234375, 175649.40625, 146724.90625, 139328.15625, 204401.53125, 159537.953125, 177292.6875, 134118.3125, 163748.140625, 159244.125, 118617.609375, 90541.921875, 191254.03125, 132704.109375, 152171.21875, 198067.109375, 187978.90625, 137656.421875, 236187.96875, 186627.546875, 179389.46875, 158443.515625, 195548.6875, 120097.0234375, 134152.015625, 200911.984375, 152159.984375, 141137.1875, 158971.53125, 118483.25, 178868.671875, 194061.515625, 117694.1171875, 115930.3046875, 203035.703125, 199277.25, 152386.734375], "name": "default", "desc": "lr_0.001_nb_16_ld_2_b_1", "folder": "./saves/grid_seach/search4/lr_0.001_nb_16_ld_2_b_1_default_20240307-090949"}