{"nhidden": 128, "rnn_nhidden": 32, "obs_dim": 1, "latent_dim": 16, "lr": 0.0005, "n_batch": 16, "beta": 0.5, "total_epochs_train": 50, "epochs_per_train": 5, "epochs": 50, "loss": [256644.140625, 143501.640625, 161660.703125, 129365.5390625, 189943.046875, 165232.65625, 115814.34375, 154882.390625, 216539.15625, 138687.03125, 144774.625, 220059.515625, 183680.171875, 170941.390625, 191080.3125, 175894.515625, 117293.703125, 183162.046875, 176703.625, 206600.453125, 214634.109375, 154331.640625, 180314.484375, 180735.890625, 125771.734375, 178041.421875, 122893.8828125, 177100.75, 146390.34375, 123558.640625, 206420.046875, 192614.125, 156522.828125, 147204.765625, 230188.640625, 138169.015625, 231789.78125, 184758.65625, 127265.7265625, 206410.09375, 164906.078125, 154420.0625, 127575.203125, 180134.296875, 100559.4609375, 178309.65625, 182571.71875, 144173.953125, 146680.0, 97080.0703125, 202994.703125, 185412.359375, 147729.859375, 142295.296875, 150679.015625, 112950.515625, 197146.78125, 106217.3515625, 188435.78125, 188351.484375, 157824.25, 181056.25, 161895.265625, 125795.578125, 130734.8359375, 157988.890625, 133195.328125, 184033.9375, 154780.3125, 121329.078125, 165159.734375, 151039.59375, 125505.2734375, 137252.359375, 178618.4375, 158974.03125, 85816.53125, 115209.21875, 133729.03125, 110503.125, 125109.7734375, 90406.328125, 118263.328125, 133888.5, 107998.03125, 170087.6875, 96587.0, 138005.671875, 133061.546875, 118622.140625, 143094.265625, 115744.3125, 109544.46875, 109386.6171875, 104588.8125, 110313.875, 178564.96875, 109907.921875, 108175.6015625, 111396.8125, 107731.3515625, 134450.75, 117691.46875, 100421.4140625, 119758.65625, 97043.140625, 133475.1875, 120017.390625, 115121.671875, 109428.078125, 107180.515625, 114414.609375, 114489.9765625, 122066.7265625, 101887.8359375, 132736.71875, 91582.6875, 108147.8125, 125557.2890625, 95404.3203125, 104844.125, 105168.28125, 154165.296875, 120775.59375, 103925.53125, 90011.53125, 99769.90625, 101189.3125, 130845.4375, 95171.4140625, 156171.234375, 93306.046875, 94269.421875, 110487.8671875, 123052.53125, 110656.6328125, 139671.390625, 121540.9140625, 127484.25, 88731.609375, 80903.5703125, 128092.0234375, 104711.84375, 85343.4609375, 114028.5859375, 108621.875, 128142.4296875, 114173.4609375, 95322.9609375, 119555.5078125, 100379.59375, 82789.390625, 99503.3203125, 88911.765625, 98114.828125, 113108.6875, 104851.84375, 85330.28125, 125380.296875, 111774.609375, 118287.0625, 87423.0546875, 119509.640625, 106321.3125, 149694.71875, 88520.0625, 89081.6171875, 87819.09375, 112283.8984375, 101212.5546875, 126320.828125, 111080.4609375, 132702.953125, 106811.9375, 94499.53125, 85133.03125, 97031.3046875, 106184.375, 114004.9921875, 105003.328125, 99227.578125, 92701.0078125, 124923.640625, 107151.5, 126514.5546875, 107504.5859375, 103774.75, 84682.171875, 91522.3125, 111315.2109375, 81947.359375, 105363.859375, 108395.0859375, 93104.03125, 115158.546875, 85259.140625, 95517.8359375, 95353.78125, 91024.5078125, 91110.59375, 111119.4375, 88002.28125, 84378.765625, 83836.921875, 90920.125, 151510.515625, 96616.515625, 96363.453125, 110163.171875, 117823.2890625, 79312.2734375, 102251.9296875, 95819.9453125, 117801.3125, 90747.265625, 75968.625, 113761.3125, 102187.8515625, 89400.484375, 88312.7265625, 95649.765625, 154479.84375, 81101.0234375, 78902.1171875, 90242.1015625, 92937.5390625, 101060.453125, 98488.859375, 84658.96875, 84796.0078125, 103045.125, 83910.296875, 90621.8359375, 94187.328125, 108853.0546875, 98728.6875, 98563.828125, 102168.96875, 84855.9140625, 74712.3125, 97438.8671875, 81550.375, 107521.0, 94075.3515625, 83981.8125, 91282.625, 75462.3046875, 94861.3125, 76498.390625, 88613.828125, 81593.7109375, 159088.96875, 97417.609375, 93723.8359375, 84393.515625, 96804.5234375, 94028.4375, 86265.8046875, 79386.4140625, 108690.6875, 78446.4609375, 69919.3515625, 93301.2421875, 83240.84375, 83523.59375, 74743.9296875, 96131.90625, 96214.34375, 111616.953125, 109707.3671875, 91538.1953125, 86579.8203125, 85583.203125, 86205.484375, 91659.6484375, 98281.9375, 110664.046875, 106325.171875, 75738.421875, 126893.65625, 99888.6328125, 93899.0625, 85883.75, 83159.734375, 74412.5703125, 97763.6015625, 71010.0625, 73981.953125, 68050.8203125, 79674.3359375, 105725.9921875, 104885.8671875, 69695.9140625, 83782.1484375, 82571.484375, 85446.65625, 125859.359375, 94905.5, 82292.1171875, 108490.359375, 83961.4375, 84625.7734375, 97239.25, 102705.0078125, 67348.609375, 84101.203125, 63977.58203125, 103612.3671875, 91396.21875, 84736.796875, 71295.5546875, 73545.75, 108226.828125, 87518.921875, 94373.765625, 76085.671875, 95683.671875, 75357.828125, 69665.0625, 66227.828125, 80378.5, 114105.96875, 89829.03125, 84125.109375, 59060.3125, 69976.28125, 72397.703125, 75836.7578125, 69551.609375, 95996.75, 93579.265625, 97051.40625, 92620.390625, 77792.4375, 88971.78125, 99131.265625, 72183.1484375, 89899.015625, 68256.4921875, 71055.5546875, 64581.47265625, 84012.9765625, 61958.73046875, 67103.765625, 104584.9140625, 65239.5234375, 65467.21875, 101042.578125, 74516.265625, 74177.109375, 67081.96875, 82852.4609375, 76000.875, 72052.6875, 80626.1796875, 63647.046875, 80989.75, 60048.7734375, 80058.9453125, 71031.8828125, 61573.09765625, 75325.4140625, 70034.1875, 74822.984375, 73406.40625, 73403.2890625, 91918.359375, 83613.359375, 75115.5625, 109405.09375, 81480.2265625, 73894.3203125, 74131.375, 64695.6015625, 58483.703125, 84833.8984375, 74714.953125, 61908.76171875, 66550.9140625, 98174.4375, 93164.3359375, 60486.4765625, 60708.03125, 65354.33984375, 70756.3359375, 92327.8671875, 59293.99609375, 93974.15625, 89288.984375, 64495.7109375, 66093.1640625, 60625.84375, 57554.59375, 74932.875, 72516.375, 75019.8125, 80146.15625, 91843.796875, 63051.99609375, 61662.42578125, 62928.20703125, 51543.421875, 54965.15234375, 105103.578125, 87973.1328125, 69535.46875, 67365.8359375, 70937.3359375, 72620.9765625, 67179.203125, 69658.2265625, 96873.21875, 59701.4140625, 61270.1796875, 71856.578125, 69365.09375, 55638.71875, 71998.90625, 77689.6484375, 82869.7890625, 59660.7734375, 85348.6171875, 52694.203125, 60399.55078125, 74424.40625, 70057.1171875, 80951.234375, 63686.2265625, 61808.51953125, 57401.80078125, 52773.765625, 80938.0078125, 79628.8515625, 63310.19921875, 83760.765625, 72132.0234375, 69574.4609375, 67439.484375, 87385.875, 60830.9765625, 65260.88671875, 72078.359375, 75228.6796875, 70859.84375, 66258.0546875, 56479.06640625, 59810.53515625, 59700.0078125, 81304.21875, 72556.4375], "name": "default", "desc": "lr_0.0005_nb_16_ld_16_b_0.5", "folder": "./saves/grid_seach/search1/lr_0.0005_nb_16_ld_16_b_0.5_default_20240214-010458"}