{"nhidden": 128, "rnn_nhidden": 32, "obs_dim": 1, "latent_dim": 1, "lr": 0.0001, "n_batch": 16, "beta": 0.001, "total_epochs_train": 50, "epochs_per_train": 5, "epochs": 50, "loss": [237529.625, 119417.1875, 238743.4375, 156977.578125, 144718.03125, 240822.4375, 148532.5625, 200387.078125, 120992.5078125, 157392.578125, 145344.140625, 141254.046875, 174177.71875, 202089.78125, 198433.40625, 141920.046875, 203014.0, 193589.71875, 142960.53125, 170700.140625, 186583.0, 112580.640625, 194566.328125, 151319.21875, 211110.203125, 177894.515625, 207604.140625, 165911.265625, 191401.640625, 248278.609375, 110115.6171875, 176740.890625, 110629.65625, 188436.625, 179564.515625, 157552.75, 252648.21875, 131209.03125, 196535.390625, 119381.65625, 194453.171875, 106430.40625, 216130.625, 109923.328125, 207318.84375, 197845.40625, 232522.390625, 145485.890625, 183316.4375, 133444.171875, 96262.09375, 219721.28125, 139489.328125, 243654.609375, 183044.484375, 142429.3125, 134415.703125, 209051.53125, 207286.421875, 238855.3125, 132901.25, 174546.1875, 153451.4375, 209039.875, 202799.265625, 198738.546875, 115857.5390625, 187820.171875, 136688.859375, 184450.203125, 117938.59375, 218908.9375, 298249.9375, 164208.0, 167592.765625, 147222.484375, 145201.8125, 142079.125, 103253.53125, 232844.390625, 151719.625, 155890.15625, 167176.828125, 161976.0, 131172.0625, 157882.015625, 151815.015625, 172851.40625, 147379.296875, 272993.125, 249244.59375, 137974.234375, 175098.4375, 126953.6484375, 187690.890625, 115659.8984375, 191090.984375, 152878.8125, 246131.5, 175253.84375, 207888.90625, 197722.546875, 234723.71875, 121353.1328125, 118814.515625, 130031.4375, 168879.3125, 209047.328125, 166504.5625, 208779.328125, 168012.0, 202948.546875, 119922.109375, 160060.21875, 108431.65625, 189772.1875, 168186.421875, 195606.578125, 174643.1875, 133256.515625, 144779.875, 152907.03125, 178960.703125, 200613.25, 138120.75, 220983.0625, 127553.015625, 157171.0625, 224867.109375, 107094.3359375, 248640.0, 142835.96875, 216678.40625, 171727.15625, 175110.609375, 166052.328125, 172397.625, 195209.3125, 145890.734375, 169663.421875, 134630.828125, 274903.25, 136159.578125, 98020.96875, 135273.28125, 185092.0625, 208657.234375, 105603.9296875, 185259.421875, 148921.625, 111472.4921875, 221885.921875, 225773.453125, 151186.03125, 234809.140625, 190496.796875, 189842.859375, 170732.359375, 210067.78125, 115661.875, 108138.8203125, 120700.765625, 96213.7734375, 142014.90625, 141526.75, 211734.25, 181008.40625, 127824.0, 176699.625, 183984.40625, 231279.03125, 172975.171875, 143301.0625, 130136.171875, 165436.4375, 191822.03125, 181145.609375, 170508.3125, 165195.6875, 151814.859375, 121325.0625, 116347.9140625, 163989.875, 152231.046875, 154334.015625, 174259.390625, 263883.0, 161536.296875, 165813.59375, 171549.0, 153879.0625, 179569.578125, 143062.421875, 190422.5625, 191176.109375, 164417.75, 153710.296875, 125823.09375, 157008.953125, 131386.6875, 191196.34375, 223170.1875, 172745.5625, 128755.1640625, 141715.125, 112683.5703125, 149433.3125, 99126.265625, 179348.3125, 191853.3125, 96275.8359375, 165146.375, 152456.703125, 122773.7109375, 222053.34375, 175466.71875, 244365.859375, 156635.65625, 100244.53125, 117360.4296875, 164801.90625, 195119.171875, 158644.390625, 133971.015625, 147745.296875, 169644.578125, 158596.359375, 130592.65625, 217924.96875, 144862.03125, 183302.71875, 118064.2578125, 161964.359375, 147834.921875, 121010.875, 172792.65625, 115602.171875, 121196.6171875, 152611.046875, 263859.9375, 154061.390625, 106100.6328125, 165680.140625, 207301.90625, 154507.015625, 147339.515625, 183985.15625, 179056.765625, 95160.671875, 178307.15625, 147642.953125, 97426.890625, 166566.40625, 192654.09375, 119196.3046875, 150261.859375, 111851.484375, 194807.421875, 209953.828125, 149207.6875, 103804.28125, 156338.625, 128508.34375, 191791.234375, 137336.953125, 164078.46875, 139945.109375, 138888.875, 157615.875, 197757.25, 144136.03125, 153413.0, 152716.0625, 200774.40625, 212138.15625, 114131.5390625, 130156.4765625, 130590.828125, 134012.796875, 113395.5078125, 140755.234375, 163080.25, 137257.453125, 147224.265625, 130319.875, 112597.28125, 216732.5625, 233407.234375, 139291.640625, 148017.859375, 131723.765625, 151405.25, 131031.40625, 134830.71875, 149273.78125, 206752.984375, 194041.921875, 115388.0234375, 137109.421875, 191453.765625, 152518.859375, 193815.9375, 187970.84375, 131819.03125, 135543.65625, 148784.0625, 141870.625, 127200.78125, 171466.640625, 194981.5625, 151783.859375, 149439.90625, 189816.609375, 132755.359375, 132118.140625, 179865.046875, 156632.359375, 140289.3125, 128981.359375, 115184.921875, 147142.84375, 156265.3125, 136898.359375, 224231.265625, 144196.421875, 160747.03125, 195310.703125, 162076.734375, 118747.3125, 120876.3125, 96502.4296875, 150924.75, 222012.8125, 220770.40625, 141016.640625, 168922.28125, 149229.96875, 198021.65625, 126822.7109375, 121736.625, 143307.78125, 138068.9375, 159879.46875, 171249.640625, 122875.84375, 121477.2890625, 187394.21875, 243663.3125, 140043.484375, 133130.171875, 117702.3125, 155748.859375, 156936.25, 193867.78125, 180304.90625, 161386.453125, 144205.296875, 107385.5546875, 95048.5546875, 195241.484375, 196178.5625, 146910.40625, 115075.5234375, 173768.0, 108758.765625, 180511.1875, 130139.2890625, 187828.34375, 144035.734375, 174700.109375, 219509.90625, 145393.328125, 164852.25, 110791.6015625, 116804.875, 161599.109375, 148534.71875, 151181.296875, 172718.09375, 161439.796875, 172907.328125, 163763.703125, 167784.0625, 130495.125, 145847.375, 164562.90625, 119181.28125, 127544.890625, 133685.71875, 101881.890625, 171155.640625, 136059.375, 120036.6875, 197284.1875, 240031.4375, 132553.65625, 238234.875, 193718.125, 131586.828125, 109110.875, 167347.390625, 137117.25, 135051.96875, 175368.390625, 112841.1171875, 106451.921875, 198237.03125, 147139.5625, 181756.25, 144514.28125, 124079.5, 158102.234375, 126735.953125, 175058.734375, 112031.515625, 141559.765625, 142027.84375, 133151.203125, 161067.375, 157079.03125, 201308.328125, 193719.15625, 148358.09375, 154932.28125, 148767.359375, 174139.859375, 134881.0, 157708.46875, 115974.515625, 181046.125, 129830.578125, 172486.5, 133035.75, 148254.328125, 139000.296875, 129372.609375, 155045.21875, 244126.625, 148630.4375, 105466.65625, 194507.609375, 174300.546875, 150432.328125, 155413.625, 138965.203125, 169743.59375, 141578.578125, 173506.609375, 93921.734375, 186457.40625], "name": "default", "desc": "lr_0.0001_nb_16_ld_1_b_0.001", "folder": "./saves/grid_seach/search4/lr_0.0001_nb_16_ld_1_b_0.001_default_20240307-095226"}