{"nhidden": 128, "rnn_nhidden": 32, "obs_dim": 1, "latent_dim": 16, "lr": 0.001, "n_batch": 16, "beta": 2, "total_epochs_train": 50, "epochs_per_train": 5, "epochs": 50, "loss": [146842.71875, 165409.90625, 195232.046875, 152514.6875, 176882.203125, 187667.4375, 209899.890625, 209597.25, 150259.84375, 212290.53125, 128833.0625, 130332.8203125, 150393.265625, 120583.6796875, 128590.34375, 286898.5625, 140281.296875, 172939.828125, 139293.5625, 183816.859375, 122213.0078125, 160704.234375, 213502.0, 114228.3125, 186910.203125, 162104.9375, 153607.109375, 119907.9453125, 129296.2578125, 96926.8046875, 216088.71875, 180318.640625, 167262.875, 165862.25, 184241.703125, 150051.90625, 183467.203125, 127738.0234375, 185839.5625, 121382.890625, 182403.953125, 141603.6875, 166690.3125, 100125.7421875, 161199.9375, 113723.390625, 129925.3046875, 159634.359375, 139635.65625, 195426.78125, 106615.203125, 134902.921875, 140409.765625, 135375.53125, 121341.734375, 150125.625, 101490.1875, 106453.09375, 187315.890625, 143271.5, 103811.8984375, 106584.0546875, 134287.125, 140893.953125, 112225.1015625, 90396.96875, 117014.5546875, 137794.5, 96932.0078125, 100323.1875, 119628.234375, 149939.96875, 98251.09375, 98285.2890625, 122134.8125, 116952.2578125, 95128.59375, 86606.703125, 137131.21875, 146016.765625, 136868.890625, 123856.859375, 113075.2109375, 97804.5625, 104029.671875, 101745.28125, 89783.671875, 124664.453125, 152456.90625, 138575.65625, 112928.53125, 107628.0078125, 103728.4765625, 111981.453125, 116395.4375, 100232.875, 124870.2265625, 125585.078125, 120022.515625, 106890.1328125, 91315.2109375, 94456.796875, 83129.3671875, 110351.203125, 103233.9296875, 101014.71875, 137696.359375, 126870.984375, 136698.421875, 118887.8359375, 85578.984375, 107536.3125, 72623.3046875, 99075.953125, 113091.4375, 108884.46875, 136795.703125, 121235.578125, 159579.265625, 90331.0546875, 136942.65625, 135514.75, 114088.4296875, 125223.3828125, 101437.453125, 94801.6171875, 113598.0390625, 98523.4453125, 97674.796875, 133171.3125, 105276.421875, 90921.71875, 97795.40625, 100999.015625, 88057.7265625, 104249.25, 76907.2890625, 96058.6796875, 108797.0390625, 89445.703125, 94364.859375, 82755.1328125, 114386.7890625, 126242.0078125, 86337.9140625, 77294.375, 97803.359375, 117187.515625, 100629.8671875, 139186.171875, 89625.9140625, 108456.5546875, 177071.03125, 178074.203125, 148330.546875, 125477.78125, 256269.640625, 206936.15625, 161096.4375, 165992.4375, 104001.109375, 116038.09375, 160101.25, 196309.53125, 203748.578125, 173692.578125, 125944.1015625, 123791.2734375, 134344.78125, 135165.40625, 133483.53125, 138016.921875, 160858.234375, 143731.65625, 172145.3125, 122017.203125, 90825.484375, 216610.90625, 123706.5390625, 160487.875, 109570.6640625, 144691.828125, 136971.125, 114375.8515625, 110283.140625, 109717.71875, 191151.8125, 146049.15625, 166314.5, 141618.46875, 136362.4375, 125579.546875, 98085.5625, 113895.5546875, 143633.6875, 112315.5625, 126062.015625, 176660.0625, 113940.875, 126825.453125, 121408.984375, 137929.78125, 117631.5, 151129.609375, 141664.5, 110616.6875, 158615.9375, 158926.296875, 168931.625, 110436.765625, 97885.203125, 149308.84375, 108836.5625, 170009.46875, 111888.25, 136897.75, 131877.0, 151832.40625, 162354.671875, 127399.53125, 104786.8125, 99093.8359375, 136879.140625, 176013.171875, 118623.2890625, 117138.46875, 94001.484375, 104293.46875, 158154.8125, 166159.53125, 138173.265625, 116011.5703125, 117988.8828125, 145799.109375, 142602.21875, 163761.171875, 127849.296875, 142608.46875, 170173.40625, 94780.5703125, 120114.34375, 94538.0625, 122810.65625, 171581.15625, 146734.203125, 86929.921875, 108760.8125, 143731.28125, 133682.078125, 134002.53125, 107462.078125, 129714.34375, 129468.5546875, 115008.953125, 133608.03125, 129367.15625, 152764.453125, 140612.28125, 113423.0859375, 117462.828125, 141809.59375, 106425.734375, 131699.859375, 134792.390625, 120683.921875, 191168.59375, 109982.234375, 133692.984375, 121458.046875, 130449.6875, 129955.625, 145135.078125, 111786.875, 134300.296875, 120934.109375, 150622.34375, 116948.34375, 120177.6640625, 132795.375, 119391.3125, 128166.0234375, 137408.5, 118593.71875, 105464.640625, 122656.75, 136213.28125, 107916.5625, 131908.640625, 125798.578125, 101368.0625, 118495.65625, 93190.4375, 101148.1796875, 164596.734375, 114337.65625, 139961.90625, 130095.2578125, 125990.015625, 111274.09375, 140548.359375, 108051.53125, 117383.546875, 135886.25, 139452.8125, 134864.09375, 102219.375, 136201.734375, 113633.203125, 95622.890625, 106387.171875, 115042.28125, 145644.9375, 121433.453125, 174207.578125, 113498.9375, 103847.0546875, 102610.59375, 115754.953125, 116693.296875, 149202.1875, 104278.59375, 122415.578125, 135376.203125, 136823.75, 116193.015625, 135672.78125, 102260.125, 143573.25, 132712.609375, 124596.7265625, 104912.515625, 110388.34375, 105504.7421875, 109161.515625, 89981.328125, 111163.8515625, 112493.140625, 161696.09375, 114395.5625, 134550.765625, 130413.296875, 135997.09375, 137148.53125, 125200.4921875, 164006.578125, 105198.078125, 96987.390625, 130520.4140625, 164966.1875, 105155.125, 102817.765625, 127124.46875, 115914.15625, 124598.8671875, 114650.921875, 118153.0390625, 97932.421875, 140314.65625, 118353.4140625, 122835.75, 166985.5625, 106535.3515625, 108645.96875, 112191.359375, 155866.46875, 120212.3203125, 115117.625, 93316.1875, 100844.265625, 101034.2578125, 165359.28125, 118909.0234375, 114317.6796875, 140032.234375, 93184.8515625, 142366.953125, 107261.15625, 118989.359375, 109879.7890625, 105923.3125, 149956.96875, 105421.7109375, 103976.890625, 121715.96875, 121747.390625, 123532.84375, 95010.96875, 106020.796875, 117435.671875, 111184.265625, 101262.40625, 95244.3671875, 101176.5546875, 155393.5625, 94080.6875, 144328.03125, 116681.8984375, 92645.59375, 118694.1484375, 106175.21875, 96633.6328125, 105031.3203125, 91962.3828125, 147929.21875, 124703.921875, 108920.5078125, 109329.9453125, 106819.2265625, 91592.8125, 106421.4375, 148402.328125, 106802.734375, 123454.6484375, 86379.234375, 128046.203125, 94773.859375, 149322.265625, 86154.953125, 136455.203125, 78759.8671875, 88575.3203125, 97982.0625, 117059.1875, 93364.25, 87209.359375, 122754.4609375, 120332.578125, 89995.171875, 94356.1875, 103055.296875, 113619.0625, 104020.2890625, 85706.8828125, 104828.9609375, 100427.5, 127058.8125, 106018.640625, 82904.046875, 121471.5625, 91584.6953125, 108413.7890625, 128702.359375, 73624.4375, 90129.3125, 130052.0234375, 97715.984375, 88305.546875, 80188.4609375, 144563.765625, 70365.8984375], "name": "default", "desc": "lr_0.001_nb_16_ld_16_b_2", "folder": "./saves/grid_seach/search1/lr_0.001_nb_16_ld_16_b_2_default_20240214-003211"}