{"nhidden": 128, "rnn_nhidden": 32, "obs_dim": 1, "latent_dim": 1, "lr": 0.001, "n_batch": 16, "beta": 1, "total_epochs_train": 50, "epochs_per_train": 5, "epochs": 50, "loss": [142269.5, 155740.34375, 249725.375, 183623.296875, 177214.40625, 140415.140625, 173027.546875, 177459.046875, 185075.265625, 154521.90625, 202899.859375, 221038.515625, 170845.78125, 132768.65625, 195216.6875, 116472.984375, 179731.5, 98570.7109375, 203290.84375, 196725.234375, 149516.21875, 132808.453125, 132162.234375, 133794.140625, 133285.078125, 228955.78125, 137012.609375, 184280.953125, 261432.0625, 135073.96875, 133215.4375, 158166.09375, 151162.28125, 117518.25, 134976.421875, 145993.140625, 206325.703125, 147793.140625, 145588.34375, 138022.5625, 126437.234375, 141468.28125, 143114.6875, 132125.078125, 212042.203125, 153027.78125, 196686.59375, 135178.9375, 177126.84375, 224960.375, 99567.484375, 139449.125, 129935.2890625, 124957.34375, 134604.453125, 136860.765625, 164269.4375, 214728.25, 122382.84375, 184394.390625, 106417.9375, 168962.6875, 161935.109375, 124812.546875, 143408.9375, 107585.4140625, 133645.875, 229395.71875, 159094.484375, 163685.515625, 156740.78125, 166097.609375, 167020.1875, 166873.15625, 153713.046875, 143195.359375, 149340.71875, 129987.1015625, 167406.640625, 136535.71875, 179638.859375, 132167.34375, 134867.859375, 126240.2578125, 129748.265625, 133388.984375, 175579.734375, 198915.109375, 181331.0625, 163642.46875, 121253.3515625, 128260.03125, 155802.953125, 157107.5625, 202282.0625, 126629.734375, 127308.0234375, 179620.6875, 157591.125, 169373.65625, 173926.75, 136895.1875, 142833.15625, 175175.609375, 140183.1875, 158312.234375, 138330.9375, 126194.015625, 162016.46875, 133973.140625, 159826.984375, 159729.296875, 177953.796875, 153373.03125, 158741.390625, 118669.1171875, 111264.859375, 158598.71875, 194650.65625, 145854.71875, 124202.6484375, 127477.5625, 160190.578125, 124167.8046875, 203552.03125, 136755.8125, 124437.359375, 141757.84375, 116913.765625, 154465.4375, 210907.203125, 116137.25, 227724.015625, 148928.1875, 121502.328125, 142675.640625, 177515.59375, 151589.34375, 162376.15625, 143278.3125, 167351.78125, 161436.390625, 123708.28125, 148156.578125, 192670.765625, 134596.4375, 149884.59375, 144131.390625, 146712.5625, 128947.3125, 174888.1875, 112876.453125, 184399.078125, 114847.5859375, 115301.3125, 183769.234375, 145078.5, 144309.28125, 178611.390625, 147080.453125, 201556.921875, 135333.59375, 123900.703125, 207916.125, 131586.921875, 148549.65625, 122230.359375, 155929.3125, 123793.78125, 135094.125, 232775.578125, 182494.796875, 116122.625, 127254.0546875, 155225.828125, 156511.75, 160229.75, 155179.359375, 149650.265625, 175724.09375, 176393.53125, 203152.109375, 171581.1875, 156224.15625, 134354.6875, 96512.203125, 104011.109375, 138230.359375, 190039.59375, 138875.96875, 167001.515625, 151309.4375, 120104.6484375, 171933.8125, 154079.171875, 140071.4375, 193580.5, 130315.0625, 155602.546875, 149946.09375, 128605.96875, 176305.765625, 120203.2578125, 133852.46875, 136525.21875, 173575.25, 176375.84375, 165037.078125, 131582.671875, 141434.59375, 156384.015625, 168660.65625, 153771.421875, 112517.453125, 150331.296875, 145448.859375, 158334.0, 144416.6875, 146959.421875, 128361.9765625, 170677.0, 137138.828125, 146930.28125, 150405.03125, 118489.703125, 127194.953125, 160278.6875, 165997.484375, 120470.3125, 189488.34375, 134878.84375, 157930.84375, 139616.796875, 163592.078125, 188020.96875, 187956.5625, 142522.5625, 122287.234375, 146113.296875, 96626.921875, 124089.0078125, 205423.5, 139431.8125, 144521.0, 159779.90625, 163188.6875, 129291.6640625, 151360.4375, 134209.234375, 120769.109375, 154103.390625, 183577.96875, 147159.15625, 124480.8515625, 168915.90625, 139662.140625, 144904.84375, 170181.046875, 145922.234375, 139728.390625, 130993.53125, 118305.09375, 142895.671875, 153845.96875, 128821.875, 155841.1875, 161072.328125, 178392.109375, 138143.625, 138242.828125, 100460.1484375, 136084.546875, 142826.625, 130983.03125, 116822.4140625, 104404.3203125, 227595.125, 201965.46875, 162182.390625, 157720.375, 97659.40625, 123143.09375, 215600.46875, 148569.140625, 110318.2421875, 132342.59375, 145085.34375, 188846.015625, 176504.53125, 140190.4375, 181904.40625, 118949.828125, 141627.90625, 159532.59375, 142426.875, 129682.265625, 126750.9921875, 177304.125, 141654.234375, 155263.640625, 153262.515625, 123002.140625, 163820.9375, 122291.0, 157921.59375, 92768.171875, 86300.0546875, 208918.84375, 122916.6015625, 112769.421875, 140973.78125, 146160.03125, 147556.875, 146595.546875, 180959.03125, 102201.21875, 200175.296875, 182940.0, 117067.546875, 108870.78125, 121475.078125, 118781.0625, 163613.5, 123092.9453125, 210724.796875, 196314.65625, 119935.0546875, 126646.703125, 111305.9765625, 90365.640625, 141926.546875, 140668.296875, 154325.84375, 187535.953125, 120698.109375, 135374.984375, 151016.84375, 143362.15625, 141100.265625, 146161.53125, 103874.3984375, 156369.96875, 190865.328125, 127983.625, 199231.25, 112068.0, 100018.203125, 149311.671875, 137241.9375, 125813.2421875, 131510.1875, 134417.890625, 100406.9453125, 154253.28125, 156109.546875, 147612.59375, 109369.0625, 202223.40625, 119219.7578125, 135516.71875, 160498.546875, 109185.078125, 168466.015625, 133863.4375, 161590.875, 132384.765625, 127202.75, 113882.765625, 147340.9375, 150480.9375, 89778.3046875, 101898.2890625, 161185.421875, 151241.078125, 190761.734375, 120569.765625, 142842.109375, 157490.0625, 138157.125, 152056.34375, 102060.71875, 154592.03125, 116973.875, 132980.421875, 127712.3125, 141138.46875, 164426.375, 90262.0625, 132660.03125, 174247.46875, 193485.4375, 161873.140625, 106827.09375, 108604.7578125, 139308.484375, 134563.0, 152045.546875, 113286.6875, 154958.59375, 132799.78125, 145834.75, 171411.0, 67511.3671875, 130731.1640625, 158924.34375, 164938.8125, 122099.03125, 151162.5, 116290.1796875, 87749.7890625, 156627.71875, 152897.5625, 117840.34375, 145038.921875, 106175.78125, 179853.4375, 145490.625, 154422.859375, 139197.53125, 142946.84375, 108594.40625, 153647.875, 87977.8203125, 125872.6015625, 148002.828125, 159164.703125, 161382.640625, 74213.4921875, 111766.25, 109313.9921875, 178046.59375, 137845.09375, 99802.3828125, 160836.640625, 92522.6015625, 142022.703125, 121688.7578125, 161801.5625, 159706.609375, 88119.2265625, 187092.265625, 101027.171875, 159461.40625, 118026.984375, 119399.921875, 135527.921875, 147807.953125, 118039.34375, 93498.984375, 195265.6875], "name": "default", "desc": "lr_0.001_nb_16_ld_1_b_1", "folder": "./saves/grid_seach/search1/lr_0.001_nb_16_ld_1_b_1_default_20240213-235340"}