{"nhidden": 128, "rnn_nhidden": 32, "obs_dim": 1, "latent_dim": 16, "lr": 0.001, "n_batch": 16, "beta": 4, "total_epochs_train": 50, "epochs_per_train": 5, "epochs": 50, "loss": [234021.375, 114303.703125, 175013.6875, 205522.265625, 140554.9375, 126020.828125, 240873.59375, 146188.875, 142768.71875, 162283.4375, 145507.171875, 265011.125, 102815.5, 210081.90625, 135566.015625, 174424.46875, 169292.96875, 155576.375, 181119.84375, 124620.6875, 100985.390625, 170486.03125, 140006.328125, 220122.15625, 153264.515625, 248774.53125, 139461.15625, 154813.40625, 162867.8125, 135195.4375, 187512.859375, 173384.765625, 168440.671875, 148417.6875, 140548.53125, 127915.2109375, 111458.5234375, 105466.0703125, 168471.96875, 145061.015625, 149539.703125, 104070.234375, 206335.359375, 171157.390625, 121545.984375, 130988.5625, 112754.2578125, 127194.7734375, 124822.8046875, 136724.90625, 143224.328125, 144781.09375, 85978.765625, 146506.265625, 148443.9375, 99530.984375, 123172.34375, 120477.9375, 101904.875, 107439.390625, 172051.96875, 141180.28125, 104562.296875, 111821.3984375, 82308.25, 109209.8515625, 110323.8203125, 132015.390625, 104490.7578125, 121379.90625, 130419.5546875, 152227.3125, 100813.34375, 133578.625, 118252.8515625, 126605.6328125, 115997.5546875, 94535.140625, 100247.3046875, 112747.8203125, 121650.15625, 106617.03125, 117838.3046875, 132088.3125, 108281.4140625, 119299.828125, 109094.359375, 80754.2734375, 95201.6875, 105031.625, 88478.296875, 106905.1875, 165735.703125, 119074.3125, 119406.375, 107981.65625, 101623.671875, 95954.84375, 113455.1796875, 90881.3359375, 89322.9453125, 96749.6328125, 112157.25, 125957.6484375, 125586.4375, 128269.03125, 102453.421875, 86676.1796875, 108869.2890625, 109385.3125, 114866.2265625, 103319.3671875, 119691.28125, 141567.359375, 143151.546875, 176879.90625, 98827.9921875, 115065.4453125, 140381.3125, 90355.4609375, 101647.8359375, 121775.421875, 106611.515625, 95489.234375, 123293.6796875, 120630.6953125, 107361.078125, 87369.1171875, 81237.53125, 111923.0, 107174.359375, 95007.421875, 96155.6796875, 111504.265625, 120178.0625, 103087.703125, 98786.25, 82656.59375, 140146.390625, 116516.625, 114038.109375, 84214.71875, 94859.03125, 95723.5, 103288.90625, 90303.6875, 93611.8828125, 115575.40625, 79234.734375, 80627.1875, 81729.8515625, 124075.671875, 103323.0078125, 114370.25, 104709.7578125, 100236.171875, 103685.765625, 94747.90625, 103341.125, 86598.3046875, 75486.890625, 88471.328125, 123034.0859375, 107935.2734375, 128266.0234375, 114170.9375, 104008.40625, 91043.375, 86112.578125, 98347.359375, 100425.96875, 95365.59375, 129522.9921875, 78480.6640625, 85096.0, 89726.015625, 88280.859375, 120003.640625, 113295.21875, 84132.2109375, 101729.2421875, 101580.921875, 82419.0078125, 80561.1015625, 84333.3046875, 91084.78125, 98084.453125, 90558.8046875, 82431.65625, 109368.703125, 76970.5859375, 76662.7890625, 95970.5234375, 97438.6796875, 70905.6171875, 81673.5390625, 77358.140625, 71586.171875, 66737.890625, 86881.7265625, 111505.65625, 92327.6484375, 82169.15625, 71401.0625, 89969.484375, 94882.796875, 81940.71875, 80299.328125, 119926.5390625, 91051.1640625, 146838.109375, 108652.15625, 118087.46875, 74215.5703125, 73437.984375, 72659.1875, 83028.8828125, 93494.046875, 97366.9453125, 74881.125, 80124.75, 93426.421875, 99572.7578125, 77389.78125, 71360.7734375, 68386.2890625, 132953.21875, 80806.1953125, 124369.4765625, 70081.640625, 73885.9296875, 67318.1171875, 72312.8515625, 96327.46875, 72142.9609375, 82927.5859375, 73666.1484375, 106588.59375, 82141.1875, 78318.9609375, 96884.015625, 71328.71875, 75392.65625, 74932.375, 67795.484375, 85977.609375, 84130.625, 100099.78125, 98455.203125, 94806.40625, 89655.3125, 82721.9375, 72376.4609375, 107470.8671875, 96793.125, 115767.2578125, 74176.25, 85576.0390625, 137321.984375, 106692.734375, 64319.48828125, 107479.875, 84706.5390625, 116189.8125, 81930.296875, 141041.53125, 81397.1171875, 102210.296875, 71149.9140625, 72374.2109375, 106595.890625, 83414.4375, 79285.5625, 84179.9375, 104321.0546875, 91091.4375, 93889.59375, 73423.2734375, 91140.4375, 63401.28125, 61344.66015625, 96502.90625, 114876.046875, 70203.46875, 68913.25, 93356.015625, 72459.4921875, 95948.4375, 64053.7265625, 78086.1875, 73400.8359375, 84413.5546875, 70113.15625, 94326.5078125, 66246.9296875, 82791.7890625, 122887.1953125, 71254.8671875, 61644.7734375, 67797.953125, 103035.78125, 122532.796875, 112736.7734375, 63536.19140625, 104107.9453125, 77402.4375, 123503.390625, 95571.8515625, 66366.40625, 65466.15625, 67278.859375, 105516.140625, 78819.6640625, 57654.56640625, 108453.7734375, 101844.0, 55273.3046875, 123687.1015625, 95431.9765625, 59316.72265625, 70198.6640625, 65212.4453125, 61836.40234375, 56132.5546875, 87859.859375, 68830.8984375, 66430.46875, 67872.078125, 70626.7265625, 59924.55078125, 82089.1015625, 78047.2421875, 74210.328125, 66355.921875, 71188.390625, 65623.671875, 75491.984375, 89050.0234375, 71164.78125, 58117.98828125, 53982.4375, 59632.2578125, 80360.3671875, 85695.109375, 66538.625, 57227.81640625, 40000.734375, 87983.5390625, 44117.03125, 55620.0390625, 57959.6328125, 48286.28125, 63915.96484375, 46004.765625, 43558.88671875, 64778.64453125, 51971.25390625, 51427.46484375, 66688.140625, 43694.3515625, 57455.828125, 48240.26953125, 46913.41015625, 35469.203125, 63686.328125, 49370.56640625, 54848.7109375, 68492.21875, 51939.46875, 39491.16015625, 44434.6796875, 53354.0078125, 45497.55078125, 85425.1015625, 48716.21484375, 59366.24609375, 59030.23046875, 55580.5078125, 50262.984375, 30786.6015625, 74215.78125, 71158.4375, 73452.515625, 36357.1796875, 49245.4609375, 61290.8203125, 36163.99609375, 43615.30859375, 67992.2890625, 37292.328125, 21127.923828125, 69811.6015625, 90839.0078125, 61646.53515625, 50556.6953125, 47141.40234375, 84625.546875, 54957.6328125, 58442.5703125, 69154.125, 39818.75390625, 47099.69140625, 46316.94140625, 60315.56640625, 64725.76171875, 64985.20703125, 70312.34375, 39955.453125, 62587.04296875, 69206.859375, 68068.4296875, 62957.5859375, 55409.19140625, 43796.30859375, 117445.8046875, 55017.74609375, 51854.5234375, 57105.0546875, 49113.48828125, 65780.34375, 47754.3359375, 58091.70703125, 54661.921875, 41882.18359375, 46453.421875, 51625.765625, 66864.96875, 62190.37890625, 56616.953125, 57673.21875, 52670.97265625, 62033.19921875, 61348.171875, 44094.171875, 55835.91796875, 57763.640625, 46937.96484375, 34958.24609375, 65612.3359375, 35155.30859375, 35564.47265625, 36442.9140625, 46280.546875, 53802.0, 65936.96875, 43802.921875, 50646.60546875, 34496.0390625, 60842.5859375, 72961.765625], "name": "default", "desc": "lr_0.001_nb_16_ld_16_b_4", "folder": "./saves/grid_seach/search1/lr_0.001_nb_16_ld_16_b_4_default_20240214-003337"}