{"nhidden": 128, "rnn_nhidden": 32, "obs_dim": 1, "latent_dim": 8, "lr": 0.01, "n_batch": 16, "beta": 1, "total_epochs_train": 50, "epochs_per_train": 5, "epochs": 50, "loss": [144468.1875, 146845.375, 181724.0, 170276.21875, 206285.21875, 174487.03125, 160452.328125, 119209.2578125, 114745.8828125, 164998.125, 193964.75, 158812.90625, 221598.5625, 131611.453125, 128187.84375, 121802.21875, 146611.328125, 201532.40625, 150929.171875, 189113.6875, 189727.859375, 109314.1171875, 133904.375, 136985.21875, 154596.609375, 228793.328125, 140406.09375, 158285.078125, 155676.078125, 114327.0234375, 199791.96875, 145147.953125, 106066.09375, 185941.859375, 126940.1328125, 168326.8125, 166859.09375, 124919.28125, 232622.609375, 139353.671875, 115536.078125, 170331.515625, 128426.578125, 135207.671875, 99113.203125, 114934.125, 145990.125, 115699.8984375, 122544.28125, 101250.0390625, 130438.1640625, 115239.234375, 122234.3125, 132116.515625, 109642.484375, 77078.0625, 149042.859375, 149142.109375, 110314.59375, 97496.5703125, 125835.203125, 77483.8046875, 110042.25, 70828.9765625, 115423.265625, 90259.453125, 122616.0703125, 84180.4453125, 118795.8515625, 122546.421875, 67929.390625, 115428.515625, 92218.1796875, 99642.375, 89870.4609375, 70530.0625, 138283.984375, 77752.328125, 68863.140625, 84254.3203125, 72473.6171875, 61707.28515625, 92989.890625, 61367.2578125, 78391.7421875, 68865.453125, 111840.1015625, 73827.484375, 68510.3828125, 91411.609375, 93542.109375, 116653.234375, 84829.0625, 58413.9453125, 76865.5234375, 116090.890625, 78137.0625, 52715.5703125, 70597.0, 100437.0625, 90049.3203125, 91211.3515625, 81917.3046875, 118275.7890625, 57647.7890625, 71785.5703125, 74224.984375, 76421.609375, 67559.953125, 63146.078125, 72713.671875, 124575.5859375, 97187.53125, 78551.546875, 60190.140625, 81707.6484375, 42147.78125, 78963.109375, 86390.890625, 88450.6015625, 81182.1171875, 46870.1640625, 61833.74609375, 49297.29296875, 70439.265625, 53373.703125, 51177.890625, 44172.1953125, 63991.765625, 47346.8203125, 90816.140625, 56483.72265625, 28097.75, 75637.90625, 77518.1015625, 46950.35546875, 62516.234375, 74958.78125, 46324.83203125, 85873.9765625, 80945.9765625, 38115.20703125, 47790.75390625, 53632.1953125, 42792.75, 67210.8359375, 97446.859375, 29105.03515625, 88903.0625, 64042.0234375, 43619.69140625, 83208.90625, 58975.87109375, 60392.3984375, 86981.75, 51342.6875, 86503.78125, 54443.4296875, 46269.203125, 49844.875, 64044.07421875, 46706.6171875, 79703.421875, 35618.70703125, 30047.001953125, 71205.265625, 58028.0, 37833.078125, 72452.3125, 44320.04296875, 68565.4609375, 45013.3046875, 54570.62890625, 62690.94140625, 88476.203125, 68719.5859375, 49217.19140625, 51593.44921875, 42726.625, 48263.98046875, 74940.9453125, 57783.30859375, 117091.234375, 46567.9140625, 60666.5859375, 61379.1484375, 51308.390625, 55361.32421875, 66613.515625, 38559.83984375, 75986.1484375, 52365.1015625, 160511.46875, 63205.84375, 53665.1484375, 37339.6328125, 43411.74609375, 59493.328125, 47338.6875, 62374.91015625, 63761.4765625, 85247.953125, 46720.5, 46070.15234375, 61891.9140625, 33073.1171875, 46193.90625, 58811.13671875, 41032.671875, 37618.6015625, 50943.9140625, 37934.9453125, 65931.109375, 58584.66796875, 42910.05078125, 83589.2890625, 73625.0078125, 53552.12890625, 42419.71484375, 45543.28515625, 21688.841796875, 42587.609375, 108382.1953125, 94018.765625, 45821.94921875, 42585.80078125, 71345.71875, 54821.28125, 61215.66015625, 60975.75390625, 54339.140625, 49733.97265625, 77660.515625, 62373.6796875, 45610.1640625, 83056.7578125, 75290.7265625, 36837.80859375, 59140.3984375, 58148.640625, 75785.03125, 66955.546875, 41343.9140625, 61943.38671875, 37007.6953125, 81404.359375, 73367.328125, 70314.9765625, 45933.96484375, 68872.953125, 54353.94140625, 40668.84765625, 57728.42578125, 39810.70703125, 47627.95703125, 52668.046875, 52671.33984375, 67796.3671875, 97021.625, 33976.1875, 48309.47265625, 44750.546875, 39539.84375, 45879.76953125, 38799.0625, 58212.578125, 48521.93359375, 114015.28125, 39316.72265625, 46419.08984375, 47881.07421875, 52718.9140625, 60003.671875, 77382.5859375, 41300.15625, 32368.376953125, 25720.20703125, 73727.703125, 51143.8046875, 36505.0546875, 62794.16796875, 62933.828125, 39793.91796875, 47713.48046875, 64257.29296875, 71774.5625, 29873.806640625, 58978.87109375, 61192.2421875, 46076.546875, 37631.40234375, 48989.7578125, 54168.0546875, 33271.5234375, 60023.1640625, 38109.4296875, 66686.859375, 44758.4609375, 59573.46484375, 75440.3203125, 61250.6640625, 35783.8984375, 33995.12890625, 33875.875, 31499.75390625, 105503.78125, 23394.90625, 53032.2890625, 42544.86328125, 47873.30859375, 100192.578125, 61937.7734375, 46605.56640625, 40450.23828125, 35736.18359375, 50798.8984375, 66092.9765625, 40050.828125, 33431.703125, 89090.5078125, 76344.1796875, 33291.99609375, 35974.66015625, 33874.28515625, 89529.015625, 25312.994140625, 76458.640625, 53505.6796875, 56377.6328125, 32089.376953125, 15655.0546875, 69497.921875, 34354.71484375, 68209.0234375, 65069.8671875, 57300.34765625, 54640.2421875, 32728.1875, 28385.599609375, 53090.7421875, 91282.90625, 52241.0078125, 25693.369140625, 65347.6328125, 42846.58984375, 85535.015625, 37570.64453125, 36222.76171875, 61900.82421875, 87116.65625, 46147.7890625, 65892.140625, 45023.06640625, 80694.875, 48984.765625, 51343.22265625, 46391.06640625, 35502.73828125, 77913.921875, 32093.375, 27673.513671875, 74605.484375, 58498.5859375, 69388.9765625, 27543.515625, 47229.86328125, 59903.01953125, 64034.4921875, 55496.9453125, 33287.35546875, 57285.53515625, 32512.865234375, 36771.33203125, 49947.10546875, 72972.8515625, 86505.28125, 44656.0, 61609.74609375, 79495.515625, 41960.0625, 34045.09375, 44174.72265625, 49788.359375, 73317.3984375, 52596.44921875, 29523.857421875, 91726.765625, 77811.734375, 35308.87890625, 46856.125, 67719.59375, 60273.7734375, 46122.4453125, 53963.35546875, 42310.34375, 20327.919921875, 83240.2421875, 61045.48046875, 46587.8125, 62984.015625, 20810.388671875, 49465.36328125, 54316.1171875, 39360.47265625, 54637.01171875, 34101.89453125, 43403.8125, 54846.3125, 39382.17578125, 32461.439453125, 85950.3984375, 56435.7421875, 81687.1640625, 42461.87109375, 27832.37109375, 61674.44140625, 55210.2578125, 63532.9453125, 74408.953125, 40968.5, 70089.6171875, 27305.966796875, 29363.33984375, 29887.97265625, 48199.86328125, 44732.92578125, 37669.3046875, 51207.96484375, 83366.9921875, 61441.08984375, 33628.87109375, 53657.625, 51170.7578125, 62415.1953125, 66207.5625, 56023.81640625, 36930.12890625, 36856.0703125, 57623.1640625, 39396.19921875, 40063.09375, 29782.37890625, 38975.23828125, 45528.16015625, 52820.0390625, 34400.8828125, 36921.76171875, 41539.88671875, 88874.34375, 80394.390625], "name": "default", "desc": "lr_0.01_nb_16_ld_8_b_1", "folder": "./saves/grid_seach/search4/lr_0.01_nb_16_ld_8_b_1_default_20240307-082729"}