{"nhidden": 128, "rnn_nhidden": 32, "obs_dim": 1, "latent_dim": 2, "lr": 0.005, "n_batch": 16, "beta": 1, "total_epochs_train": 50, "epochs_per_train": 5, "epochs": 50, "loss": [219569.265625, 196857.453125, 147103.390625, 157323.484375, 157360.8125, 182257.921875, 131014.546875, 155289.546875, 167108.21875, 127365.1328125, 108806.1796875, 200133.03125, 105474.5390625, 161217.25, 162738.390625, 125705.484375, 212888.296875, 143398.171875, 119192.7265625, 169550.640625, 139947.203125, 148767.03125, 128386.1875, 135985.703125, 142229.28125, 133745.203125, 127700.3984375, 129973.328125, 129574.7578125, 166894.46875, 117557.3359375, 120566.625, 100935.3203125, 168925.390625, 151797.9375, 118439.0, 144518.671875, 158280.328125, 126412.796875, 123146.6875, 93386.953125, 99948.671875, 147475.359375, 102000.4921875, 94975.6328125, 139641.828125, 92783.2578125, 122191.34375, 91738.2734375, 121587.421875, 108402.0390625, 122098.0, 136275.671875, 180971.09375, 223610.109375, 132359.828125, 162275.109375, 141842.3125, 160477.140625, 153515.703125, 168236.453125, 138769.03125, 181344.96875, 221282.828125, 100273.2109375, 165502.953125, 161393.765625, 140193.0, 133218.171875, 150251.0, 114521.0234375, 179596.859375, 169582.265625, 183024.6875, 157155.515625, 138661.328125, 180850.6875, 119609.734375, 86471.546875, 141144.0625, 120387.4609375, 155821.28125, 130661.3125, 169779.734375, 90988.5625, 125046.625, 94500.671875, 93542.78125, 95606.28125, 112093.078125, 92487.5703125, 105108.7734375, 134419.28125, 127281.515625, 94013.1171875, 112659.5703125, 119570.9609375, 87961.078125, 83615.6953125, 80115.15625, 89752.203125, 113067.2578125, 78467.328125, 155401.484375, 105325.140625, 115403.9921875, 98007.5234375, 112045.890625, 118672.125, 101451.25, 115800.828125, 69423.9375, 123665.6640625, 81297.4921875, 156734.203125, 109143.515625, 90390.6875, 119467.4609375, 82309.1484375, 99954.2421875, 87160.8828125, 106764.546875, 91372.421875, 91045.71875, 107409.71875, 79434.109375, 68220.046875, 91894.6875, 67531.9375, 60102.9296875, 66495.109375, 109166.96875, 100343.9765625, 92590.765625, 64981.28125, 98559.9296875, 90190.046875, 95019.796875, 72730.96875, 75568.3828125, 49368.40625, 47535.03125, 49516.296875, 102306.9453125, 71506.75, 79291.4375, 91992.640625, 59162.1015625, 77904.21875, 38951.10546875, 88061.703125, 95163.6171875, 49340.0390625, 83385.984375, 74625.328125, 79296.078125, 106429.609375, 130364.640625, 183423.6875, 215754.390625, 175087.28125, 175405.09375, 169034.234375, 161625.265625, 93394.859375, 126434.359375, 154003.875, 93189.8046875, 172758.921875, 151296.625, 141274.625, 117031.6640625, 88807.21875, 100501.0078125, 119941.15625, 111719.78125, 134676.0, 76306.1171875, 100384.015625, 112367.25, 101188.4375, 72348.328125, 97032.0078125, 95679.28125, 58830.78515625, 68672.84375, 110863.4140625, 67810.7265625, 75618.9140625, 61260.765625, 55668.7421875, 48153.6953125, 60047.6484375, 92217.0625, 61426.203125, 103272.578125, 61369.0078125, 60206.4609375, 94095.34375, 86851.34375, 84081.5859375, 38993.5703125, 76466.8359375, 56698.7734375, 70162.0078125, 56858.3359375, 36457.109375, 50889.71484375, 75980.4609375, 83462.5390625, 52907.9765625, 45728.5, 55954.296875, 42569.125, 79729.546875, 99964.0078125, 42259.58203125, 66289.6328125, 65170.79296875, 64970.9140625, 72872.1953125, 80410.2265625, 39948.81640625, 66695.9375, 36425.3828125, 43543.58984375, 50581.0546875, 98696.3671875, 58280.1640625, 50678.91796875, 32479.3515625, 63796.0859375, 72610.0859375, 31257.16015625, 45673.4453125, 71612.234375, 43997.33203125, 45078.296875, 82380.5390625, 110435.0703125, 51440.00390625, 37639.46875, 38021.28125, 83439.4765625, 62194.625, 112499.7421875, 40513.9765625, 73534.1796875, 69475.390625, 44123.97265625, 47099.4921875, 48155.875, 77643.859375, 89370.2265625, 41809.98828125, 35008.46484375, 45929.421875, 52465.38671875, 66570.9296875, 36590.87890625, 98056.359375, 74596.5703125, 67416.9453125, 75064.125, 75025.2734375, 49283.609375, 40255.6015625, 76277.015625, 64063.078125, 53029.2578125, 78167.90625, 30254.1796875, 38976.03125, 41154.796875, 70597.9453125, 103597.0703125, 52935.23046875, 43531.33203125, 50369.31640625, 55322.39453125, 53964.81640625, 34157.5390625, 91255.71875, 115719.6015625, 64223.68359375, 27478.95703125, 61769.53515625, 39278.64453125, 50937.75, 44361.38671875, 42469.9609375, 55599.5703125, 31537.755859375, 57135.0703125, 41636.671875, 95069.8203125, 90943.8671875, 35376.14453125, 59054.8828125, 96857.4921875, 65925.6640625, 65947.421875, 31843.517578125, 87261.7421875, 69993.203125, 47820.234375, 34535.796875, 40369.89453125, 54937.07421875, 23565.115234375, 53283.359375, 91595.453125, 56775.3984375, 100056.375, 35084.89453125, 36811.93359375, 34651.140625, 75443.2265625, 42322.5078125, 45838.64453125, 44319.671875, 68379.734375, 50966.8515625, 74741.6875, 35170.171875, 85318.9765625, 63388.04296875, 52763.4921875, 58435.51953125, 32806.94921875, 42213.203125, 40598.90625, 43414.12109375, 47977.6953125, 42978.66015625, 66706.125, 44282.40234375, 24078.15625, 96787.9453125, 43888.5859375, 50213.3046875, 35249.48046875, 55104.96484375, 46065.1640625, 28584.763671875, 43834.75, 33829.80859375, 52675.6484375, 72107.5703125, 75810.265625, 46032.47265625, 74556.9921875, 64836.59375, 45748.31640625, 37818.85546875, 68667.71875, 37729.015625, 30236.04296875, 36838.43359375, 44181.9921875, 36727.96875, 53390.09375, 35858.46484375, 56378.46484375, 60486.8203125, 52044.89453125, 29816.6796875, 31170.767578125, 69211.40625, 52343.7265625, 41901.3984375, 42744.5703125, 77838.75, 38749.8828125, 56129.5859375, 44645.2109375, 57683.1640625, 33636.48046875, 54247.23828125, 78235.671875, 39441.4453125, 26301.080078125, 26322.53515625, 50301.23046875, 68672.6328125, 54796.59765625, 61651.06640625, 57711.41015625, 29109.298828125, 32116.517578125, 82621.15625, 63845.046875, 66842.5859375, 32241.76953125, 26092.05859375, 57390.43359375, 68637.171875, 64250.03515625, 57602.5546875, 59715.0390625, 57880.75390625, 27158.03125, 32210.041015625, 37324.13671875, 24629.279296875, 48272.59375, 66419.640625, 68902.7265625, 46926.296875, 32659.755859375, 44460.4453125, 28138.01171875, 70362.9921875, 58038.20703125, 39451.94921875, 94854.1875, 71194.3671875, 67801.671875, 29879.119140625, 47152.15625, 45173.390625, 48240.3203125, 47462.74609375, 47325.40234375, 17338.01953125, 37392.5546875, 42413.63671875, 98692.0390625, 67453.78125, 104290.359375, 73982.140625, 43621.56640625, 52977.109375, 59449.67578125, 38742.07421875, 38413.1171875, 57980.26953125, 47861.30078125, 51103.7734375, 90226.7265625, 69077.4921875, 35426.98046875, 38912.51953125, 54513.6328125, 46512.92578125, 28046.3671875, 51757.5390625, 71756.75, 61869.359375, 73720.5625], "name": "default", "desc": "lr_0.005_nb_16_ld_2_b_1", "folder": "./saves/grid_seach/search1/lr_0.005_nb_16_ld_2_b_1_default_20240213-231344"}