{"nhidden": 128, "rnn_nhidden": 32, "obs_dim": 1, "latent_dim": 4, "lr": 0.001, "n_batch": 16, "beta": 1, "total_epochs_train": 50, "epochs_per_train": 5, "epochs": 50, "loss": [200293.03125, 178073.6875, 176137.59375, 117461.03125, 183500.578125, 174926.21875, 232172.265625, 131041.859375, 143268.203125, 221991.421875, 121828.8359375, 163543.796875, 196829.765625, 144238.265625, 159753.546875, 188390.25, 159813.5, 162160.671875, 154349.53125, 174231.828125, 165854.265625, 175485.40625, 151450.828125, 133661.359375, 169542.328125, 122044.1484375, 221723.296875, 183071.515625, 182877.296875, 100204.078125, 140833.625, 179838.984375, 134789.40625, 168171.140625, 162200.796875, 120932.578125, 171594.453125, 181585.46875, 126886.3359375, 181035.390625, 214752.921875, 133711.28125, 138148.0, 102107.796875, 129839.4609375, 162213.5, 182790.671875, 90151.796875, 123331.8984375, 171176.28125, 109544.53125, 156597.484375, 125440.2421875, 151225.359375, 132950.8125, 153780.609375, 134567.328125, 117451.421875, 116455.375, 163417.3125, 140867.046875, 140773.5625, 118991.0234375, 148334.03125, 116085.0390625, 145125.828125, 107607.078125, 105611.5078125, 155044.453125, 138078.21875, 128510.453125, 153311.765625, 121501.515625, 120722.1796875, 167909.828125, 156842.421875, 121420.1796875, 99414.5078125, 135748.359375, 121534.9140625, 110133.0859375, 136045.140625, 110263.7890625, 128845.1171875, 159772.109375, 111229.1796875, 112530.765625, 104751.5625, 164697.6875, 126994.109375, 149107.65625, 92343.171875, 110727.921875, 127094.703125, 105962.5, 144112.65625, 131304.875, 148539.078125, 113452.40625, 130676.953125, 101887.1328125, 101857.09375, 118901.65625, 170847.40625, 116935.1015625, 111032.609375, 135593.0625, 128174.375, 142445.34375, 116510.203125, 94604.296875, 116753.0859375, 95866.7734375, 159250.5, 131527.0, 119013.90625, 121331.6015625, 92693.2421875, 135254.765625, 102888.1328125, 110005.1328125, 141393.890625, 116966.1796875, 107891.859375, 129214.625, 138892.9375, 127258.703125, 114454.34375, 141287.984375, 123565.3515625, 104898.96875, 101639.4375, 130214.46875, 103825.828125, 116644.34375, 95619.15625, 124469.3828125, 100317.3828125, 157310.21875, 96012.359375, 96289.15625, 125269.484375, 91320.8828125, 136606.984375, 134247.28125, 97015.078125, 126884.40625, 105733.8046875, 94379.1328125, 118999.4453125, 96584.484375, 102032.671875, 114541.3828125, 92241.125, 85728.296875, 116724.4296875, 106456.6796875, 143329.84375, 130608.640625, 129838.515625, 88841.28125, 119508.2578125, 117127.3515625, 105255.140625, 99861.3203125, 121124.1953125, 83209.8984375, 129470.5390625, 115228.0625, 131260.9375, 86482.5859375, 91610.6953125, 132527.234375, 90924.03125, 117177.5390625, 97922.8515625, 94888.1484375, 109876.390625, 113175.4765625, 110426.15625, 79467.6171875, 115013.1953125, 141411.3125, 86450.7421875, 101420.640625, 98450.71875, 116821.6484375, 88142.3671875, 102949.59375, 86342.3203125, 91519.25, 110648.953125, 164923.703125, 92016.2578125, 91973.71875, 90775.8828125, 79719.015625, 132571.875, 100661.921875, 93703.4375, 96193.3203125, 88302.8203125, 102648.28125, 82580.6171875, 92590.8828125, 148892.203125, 96038.3125, 127374.671875, 89536.3671875, 98266.171875, 91550.28125, 85517.0625, 108593.2265625, 88681.03125, 78890.2578125, 95810.546875, 71310.828125, 89213.2421875, 75905.8359375, 115301.90625, 96308.078125, 105363.046875, 108267.28125, 98684.2265625, 78714.578125, 81792.15625, 131754.78125, 88755.140625, 96482.90625, 96357.5625, 86468.265625, 75286.6796875, 63952.05078125, 69255.578125, 72398.46875, 82885.1328125, 113610.3984375, 67722.2578125, 112013.171875, 97889.484375, 87186.796875, 70208.515625, 69701.859375, 85733.578125, 88460.1171875, 95322.7578125, 86017.3046875, 74643.453125, 74515.3984375, 84292.78125, 107693.671875, 97175.3671875, 91023.578125, 94408.265625, 82373.3203125, 99571.1875, 76238.4140625, 79505.8828125, 98517.28125, 85414.546875, 70550.1015625, 65653.5546875, 55718.1875, 68261.765625, 58950.44921875, 122475.625, 105235.0078125, 89329.3125, 77536.2421875, 75388.78125, 58405.18359375, 75536.0625, 110145.1875, 80594.6640625, 74133.4609375, 117990.84375, 63430.12109375, 69942.796875, 60259.421875, 53344.93359375, 82420.71875, 78318.53125, 106817.5, 78713.6953125, 57623.78515625, 64076.83984375, 79860.7109375, 102545.171875, 93670.0625, 93012.5625, 73762.4609375, 77333.1015625, 50824.703125, 101521.3984375, 46161.26953125, 75437.65625, 64749.234375, 96013.0859375, 114111.078125, 84074.359375, 64002.63671875, 48396.3515625, 79735.59375, 67522.1875, 74667.546875, 57320.390625, 77999.2109375, 94421.1484375, 54643.265625, 51868.23828125, 54694.59765625, 49040.328125, 74090.1953125, 124268.3515625, 68915.8671875, 90698.28125, 52344.6484375, 61402.8515625, 89964.8359375, 68099.7421875, 46554.6484375, 70282.53125, 80043.6484375, 65819.828125, 76854.0234375, 51558.57421875, 59801.23828125, 41631.375, 61537.671875, 123623.8359375, 54744.1875, 64109.859375, 72450.7421875, 75739.6796875, 57430.35546875, 78540.875, 64902.8828125, 81320.5390625, 51088.87109375, 53236.1875, 46868.578125, 87488.4609375, 50859.46484375, 76536.6171875, 74480.953125, 63835.7578125, 60623.72265625, 47738.04296875, 52244.06640625, 64429.62890625, 75193.8828125, 49256.94921875, 46193.81640625, 84632.078125, 62815.546875, 41314.265625, 74912.265625, 51523.41015625, 90085.9453125, 52833.578125, 67311.375, 53905.6796875, 42198.51171875, 96655.328125, 45582.12890625, 63220.19140625, 47418.44140625, 32930.2890625, 80581.7421875, 77970.140625, 41418.046875, 38527.24609375, 53746.16796875, 79786.703125, 69184.21875, 51717.6484375, 46670.66015625, 49201.1640625, 41951.078125, 102289.734375, 69458.515625, 43504.64453125, 57553.0859375, 58708.58203125, 51270.5859375, 84366.84375, 59082.296875, 64951.3671875, 53710.68359375, 56281.8671875, 70770.0703125, 86664.6875, 55736.98046875, 42958.48046875, 62670.97265625, 48323.0390625, 66599.1875, 50757.84765625, 72025.5703125, 44434.8984375, 41956.921875, 73442.546875, 37895.140625, 68200.0546875, 64506.1328125, 36780.45703125, 86076.828125, 67991.578125, 43192.5, 47700.84765625, 55227.51171875, 58016.3671875, 33595.265625, 81442.3828125, 81603.546875, 82675.0859375, 59266.04296875, 72464.578125, 58154.359375, 38993.5703125, 48349.7890625, 54565.76171875, 46613.33203125, 70815.7265625, 31550.0078125, 68452.2109375, 59169.66015625, 33182.68359375, 62406.23828125, 38219.8671875, 92001.46875, 36876.3671875, 56916.015625, 57265.19140625, 43516.6953125, 34029.8203125, 74989.9765625, 39723.9453125, 73287.7578125, 61624.66015625, 62203.84375, 65763.15625, 39333.82421875, 83628.90625, 52423.45703125, 64150.7734375, 41675.3359375, 34225.1328125, 36172.92578125, 57907.7109375], "name": "default", "desc": "lr_0.001_nb_16_ld_4_b_1", "folder": "./saves/grid_seach/search4/lr_0.001_nb_16_ld_4_b_1_default_20240307-091616"}