{"nhidden": 128, "rnn_nhidden": 32, "obs_dim": 1, "latent_dim": 2, "lr": 0.0001, "n_batch": 16, "beta": 1, "total_epochs_train": 50, "epochs_per_train": 5, "epochs": 50, "loss": [229647.96875, 179656.21875, 158288.703125, 122627.3828125, 178893.984375, 212335.890625, 153491.46875, 190736.21875, 184433.171875, 166424.75, 180907.921875, 142532.5625, 168162.0, 150019.984375, 145635.15625, 168199.84375, 200731.6875, 228035.21875, 186643.375, 233111.96875, 189196.25, 192017.5, 115466.796875, 205043.078125, 115895.3203125, 207941.640625, 144048.046875, 194584.84375, 235514.640625, 144649.6875, 149070.296875, 214151.703125, 207750.09375, 158516.734375, 130895.8828125, 149454.421875, 228477.765625, 156435.390625, 170084.96875, 118485.3125, 172268.03125, 187967.265625, 97427.453125, 155969.96875, 244706.15625, 183749.5625, 185134.53125, 196075.3125, 145799.71875, 181585.09375, 118019.90625, 200309.390625, 226403.78125, 152583.140625, 180149.140625, 163194.390625, 152882.34375, 160946.65625, 189167.796875, 172810.40625, 129129.3125, 248763.625, 128763.2109375, 120026.015625, 168432.671875, 144768.3125, 237145.109375, 196070.125, 145573.28125, 99774.7890625, 229396.421875, 176937.171875, 153051.9375, 152864.875, 178794.796875, 186951.0, 151954.953125, 134932.875, 213712.609375, 160141.859375, 208718.6875, 170074.65625, 141827.703125, 188578.09375, 204731.375, 153624.484375, 184359.734375, 194795.34375, 155184.859375, 147790.890625, 154551.171875, 90451.9765625, 260144.796875, 149619.25, 108517.5078125, 169159.21875, 171802.5625, 210654.109375, 163822.265625, 161529.25, 164068.359375, 200441.1875, 191425.1875, 135066.34375, 140166.234375, 183045.984375, 200942.59375, 149082.5625, 156487.046875, 150957.28125, 134046.109375, 133962.5, 121308.9140625, 159662.703125, 243665.5625, 257237.078125, 186881.53125, 189882.65625, 113914.3671875, 186843.5625, 196993.375, 184579.125, 151273.78125, 187337.046875, 174369.78125, 143843.46875, 131658.703125, 104854.5546875, 234213.140625, 119442.9296875, 120089.171875, 237574.25, 165712.46875, 199675.71875, 196358.9375, 155343.796875, 113354.953125, 160081.1875, 151213.015625, 216288.796875, 206434.90625, 177524.78125, 163996.6875, 123228.71875, 117993.359375, 151513.78125, 175914.375, 124845.234375, 208628.6875, 151859.578125, 174780.75, 216117.375, 185718.984375, 160392.453125, 146898.109375, 170800.421875, 122688.2421875, 185089.0625, 200722.703125, 177147.46875, 112711.78125, 173892.125, 122465.578125, 170124.90625, 128725.828125, 198227.75, 167264.015625, 107154.515625, 201742.296875, 170959.0, 189132.9375, 109960.4921875, 148406.46875, 138054.46875, 116221.671875, 139638.53125, 180412.71875, 213332.28125, 127509.5859375, 205726.515625, 162282.125, 172463.71875, 190278.109375, 186866.09375, 125457.984375, 126379.0, 148021.421875, 107415.8125, 155261.875, 128096.921875, 194759.453125, 181979.234375, 118907.703125, 105029.140625, 175603.375, 141722.453125, 169987.390625, 151789.46875, 130071.3203125, 105884.90625, 150543.125, 111759.046875, 124782.125, 188337.40625, 158218.078125, 184015.921875, 170395.375, 113356.2265625, 194797.640625, 156663.03125, 118549.375, 168545.03125, 175155.90625, 123550.3984375, 124083.1171875, 116562.0078125, 166214.5, 87041.90625, 207282.71875, 138246.4375, 142686.03125, 111604.953125, 119781.734375, 128931.0546875, 172803.34375, 150238.8125, 129169.859375, 130324.0703125, 141285.34375, 187226.875, 121450.109375, 113292.375, 111119.09375, 153904.171875, 173916.984375, 105521.6953125, 150753.046875, 125332.0625, 126988.25, 177939.875, 110062.40625, 96473.4453125, 115813.9453125, 120837.1953125, 130848.0859375, 97135.1640625, 115915.875, 161139.8125, 143752.53125, 97739.8515625, 159922.46875, 136388.328125, 126861.265625, 114680.015625, 130419.9375, 165499.625, 136167.0, 118415.703125, 142368.609375, 107854.171875, 106410.09375, 128478.90625, 102278.234375, 101985.796875, 108850.15625, 143970.28125, 148474.328125, 111289.640625, 158952.046875, 150607.03125, 144714.625, 103197.34375, 123485.25, 160742.59375, 148206.046875, 110437.75, 124593.6015625, 99878.484375, 137746.640625, 109511.828125, 158474.953125, 110385.765625, 123909.109375, 108713.234375, 164485.640625, 115068.5625, 131894.921875, 94150.1640625, 103412.140625, 133075.578125, 95244.25, 119198.0, 129660.546875, 101894.53125, 119250.765625, 116046.109375, 176776.921875, 103377.4375, 166123.46875, 155113.65625, 94395.421875, 103078.859375, 106248.8046875, 177017.28125, 144426.125, 109150.2734375, 146849.40625, 103825.328125, 107002.390625, 157879.8125, 94685.71875, 118392.6328125, 119984.3828125, 194576.390625, 102192.703125, 115232.703125, 99568.375, 109932.21875, 140472.640625, 126374.640625, 152190.390625, 176947.09375, 101267.671875, 118042.765625, 127642.9609375, 115363.125, 106151.734375, 154094.921875, 136138.03125, 120653.8046875, 136799.078125, 109882.34375, 128455.3828125, 113836.8984375, 98596.6953125, 110728.8828125, 120618.078125, 100493.2578125, 117871.359375, 147703.046875, 186823.0, 155032.828125, 97266.5, 101615.0390625, 125568.2578125, 124935.828125, 169216.96875, 138063.0, 127580.109375, 114301.0, 131230.6875, 126932.34375, 160861.1875, 104302.953125, 109556.109375, 123412.3984375, 100656.953125, 197119.8125, 98570.515625, 109949.8046875, 102499.3203125, 148053.921875, 110505.71875, 176827.21875, 128606.953125, 144780.703125, 105263.828125, 122025.265625, 108750.8828125, 136063.0625, 92182.8515625, 113601.4296875, 106682.625, 153138.234375, 112053.96875, 136272.4375, 124830.8671875, 124595.0859375, 131611.96875, 146066.71875, 100698.1328125, 180899.296875, 129983.2265625, 123860.625, 109843.2421875, 112692.1953125, 90772.71875, 102210.625, 117028.765625, 136862.84375, 145320.734375, 113657.5, 148477.671875, 124819.09375, 118348.0234375, 116607.7890625, 123220.6328125, 126469.65625, 118010.1328125, 124441.203125, 124544.75, 180558.25, 122822.703125, 102477.9609375, 91416.6796875, 111605.984375, 126759.0078125, 141658.9375, 95248.125, 134821.71875, 110734.703125, 104280.9296875, 128396.28125, 147006.84375, 141183.34375, 152477.328125, 131603.5, 113448.78125, 135143.125, 111941.0703125, 119539.7734375, 120082.6484375, 99367.453125, 105954.625, 172379.28125, 96738.921875, 123223.390625, 94772.15625, 108721.5625, 138149.328125, 131778.359375, 137899.625, 168580.6875, 132501.203125, 107729.390625, 130495.0546875, 96881.7890625, 153248.921875, 108158.953125, 126544.421875, 95693.75, 99098.046875, 140427.984375, 136947.390625, 106582.15625, 97605.4140625, 151399.859375, 116837.21875, 146787.40625, 113111.09375], "name": "default", "desc": "lr_0.0001_nb_16_ld_2_b_1", "folder": "./saves/grid_seach/search4/lr_0.0001_nb_16_ld_2_b_1_default_20240307-095545"}