{"nhidden": 128, "rnn_nhidden": 32, "obs_dim": 1, "latent_dim": 8, "lr": 0.001, "n_batch": 16, "beta": 0.001, "total_epochs_train": 5, "epochs_per_train": 5, "epochs": 5, "loss": [100581.8125, 203226.875, 186497.015625, 188240.25, 214560.6875, 195053.65625, 112333.3515625, 137420.484375, 200618.6875, 187314.8125, 178664.546875, 144223.75, 184917.84375, 140441.65625, 115888.890625, 155357.3125, 156978.015625, 289255.6875, 169735.828125, 86063.8828125, 156931.609375, 151747.0, 176141.984375, 187150.15625, 177675.21875, 209841.15625, 207947.78125, 219326.953125, 175473.09375, 154931.0625, 187732.65625, 162321.625, 133184.484375, 121906.1015625, 160685.34375, 125390.1015625, 144252.46875, 170417.0, 152699.53125, 158380.578125, 135438.171875, 149608.234375, 155945.015625, 127772.6875, 139669.109375], "name": "default", "desc": "default run", "folder": "./saves/default_run_default_20240307-061726"}