{"nhidden": 128, "rnn_nhidden": 32, "obs_dim": 1, "latent_dim": 2, "lr": 0.008858667904100823, "n_batch": 16, "beta": 4, "total_epochs_train": 1000, "epochs_per_train": 50, "epochs": 100, "loss": [116449.6796875, 82442.984375, 72497.296875, 94785.7109375, 70264.1171875, 117519.0703125, 121388.984375, 78787.8671875, 149730.34375, 113185.2734375, 72740.1328125, 100637.5859375, 62482.5078125, 33977.7578125, 61378.42578125, 39586.19921875, 41455.578125, 38048.203125, 47428.21484375, 22907.32421875, 16481.71875, 49088.81640625, 9837.794921875, 11513.400390625, 12690.310546875, 17050.421875, 17733.66015625, 19450.865234375, 12291.259765625, 5564.10205078125, 22664.77734375, 19076.818359375, 5935.6064453125, 23784.248046875, 8378.3056640625, 6608.30078125, 12982.4052734375, 17254.908203125, 18777.666015625, 4587.99951171875, 16993.0390625, 9680.1787109375, 12363.9111328125, 9295.3203125, 3259.32080078125, 13346.2255859375, 999.6254272460938, 8088.7177734375, 7993.86083984375, 4802.017578125, 12487.0361328125, 7327.978515625, 3296.20458984375, 5450.56982421875, 7190.42138671875, 10153.0048828125, 5329.7783203125, 9337.5361328125, 5234.27099609375, 7134.3525390625, 5124.091796875, 9894.2275390625, 3311.189453125, 6418.416015625, 6356.34765625, 3685.885498046875, 6501.794921875, 5288.03125, 7288.56005859375, 9204.59765625, 8282.55859375, 5789.490234375, 12668.193359375, 15101.0830078125, 10577.71875, 7416.8564453125, 9222.603515625, 14754.7763671875, 6418.8740234375, 4782.28857421875, 1373.5206298828125, 14671.580078125, 22141.31640625, 21810.9140625, 7550.1806640625, 3105.031494140625, 12054.36328125, 10447.146484375, 9044.8740234375, 13359.3837890625, 7987.1494140625, 8954.12109375, 2223.24462890625, 2696.2685546875, 10605.345703125, 7869.2509765625, 6886.03857421875, 3528.314453125, 7250.10205078125, 2564.57958984375, 4036.940185546875, 3083.13330078125, 7433.642578125, 2939.76171875, 4643.7890625, 6256.96142578125, 10407.513671875, 7927.19140625, 8209.7744140625, 5615.0068359375, 6182.388671875, 3820.3955078125, 4522.16455078125, 8603.91015625, 7912.970703125, 6393.72119140625, 18102.431640625, 9093.3134765625, 10239.2548828125, 18132.21875, 4615.2109375, 5068.31005859375, 11484.8701171875, 13658.8837890625, 6064.59130859375, 6478.89306640625, 5240.02783203125, 8295.826171875, 8412.1142578125, 8841.671875, 3936.9677734375, 4172.0693359375, 5734.5556640625, 11303.2744140625, 4418.68359375, 4110.53759765625, 4021.087646484375, 5037.41650390625, 4615.56494140625, 2590.90869140625, 2661.129638671875, 7974.9609375, 15535.1845703125, 8377.5888671875, 4885.97802734375, 9008.04296875, 7457.73046875, 9572.3798828125, 8266.7978515625, 4060.791015625, 4123.6533203125, 2858.023193359375, 5730.5849609375, 10357.6123046875, 7725.08251953125, 4367.70849609375, 5242.8095703125, 11727.5126953125, 4453.31201171875, 7507.8974609375, 5872.1669921875, 12599.9677734375, 11593.8662109375, 6681.63330078125, 12818.310546875, 13397.990234375, 12203.060546875, 11489.4677734375, 3400.716796875, 5387.21240234375, 10010.0595703125, 3873.5654296875, 6815.5283203125, 11931.9619140625, 4285.72314453125, 9608.1259765625, 4494.11279296875, 10426.7109375, 5616.302734375, 5269.15625, 5742.1669921875, 4731.89404296875, 4832.4404296875, 18532.90625, 7740.68310546875, 4025.107666015625, 8810.5263671875, 7353.60107421875, 3203.329345703125, 6337.6708984375, 7642.7177734375, 6030.3095703125, 9319.7685546875, 3538.557373046875, 12873.673828125, 5443.626953125, 3501.570556640625, 6207.27294921875, 3064.421630859375, 13591.431640625, 10612.390625, 3675.4208984375, 5118.75537109375, 5370.95654296875, 7533.85009765625, 6855.69921875, 9014.7802734375, 6523.0595703125, 5338.849609375, 4914.6279296875, 6118.26904296875, 10400.123046875, 6106.8681640625, 4843.33154296875, 3369.379150390625, 7357.60595703125, 10026.708984375, 8571.173828125, 12578.513671875, 8788.361328125, 14928.51171875, 6260.6865234375, 1489.722412109375, 11263.6630859375, 2742.61083984375, 5061.76611328125, 4074.847412109375, 4402.60400390625, 6171.58642578125, 8237.0205078125, 12267.142578125, 14157.1416015625, 2583.8134765625, 7203.51904296875, 14167.919921875, 3197.797119140625, 7296.5244140625, 4948.47119140625, 10168.8486328125, 8288.703125, 5601.22607421875, 7707.74169921875, 5185.4658203125, 5063.63720703125, 3320.99267578125, 4134.25390625, 5594.98828125, 1478.8740234375, 8966.88671875, 6539.212890625, 7962.1767578125, 8012.59423828125, 8814.5166015625, 5236.23291015625, 6006.62890625, 4297.62353515625, 4572.828125, 5786.283203125, 7972.2744140625, 5531.67529296875, 5498.58447265625, 6137.22412109375, 9450.3583984375, 4393.498046875, 2407.747314453125, 5523.86572265625, 5250.17431640625, 10682.076171875, 7705.1630859375, 6745.337890625, 2008.314453125, 7061.09375, 3609.591552734375, 5445.7021484375, 8819.8505859375, 6457.41064453125, 5894.27880859375, 6058.748046875, 5345.36328125, 9299.2548828125, 6717.1572265625, 3662.776611328125, 7938.2138671875, 7353.14453125, 2747.3720703125, 6989.603515625, 3056.1708984375, 20487.22265625, 3616.765869140625, 3351.77734375, 10285.2470703125, 17670.388671875, 12398.765625, 9253.1748046875, 8630.23828125, 7916.701171875, 7380.31396484375, 4882.76904296875, 9887.556640625, 12531.4765625, 6570.39453125, 4561.17626953125, 7662.95166015625, 5005.66064453125, 6740.76123046875, 7812.55419921875, 2309.4619140625, 8029.697265625, 5254.24560546875, 5983.69482421875, 3794.266845703125, 6403.0654296875, 8658.5595703125, 10093.9013671875, 6142.4052734375, 2575.4619140625, 3590.13720703125, 4068.2802734375, 10017.4228515625, 4945.18359375, 11285.162109375, 14343.1728515625, 11575.8046875, 3842.50146484375, 3928.4892578125, 8173.099609375, 5413.7744140625, 15956.9423828125, 10564.2490234375, 7117.40673828125, 14537.109375, 14159.6484375, 12121.1689453125, 5964.57861328125, 4306.337890625, 10569.28125, 2887.402587890625, 9082.5166015625, 4484.19970703125, 11263.5888671875, 18781.646484375, 12150.322265625, 6328.31005859375, 16819.837890625, 8240.439453125, 10089.5087890625, 5532.44140625, 8187.45751953125, 6720.248046875, 10676.681640625, 4670.14697265625, 7952.724609375, 15008.5634765625, 11053.005859375, 4988.79833984375, 12934.3310546875, 7270.56640625, 8409.53125, 4917.0234375, 7340.125, 7121.58203125, 3591.697509765625, 27703.41796875, 7825.3642578125, 6437.34326171875, 12673.96484375, 12851.2060546875, 5678.8876953125, 5817.76513671875, 6910.66015625, 5455.37890625, 20339.64453125, 11049.87890625, 2918.38623046875, 4321.9521484375, 6580.486328125, 9109.517578125, 8969.4462890625, 9609.9619140625, 3941.419677734375, 4689.6064453125, 2065.49609375, 2778.737060546875, 2742.9482421875, 5685.8212890625, 9275.1533203125, 12405.0205078125, 11148.2197265625, 3608.534912109375, 12732.15234375, 3646.106201171875, 13929.091796875, 17369.509765625, 3092.95654296875, 5979.068359375, 2024.3250732421875, 6553.31689453125, 8696.3125, 5537.5087890625, 7967.5048828125, 4555.92626953125, 2087.92919921875, 3924.90673828125, 3032.51123046875, 8198.8935546875, 9503.10546875, 7107.2109375, 1926.5185546875, 5330.62109375, 4909.5400390625, 7532.45751953125, 5345.86474609375, 6077.23876953125, 3874.220703125, 5161.99462890625, 8332.6748046875, 11659.6298828125, 11609.689453125, 2936.501953125, 7513.82421875, 5058.21435546875, 7784.64892578125, 8591.4501953125, 4300.09375, 9418.8125, 7526.638671875, 4890.0234375, 6084.67919921875, 1240.3131103515625, 3566.994140625, 7196.32373046875, 5974.70751953125, 5383.318359375, 6632.6533203125, 3632.15185546875, 7420.4326171875, 12379.6943359375, 14957.3515625, 8655.6767578125, 3532.1884765625, 6030.85009765625, 9027.4658203125, 3813.605712890625, 1584.971923828125, 7930.92333984375, 15826.2421875, 6663.77099609375, 2840.203125, 8043.78515625, 6851.35888671875, 5523.0625, 9224.2900390625, 6146.79736328125, 6277.33154296875, 8962.7333984375, 3782.960693359375, 7072.62451171875, 4109.41455078125, 2913.130859375, 11179.4521484375, 4511.4833984375, 4803.8583984375, 2197.950439453125, 