{"nhidden": 128, "rnn_nhidden": 32, "obs_dim": 1, "latent_dim": 2, "lr": 0.01, "n_batch": 16, "beta": 4, "total_epochs_train": 4, "epochs_per_train": 2, "epochs": 4, "loss": [141311.9375, 128032.609375, 94528.53125, 145588.046875, 86815.0546875, 87233.7734375, 74105.5390625, 127097.28125, 65714.828125, 71894.8125, 53670.55078125, 125483.15625, 81445.0859375, 100636.2265625, 82202.5390625, 38736.78125, 39711.6875, 27866.0390625, 41465.8125, 32540.46875, 13479.396484375, 71118.4140625, 38683.609375, 46552.48046875, 16285.826171875, 32736.83203125, 16922.201171875, 20230.48046875, 28510.751953125, 38038.3828125, 20078.42578125, 24941.171875, 19329.1484375, 12272.314453125, 35747.1328125, 8332.0302734375], "name": "default", "desc": "lr_0.01_nb_16_ld_2_b_4", "folder": "./saves/lr_0.01_nb_16_ld_2_b_4_default_20240312-105403"}