{"nhidden": 128, "rnn_nhidden": 32, "obs_dim": 1, "latent_dim": 1, "lr": 0.001, "n_batch": 16, "beta": 4, "total_epochs_train": 50, "epochs_per_train": 5, "epochs": 50, "loss": [175630.4375, 132113.640625, 273498.8125, 145507.6875, 170615.078125, 120356.359375, 153436.421875, 168937.96875, 206566.28125, 122178.171875, 172628.078125, 135190.75, 197362.578125, 209324.84375, 138328.75, 154230.65625, 251959.421875, 128039.65625, 235493.734375, 116868.8125, 210977.875, 125104.15625, 124717.078125, 135465.75, 174386.34375, 195120.203125, 124791.46875, 144275.171875, 164953.46875, 116357.703125, 134702.140625, 166024.765625, 132338.875, 205414.09375, 137317.125, 203050.296875, 162648.40625, 183874.4375, 90194.015625, 149485.296875, 233270.640625, 130876.84375, 162795.84375, 106246.140625, 183087.9375, 173362.265625, 115804.21875, 186340.609375, 153381.375, 186886.703125, 148721.625, 128117.8515625, 149138.625, 146692.234375, 175176.5, 100138.609375, 117802.1875, 186947.015625, 138667.34375, 111228.203125, 154889.015625, 172688.28125, 222599.1875, 155554.359375, 158658.15625, 219990.859375, 138963.015625, 138376.375, 141677.671875, 174978.203125, 137795.125, 119497.28125, 134465.546875, 176426.09375, 161139.5625, 144990.8125, 153462.59375, 171061.0625, 182470.140625, 132477.6875, 110994.875, 204417.640625, 137719.65625, 138736.8125, 139976.25, 154847.109375, 178342.59375, 153361.125, 174067.75, 105017.75, 113123.796875, 120287.3515625, 166226.96875, 152158.796875, 181809.640625, 109861.671875, 156997.296875, 145421.1875, 237776.453125, 147555.96875, 193228.46875, 190657.984375, 145393.015625, 159213.375, 147361.328125, 108079.5390625, 149035.15625, 107685.875, 186157.265625, 155147.515625, 185471.703125, 134214.796875, 152683.03125, 133303.9375, 193679.78125, 137388.25, 109451.015625, 230013.03125, 174994.859375, 149051.625, 150294.125, 112451.9453125, 135731.390625, 137149.65625, 136592.515625, 150259.234375, 162471.75, 117610.1796875, 119577.078125, 189003.734375, 140545.78125, 162812.359375, 127092.9453125, 180008.1875, 178992.125, 108365.0234375, 85847.875, 162805.28125, 153814.921875, 208415.09375, 162948.53125, 100654.109375, 131566.046875, 241376.578125, 168675.25, 127974.125, 102523.796875, 190684.640625, 148928.015625, 141202.25, 158674.90625, 146842.515625, 172891.140625, 141794.75, 131437.515625, 190160.28125, 128829.015625, 137808.328125, 121737.7578125, 177365.984375, 152186.09375, 166157.296875, 109889.1015625, 171033.578125, 161153.0625, 104042.1875, 195272.359375, 118496.1640625, 195382.90625, 124672.5625, 174566.9375, 133739.265625, 171387.40625, 146078.09375, 212072.328125, 105918.28125, 175874.328125, 97883.90625, 182477.765625, 115517.0390625, 124759.078125, 144160.296875, 101598.1953125, 116843.7109375, 235021.125, 199446.125, 127718.3984375, 164652.96875, 158213.609375, 135102.28125, 149506.859375, 146923.1875, 187146.828125, 150542.125, 131035.8671875, 108937.5546875, 164671.734375, 131681.609375, 160088.296875, 111176.9296875, 143988.34375, 173889.8125, 101890.890625, 113887.921875, 242840.890625, 140056.8125, 155556.296875, 175561.5, 135882.8125, 140400.1875, 110857.25, 133733.53125, 156154.125, 164545.3125, 117355.9609375, 159748.765625, 113725.796875, 176357.015625, 108044.75, 199969.078125, 151053.546875, 144096.890625, 118239.015625, 161405.265625, 160432.171875, 178713.5, 153189.796875, 145833.203125, 128879.671875, 149239.453125, 100697.5703125, 171978.515625, 131460.21875, 185433.171875, 143617.890625, 141567.34375, 204592.34375, 136328.5, 93868.8203125, 124928.4765625, 128231.21875, 144033.21875, 217958.390625, 151320.875, 112230.9296875, 173602.140625, 158186.390625, 128143.234375, 165248.5625, 157952.15625, 162028.9375, 94120.59375, 122346.5625, 112466.7265625, 171689.21875, 171919.25, 137830.015625, 170281.546875, 157181.625, 146347.0, 150304.796875, 138111.59375, 143359.828125, 117456.1953125, 119298.2421875, 171320.84375, 168395.1875, 146476.84375, 142049.5, 188552.8125, 120033.1875, 128282.734375, 175379.703125, 157492.734375, 148530.96875, 133978.515625, 139845.828125, 143803.109375, 171127.28125, 127632.9609375, 102430.6640625, 185663.890625, 118254.8671875, 160173.71875, 147608.09375, 138439.8125, 109030.1328125, 166517.5625, 152436.625, 128095.3984375, 183336.03125, 194442.546875, 124095.4609375, 131926.25, 152439.25, 81597.84375, 149301.640625, 99268.5390625, 126780.296875, 138465.328125, 141127.34375, 187897.1875, 183125.421875, 132288.828125, 164504.015625, 115444.0625, 234689.21875, 113527.6171875, 108307.75, 136765.875, 151524.0, 101246.0859375, 155961.0, 123661.140625, 145971.859375, 141807.109375, 145681.359375, 154118.28125, 120173.9296875, 148615.90625, 144604.953125, 115023.9375, 176868.984375, 135364.046875, 177985.515625, 103730.0234375, 127097.671875, 107888.28125, 131664.5, 136088.234375, 165892.171875, 187982.03125, 136365.578125, 144641.734375, 144373.78125, 158611.859375, 170959.078125, 140985.578125, 109238.8046875, 106522.078125, 191495.0625, 84234.390625, 148229.125, 104721.875, 140297.875, 199613.109375, 118756.25, 104850.140625, 112497.578125, 142037.53125, 181955.8125, 132647.625, 176734.5625, 104409.140625, 206630.9375, 135053.0, 115764.375, 104439.078125, 147422.890625, 124399.4296875, 196665.125, 112226.3515625, 123468.2734375, 127314.0234375, 95838.625, 119772.1796875, 178290.34375, 161188.53125, 126678.90625, 145320.65625, 210291.125, 104013.078125, 112454.59375, 114656.296875, 106942.7734375, 168772.328125, 142464.359375, 139560.359375, 162944.640625, 122619.7734375, 188064.0625, 98832.6015625, 131690.28125, 125409.484375, 111246.765625, 127798.625, 154409.5, 155453.734375, 111334.484375, 115985.1015625, 146424.5, 155399.21875, 135708.5, 117524.5234375, 121198.609375, 159962.40625, 126093.5859375, 104851.53125, 137707.609375, 95078.1171875, 104320.1015625, 178932.53125, 123206.9921875, 170134.328125, 167705.515625, 120992.859375, 110221.09375, 143780.5, 159860.703125, 113542.8359375, 148993.046875, 105694.203125, 130334.2421875, 143366.59375, 124742.3984375, 95935.375, 125945.953125, 174731.0625, 129566.015625, 119307.2578125, 130161.578125, 127271.453125, 157507.75, 135125.03125, 151986.75, 116108.5234375, 161185.953125, 73654.5546875, 138574.75, 121747.71875, 136100.375, 156665.234375, 156353.4375, 96865.6875, 154454.59375, 139083.53125, 107908.4921875, 111282.4453125, 140607.78125, 108761.828125, 166785.953125, 145335.5625, 157636.515625, 126551.1640625, 84670.7890625, 186859.140625, 106062.09375, 127178.5, 153945.0, 106270.1796875], "name": "default", "desc": "lr_0.001_nb_16_ld_1_b_4", "folder": "./saves/grid_seach/search1/lr_0.001_nb_16_ld_1_b_4_default_20240213-235603"}