{"nhidden": 128, "rnn_nhidden": 32, "obs_dim": 1, "latent_dim": 16, "lr": 0.001, "n_batch": 16, "beta": 4, "total_epochs_train": 50, "epochs_per_train": 5, "epochs": 50, "loss": [203900.234375, 156289.9375, 142236.546875, 145157.828125, 144215.3125, 114338.875, 170311.109375, 226261.765625, 266864.1875, 168768.578125, 224264.234375, 115207.765625, 166661.421875, 212041.328125, 134353.625, 179289.34375, 119170.09375, 223199.46875, 136381.625, 130864.796875, 182207.78125, 159624.96875, 169780.515625, 141385.171875, 187826.84375, 136706.171875, 249268.78125, 188873.875, 158533.140625, 138445.03125, 246270.96875, 142428.625, 130737.296875, 114701.8671875, 166453.65625, 147706.640625, 127259.59375, 112749.4375, 191902.71875, 154218.125, 142297.96875, 93086.53125, 108246.296875, 206758.25, 196651.671875, 123001.515625, 129131.9921875, 131473.375, 165365.046875, 139281.03125, 152150.234375, 120904.125, 155955.71875, 90054.109375, 140709.125, 150904.625, 158989.515625, 79517.703125, 108450.484375, 103510.359375, 140717.21875, 90607.2734375, 128568.8671875, 106093.7578125, 142937.640625, 98826.640625, 104402.5234375, 114906.2734375, 112428.0234375, 97494.90625, 169965.296875, 132443.453125, 110883.109375, 97809.125, 114462.4453125, 110655.40625, 102272.8984375, 132569.53125, 118633.828125, 167001.203125, 104336.0078125, 114242.53125, 120077.0234375, 86279.15625, 109553.3828125, 102267.03125, 114173.8671875, 91956.8203125, 167278.640625, 115676.625, 97108.65625, 108997.6171875, 108449.5, 109076.21875, 91158.328125, 86438.0703125, 124572.609375, 127912.28125, 123622.09375, 113055.75, 98062.46875, 101497.453125, 127111.0625, 123580.671875, 97016.7265625, 122888.78125, 95809.0859375, 95585.9609375, 104943.328125, 132279.671875, 102140.015625, 93196.1875, 82703.21875, 113704.7265625, 91612.2734375, 142395.90625, 86281.6953125, 79834.265625, 131617.890625, 104688.0859375, 92621.5546875, 87879.2265625, 102877.5234375, 104929.59375, 102129.8515625, 107412.21875, 94396.90625, 117725.328125, 95589.953125, 87130.625, 115189.6875, 141158.953125, 84535.8125, 80957.828125, 84265.09375, 117274.1875, 80683.453125, 76932.7109375, 86822.8046875, 99470.3125, 133793.078125, 105053.859375, 108360.8515625, 91365.6796875, 95127.6875, 95109.0078125, 96024.2109375, 83823.515625, 92907.671875, 86136.46875, 94992.75, 75947.515625, 90717.7890625, 75616.609375, 94701.96875, 78259.7578125, 79753.9375, 131710.359375, 73492.6796875, 89794.828125, 72864.1640625, 93112.7578125, 116903.453125, 85830.0859375, 74534.78125, 77517.578125, 71280.59375, 102635.8828125, 82849.46875, 102856.1015625, 65482.1640625, 90029.015625, 69840.3046875, 85657.7890625, 75230.6484375, 69733.6875, 90564.328125, 99148.640625, 80830.390625, 93164.15625, 66105.046875, 76207.4375, 100054.8828125, 93834.5078125, 103786.6328125, 70759.953125, 69588.7734375, 64547.78125, 67694.2734375, 73075.2421875, 60911.515625, 73686.5625, 63363.71484375, 98424.109375, 76567.171875, 73047.953125, 92642.8984375, 110446.9375, 73656.3203125, 100459.6875, 87681.46875, 73603.40625, 99470.9453125, 76518.9921875, 82976.9765625, 78790.0078125, 92953.46875, 85406.0234375, 86799.859375, 87525.4765625, 85241.78125, 106481.765625, 80355.96875, 81537.3046875, 93076.1875, 74930.515625, 77773.1171875, 78808.703125, 59802.8203125, 74510.8125, 85476.8125, 89745.2421875, 90989.5, 75544.3359375, 72666.6875, 60922.3203125, 69382.03125, 92123.390625, 76269.1953125, 94324.28125, 85001.1640625, 74976.3125, 77165.09375, 91095.5703125, 64462.28515625, 97324.2265625, 84064.2890625, 74767.40625, 65912.6796875, 65624.0625, 92039.1796875, 73450.53125, 87964.625, 62177.859375, 73646.1640625, 77994.5, 57558.22265625, 65745.515625, 96190.734375, 81441.4921875, 71671.046875, 61376.90625, 70452.828125, 102627.3125, 79540.1484375, 62137.078125, 66042.234375, 64588.5078125, 81181.453125, 62522.171875, 67781.4765625, 76380.03125, 84879.8515625, 64375.421875, 76192.765625, 60978.765625, 55178.4140625, 75344.5234375, 63386.1171875, 70482.1796875, 81960.953125, 67518.671875, 76064.25, 76392.078125, 55017.5, 64723.57421875, 64840.75390625, 84869.921875, 63854.67578125, 69129.4375, 60446.046875, 98232.5625, 52415.26171875, 56295.78515625, 87451.1015625, 55178.51171875, 62692.45703125, 73602.6640625, 55251.66015625, 59890.015625, 52386.96875, 53766.703125, 60497.1015625, 94811.9453125, 69703.09375, 69671.125, 79679.6015625, 82121.4375, 50184.828125, 69193.0625, 55447.76171875, 57185.08203125, 54441.0703125, 58248.85546875, 55936.86328125, 61379.5390625, 91903.78125, 63465.8828125, 64152.125, 72545.7421875, 43536.0859375, 68383.40625, 49805.6640625, 69302.5703125, 63018.890625, 66300.4921875, 72643.3984375, 66890.09375, 62648.6484375, 63495.05859375, 82465.390625, 73255.3359375, 59225.2890625, 42585.01953125, 54601.3671875, 64720.29296875, 59419.6328125, 68468.515625, 56260.375, 47216.0078125, 69563.796875, 64566.76171875, 87339.796875, 46795.61328125, 67354.8125, 65749.53125, 73854.3828125, 70568.1328125, 80722.796875, 79071.6875, 89550.1875, 47210.40234375, 67481.515625, 75778.0234375, 72183.484375, 88508.6953125, 84301.1640625, 57934.0, 60391.125, 70846.6953125, 51299.515625, 78334.359375, 92759.765625, 112337.2265625, 62769.5859375, 54070.76171875, 50592.65625, 48637.88671875, 75139.6875, 51157.44921875, 55869.02734375, 52285.7109375, 78502.3984375, 75331.7734375, 47889.11328125, 59817.5703125, 67251.859375, 73450.921875, 46862.1484375, 47057.8203125, 55582.23828125, 60063.546875, 71606.8359375, 65153.4921875, 54775.1171875, 54627.83984375, 48229.1953125, 52003.75, 68073.40625, 38306.2890625, 72841.984375, 76762.6796875, 54250.421875, 38694.90625, 95322.453125, 49957.59765625, 45164.84375, 51364.37109375, 44664.6171875, 61190.08984375, 70577.0234375, 57190.0, 48747.55859375, 64913.79296875, 58308.8671875, 73188.046875, 58684.171875, 92780.0859375, 70775.6640625, 64004.578125, 77181.796875, 66115.1015625, 51520.1796875, 75538.7890625, 64501.78125, 51599.69140625, 50652.72265625, 69740.9765625, 32608.8515625, 49247.80078125, 41745.18359375, 52028.84375, 47979.8984375, 37654.82421875, 34768.171875, 84947.390625, 41736.71875, 29339.25, 36647.6640625, 73859.2578125, 53089.75, 40428.50390625, 47156.79296875, 42111.68359375, 41753.58203125, 39920.890625, 48446.45703125, 50321.96875, 71457.078125, 55347.28125, 54231.91015625, 50565.015625, 57252.30078125, 53698.0390625, 56936.16015625, 25344.3828125, 48562.4765625, 104122.1953125, 37570.49609375, 39007.11328125, 43416.06640625, 40055.86328125, 43040.8828125, 54644.1640625, 53007.296875, 59708.0, 49921.35546875, 37550.203125, 29523.978515625, 59071.76171875], "name": "default", "desc": "lr_0.001_nb_16_ld_16_b_4", "folder": "./saves/grid_seach/search4/lr_0.001_nb_16_ld_16_b_4_default_20240307-094610"}