{"nhidden": 128, "rnn_nhidden": 32, "obs_dim": 1, "latent_dim": 2, "lr": 0.0005, "n_batch": 16, "beta": 0.001, "total_epochs_train": 50, "epochs_per_train": 5, "epochs": 50, "loss": [227118.90625, 203031.46875, 160475.046875, 143079.71875, 144964.5625, 197068.78125, 189608.296875, 147377.5, 173197.125, 184971.0, 143973.0, 143772.40625, 197445.1875, 130274.515625, 191805.765625, 228512.734375, 155431.65625, 173059.0625, 226988.59375, 204524.0625, 132004.328125, 149793.59375, 207731.28125, 178340.765625, 122861.625, 128509.890625, 158764.109375, 156421.375, 168180.34375, 174557.921875, 205769.84375, 203955.578125, 145411.15625, 113185.4609375, 113856.109375, 126765.8828125, 169766.328125, 143523.359375, 127371.734375, 132088.625, 160678.03125, 167419.296875, 243801.109375, 148318.015625, 178314.65625, 97946.1328125, 152301.1875, 175281.171875, 154990.984375, 218408.78125, 145090.046875, 168560.984375, 125449.09375, 202726.0, 161816.359375, 185511.375, 169904.359375, 157011.90625, 125951.5234375, 148897.78125, 109933.875, 169918.34375, 133570.9375, 135479.140625, 102757.875, 153450.828125, 202325.921875, 192737.390625, 99150.7890625, 121576.0546875, 97637.1171875, 183047.015625, 103964.84375, 135690.171875, 143906.28125, 111191.390625, 153714.9375, 150928.09375, 162944.5625, 115337.59375, 132963.21875, 165763.109375, 113011.0234375, 111653.6796875, 114576.6015625, 151622.171875, 154206.40625, 136906.390625, 97741.84375, 101248.078125, 147954.484375, 96967.0703125, 153025.328125, 114147.703125, 174514.0625, 93166.453125, 114362.9375, 103634.5625, 123050.7421875, 124871.6875, 101673.3828125, 156208.984375, 151202.15625, 87571.546875, 147123.140625, 98995.5078125, 129027.4296875, 116871.140625, 108596.296875, 141923.484375, 142017.59375, 119440.3359375, 112950.78125, 115014.453125, 106609.1875, 122154.8125, 108781.6640625, 106956.703125, 106647.4375, 154403.171875, 105350.4921875, 100205.2890625, 132185.078125, 116022.7578125, 132234.546875, 104846.59375, 126441.3125, 116855.3125, 117097.984375, 99165.0859375, 110388.140625, 107208.6875, 132356.203125, 126776.421875, 117452.171875, 101119.1953125, 115355.5234375, 135369.75, 130299.5234375, 103468.578125, 109258.28125, 90021.7265625, 123863.875, 129162.109375, 103736.296875, 106451.609375, 94793.1171875, 80157.7265625, 115935.4609375, 107272.21875, 92202.453125, 162410.234375, 101229.265625, 101516.796875, 102500.203125, 81080.5, 133510.9375, 105241.6640625, 131028.4921875, 112283.0, 107980.2109375, 107406.859375, 93414.53125, 119554.953125, 116061.34375, 119342.71875, 114035.5234375, 101494.515625, 106439.0, 90826.8125, 96230.6875, 107019.84375, 133516.828125, 118399.78125, 104552.2421875, 97692.3046875, 108361.8125, 106493.640625, 94260.34375, 85036.0234375, 94975.5234375, 118401.78125, 87442.296875, 113381.796875, 83247.4296875, 121035.0, 105435.359375, 84074.546875, 112113.4375, 114723.1796875, 89209.1328125, 106229.0390625, 96812.0390625, 101040.0703125, 88236.125, 105347.9140625, 104695.859375, 100684.453125, 104828.609375, 95537.7890625, 79539.9765625, 93771.4609375, 88357.4765625, 109476.078125, 119044.6171875, 122312.4921875, 84108.6796875, 94519.1015625, 86785.4609375, 97133.953125, 107898.796875, 97141.2265625, 104834.5390625, 126353.3359375, 86474.765625, 90779.0390625, 98516.1640625, 86230.1875, 98406.5703125, 103037.984375, 85130.5078125, 98209.0859375, 86946.6484375, 114239.9609375, 77904.3203125, 106032.9765625, 95180.78125, 99356.28125, 106782.90625, 90818.4765625, 77131.75, 89536.78125, 92686.21875, 100678.09375, 119888.2734375, 108506.125, 97027.859375, 81796.484375, 95372.265625, 93347.5, 97284.015625, 83932.5703125, 78435.2734375, 105508.4921875, 92020.5, 79916.90625, 82922.2421875, 108529.7421875, 98472.5, 86692.8125, 88089.671875, 90959.09375, 112868.6015625, 87930.6953125, 80717.2109375, 106649.234375, 78434.546875, 77030.84375, 78081.1484375, 101278.453125, 99217.5234375, 75240.7890625, 113769.7890625, 79860.15625, 100153.1171875, 78635.453125, 85038.21875, 118925.015625, 77543.6484375, 78877.4765625, 89875.1171875, 72022.390625, 75511.3515625, 97479.4921875, 65943.5703125, 66140.5, 140538.453125, 84863.3671875, 84815.265625, 106073.0234375, 98345.609375, 92556.7265625, 80392.90625, 72554.8828125, 68132.1640625, 91404.2578125, 67795.15625, 82321.03125, 73174.0390625, 87932.734375, 80273.2890625, 82739.625, 93413.8828125, 69179.3046875, 92867.125, 113938.6015625, 64188.25390625, 74023.2734375, 94208.609375, 86986.3828125, 97670.90625, 59149.40234375, 86266.3046875, 79720.28125, 82357.3515625, 98272.0625, 67834.59375, 105729.25, 95293.875, 78860.203125, 68273.4140625, 106324.9921875, 62304.06640625, 74205.921875, 68301.46875, 70159.375, 87890.3203125, 67896.125, 76164.8828125, 81431.4140625, 89414.4921875, 111997.4765625, 73856.078125, 67332.53125, 87180.2734375, 69857.6796875, 75221.7109375, 84800.046875, 97504.890625, 65969.078125, 80373.609375, 68148.90625, 87417.59375, 71281.234375, 75215.5390625, 83129.375, 54359.75, 73495.6875, 67401.484375, 83763.2578125, 86094.296875, 92013.453125, 61362.1640625, 75427.296875, 77927.0390625, 74244.53125, 112349.453125, 58670.7734375, 56297.21484375, 89109.3203125, 60968.5078125, 71604.7265625, 84844.0, 62937.75, 64157.50390625, 62328.02734375, 60839.890625, 83698.40625, 67195.8984375, 77552.015625, 78557.78125, 59724.484375, 60134.6171875, 97934.5546875, 64275.8125, 57681.89453125, 80218.9921875, 73440.65625, 74344.4375, 82167.1328125, 66977.7578125, 64973.5546875, 75149.375, 59226.2890625, 74020.9140625, 66826.578125, 67433.9140625, 83251.5703125, 62986.38671875, 61764.23828125, 67119.5078125, 66824.5234375, 73660.8046875, 60168.0859375, 51592.0234375, 94906.9765625, 69838.203125, 64187.2265625, 66803.65625, 61306.1640625, 93560.078125, 59369.9140625, 73860.8671875, 83033.875, 54461.375, 63003.65625, 54318.74609375, 65338.078125, 76076.7734375, 65884.8515625, 79122.1640625, 70143.0703125, 54066.6953125, 76152.578125, 66809.8125, 72030.4375, 59064.75, 80422.609375, 56682.8203125, 76421.078125, 56017.83203125, 73197.875, 54191.80859375, 52324.1171875, 51557.59375, 60083.32421875, 65505.125, 59107.36328125, 57963.13671875, 80479.0078125, 68692.4609375, 73720.5, 65971.8828125, 48826.7265625, 112991.125, 61281.26171875, 47900.19921875, 52764.38671875, 87252.8828125, 48614.05859375, 77631.1796875, 63878.7421875, 48823.7109375, 65325.19921875, 65927.3203125, 53367.9453125, 54977.0546875, 69117.875, 76143.9609375, 74344.859375, 63197.12109375, 58928.7734375, 56576.6328125, 71849.859375, 47822.1640625, 50261.4765625, 84037.1015625, 66268.375, 58027.0859375, 65827.3359375], "name": "default", "desc": "lr_0.0005_nb_16_ld_2_b_0.001", "folder": "./saves/grid_seach/search1/lr_0.0005_nb_16_ld_2_b_0.001_default_20240214-004004"}