{"nhidden": 128, "rnn_nhidden": 32, "obs_dim": 1, "latent_dim": 16, "lr": 0.0001, "n_batch": 16, "beta": 0.001, "total_epochs_train": 50, "epochs_per_train": 5, "epochs": 50, "loss": [156616.640625, 212390.0625, 116368.2421875, 130466.859375, 224106.8125, 139158.328125, 217758.765625, 235468.203125, 152858.109375, 199739.09375, 171159.375, 188065.90625, 147003.703125, 173063.5, 235991.109375, 139809.53125, 142363.171875, 143850.625, 184957.59375, 202967.140625, 157474.125, 188530.765625, 174775.96875, 142101.546875, 155894.609375, 154890.828125, 195990.953125, 212936.5, 158157.625, 286282.875, 100153.09375, 201565.078125, 124253.78125, 163352.625, 209602.390625, 139919.1875, 136271.15625, 172650.34375, 158377.109375, 196155.984375, 141670.40625, 174734.71875, 209366.03125, 119639.390625, 206903.90625, 160276.609375, 165599.40625, 182598.9375, 201502.21875, 209364.515625, 114109.9375, 182888.015625, 174856.0, 178927.125, 203501.0625, 214654.203125, 191627.453125, 139921.703125, 182728.578125, 113879.4609375, 163539.28125, 166910.03125, 183137.078125, 154663.15625, 126975.0234375, 172090.6875, 197536.671875, 116406.9609375, 268029.34375, 198987.71875, 114470.8359375, 205863.28125, 145076.15625, 179614.03125, 174285.828125, 184790.828125, 113788.109375, 213964.53125, 107412.1015625, 270400.9375, 139027.140625, 159495.8125, 144538.671875, 134952.640625, 204111.8125, 201386.953125, 150939.28125, 192443.5625, 155383.59375, 133764.71875, 135653.515625, 127774.65625, 108644.9609375, 247643.421875, 181228.46875, 235322.765625, 163143.1875, 124019.96875, 166252.09375, 221350.703125, 115359.2265625, 153446.34375, 184332.703125, 128816.90625, 185760.59375, 139394.59375, 223748.703125, 121964.71875, 205551.046875, 193033.734375, 138841.125, 184470.59375, 129510.484375, 193619.0, 201516.875, 126468.875, 144806.484375, 143719.390625, 254681.1875, 170020.984375, 130034.7734375, 228571.71875, 123340.59375, 138962.234375, 164670.375, 119474.84375, 133341.140625, 181784.28125, 177494.265625, 162440.375, 128426.6015625, 169895.375, 226206.125, 134328.375, 205867.84375, 161693.65625, 199863.625, 180009.671875, 136070.828125, 195653.15625, 153991.21875, 184553.171875, 137258.34375, 157698.234375, 157017.109375, 187295.28125, 114274.6171875, 141125.15625, 189624.09375, 158956.546875, 145438.53125, 186838.796875, 202735.3125, 152029.21875, 225394.3125, 168252.953125, 127069.1796875, 170941.90625, 156840.875, 183742.765625, 155937.671875, 144346.328125, 169615.21875, 138691.515625, 162129.046875, 135100.453125, 217246.859375, 215571.65625, 93224.8828125, 137296.890625, 188772.0, 175623.59375, 159152.75, 121249.6640625, 221544.65625, 138996.03125, 188027.40625, 169906.296875, 140293.71875, 140293.765625, 139960.59375, 194736.25, 166027.421875, 117260.734375, 167817.171875, 128321.75, 116168.7421875, 264704.625, 139170.125, 157689.265625, 123488.5546875, 141570.96875, 142121.703125, 156445.671875, 208004.65625, 180346.859375, 84246.921875, 219747.203125, 129172.125, 168192.71875, 186700.109375, 134877.46875, 176411.046875, 155211.203125, 175252.125, 137737.8125, 160130.5625, 227726.1875, 159987.484375, 170726.546875, 163184.234375, 161001.671875, 95437.6171875, 163181.046875, 101023.1640625, 150651.65625, 152117.546875, 123351.03125, 136939.1875, 130582.5625, 127707.6328125, 196640.21875, 125637.4140625, 206490.671875, 192388.75, 139289.984375, 205560.765625, 113437.7421875, 111034.4921875, 137886.78125, 186617.6875, 128911.53125, 181002.703125, 171660.03125, 152298.84375, 134691.140625, 177194.09375, 128402.1640625, 156655.3125, 119117.3046875, 181071.09375, 172341.28125, 135913.71875, 117207.203125, 160747.671875, 185800.15625, 176782.484375, 101063.8359375, 139807.328125, 149698.859375, 167015.5625, 129341.3125, 177475.53125, 165038.96875, 106800.5078125, 106679.7421875, 163304.078125, 135610.3125, 164333.828125, 145111.484375, 126956.96875, 127909.0703125, 136616.28125, 128525.90625, 135248.65625, 195363.78125, 133407.25, 187858.453125, 96329.640625, 116421.625, 111745.09375, 198209.40625, 111582.1875, 167328.65625, 151880.59375, 116229.6796875, 137665.59375, 122272.34375, 127419.296875, 167816.375, 132544.6875, 127115.8046875, 179042.375, 98592.0625, 136798.3125, 134897.78125, 134406.3125, 106511.015625, 130292.578125, 106249.046875, 115435.1796875, 122253.453125, 125918.796875, 110178.15625, 116407.6015625, 217986.0625, 163549.84375, 145851.71875, 111149.453125, 102368.96875, 171698.25, 118192.8203125, 133694.140625, 134747.28125, 192275.46875, 114063.2265625, 140041.0625, 118880.671875, 149243.6875, 199443.234375, 110088.3984375, 124301.53125, 116795.75, 128801.546875, 110819.21875, 144959.046875, 143588.140625, 175613.375, 112185.6796875, 150807.140625, 118124.40625, 109468.8828125, 108206.171875, 126022.4140625, 110977.4296875, 164200.453125, 100959.625, 130111.265625, 104441.0625, 103690.15625, 98350.828125, 171341.421875, 94311.125, 112128.421875, 129018.2265625, 157437.09375, 124822.6796875, 119947.2421875, 120621.2265625, 96888.6484375, 109790.765625, 158751.625, 94569.140625, 109878.203125, 118952.6484375, 191376.53125, 97475.375, 132349.390625, 128891.890625, 106725.6328125, 143119.21875, 129585.3125, 105181.8515625, 137300.953125, 120930.1171875, 113936.25, 131855.96875, 103614.2578125, 144591.921875, 136243.046875, 116688.703125, 112898.3359375, 116962.9140625, 162792.875, 112733.734375, 129423.828125, 125933.0546875, 118521.15625, 128574.46875, 108314.40625, 146433.703125, 111522.8203125, 118823.8828125, 108106.9375, 112649.3984375, 119695.375, 145865.84375, 101118.703125, 170385.03125, 86174.5078125, 113586.7578125, 95693.1015625, 114307.0625, 97472.234375, 110172.25, 132509.34375, 97704.390625, 98999.9453125, 110720.234375, 106323.6015625, 119040.328125, 100946.4609375, 145051.890625, 108106.9921875, 105826.84375, 110386.34375, 109803.1484375, 151506.265625, 127751.078125, 97642.0703125, 128503.59375, 91491.140625, 91437.359375, 120308.671875, 107479.7890625, 103692.7109375, 123156.625, 95577.84375, 107851.609375, 117078.7734375, 87035.890625, 134414.40625, 113178.375, 113993.734375, 99333.0390625, 91097.4375, 129806.078125, 91473.3359375, 111012.6171875, 93414.7421875, 137581.75, 101795.0, 168516.984375, 106540.078125, 114841.578125, 91004.484375, 133147.671875, 134840.515625, 108506.9296875, 105225.5859375, 110979.734375, 105455.0859375, 117844.640625, 98655.90625, 113803.28125, 98104.2265625, 99643.8671875, 128443.0234375, 98328.15625, 114042.0703125, 134725.96875, 90584.578125, 116109.84375, 129973.578125, 100002.59375, 107261.8515625, 112151.1484375, 108314.7109375, 125815.0625, 112067.171875], "name": "default", "desc": "lr_0.0001_nb_16_ld_16_b_0.001", "folder": "./saves/grid_seach/search1/lr_0.0001_nb_16_ld_16_b_0.001_default_20240214-012842"}