{"nhidden": 128, "rnn_nhidden": 32, "obs_dim": 1, "latent_dim": 8, "lr": 0.005, "n_batch": 16, "beta": 0.5, "total_epochs_train": 50, "epochs_per_train": 5, "epochs": 50, "loss": [182937.90625, 160487.953125, 140969.625, 224896.4375, 127612.2890625, 144573.03125, 168383.703125, 234168.25, 114251.078125, 110408.1875, 185015.078125, 155972.53125, 145486.984375, 231877.046875, 138735.90625, 119693.4375, 146497.765625, 122370.1328125, 120550.171875, 116067.609375, 107918.109375, 143199.59375, 125352.265625, 140691.4375, 132119.4375, 145257.3125, 171314.859375, 149058.53125, 101521.2109375, 137016.484375, 108049.046875, 119250.171875, 111864.984375, 109360.421875, 170195.640625, 121710.6484375, 116518.96875, 114725.53125, 105666.9453125, 121629.8515625, 178404.859375, 99811.6328125, 138069.890625, 98885.453125, 99151.4375, 101558.8125, 142823.6875, 118772.21875, 92772.03125, 111160.96875, 116533.328125, 143871.796875, 113679.015625, 100055.5546875, 154900.46875, 96694.203125, 105210.578125, 84026.5234375, 128534.5234375, 105364.1484375, 113204.484375, 96716.2578125, 87117.0234375, 108339.0, 93565.5390625, 105193.0390625, 92142.5, 81610.171875, 122398.9609375, 123060.6484375, 108248.5546875, 155332.015625, 92814.3984375, 119488.15625, 107281.765625, 118895.9296875, 100951.4375, 93107.8671875, 90351.0546875, 85086.21875, 70367.4296875, 117336.9375, 69576.9921875, 110367.3125, 82102.1640625, 71958.234375, 96205.65625, 60591.76953125, 114286.8984375, 115009.15625, 96823.0703125, 83696.296875, 91451.34375, 102435.40625, 111871.625, 87644.6484375, 104216.765625, 64270.015625, 75565.46875, 78313.0546875, 73772.796875, 74572.828125, 66105.796875, 85513.71875, 64961.03125, 150312.78125, 73329.3828125, 79113.5703125, 70828.8203125, 56845.93359375, 76841.2890625, 76630.609375, 125626.8984375, 67485.0703125, 69908.4296875, 61088.5390625, 64986.9453125, 64609.74609375, 76993.234375, 65559.1484375, 79068.5, 74175.171875, 72756.0625, 94674.5078125, 112784.4765625, 57252.98046875, 81215.921875, 75258.875, 107322.3359375, 89800.296875, 99572.171875, 106287.765625, 132500.109375, 86565.90625, 106090.265625, 88165.328125, 64080.25, 53791.34765625, 120958.421875, 57029.828125, 110509.0625, 99532.2734375, 81445.140625, 140270.421875, 34255.02734375, 67600.4921875, 85892.1328125, 95222.2890625, 76964.9765625, 67545.5234375, 65637.6875, 50543.5078125, 39399.99609375, 48101.37109375, 50857.296875, 108690.1328125, 74422.21875, 72480.9765625, 53536.9765625, 57046.2578125, 56256.546875, 80097.0, 56524.19921875, 32408.400390625, 82081.15625, 71683.09375, 66689.5, 42499.4765625, 41435.296875, 59905.11328125, 33323.28125, 51740.25, 52478.51171875, 55278.70703125, 45504.703125, 66789.59375, 88024.9375, 54137.80078125, 80843.84375, 44804.90625, 43828.9921875, 60441.4921875, 88999.390625, 40652.19140625, 72947.96875, 50845.3515625, 34336.828125, 58737.1015625, 59376.1328125, 56103.2890625, 75047.4453125, 126356.609375, 45555.8984375, 56486.8359375, 59407.4140625, 41754.58203125, 47825.7578125, 41264.171875, 69124.234375, 39078.75, 66993.8671875, 31811.15234375, 63050.3359375, 42584.37109375, 57967.30859375, 68622.609375, 49230.6171875, 50153.66015625, 63241.62109375, 53943.921875, 45119.86328125, 63758.0078125, 58826.30859375, 96016.6328125, 33486.54296875, 63275.0078125, 73001.640625, 51291.0234375, 57411.22265625, 68481.5, 67250.5703125, 66630.671875, 109168.984375, 34188.578125, 46587.875, 39897.8125, 62734.3046875, 41095.26953125, 39723.91796875, 37352.62890625, 41346.3359375, 60976.20703125, 64550.40625, 72932.6953125, 29102.27734375, 84992.796875, 55459.2421875, 53425.83203125, 63888.8515625, 54647.97265625, 55133.26171875, 73545.3671875, 42399.5390625, 36114.44921875, 55177.15234375, 57576.95703125, 35231.60546875, 58490.0703125, 39847.78125, 105102.640625, 95575.2890625, 50684.78125, 48715.328125, 63922.4296875, 33184.62109375, 68076.7578125, 101224.0625, 71038.2578125, 30655.955078125, 55123.609375, 56879.12109375, 46370.359375, 72455.40625, 44944.328125, 22248.30859375, 72609.7734375, 34523.1328125, 43660.36328125, 85022.0625, 58734.25, 32087.2109375, 50169.359375, 54770.15234375, 60438.0546875, 21192.775390625, 76489.234375, 75507.859375, 57464.6875, 50335.46484375, 26456.76171875, 63027.96484375, 47091.54296875, 63754.125, 37213.84765625, 65421.734375, 45563.1328125, 66714.1328125, 35316.1328125, 27275.23828125, 80513.359375, 51758.3125, 72550.359375, 70544.8046875, 41028.23046875, 39513.12890625, 21061.166015625, 46428.3515625, 49933.2265625, 104777.640625, 48679.76953125, 84387.3828125, 40659.00390625, 60599.8359375, 38943.88671875, 47123.671875, 26200.162109375, 38972.71484375, 52383.75, 64967.61328125, 44336.96484375, 63551.015625, 51199.62890625, 42970.9140625, 59059.26953125, 48247.3515625, 41924.78515625, 45253.13671875, 40994.1484375, 54831.23046875, 46479.64453125, 32052.10546875, 53136.1171875, 47914.4765625, 103029.296875, 40895.890625, 81685.6171875, 86921.0546875, 60911.24609375, 23300.396484375, 35096.05078125, 31385.48046875, 55511.5625, 51789.828125, 27173.3984375, 98462.4921875, 44714.96875, 57567.1953125, 52552.49609375, 47159.59375, 55829.328125, 53734.80078125, 60527.328125, 41142.37890625, 50441.0546875, 65857.3671875, 60880.0390625, 27399.90625, 44223.546875, 43178.609375, 48938.8359375, 62944.72265625, 45702.12109375, 49116.16796875, 37622.71875, 38477.6875, 62005.91796875, 50553.39453125, 50457.0546875, 58751.12890625, 65593.921875, 72203.3515625, 73447.140625, 31276.21484375, 22401.81640625, 80739.875, 27433.345703125, 44826.3046875, 46716.45703125, 57137.078125, 39359.6640625, 82595.625, 44777.57421875, 30869.583984375, 59070.71875, 27792.91796875, 24447.603515625, 69316.578125, 35544.31640625, 54442.60546875, 39823.19140625, 33333.109375, 41629.82421875, 48449.0859375, 51211.2578125, 67679.9609375, 46699.2421875, 55784.078125, 44031.64453125, 45617.625, 56462.13671875, 42329.45703125, 55540.73046875, 50481.796875, 54408.98828125, 42432.453125, 62505.3828125, 50654.66015625, 55552.8046875, 73569.671875, 63618.9921875, 40327.1171875, 61366.265625, 38859.6171875, 30923.015625, 67593.8984375, 46057.33203125, 53379.0859375, 34446.16015625, 57821.0703125, 56323.53515625, 21745.07421875, 29375.6796875, 124685.75, 39808.34375, 63582.75, 56717.6328125, 52173.9296875, 42319.5703125, 47219.4375, 30724.876953125, 80564.75, 59538.25, 36003.53515625, 49889.09375, 71402.9375, 43373.578125, 42105.1875, 55476.26953125, 57010.88671875, 46493.6484375, 33107.140625, 52842.45703125, 62800.8515625, 47291.94921875, 41201.22265625, 28445.20703125, 40227.0703125, 74554.375, 35047.9921875, 63444.06640625, 43254.0625, 76463.6875, 54819.2109375, 50996.0390625, 19529.921875, 36367.81640625, 90428.3984375, 22394.9296875, 45223.890625, 35041.56640625], "name": "default", "desc": "lr_0.005_nb_16_ld_8_b_0.5", "folder": "./saves/grid_seach/search1/lr_0.005_nb_16_ld_8_b_0.5_default_20240213-233310"}