{"nhidden": 128, "rnn_nhidden": 32, "obs_dim": 1, "latent_dim": 1, "lr": 0.01, "n_batch": 16, "beta": 0.001, "total_epochs_train": 50, "epochs_per_train": 5, "epochs": 50, "loss": [142338.3125, 248096.828125, 198958.953125, 187001.5625, 170194.140625, 140963.796875, 204820.96875, 199460.5625, 171152.0, 137387.640625, 165000.921875, 182437.453125, 202872.09375, 160855.421875, 156405.515625, 138886.78125, 112386.0390625, 178002.53125, 148650.9375, 172031.234375, 182168.859375, 167041.125, 135808.578125, 217208.921875, 151247.875, 127136.3984375, 108952.5625, 139415.234375, 146870.421875, 129247.921875, 106477.125, 167196.328125, 151246.40625, 148573.078125, 213607.484375, 197173.171875, 140415.203125, 124399.6484375, 127766.140625, 180298.0625, 175303.125, 157186.4375, 151738.140625, 160018.125, 144508.9375, 145370.109375, 179270.765625, 169199.765625, 145007.25, 183077.578125, 143629.84375, 129656.4375, 137289.5, 111888.6328125, 160600.171875, 118457.6796875, 173668.09375, 160726.0, 181352.125, 146152.75, 181810.78125, 103296.59375, 118706.875, 159567.578125, 147212.9375, 138787.71875, 189652.03125, 149004.21875, 142815.921875, 115929.4140625, 220695.84375, 139313.515625, 192266.34375, 117049.6015625, 191901.265625, 126210.3046875, 174267.40625, 193722.0, 101446.7421875, 156217.484375, 129354.5078125, 153546.546875, 157537.59375, 142303.3125, 179297.78125, 119936.765625, 128469.140625, 205295.890625, 142451.28125, 139178.890625, 136361.6875, 161010.140625, 141639.859375, 164456.265625, 185383.28125, 134461.640625, 148693.859375, 165912.8125, 166203.09375, 110059.5859375, 143884.609375, 185073.953125, 138005.0625, 141161.5, 114765.84375, 157306.84375, 191195.015625, 159706.171875, 152079.875, 114626.1328125, 128495.453125, 117724.5625, 216336.46875, 195140.09375, 103958.4609375, 167658.703125, 203397.328125, 172817.484375, 148788.4375, 164345.40625, 172428.578125, 171258.125, 137480.5625, 141102.125, 129110.921875, 157681.40625, 177376.0625, 163031.953125, 152597.265625, 167930.125, 132683.4375, 189345.15625, 153906.65625, 142714.46875, 97462.5234375, 88291.609375, 160578.953125, 137027.765625, 130451.328125, 153663.796875, 167283.6875, 189785.140625, 185767.171875, 172982.828125, 209944.46875, 173132.65625, 118535.4609375, 138626.625, 181693.828125, 181077.4375, 121398.578125, 128791.1875, 97416.828125, 153956.703125, 131588.640625, 188228.5625, 110547.7421875, 87153.46875, 113449.1796875, 191008.046875, 168575.796875, 175373.375, 130001.4140625, 188922.953125, 130146.0546875, 185594.0625, 108597.484375, 140025.375, 190210.25, 121661.328125, 172210.125, 151293.96875, 220651.5, 156530.4375, 162613.3125, 169443.75, 120879.6640625, 137416.953125, 134192.921875, 126564.328125, 114235.078125, 144843.5625, 141218.203125, 152605.5625, 164178.53125, 151521.0625, 118493.6796875, 163995.828125, 171615.125, 140212.828125, 158031.4375, 132946.546875, 151857.03125, 188807.609375, 148877.4375, 140897.40625, 199662.5, 149918.171875, 132030.09375, 122985.9765625, 126971.1796875, 133864.203125, 140443.5625, 172274.09375, 225352.515625, 177719.984375, 162274.765625, 203354.875, 173820.5, 120072.09375, 132572.4375, 151722.671875, 109783.375, 99451.0, 215114.21875, 129430.390625, 140807.078125, 172684.375, 117784.921875, 106879.3203125, 171993.984375, 139425.515625, 128341.015625, 205746.671875, 109421.0078125, 132458.9375, 120322.8515625, 174855.609375, 148392.546875, 119707.515625, 216032.1875, 147708.171875, 125290.0234375, 148524.09375, 128398.984375, 114163.6171875, 182443.625, 200022.515625, 130076.15625, 99289.546875, 116032.9140625, 153097.234375, 142722.515625, 130731.21875, 131968.328125, 128191.65625, 156782.109375, 172339.578125, 135192.859375, 133877.75, 114508.4453125, 186556.734375, 150292.5, 111642.921875, 114091.6953125, 158611.609375, 126143.8125, 177142.828125, 95298.0234375, 187004.765625, 147853.296875, 112226.5234375, 129368.5078125, 154701.9375, 117701.1484375, 152214.8125, 156404.390625, 145832.140625, 134914.71875, 134487.640625, 161383.28125, 193242.84375, 124031.1171875, 95526.125, 119134.9921875, 148545.953125, 135007.90625, 129555.234375, 139587.828125, 122888.7265625, 122610.859375, 110931.3984375, 178923.1875, 167894.34375, 104810.7578125, 145386.671875, 190088.375, 103232.078125, 140881.109375, 142942.234375, 186834.75, 110877.078125, 142948.421875, 126852.546875, 150284.5, 137777.625, 116496.1875, 104934.078125, 122388.3671875, 111749.328125, 170039.34375, 162706.0625, 156245.0, 133146.109375, 132335.15625, 151915.65625, 119431.1875, 143256.78125, 176539.390625, 121983.703125, 109913.484375, 123200.5390625, 179017.921875, 96773.515625, 121422.34375, 140349.890625, 173905.171875, 140174.109375, 94662.7578125, 139727.9375, 182155.859375, 146213.6875, 86672.546875, 119543.90625, 172336.21875, 166017.109375, 102081.5390625, 134452.828125, 138290.40625, 110806.796875, 175286.40625, 125117.96875, 128545.59375, 124720.28125, 144487.40625, 184311.28125, 143934.953125, 95954.046875, 113923.578125, 101245.4375, 171782.875, 161050.078125, 112009.5625, 166339.203125, 136401.53125, 126512.84375, 131139.6875, 125805.9296875, 155397.9375, 167920.265625, 104597.5859375, 112899.7265625, 124667.2109375, 114323.390625, 125137.3828125, 134923.234375, 125663.9140625, 179055.0625, 162960.109375, 155262.6875, 133450.90625, 137155.03125, 133653.75, 129229.8203125, 77404.1953125, 90964.625, 127053.421875, 188616.859375, 166332.359375, 153324.484375, 183599.75, 141031.34375, 125746.7265625, 146095.703125, 163105.09375, 93190.0078125, 215158.671875, 121956.6015625, 188759.25, 139333.5, 103359.4609375, 149394.0, 170028.453125, 124023.75, 198666.640625, 108786.34375, 199569.328125, 158432.90625, 180919.34375, 117756.59375, 140357.1875, 173515.3125, 117487.96875, 171793.453125, 157655.296875, 157126.90625, 142346.3125, 129714.453125, 115934.71875, 134207.875, 169397.734375, 144769.96875, 177820.03125, 139612.515625, 217089.125, 168752.421875, 187837.609375, 208280.375, 149886.375, 175877.640625, 127066.3515625, 124081.3125, 100080.1328125, 128798.953125, 128743.84375, 103094.3671875, 163529.421875, 263504.90625, 129812.7421875, 194417.46875, 145090.640625, 202279.65625, 226307.46875, 96819.640625, 144166.953125, 180421.578125, 95263.65625, 201022.015625, 227640.171875, 118193.3046875, 195712.484375, 156257.5, 168810.734375, 149034.78125, 165223.796875, 162133.25, 119167.7421875, 137369.96875, 132312.5625, 236654.9375, 151465.125, 117870.3125, 111643.1484375, 133553.15625, 151199.609375, 129584.96875, 317608.78125, 155249.8125, 138529.625, 156672.875], "name": "default", "desc": "lr_0.01_nb_16_ld_1_b_0.001", "folder": "./saves/lr_0.01_nb_16_ld_1_b_0.001_default_20240307-061330"}