{"nhidden": 128, "rnn_nhidden": 32, "obs_dim": 1, "latent_dim": 2, "lr": 0.001, "n_batch": 16, "beta": 0.001, "total_epochs_train": 50, "epochs_per_train": 5, "epochs": 50, "loss": [172726.6875, 129043.5, 140097.734375, 176035.34375, 205067.015625, 136762.140625, 171915.515625, 145397.5625, 255425.0625, 143291.4375, 181219.109375, 176772.71875, 181548.125, 247976.078125, 94746.890625, 225320.875, 96500.859375, 164706.609375, 137688.9375, 175147.625, 111922.953125, 199017.359375, 144679.890625, 170843.234375, 180898.96875, 158097.8125, 187503.375, 161825.765625, 167096.1875, 168664.859375, 180220.234375, 126169.2734375, 134645.75, 103008.640625, 131204.96875, 159320.3125, 122420.953125, 158102.265625, 141558.65625, 132440.109375, 191196.859375, 152229.46875, 130339.1015625, 112373.96875, 157183.484375, 136578.40625, 133383.78125, 158924.84375, 112917.8203125, 112075.640625, 163543.875, 119192.703125, 133025.125, 127651.328125, 175990.75, 110907.15625, 138703.34375, 116911.265625, 112303.359375, 109001.171875, 132171.4375, 125372.0078125, 170341.390625, 119537.3671875, 141011.421875, 122879.90625, 167733.71875, 115035.234375, 129201.3125, 120622.828125, 120222.140625, 137893.28125, 169700.34375, 171649.03125, 118635.4375, 130725.3203125, 109015.5546875, 112672.40625, 79675.84375, 129924.046875, 118685.984375, 127826.7109375, 138381.203125, 100993.9609375, 120932.6484375, 119807.5390625, 140596.734375, 123561.8125, 100949.21875, 144294.71875, 130056.5703125, 99381.109375, 116956.28125, 122561.4375, 91360.5, 120908.5078125, 125758.2890625, 93895.9921875, 182580.953125, 95729.59375, 98744.53125, 114580.875, 117896.640625, 98339.40625, 145640.0, 125398.875, 134043.546875, 130541.7734375, 120713.640625, 100362.984375, 128326.6796875, 98105.40625, 119695.1953125, 90247.453125, 188837.34375, 104189.5390625, 113539.265625, 124236.859375, 108921.984375, 120174.1015625, 119339.4296875, 99868.75, 97054.859375, 129434.7109375, 158209.890625, 81058.171875, 129075.203125, 121496.9453125, 92094.1640625, 110133.2265625, 108611.296875, 100568.859375, 98429.5390625, 98721.6328125, 150224.0, 86056.6875, 103836.9765625, 125388.6171875, 93322.015625, 111211.6171875, 102560.203125, 98606.4609375, 96746.6171875, 129107.625, 91185.046875, 100101.84375, 100380.375, 85666.40625, 83992.7734375, 168174.40625, 176150.4375, 91970.34375, 87069.53125, 91210.015625, 131957.453125, 88481.8515625, 144679.875, 92714.8515625, 103767.78125, 89797.5625, 77207.3515625, 131603.5625, 95737.5625, 130182.0, 117944.1640625, 78126.03125, 89527.46875, 81969.7734375, 123025.6796875, 100489.359375, 82405.3828125, 103385.8515625, 90156.5546875, 123188.0, 80675.21875, 79519.7890625, 97297.1640625, 120948.9609375, 83159.265625, 85719.3671875, 138284.96875, 76202.9609375, 72766.046875, 87075.4609375, 105032.046875, 84771.1484375, 74079.4609375, 95759.578125, 85090.0625, 151673.8125, 94665.4296875, 86497.703125, 106664.421875, 74611.7109375, 111308.078125, 67050.6015625, 81816.2578125, 68102.8125, 102503.9296875, 80917.4296875, 98502.984375, 108362.875, 80193.5, 65960.09375, 59234.953125, 100436.8359375, 117063.890625, 81502.3671875, 95564.75, 106946.625, 120364.375, 72914.0859375, 65510.6015625, 102608.671875, 57135.3515625, 69203.703125, 76112.515625, 60338.51171875, 115662.9609375, 70871.53125, 73506.90625, 82824.5703125, 108301.390625, 64238.53125, 102485.5546875, 64419.83984375, 73462.6328125, 78892.2421875, 101495.140625, 116994.4140625, 76292.15625, 73637.9296875, 79232.2890625, 95484.8359375, 56381.4921875, 87459.9453125, 95695.125, 64000.703125, 61038.23046875, 63844.5703125, 72489.84375, 115473.0703125, 99724.609375, 73722.234375, 75136.09375, 86856.6328125, 130346.3359375, 95752.7734375, 90421.890625, 67967.4296875, 59789.4609375, 57347.3984375, 63690.05078125, 70612.703125, 71059.0078125, 70922.75, 102055.09375, 64749.78125, 107794.109375, 63516.2578125, 84907.0390625, 92652.8984375, 61390.11328125, 55575.79296875, 58493.15625, 88103.921875, 80972.5859375, 83043.9296875, 61651.453125, 61822.19921875, 85738.5546875, 50113.265625, 52480.7109375, 105419.96875, 53921.2109375, 80918.40625, 78528.578125, 59166.296875, 68006.0, 78644.7421875, 69425.4375, 72243.0, 93689.4609375, 60811.6328125, 63376.58203125, 57367.359375, 76958.78125, 50941.703125, 55794.6875, 50761.82421875, 84587.984375, 59125.50390625, 76532.0078125, 49137.2109375, 72409.6640625, 65088.33984375, 55845.41796875, 62689.48046875, 76575.0625, 45270.03515625, 62874.2109375, 62886.98828125, 77553.375, 63739.8359375, 51206.6171875, 40179.23046875, 38643.3359375, 61251.76171875, 76360.3515625, 59597.20703125, 54191.1640625, 72686.09375, 38556.3515625, 76040.6640625, 81045.5, 38753.00390625, 47586.21875, 34873.984375, 120448.828125, 71111.578125, 96052.109375, 44343.75390625, 50875.69921875, 51510.015625, 41201.49609375, 56357.0703125, 99885.2421875, 100586.359375, 43987.0859375, 88236.515625, 72443.15625, 50491.5234375, 66431.875, 60334.65625, 69518.6328125, 65153.5390625, 64538.8671875, 51794.0, 48679.3984375, 83837.0234375, 84926.1015625, 45920.88671875, 75627.5, 63681.78125, 63821.9609375, 51584.6640625, 61863.7734375, 58719.8828125, 49167.58984375, 56128.76953125, 82448.859375, 35714.5859375, 54467.59375, 49962.45703125, 64855.8984375, 47698.98828125, 73448.4921875, 59889.8203125, 35273.8359375, 116237.1328125, 54576.44921875, 34681.40625, 41510.14453125, 106150.015625, 44516.484375, 52117.07421875, 67227.0703125, 52658.125, 53178.44140625, 33185.98046875, 51278.91015625, 46694.44140625, 53980.3828125, 44111.10546875, 51692.78515625, 102186.0390625, 48041.1015625, 94375.671875, 71482.5859375, 37622.1328125, 52414.6328125, 42992.98828125, 68816.6015625, 38540.05859375, 52815.91015625, 41808.7421875, 80416.859375, 33378.89453125, 72892.8515625, 50088.66015625, 60215.28515625, 50556.5390625, 60097.50390625, 68415.25, 61284.546875, 47558.46875, 43513.15234375, 51260.421875, 70628.4453125, 37569.25, 53863.6953125, 74579.6875, 32150.875, 76589.5625, 61641.6796875, 41516.1171875, 41841.7578125, 31761.3515625, 134445.640625, 39551.65234375, 74286.734375, 41761.234375, 39646.70703125, 35719.2578125, 48160.8671875, 48978.83203125, 75297.578125, 45529.47265625, 45812.03515625, 58228.0859375, 77852.96875, 34608.12890625, 58479.9609375, 64474.83203125, 69334.90625, 37327.421875, 49690.15234375, 91570.2265625, 53946.859375, 41424.31640625, 58759.1796875, 28351.20703125, 73249.40625, 50229.5625, 28662.939453125, 29111.029296875, 58606.515625, 36749.640625, 56216.95703125, 82310.1484375, 50548.80078125, 50533.9765625, 48898.3359375, 33728.765625, 28467.2578125, 67986.9921875, 53679.0234375, 67331.0390625, 39355.7578125, 103357.65625], "name": "default", "desc": "lr_0.001_nb_16_ld_2_b_0.001", "folder": "./saves/grid_seach/search4/lr_0.001_nb_16_ld_2_b_0.001_default_20240307-090716"}