{"nhidden": 128, "rnn_nhidden": 32, "obs_dim": 1, "latent_dim": 4, "lr": 0.005, "n_batch": 16, "beta": 2, "total_epochs_train": 50, "epochs_per_train": 5, "epochs": 50, "loss": [214471.96875, 208683.484375, 147761.75, 194856.53125, 145252.859375, 209578.265625, 113656.203125, 174669.71875, 139999.234375, 165244.421875, 214528.015625, 163581.078125, 182802.203125, 131900.796875, 137615.96875, 151446.359375, 107074.203125, 132586.203125, 118138.8515625, 165617.546875, 141978.53125, 210086.46875, 173731.890625, 113207.7734375, 143838.3125, 143440.65625, 182820.21875, 154175.140625, 120194.734375, 156773.875, 154133.59375, 144725.171875, 117482.7734375, 137915.609375, 135449.125, 117033.5234375, 101103.09375, 118816.5625, 129742.84375, 124488.546875, 92752.5234375, 129466.9140625, 164640.171875, 136264.953125, 119037.96875, 121090.0, 139102.8125, 95642.6328125, 120669.9609375, 103458.7109375, 112612.765625, 100073.3359375, 112980.109375, 85773.03125, 97849.640625, 85297.96875, 123414.71875, 109287.625, 73930.78125, 85914.5234375, 103167.1953125, 132595.328125, 97239.953125, 79365.4765625, 120845.71875, 92210.265625, 84682.8125, 69462.6328125, 124877.0390625, 121823.1484375, 81640.765625, 76047.609375, 89182.375, 104224.4765625, 92511.1328125, 97315.453125, 81435.375, 66465.6484375, 118807.8359375, 88903.4296875, 80328.7265625, 122951.6484375, 107084.3203125, 62724.6875, 71371.6796875, 90396.9765625, 94849.265625, 83815.828125, 82311.8203125, 88956.703125, 65274.6328125, 105530.0, 90676.9296875, 106361.0, 77792.515625, 83956.203125, 65034.06640625, 52752.0703125, 78185.3671875, 88170.7890625, 70244.4921875, 57567.0078125, 90300.5625, 83570.859375, 73590.0703125, 74979.6328125, 66153.3125, 109562.25, 63587.40625, 81635.6796875, 110032.953125, 79749.5703125, 62973.91796875, 57332.234375, 100461.09375, 67716.4375, 54917.1640625, 64715.69921875, 78527.9140625, 66678.0390625, 86282.015625, 54821.625, 48087.85546875, 106249.2734375, 69508.4609375, 84667.65625, 58955.0390625, 70732.6640625, 71812.671875, 53854.2265625, 67261.984375, 64436.15625, 71719.6484375, 93850.6015625, 70881.3515625, 64777.0, 66296.3671875, 71379.5390625, 95496.65625, 54808.03515625, 42204.859375, 58561.5546875, 65354.99609375, 62295.8828125, 96382.1484375, 45318.765625, 42124.4609375, 49918.0546875, 61272.7109375, 53728.1484375, 86128.515625, 55209.16015625, 63936.58203125, 89997.609375, 65606.2109375, 58437.859375, 62491.35546875, 34756.74609375, 71313.6875, 53335.6484375, 63003.421875, 40778.546875, 33010.9921875, 76606.828125, 37970.05859375, 46621.765625, 67524.609375, 56495.99609375, 67015.4375, 62382.3984375, 72668.171875, 51571.70703125, 47068.7421875, 63147.7265625, 52529.03125, 37152.171875, 80775.8515625, 31950.5625, 48362.2578125, 76573.46875, 53059.08984375, 42267.91796875, 69799.8125, 35537.31640625, 39308.46875, 70795.5546875, 42085.80078125, 133644.15625, 38228.03125, 59132.5546875, 38909.9765625, 93139.2109375, 53325.11328125, 74815.15625, 66466.3359375, 44238.796875, 102761.078125, 122063.8828125, 50131.8046875, 69518.53125, 48239.40234375, 66908.8515625, 63996.96875, 41811.69921875, 63121.37109375, 61347.4453125, 74330.9609375, 103228.28125, 28764.203125, 62141.0390625, 52116.2265625, 52692.453125, 55998.74609375, 39790.49609375, 61165.25, 37276.74609375, 66060.8515625, 42654.1484375, 36357.8125, 62776.83984375, 97196.546875, 41576.75390625, 36130.9765625, 54953.8359375, 47558.7578125, 18830.556640625, 65403.0703125, 76408.5546875, 63854.625, 52425.5625, 42441.72265625, 59943.29296875, 72836.15625, 48148.796875, 39594.453125, 45797.9609375, 71792.8125, 71176.9765625, 50793.984375, 38018.51171875, 40133.41015625, 57599.81640625, 63791.0546875, 43103.80859375, 63861.0625, 90528.9140625, 29943.953125, 41555.9921875, 53419.24609375, 48992.05078125, 27101.91015625, 44908.51171875, 45067.23046875, 56430.953125, 78268.484375, 38052.5546875, 31610.4609375, 39773.44921875, 55529.265625, 69537.6171875, 44314.35546875, 51386.125, 61926.4140625, 66260.9765625, 30945.39453125, 43050.00390625, 51225.48046875, 52542.25, 23265.43359375, 66045.46875, 50610.375, 35346.6640625, 55999.95703125, 59653.421875, 67215.6953125, 57447.61328125, 51271.56640625, 37324.10546875, 56172.3125, 57067.71484375, 88833.5625, 43554.75390625, 79949.3671875, 75012.2890625, 80069.71875, 45243.6875, 38173.25390625, 64398.953125, 54334.890625, 73668.28125, 38848.40234375, 52445.359375, 55754.77734375, 70651.4609375, 25304.94140625, 61801.31640625, 54728.01171875, 54775.33984375, 69373.75, 44960.7734375, 36636.83203125, 40367.5078125, 63375.484375, 28828.7421875, 52078.234375, 58375.92578125, 65741.0, 50946.94140625, 40424.4765625, 77385.6640625, 41554.3046875, 54376.97265625, 45325.12890625, 50116.01953125, 28779.13671875, 40852.94140625, 43283.15234375, 25112.96484375, 51599.484375, 37724.3984375, 103472.140625, 33956.5234375, 37064.62109375, 65191.0078125, 69511.46875, 25446.251953125, 64581.20703125, 63210.85546875, 49199.92578125, 62056.04296875, 45157.7109375, 22986.19921875, 50682.90625, 50785.4765625, 31120.244140625, 45410.42578125, 71230.5, 41995.0703125, 43661.20703125, 71309.6875, 58076.7734375, 62732.5, 53612.02734375, 68996.2578125, 47880.359375, 72136.9609375, 76517.3515625, 49658.41796875, 31486.6328125, 47821.4140625, 35727.8125, 57175.89453125, 50554.37109375, 43991.2265625, 52626.1640625, 33969.73046875, 48954.7265625, 44962.1640625, 44766.35546875, 56340.6484375, 69013.1171875, 53865.4453125, 75181.3359375, 33552.3671875, 54887.7734375, 45083.3046875, 54051.44140625, 38894.046875, 33007.97265625, 53477.07421875, 37700.44140625, 87188.65625, 25898.73046875, 39996.17578125, 71677.1796875, 80124.0234375, 35399.95703125, 32301.580078125, 41195.01953125, 26811.556640625, 85861.40625, 23079.19921875, 52297.171875, 39721.265625, 61260.3828125, 64180.2265625, 41761.45703125, 31246.4296875, 49697.32421875, 47024.60546875, 30996.42578125, 78150.4453125, 57199.75390625, 54346.9921875, 23004.76953125, 87549.109375, 46056.515625, 37958.3046875, 32377.92578125, 41303.31640625, 25918.2421875, 72339.390625, 69991.53125, 38920.00390625, 36713.48046875, 33693.203125, 63433.84375, 62880.2109375, 30182.15234375, 65582.9140625, 44936.58984375, 49403.953125, 43863.91796875, 40031.9375, 54413.78125, 78029.75, 63332.05859375, 53244.0234375, 53615.0078125, 50988.5546875, 52720.41796875, 29866.89453125, 33245.54296875, 30780.857421875, 77139.6484375, 48391.52734375, 47881.5078125, 66425.4453125, 76419.578125, 61797.8359375, 59283.33203125, 29246.93359375, 46000.90625, 47721.9609375, 40457.109375, 79561.390625, 32575.013671875, 61178.48828125, 25423.0, 77460.0703125, 86780.75, 43358.51171875, 32668.390625, 31397.0, 51178.85546875, 75347.109375, 76570.453125, 27864.875, 56713.12890625, 85430.3046875], "name": "default", "desc": "lr_0.005_nb_16_ld_4_b_2", "folder": "./saves/grid_seach/search1/lr_0.005_nb_16_ld_4_b_2_default_20240213-232649"}