{"nhidden": 128, "rnn_nhidden": 32, "obs_dim": 1, "latent_dim": 8, "lr": 0.001, "n_batch": 16, "beta": 0.001, "total_epochs_train": 1, "epochs_per_train": 1, "epochs": 1, "loss": [103985.3515625, 142770.640625, 164061.015625, 211736.875, 144498.109375, 120942.65625, 154104.8125, 263088.09375, 215733.828125], "name": "default", "desc": "default run", "folder": "./saves/default_run_default_20240307-061704"}