{"nhidden": 128, "rnn_nhidden": 32, "obs_dim": 1, "latent_dim": 16, "lr": 0.01, "n_batch": 16, "beta": 2, "total_epochs_train": 50, "epochs_per_train": 5, "epochs": 50, "loss": [145303.34375, 201103.46875, 212235.671875, 137494.328125, 241784.9375, 151073.828125, 170064.84375, 156713.171875, 133976.40625, 181085.90625, 138451.9375, 129521.421875, 156531.03125, 114263.921875, 179224.65625, 183468.0, 203486.046875, 150122.40625, 132119.609375, 194474.484375, 128098.984375, 160771.84375, 132021.734375, 173485.921875, 158123.609375, 156600.6875, 131393.25, 115285.1640625, 135905.203125, 138977.359375, 139009.609375, 173851.671875, 165759.8125, 122951.953125, 138773.59375, 111618.0078125, 159364.421875, 113941.765625, 135751.015625, 116317.34375, 105723.5625, 170607.8125, 147061.34375, 139720.421875, 81523.59375, 172540.84375, 226856.34375, 104433.75, 128509.0, 134891.078125, 222972.984375, 133499.453125, 147092.8125, 80054.703125, 139640.390625, 133776.078125, 227198.875, 182748.4375, 114367.734375, 169857.359375, 119900.03125, 123496.609375, 126707.59375, 95242.3671875, 98373.9140625, 147140.953125, 110579.6171875, 140143.03125, 191238.375, 154295.0625, 99795.5078125, 78069.328125, 132325.0625, 164071.71875, 125179.7890625, 153117.6875, 122776.953125, 96435.921875, 117277.375, 74284.7265625, 105592.734375, 112401.9375, 115625.640625, 127388.9375, 93417.890625, 120796.046875, 115283.7421875, 122467.65625, 87218.53125, 71274.125, 161041.265625, 87285.8125, 111858.4375, 118979.515625, 85229.515625, 89341.7734375, 134468.890625, 81201.703125, 113130.625, 98897.125, 84062.0859375, 75534.7109375, 141747.78125, 125757.0, 67632.2890625, 72586.3125, 99490.0078125, 80078.5703125, 107243.671875, 90480.2890625, 71216.6796875, 66137.21875, 85485.25, 70933.1640625, 73423.859375, 94070.03125, 58835.15625, 73645.78125, 104536.515625, 89367.1875, 40071.2265625, 71693.1484375, 72311.9921875, 61661.24609375, 73638.6796875, 77051.625, 86256.109375, 73749.0390625, 93599.0390625, 55656.84375, 107186.8359375, 94771.53125, 45598.49609375, 74088.671875, 82971.59375, 97874.9921875, 63044.359375, 87282.640625, 84868.9609375, 36839.44140625, 105223.3515625, 69166.4375, 46797.35546875, 52101.02734375, 69174.515625, 71723.140625, 55476.671875, 81432.390625, 65563.265625, 36648.44140625, 58380.90625, 55979.9140625, 61280.30859375, 66419.2890625, 36711.62890625, 48341.0703125, 82537.34375, 41914.71875, 77460.046875, 71788.2421875, 74208.3515625, 71029.7578125, 66354.046875, 29045.453125, 53534.3359375, 95006.2734375, 38439.0859375, 62712.7890625, 78730.390625, 65320.7734375, 42602.13671875, 28411.2109375, 62385.15234375, 62358.0625, 70505.8828125, 54750.3046875, 57796.0546875, 47398.34375, 32161.931640625, 61544.3125, 38512.921875, 66047.1953125, 69649.3671875, 48894.08203125, 79957.171875, 40640.73828125, 67625.0390625, 48678.9765625, 56819.53125, 36225.84765625, 42155.12109375, 70214.5390625, 59131.81640625, 58308.3125, 114691.1796875, 58463.84375, 55253.95703125, 101363.640625, 73099.65625, 35948.93359375, 124639.15625, 96803.78125, 75086.4375, 94997.015625, 42025.15625, 112213.453125, 47674.1640625, 69023.3125, 71758.046875, 76275.6875, 84115.09375, 51508.015625, 30338.583984375, 47285.53125, 67157.875, 77414.4296875, 66761.8828125, 47355.5546875, 38249.890625, 64479.375, 52395.2890625, 46563.1484375, 85941.3671875, 41138.43359375, 73023.859375, 85469.6640625, 53864.84375, 44687.3828125, 30130.837890625, 32903.37109375, 102339.921875, 99857.4296875, 55222.234375, 42654.0234375, 60624.86328125, 59384.34375, 33462.390625, 73356.1328125, 62966.6328125, 44242.484375, 24761.439453125, 87779.0859375, 56259.546875, 55763.140625, 84587.109375, 36792.6484375, 51966.40234375, 36666.81640625, 31857.1328125, 61763.92578125, 46493.6875, 45373.07421875, 42333.72265625, 71613.3671875, 42232.90625, 75872.7890625, 37244.68359375, 55129.5, 48750.42578125, 24194.248046875, 61203.46875, 28375.837890625, 41562.83984375, 37597.70703125, 49607.73828125, 68940.8828125, 40143.9140625, 33750.9609375, 78087.4296875, 117159.6796875, 46099.01953125, 78125.3203125, 39899.7109375, 78367.875, 55352.0625, 39950.25390625, 59286.265625, 33019.44921875, 64394.47265625, 75879.75, 49889.390625, 79112.3359375, 63547.4609375, 41957.26171875, 70535.9375, 75056.421875, 53231.96875, 59883.49609375, 52282.6171875, 131895.078125, 44398.60546875, 60562.49609375, 66745.1640625, 41332.0, 45413.45703125, 35418.80859375, 64450.8125, 81801.1875, 84926.046875, 49596.453125, 57396.62109375, 49030.7578125, 50197.7890625, 80219.9296875, 58591.609375, 72316.7109375, 44631.7578125, 42126.4921875, 25686.87109375, 37361.08984375, 94318.765625, 65784.1640625, 148192.6875, 37073.5390625, 36382.63671875, 52243.35546875, 49521.5625, 34936.296875, 54595.984375, 50631.484375, 66520.84375, 78825.0859375, 44637.17578125, 29930.525390625, 53249.4453125, 29026.08984375, 39138.3828125, 26267.396484375, 63601.95703125, 48977.4765625, 65732.8203125, 82983.609375, 59257.3203125, 55172.5703125, 69492.6328125, 60155.6953125, 42521.1015625, 49347.234375, 46958.4921875, 47195.52734375, 55867.38671875, 59357.28125, 88216.9765625, 37335.94921875, 56930.89453125, 41592.78515625, 41592.5703125, 26735.4453125, 44380.59765625, 43918.2578125, 49062.69140625, 79164.5703125, 62595.75390625, 45039.99609375, 51483.42578125, 37737.359375, 35427.265625, 57915.44140625, 44038.30078125, 29607.712890625, 39663.7578125, 49180.4765625, 55373.06640625, 39590.09765625, 30125.94921875, 47174.109375, 65173.828125, 55351.5078125, 81416.421875, 38763.7421875, 59802.796875, 64825.16015625, 53500.12890625, 64896.5625, 60430.7421875, 45498.17578125, 54204.8203125, 27646.01171875, 72167.765625, 33330.78125, 37074.40234375, 40370.87109375, 37855.875, 62318.2890625, 28669.6015625, 44402.8515625, 68522.4453125, 87665.234375, 35050.40234375, 59692.734375, 45733.25390625, 41091.828125, 45914.55078125, 68461.4609375, 40303.3125, 42308.42578125, 30072.166015625, 34513.81640625, 72690.2734375, 78803.8984375, 37865.1328125, 54219.8671875, 72514.8828125, 41640.0234375, 45948.83203125, 53001.77734375, 21139.927734375, 47425.23046875, 57884.8671875, 65093.73828125, 94927.5625, 45567.07421875, 39133.03515625, 55924.46875, 57467.46484375, 70280.234375, 34748.85546875, 70779.203125, 40165.2109375, 31725.541015625, 62275.359375, 28277.779296875, 62698.0625, 61259.65234375, 101353.3671875, 60675.484375, 29123.693359375, 38267.34375, 51117.015625, 36329.93359375, 72354.09375, 60245.859375, 74771.0, 50375.765625, 35571.7734375, 36918.2578125, 67875.484375, 65727.5234375, 25081.96484375, 41079.0703125, 64458.6640625, 39917.4140625, 34757.921875, 36375.8671875, 48767.453125, 90774.0, 50039.59375, 79994.265625, 31274.875, 73943.9375], "name": "default", "desc": "lr_0.01_nb_16_ld_16_b_2", "folder": "./saves/grid_seach/search1/lr_0.01_nb_16_ld_16_b_2_default_20240213-225727"}