{"nhidden": 128, "rnn_nhidden": 32, "obs_dim": 1, "latent_dim": 2, "lr": 0.005, "n_batch": 16, "beta": 0.5, "total_epochs_train": 50, "epochs_per_train": 5, "epochs": 50, "loss": [227732.96875, 231239.828125, 175643.953125, 157746.25, 193656.28125, 150556.09375, 103654.984375, 182786.203125, 112971.1484375, 141466.25, 214411.546875, 126318.171875, 107219.5078125, 132688.5, 147071.3125, 156930.125, 230160.8125, 114176.984375, 223525.734375, 140527.296875, 139411.046875, 163892.28125, 163704.875, 156481.5, 140458.15625, 110059.609375, 134028.796875, 104668.359375, 194264.375, 215619.984375, 167824.09375, 109514.515625, 111014.78125, 112300.609375, 158006.671875, 145386.015625, 203730.3125, 102796.546875, 160032.71875, 140378.3125, 142256.3125, 146507.046875, 137559.53125, 142301.375, 133470.53125, 101386.5859375, 123599.421875, 125601.9375, 136035.09375, 175293.0625, 132660.125, 169295.28125, 112283.09375, 107666.65625, 174952.75, 129264.328125, 105771.3203125, 153183.453125, 138736.625, 132094.21875, 90399.4765625, 90908.0625, 93291.2421875, 181839.8125, 121652.15625, 155056.953125, 114651.5703125, 107400.46875, 131504.796875, 105432.609375, 93639.9765625, 110045.125, 90076.6953125, 92679.9921875, 142573.5, 100644.140625, 125256.703125, 100835.296875, 83846.265625, 86000.171875, 139115.984375, 89293.1484375, 112369.703125, 100679.3671875, 92474.203125, 137962.75, 84632.921875, 92475.2421875, 111062.0, 117992.984375, 74352.546875, 80139.3515625, 72611.875, 123697.609375, 125343.640625, 72705.3984375, 121380.5546875, 152545.09375, 107275.140625, 101607.4765625, 72036.7578125, 105254.359375, 88166.015625, 124776.6875, 65824.296875, 92787.6875, 109066.796875, 92227.609375, 84798.4765625, 73049.90625, 98847.6796875, 87873.0859375, 96937.75, 83091.7578125, 94752.0078125, 118084.2265625, 51510.65234375, 52045.7109375, 84804.7109375, 65838.21875, 88241.9609375, 112704.7109375, 62290.15234375, 66635.453125, 117017.0078125, 83997.578125, 71856.578125, 92871.640625, 59937.7421875, 96714.78125, 113751.359375, 73088.9765625, 52679.69921875, 86243.609375, 78023.546875, 69342.2265625, 97118.8359375, 128497.7421875, 71117.34375, 67896.609375, 71604.328125, 52654.5, 44314.9140625, 61310.0, 82308.2890625, 66886.9296875, 45466.25, 52256.609375, 44351.90625, 106232.671875, 76906.328125, 42660.796875, 56655.3515625, 55510.28125, 82142.171875, 63033.55859375, 40991.37890625, 48343.609375, 63314.703125, 61533.640625, 43786.75390625, 79047.6171875, 52196.6328125, 54962.96875, 53658.09765625, 22716.3203125, 70578.8046875, 53257.3828125, 105189.15625, 83122.921875, 32448.267578125, 65445.75, 33937.4609375, 53429.46875, 111320.875, 48947.73046875, 71354.046875, 56053.4921875, 45958.36328125, 58027.64453125, 62109.5, 37762.29296875, 58621.62890625, 30944.517578125, 74676.7265625, 31198.607421875, 38825.69921875, 97862.5078125, 39465.8203125, 54736.71875, 97020.75, 46666.58203125, 50825.40625, 49096.96484375, 48922.5234375, 32639.775390625, 63610.3203125, 65495.0546875, 43703.125, 89014.390625, 62587.03125, 53601.6171875, 50418.12890625, 52158.8203125, 22538.681640625, 65085.70703125, 46931.40625, 37490.390625, 57292.1015625, 42156.1484375, 62419.1796875, 41259.32421875, 39498.48828125, 71055.375, 135263.53125, 41154.84765625, 39092.1328125, 48529.12890625, 70745.78125, 59390.7578125, 34840.83203125, 58407.6953125, 59443.30078125, 57759.95703125, 56009.80859375, 53154.5, 81914.3828125, 30139.13671875, 68357.78125, 26884.634765625, 55896.21875, 59629.52734375, 75572.828125, 53762.796875, 36428.33984375, 47440.17578125, 52049.54296875, 52378.421875, 45356.2265625, 71854.5625, 29062.66015625, 89372.2109375, 45027.390625, 70403.03125, 67040.5703125, 35844.71484375, 40604.515625, 42753.75390625, 33947.51171875, 39763.22265625, 50984.75390625, 58632.546875, 32746.041015625, 51222.79296875, 52707.6796875, 35050.28125, 103607.71875, 31095.794921875, 65158.4921875, 53798.6796875, 46416.88671875, 62148.671875, 40955.3203125, 48998.26953125, 61025.90234375, 52160.7421875, 46622.6328125, 42987.27734375, 28234.537109375, 72573.8125, 52396.2578125, 47320.875, 37809.6953125, 68267.75, 41131.703125, 98538.3515625, 35155.14453125, 44135.6015625, 73330.1328125, 33481.2578125, 54655.3359375, 50995.0078125, 68955.046875, 36941.16015625, 62804.5078125, 37168.2109375, 67981.4140625, 47612.7578125, 39733.38671875, 39130.0078125, 53294.84375, 46946.03125, 84524.5, 39991.0859375, 41289.4921875, 45771.5703125, 61541.765625, 49496.69921875, 44967.44140625, 80252.4140625, 37858.7578125, 51149.578125, 58308.6953125, 44329.43359375, 49779.30078125, 22124.90625, 18467.396484375, 40451.2265625, 36389.703125, 33248.69140625, 78867.7578125, 75612.0859375, 66505.671875, 69798.8828125, 53403.0859375, 59374.9296875, 32229.162109375, 37124.9140625, 39066.375, 92130.3046875, 101382.9765625, 77333.4296875, 33740.08203125, 52832.015625, 66821.796875, 35818.25, 46093.88671875, 66706.6328125, 39821.47265625, 58321.6875, 123743.125, 61804.4296875, 41595.015625, 58123.90234375, 34764.40625, 77083.28125, 26905.509765625, 35530.484375, 71447.40625, 95287.3125, 42048.671875, 64462.35546875, 72288.7265625, 54588.6953125, 74710.9765625, 49478.84765625, 34393.3515625, 64755.3125, 84948.2421875, 108152.671875, 78494.609375, 93193.59375, 50780.5390625, 43939.89453125, 85346.59375, 46534.1171875, 46890.9375, 98455.8125, 64615.265625, 81094.4609375, 70565.75, 138081.078125, 36363.3984375, 60173.2890625, 36894.4921875, 39139.12109375, 61210.125, 34409.28125, 25346.046875, 63678.00390625, 96050.796875, 72324.3359375, 33678.59375, 40400.7890625, 59204.2265625, 52091.88671875, 51340.390625, 45711.765625, 62539.06640625, 39195.00390625, 51226.73828125, 53486.05859375, 22231.46484375, 56682.44140625, 44461.19140625, 65362.1328125, 47876.6484375, 34520.6875, 77948.078125, 43092.46875, 77139.8984375, 49917.43359375, 30241.498046875, 50487.0234375, 40771.40625, 35843.109375, 37492.57421875, 68233.8203125, 46710.37109375, 53823.265625, 55987.02734375, 83001.2265625, 72042.171875, 37205.0703125, 39227.0703125, 54979.56640625, 44602.3828125, 42122.68359375, 24647.53125, 100642.3203125, 129860.109375, 51735.0625, 40651.7578125, 35896.95703125, 53308.69921875, 37294.34375, 51196.7734375, 52105.78125, 50969.9609375, 104720.8828125, 46519.4609375, 31507.734375, 35981.734375, 44315.59765625, 33009.32421875, 42579.984375, 43312.9140625, 77978.4921875, 48516.34375, 50988.58203125, 56330.234375, 39553.10546875, 55543.48828125, 43970.21484375, 50399.97265625, 39275.234375, 30024.263671875, 49083.06640625, 52886.34765625, 57181.59375, 63187.4765625, 39516.640625, 48964.8671875, 68668.5078125, 37909.1484375, 65644.34375, 34040.94140625, 61127.83203125, 32959.94140625, 61852.4296875], "name": "default", "desc": "lr_0.005_nb_16_ld_2_b_0.5", "folder": "./saves/grid_seach/search1/lr_0.005_nb_16_ld_2_b_0.5_default_20240213-231120"}