{"nhidden": 128, "rnn_nhidden": 32, "obs_dim": 1, "latent_dim": 16, "lr": 0.01, "n_batch": 16, "beta": 4, "total_epochs_train": 1000, "epochs_per_train": 50, "epochs": 50, "loss": [100932.3828125, 103260.4296875, 101288.3359375, 83380.2265625, 137451.96875, 86520.0546875, 70884.09375, 66771.3515625, 37966.3828125, 40995.04296875, 18149.015625, 43868.2734375, 40822.7421875, 34500.23046875, 27025.0, 29751.51953125, 32074.822265625, 25863.51953125, 4339.9453125, 22279.392578125, 16155.4296875, 29799.787109375, 45770.8203125, 9197.92578125, 25330.037109375, 18795.99609375, 17228.4765625, 7279.9267578125, 13077.3203125, 17238.314453125, 14913.060546875, 5239.7216796875, 12147.134765625, 13710.142578125, 22221.5546875, 8528.091796875, 11781.287109375, 6588.3984375, 18240.6875, 6880.298828125, 7049.23046875, 6281.20361328125, 5490.353515625, 13692.240234375, 10264.5107421875, 8375.5810546875, 8459.52734375, 6322.34765625, 9233.671875, 6510.234375, 9891.94140625, 6531.80419921875, 11308.3720703125, 6250.3349609375, 1550.492919921875, 3537.877685546875, 8740.53515625, 5607.07568359375, 13418.291015625, 13695.455078125, 21594.37890625, 7445.166015625, 9345.681640625, 19585.029296875, 7650.34765625, 9809.4033203125, 8892.6787109375, 12495.5888671875, 7077.7900390625, 11057.044921875, 10234.171875, 9743.9990234375, 8764.16796875, 11066.669921875, 7402.42431640625, 6274.62255859375, 6145.04150390625, 6099.23583984375, 10009.3671875, 6371.220703125, 4705.96142578125, 4686.9755859375, 6227.4765625, 2404.1318359375, 6541.00048828125, 4807.93994140625, 10508.6806640625, 10545.7451171875, 7572.45361328125, 4411.39111328125, 9116.4453125, 8237.8017578125, 2982.047119140625, 6258.3095703125, 4806.02001953125, 4091.31689453125, 8492.1201171875, 9874.720703125, 3384.850341796875, 6893.923828125, 7172.00732421875, 1176.6971435546875, 6734.10107421875, 5949.4365234375, 8095.0166015625, 9039.3173828125, 4121.85546875, 8555.8037109375, 2576.06103515625, 6266.81640625, 10255.693359375, 8075.61767578125, 6162.11669921875, 3611.578125, 8061.69677734375, 4065.99853515625, 3850.8720703125, 5030.46240234375, 6464.87939453125, 6404.990234375, 10197.1162109375, 5047.25830078125, 4058.67724609375, 4261.0478515625, 5889.9482421875, 9381.8515625, 15075.4306640625, 2961.7939453125, 2803.215087890625, 2761.942138671875, 4432.79833984375, 7458.34130859375, 5304.68359375, 3740.551513671875, 5808.91162109375, 7767.11328125, 5771.45166015625, 4578.9580078125, 4173.552734375, 5458.0966796875, 6886.20068359375, 5688.27783203125, 6600.17578125, 4042.78955078125, 4935.064453125, 2672.0556640625, 7740.2177734375, 5320.4228515625, 7803.380859375, 10596.76171875, 6687.75634765625, 6252.53515625, 5874.46875, 6101.6748046875, 9320.39453125, 2157.427490234375, 6029.60986328125, 6592.203125, 11550.392578125, 3082.02978515625, 5665.5390625, 6536.29296875, 4702.9052734375, 7165.1640625, 4155.03955078125, 1452.869873046875, 3713.826171875, 10844.2880859375, 6804.38720703125, 7016.88427734375, 8527.63671875, 4663.21240234375, 8103.41796875, 5799.72314453125, 3525.9541015625, 9722.1748046875, 4130.19189453125, 7051.88037109375, 9257.9921875, 4715.97607421875, 8814.611328125, 9138.0234375, 3993.48681640625, 4712.20166015625, 4780.201171875, 8659.5078125, 19541.1484375, 5376.4404296875, 7692.3271484375, 28183.603515625, 2900.5302734375, 20114.66015625, 11382.486328125, 23406.947265625, 13634.919921875, 16988.212890625, 5311.1513671875, 14512.4501953125, 20866.802734375, 8167.759765625, 17352.814453125, 4398.8076171875, 9393.0654296875, 6170.39697265625, 20770.580078125, 20429.87890625, 5845.2646484375, 6693.396484375, 3071.76025390625, 10700.2626953125, 6885.333984375, 10087.5693359375, 9413.857421875, 5227.1884765625, 8223.7861328125, 3332.12158203125, 2980.91650390625, 10230.310546875, 7190.78515625, 7003.0, 5184.74658203125, 3659.180908203125, 9904.85546875, 6548.7685546875, 9762.1376953125, 7971.5400390625, 6317.439453125, 6531.6357421875, 2847.80322265625, 9962.568359375, 6162.47314453125, 4488.4970703125, 4542.169921875, 6820.6337890625, 3720.510009765625, 8384.9912109375, 2592.38671875, 6993.9501953125, 7473.14892578125, 8835.05078125, 4419.7392578125, 7153.41552734375, 4938.4169921875, 4770.19580078125, 5451.9951171875, 5838.591796875, 1801.50048828125, 4242.0263671875, 4180.62060546875, 5782.052734375, 5654.08251953125, 13433.4482421875, 8587.7451171875, 6602.2724609375, 8484.326171875, 5741.82421875, 4655.1728515625, 2217.321533203125, 3224.87841796875, 7215.3369140625, 11307.6181640625, 2118.41455078125, 2589.8662109375, 6495.7822265625, 6742.9697265625, 5285.697265625, 9208.3896484375, 6036.248046875, 6955.064453125, 5527.9140625, 2482.245849609375, 8975.3388671875, 6824.5712890625, 9749.255859375, 9069.765625, 2918.05859375, 6010.06884765625, 4398.69140625, 4907.94970703125, 9080.12109375, 8689.541015625, 5633.41845703125, 2531.490478515625, 4309.16845703125, 8806.6474609375, 12833.6328125, 1707.8194580078125, 1821.426025390625, 5121.587890625, 3268.82080078125, 5330.65185546875, 10115.470703125, 3142.19140625, 4178.42919921875, 6186.1025390625, 4508.4931640625, 12376.46875, 3780.462890625, 10702.0283203125, 7216.32666015625, 4351.037109375, 4803.89111328125, 5783.7109375, 11410.4501953125, 16354.6220703125, 10178.7841796875, 11401.6494140625, 17716.12890625, 8921.2509765625, 7037.6328125, 10367.826171875, 11086.60546875, 13106.841796875, 8459.798828125, 3571.82763671875, 8206.392578125, 16149.9150390625, 3735.823486328125, 13688.83203125, 13543.4423828125, 11349.095703125, 14011.43359375, 5242.87255859375, 8190.0224609375, 8243.6455078125, 8516.400390625, 8102.75732421875, 5945.599609375, 7956.2578125, 15221.580078125, 10283.712890625, 7321.09228515625, 19531.806640625, 20360.451171875, 7656.00634765625, 8288.95703125, 3658.776611328125, 15260.8916015625, 13227.18359375, 8203.24609375, 7530.55517578125, 6446.17724609375, 9379.3935546875, 14098.64453125, 17507.021484375, 2362.953125, 11382.8564453125, 7871.958984375, 7302.39208984375, 6726.82568359375, 3512.0703125, 9337.150390625, 13163.4794921875, 12133.416015625, 4334.31640625, 4950.9814453125, 2124.21484375, 5543.27783203125, 3467.43115234375, 10070.23828125, 6969.64794921875, 3218.637451171875, 7811.2666015625, 5728.47265625, 3559.255126953125, 4630.08740234375, 6882.875, 6268.9150390625, 7864.505859375, 3797.579345703125, 5890.5224609375, 9154.44140625, 7015.41748046875, 6833.31103515625, 5274.33349609375, 5352.44775390625, 5818.904296875, 4074.426513671875, 11024.982421875, 4915.55810546875, 2139.482421875, 9346.806640625, 2553.77001953125, 3720.516845703125, 5149.63525390625, 4438.1015625, 4951.32080078125, 6152.6103515625, 5275.19287109375, 2380.8056640625, 7737.65966796875, 4820.65625, 3358.169677734375, 7174.89697265625, 4603.72314453125, 1750.885498046875, 8531.9208984375, 3414.150634765625, 9598.4228515625, 3304.936279296875, 5070.513671875, 4561.2265625, 4212.0234375, 4712.65576171875, 6686.509765625, 8573.662109375, 7259.0615234375, 3891.836669921875, 8094.93994140625, 6275.0205078125, 3707.866943359375, 5789.9228515625, 3413.707275390625, 3761.84423828125, 8020.76220703125, 2015.0743408203125, 7540.76953125, 6813.9755859375, 6221.2802734375, 9899.640625, 2122.362060546875, 4185.5751953125, 7005.19091796875, 4766.7978515625, 5105.70556640625, 3907.146484375, 8268.7978515625, 3065.6181640625, 5522.29638671875, 3834.178466796875, 7400.2958984375, 5553.79052734375, 2036.2757568359375, 8907.509765625, 3898.370361328125, 4184.97509765625, 6615.447265625, 8734.9228515625, 2827.40625, 4669.05712890625, 5869.76953125, 12535.244140625, 2240.751953125, 4354.28271484375, 3748.912353515625, 10481.634765625, 7658.12646484375, 6633.533203125, 3028.0302734375, 3385.021484375], "name": "default", "desc": "default run", "folder": "./saves/dynamic_run_default_20240227-213807"}