{"nhidden": 128, "rnn_nhidden": 32, "obs_dim": 1, "latent_dim": 8, "lr": 0.0001, "n_batch": 16, "beta": 2, "total_epochs_train": 50, "epochs_per_train": 5, "epochs": 50, "loss": [200987.09375, 165907.53125, 133832.3125, 188459.21875, 175505.234375, 133533.21875, 132305.0, 230590.875, 188972.78125, 214339.96875, 173602.40625, 137880.28125, 139417.71875, 133191.296875, 178596.90625, 154947.75, 221325.71875, 237611.546875, 117956.4609375, 135001.09375, 201323.828125, 120424.46875, 215562.171875, 178257.15625, 169865.296875, 187853.6875, 210254.53125, 173111.875, 178290.390625, 145086.015625, 198390.796875, 179136.296875, 277663.875, 144157.1875, 161673.921875, 141612.046875, 218919.21875, 136295.125, 209570.453125, 127607.078125, 131590.46875, 196156.96875, 183980.8125, 185438.59375, 158812.3125, 90620.65625, 258214.4375, 138979.15625, 123062.765625, 138153.609375, 163727.90625, 141337.28125, 203291.59375, 267080.65625, 129628.640625, 259752.1875, 125489.375, 233324.59375, 157390.90625, 167553.3125, 155320.5625, 206753.859375, 112949.8671875, 220999.90625, 146637.46875, 200938.34375, 176521.140625, 228353.265625, 176751.09375, 160841.375, 93153.0703125, 154998.546875, 176370.59375, 136250.375, 123753.59375, 162366.421875, 136660.65625, 242064.921875, 150470.234375, 210238.515625, 175745.90625, 154390.640625, 178350.59375, 153518.578125, 157326.953125, 174167.09375, 156350.59375, 197212.71875, 117128.2421875, 185648.4375, 190086.171875, 108255.5, 219469.046875, 162519.484375, 134897.640625, 155363.0625, 262835.40625, 133852.296875, 153022.71875, 205564.453125, 129084.9375, 126033.65625, 239207.609375, 159334.21875, 132861.625, 135759.953125, 204728.4375, 189350.25, 120779.75, 164878.515625, 133860.109375, 155366.34375, 237120.828125, 182384.15625, 223722.0625, 138523.234375, 182675.765625, 209428.828125, 149567.703125, 158209.265625, 142191.8125, 192235.765625, 159394.375, 103491.3125, 192426.6875, 162308.796875, 188311.625, 122211.578125, 137927.796875, 210462.53125, 178416.171875, 158843.796875, 236569.375, 115079.7578125, 182050.34375, 213415.1875, 162261.921875, 170581.25, 149752.9375, 246832.1875, 118732.28125, 97295.6953125, 148851.171875, 213743.859375, 200819.0, 160594.421875, 107526.8359375, 178919.625, 197029.296875, 111524.1171875, 181552.921875, 189510.84375, 167280.6875, 141271.15625, 128224.625, 172029.75, 232568.28125, 162114.8125, 100788.3984375, 181316.4375, 195614.3125, 201373.890625, 114591.7890625, 196250.34375, 194645.1875, 118672.0625, 267743.53125, 155084.5625, 150194.15625, 145854.53125, 148156.15625, 208822.125, 120862.9375, 185654.796875, 118997.703125, 165905.90625, 97229.0546875, 181344.078125, 176358.546875, 193236.765625, 156659.84375, 238784.78125, 155188.5, 133032.234375, 159985.65625, 174318.859375, 142302.140625, 138225.0, 177450.125, 202154.96875, 163731.6875, 151926.921875, 170701.140625, 112152.359375, 184342.203125, 190909.75, 147778.875, 152540.78125, 164086.75, 159700.15625, 129008.296875, 163326.09375, 209146.5625, 124542.46875, 181047.625, 172857.046875, 149200.109375, 186519.8125, 134412.046875, 214865.859375, 163575.6875, 155837.046875, 106323.5703125, 176786.9375, 159957.125, 156208.875, 132719.546875, 164964.125, 127049.90625, 164894.328125, 180076.203125, 188461.5625, 157460.78125, 181901.890625, 153641.125, 86786.3125, 201477.3125, 178589.921875, 180168.203125, 143397.71875, 117267.1640625, 172213.84375, 227920.96875, 135046.171875, 181797.578125, 158689.625, 183714.03125, 192547.34375, 119927.515625, 94165.390625, 112851.21875, 172526.75, 240059.125, 215325.40625, 142641.046875, 135439.140625, 185330.1875, 119930.4296875, 142294.984375, 193053.21875, 169132.28125, 130903.921875, 180638.390625, 219867.9375, 154468.15625, 124307.8984375, 182905.96875, 130224.765625, 162938.375, 179741.8125, 123006.9375, 163214.03125, 123987.203125, 107441.0078125, 208301.4375, 115172.34375, 222469.984375, 149543.171875, 153293.96875, 163151.59375, 177354.671875, 136006.4375, 116364.7109375, 131699.421875, 186412.875, 111521.125, 170347.84375, 243068.609375, 153691.859375, 173130.234375, 176637.796875, 119192.7734375, 142280.5625, 163392.265625, 104037.8828125, 158829.4375, 132827.25, 219061.03125, 140809.8125, 136378.9375, 169524.140625, 158537.109375, 109757.421875, 142578.234375, 199240.34375, 175723.6875, 153987.0625, 136523.859375, 189622.09375, 121075.890625, 177301.65625, 174178.234375, 187568.3125, 150408.359375, 161927.65625, 103465.4375, 162306.875, 146163.875, 176375.8125, 121673.703125, 186645.375, 152957.90625, 123271.640625, 117359.734375, 146496.375, 194173.25, 200485.28125, 143409.46875, 166483.4375, 140160.09375, 105790.0234375, 129222.546875, 144783.640625, 103232.1015625, 165628.59375, 159373.359375, 86382.3125, 129499.828125, 142089.140625, 111114.8828125, 174208.0, 195093.40625, 136410.984375, 192692.0625, 152993.546875, 128536.6953125, 120462.5703125, 165251.53125, 155231.328125, 128119.8203125, 119300.078125, 99876.1015625, 158063.5, 124238.7265625, 115101.59375, 124858.09375, 154530.015625, 159202.59375, 123008.78125, 138653.46875, 130557.2421875, 105870.015625, 159838.25, 127007.0078125, 126136.078125, 155094.109375, 122112.8359375, 107266.65625, 133786.671875, 166227.03125, 156556.65625, 148069.609375, 172857.0625, 105783.4296875, 107502.2421875, 118433.8125, 129789.9296875, 142065.140625, 142443.015625, 151294.046875, 117866.8359375, 146957.0625, 132590.015625, 111218.7265625, 136832.828125, 107208.6484375, 105944.9140625, 180167.296875, 158966.4375, 114438.359375, 109958.9140625, 159828.0625, 180162.984375, 123388.671875, 131380.90625, 119420.7890625, 111203.4453125, 103995.296875, 136443.5, 114278.5, 162842.171875, 142255.296875, 126198.53125, 154479.734375, 144460.640625, 106806.390625, 121697.2578125, 146018.90625, 100327.6328125, 135656.3125, 137569.5, 133619.0625, 172165.78125, 129912.59375, 106128.125, 112042.890625, 90344.03125, 107211.609375, 141269.59375, 165174.28125, 131583.765625, 174510.28125, 126746.578125, 112421.140625, 134672.859375, 113600.7890625, 112721.3515625, 134082.265625, 138997.15625, 136318.265625, 118737.5546875, 164112.984375, 135029.375, 110660.125, 110866.0390625, 104300.2421875, 102751.5703125, 168720.875, 130765.5546875, 166100.6875, 160321.96875, 132624.375, 135127.21875, 139084.984375, 109010.7421875, 100686.8125, 113672.40625, 157208.625, 100120.546875, 160143.671875, 139434.703125, 145714.65625, 83263.203125, 158367.84375, 131044.7734375, 130318.515625, 106778.2109375, 142043.171875, 110988.5859375, 120178.6875], "name": "default", "desc": "lr_0.0001_nb_16_ld_8_b_2", "folder": "./saves/grid_seach/search1/lr_0.0001_nb_16_ld_8_b_2_default_20240214-012700"}