{"nhidden": 128, "rnn_nhidden": 32, "obs_dim": 1, "latent_dim": 2, "lr": 0.001, "n_batch": 16, "beta": 2, "total_epochs_train": 50, "epochs_per_train": 5, "epochs": 50, "loss": [174925.53125, 184011.296875, 228942.734375, 132661.015625, 160692.25, 194945.171875, 149011.75, 223137.96875, 124698.1171875, 136683.515625, 238866.390625, 141089.046875, 165637.015625, 189568.390625, 202404.03125, 153782.90625, 127787.6953125, 169245.96875, 161751.21875, 99051.2578125, 222859.71875, 125695.3203125, 109240.875, 150183.9375, 137801.125, 213344.890625, 204461.890625, 158061.953125, 121231.15625, 140427.8125, 112180.6796875, 206427.96875, 149718.46875, 147543.578125, 145908.984375, 117206.4375, 150133.5625, 160395.84375, 110296.46875, 106475.1171875, 163503.0, 130400.1328125, 120639.3359375, 147769.453125, 130106.8125, 149784.984375, 140050.390625, 145203.53125, 124688.359375, 102590.890625, 145664.546875, 109776.3203125, 112261.5625, 111507.3046875, 161951.984375, 100759.515625, 146208.546875, 128252.703125, 134118.03125, 121407.9375, 106177.609375, 137325.9375, 108936.0703125, 138299.65625, 152432.9375, 140551.6875, 152626.625, 108062.4609375, 125939.0546875, 124204.421875, 106286.296875, 106370.7421875, 151180.34375, 116464.0703125, 121019.703125, 99553.5, 137414.53125, 140986.015625, 124395.65625, 142066.34375, 97128.984375, 130747.84375, 94600.015625, 95304.703125, 87431.4140625, 133425.28125, 161978.65625, 102379.2109375, 161496.125, 142259.515625, 149519.8125, 130158.796875, 119846.03125, 142830.171875, 131513.90625, 115132.875, 113321.390625, 98238.1015625, 100570.5625, 88996.0546875, 158986.71875, 88919.890625, 155531.40625, 160666.359375, 118312.328125, 109583.890625, 118233.0390625, 104471.953125, 113217.8125, 102140.703125, 98475.421875, 154444.671875, 90196.0859375, 107037.1171875, 131018.40625, 129218.25, 182703.015625, 99876.015625, 96001.9609375, 92219.703125, 121076.5390625, 177621.921875, 107236.1953125, 90489.078125, 114942.6640625, 126563.2421875, 131801.5, 118637.6796875, 100426.5625, 89735.90625, 128663.5078125, 117974.21875, 126430.4375, 98786.859375, 101349.046875, 128270.8046875, 133505.703125, 104182.078125, 111605.1328125, 112985.015625, 124791.015625, 105301.7109375, 90221.140625, 88219.46875, 127910.671875, 151596.203125, 86294.53125, 108710.359375, 110212.890625, 126045.3359375, 109781.1484375, 89937.125, 88534.46875, 99611.8046875, 94555.4375, 108578.6875, 118559.171875, 99293.375, 145457.125, 72543.5234375, 116876.875, 125613.3359375, 95439.6953125, 99878.375, 109140.4296875, 81544.9140625, 149301.140625, 106547.015625, 100685.765625, 85161.8203125, 102126.8828125, 130913.4765625, 102817.7578125, 90830.75, 76719.1640625, 144816.921875, 103789.7265625, 103216.375, 101654.2890625, 104898.859375, 111932.6640625, 93600.734375, 102764.0390625, 115411.2734375, 111551.65625, 109300.5, 101356.4375, 90306.6953125, 102652.671875, 101638.546875, 114015.015625, 108844.1796875, 92283.71875, 92070.765625, 97201.9375, 133917.640625, 70677.9140625, 95497.875, 86101.2421875, 110477.125, 111834.765625, 79560.1171875, 93737.9453125, 89203.65625, 86054.875, 128128.125, 101477.0078125, 68097.1328125, 76888.984375, 82770.359375, 98683.4375, 74698.640625, 135667.515625, 115499.734375, 78771.1953125, 102260.3984375, 89405.7734375, 94794.6171875, 97799.40625, 73397.859375, 87887.84375, 94768.3828125, 95764.015625, 91754.2734375, 72135.421875, 111023.5546875, 97429.484375, 113643.0390625, 104877.5390625, 70067.3515625, 62734.9765625, 88372.0625, 96282.1171875, 68163.71875, 70250.5078125, 110820.9375, 76462.6953125, 103385.1875, 73327.78125, 59409.796875, 115215.8515625, 71550.046875, 79261.4375, 54025.02734375, 144123.3125, 124456.828125, 80410.375, 70541.203125, 81936.4921875, 65889.71875, 69325.703125, 66420.5546875, 76809.21875, 72103.1875, 67475.9765625, 65168.3984375, 94816.515625, 108746.8515625, 100521.390625, 86004.8984375, 82224.6171875, 69152.328125, 90892.8359375, 55730.5390625, 63105.12109375, 103807.625, 54292.41015625, 80666.3828125, 86279.5859375, 103849.0625, 90884.265625, 134933.78125, 88314.8203125, 71262.8828125, 69495.6640625, 55375.80859375, 58751.43359375, 73179.0546875, 46032.8828125, 36161.203125, 51752.5234375, 136943.21875, 98795.2578125, 88447.9140625, 60969.7890625, 78902.421875, 70029.453125, 61488.421875, 63675.875, 107828.875, 71657.0546875, 55152.03125, 63175.42578125, 40335.671875, 82258.125, 61144.296875, 72086.984375, 55617.18359375, 62151.84375, 73088.90625, 55706.58203125, 79006.671875, 83402.828125, 56473.58984375, 78890.3359375, 36960.47265625, 58095.625, 109345.484375, 53520.0625, 40690.65625, 54030.39453125, 60027.10546875, 41971.6796875, 35866.88671875, 95026.328125, 80772.3828125, 70549.8828125, 78523.9375, 51002.3515625, 83629.875, 53968.97265625, 59865.34765625, 42067.5, 36882.546875, 81468.53125, 44895.6796875, 76375.7109375, 41386.14453125, 48967.73046875, 68154.59375, 43505.28125, 86125.296875, 62670.0546875, 76557.9765625, 60518.640625, 41811.0, 59513.44140625, 52588.8359375, 54304.3671875, 86936.640625, 59818.0, 32114.580078125, 91854.2578125, 38074.7890625, 69563.2734375, 51321.2265625, 65552.75, 25695.11328125, 46330.84375, 71219.265625, 64346.578125, 61756.0859375, 28012.771484375, 39860.92578125, 84138.75, 51400.0078125, 81292.6953125, 62183.01171875, 53304.76171875, 37867.5859375, 47705.0859375, 38407.46484375, 42827.484375, 41128.0625, 77623.515625, 45284.16015625, 80291.6875, 65906.203125, 69630.109375, 51144.921875, 70111.8515625, 58519.77734375, 47824.3203125, 60951.2421875, 52275.73828125, 27784.27734375, 54486.9453125, 84201.2578125, 76868.0625, 74004.9453125, 62987.46875, 47815.82421875, 70305.2890625, 47739.5859375, 39855.6640625, 63922.66015625, 47364.56640625, 46796.09375, 47239.8125, 102500.8125, 57424.24609375, 70228.09375, 75306.9609375, 37597.56640625, 72080.5, 53468.48046875, 70219.25, 82458.765625, 76909.78125, 49906.265625, 68016.7890625, 33989.484375, 44924.0234375, 76395.75, 34261.4140625, 42344.1875, 44808.390625, 55305.12890625, 94155.65625, 54205.6484375, 52442.12890625, 57040.1328125, 38738.16796875, 48998.40625, 47310.015625, 55766.9140625, 66806.53125, 29492.611328125, 47736.953125, 42990.03125, 95964.125, 62403.06640625, 72958.4296875, 78434.0546875, 87459.171875, 47717.5625, 41077.5, 78625.6953125, 47409.95703125, 33311.0, 55394.01953125, 50555.7265625, 88873.0078125, 34580.46875, 44639.7265625, 59825.3671875, 46482.453125, 65048.734375, 63676.10546875, 47556.11328125, 27661.123046875, 42804.046875, 49399.0078125, 50078.546875, 71090.3046875, 70066.515625, 41839.203125, 56428.79296875, 44592.69140625, 52879.19921875], "name": "default", "desc": "lr_0.001_nb_16_ld_2_b_2", "folder": "./saves/grid_seach/search1/lr_0.001_nb_16_ld_2_b_2_default_20240214-000345"}