{"nhidden": 128, "rnn_nhidden": 32, "obs_dim": 1, "latent_dim": 16, "lr": 0.008858667904100823, "n_batch": 16, "beta": 1.3333333333333333, "total_epochs_train": 1000, "epochs_per_train": 50, "epochs": 100, "loss": [115070.765625, 68337.46875, 118798.0390625, 77717.234375, 51851.1953125, 80907.0703125, 58569.09765625, 59532.98046875, 60040.1875, 13791.79296875, 28336.63671875, 15274.6015625, 21816.59375, 19495.27734375, 22943.2734375, 11665.91796875, 22625.185546875, 17075.119140625, 11896.359375, 11742.1611328125, 18730.859375, 20230.056640625, 11156.3779296875, 6442.29833984375, 12409.166015625, 8736.0693359375, 12350.2001953125, 4945.7119140625, 19502.224609375, 13775.3798828125, 12467.87109375, 40488.1875, 4833.25439453125, 4076.69384765625, 12481.3125, 27117.81640625, 13857.619140625, 9613.01171875, 20359.70703125, 12277.916015625, 8356.0751953125, 9857.14453125, 13709.9609375, 11744.8974609375, 7900.17724609375, 10737.3837890625, 14887.3642578125, 4843.85205078125, 7566.61669921875, 10749.21484375, 11401.8291015625, 5439.390625, 13134.021484375, 8178.9169921875, 8902.78515625, 12962.451171875, 16591.619140625, 12624.43359375, 18854.322265625, 17104.115234375, 15079.1171875, 25900.33984375, 35341.09375, 23507.880859375, 13417.5283203125, 6255.85498046875, 22706.90625, 4693.39990234375, 12015.0595703125, 9934.1806640625, 15625.6650390625, 7856.2060546875, 4235.2607421875, 25587.2734375, 7107.1162109375, 18241.8828125, 6552.830078125, 13061.4873046875, 11087.3876953125, 4862.17236328125, 6701.50048828125, 4868.48974609375, 3434.77880859375, 4143.34326171875, 1844.9378662109375, 6713.5703125, 11514.0908203125, 20418.521484375, 12506.650390625, 11140.201171875, 7316.1455078125, 5641.3642578125, 13592.884765625, 3396.796875, 13982.876953125, 12965.2119140625, 2699.781005859375, 12260.02734375, 15218.689453125, 6629.1650390625, 7994.9404296875, 10630.0498046875, 22965.6171875, 17551.33984375, 4348.4716796875, 5435.5556640625, 8258.33203125, 7683.703125, 10042.8935546875, 4817.01318359375, 16398.66015625, 3920.578125, 1172.8310546875, 15521.4375, 6732.98486328125, 8487.693359375, 12298.2548828125, 8757.982421875, 6301.79443359375, 6553.77978515625, 13958.0302734375, 5531.5380859375, 12487.642578125, 4403.65087890625, 7038.716796875, 5797.7822265625, 8425.60546875, 9720.8759765625, 6073.87939453125, 3395.97412109375, 3386.69580078125, 9377.98046875, 4347.5458984375, 7163.26171875, 10760.49609375, 3151.244873046875, 9233.3095703125, 7575.7314453125, 5854.7666015625, 6214.09375, 3335.2216796875, 3293.345703125, 9028.439453125, 10577.677734375, 1598.95068359375, 4098.52099609375, 9684.908203125, 9092.7392578125, 5570.4814453125, 2868.84375, 12366.4150390625, 4289.486328125, 4095.370361328125, 6074.603515625, 3335.613037109375, 19672.7109375, 3370.442138671875, 4467.48388671875, 11796.7978515625, 8370.9423828125, 11269.84765625, 2743.021728515625, 7245.0224609375, 4147.40966796875, 8105.02099609375, 8212.21484375, 4743.1083984375, 7450.22314453125, 7545.77734375, 7593.3876953125, 16883.548828125, 9528.5107421875, 8267.51171875, 6378.78466796875, 4352.5244140625, 8051.86328125, 13526.265625, 3019.7041015625, 6937.6728515625, 5896.80859375, 3205.9599609375, 5113.677734375, 5543.513671875, 4737.97607421875, 6621.65576171875, 5105.3359375, 7875.8837890625, 6230.83544921875, 7753.50244140625, 5533.34228515625, 6821.73583984375, 3413.51611328125, 5034.02001953125, 8599.17578125, 7926.8134765625, 4842.7529296875, 6794.8583984375, 9394.55078125, 4713.30419921875, 7306.173828125, 4108.96337890625, 2814.246337890625, 8163.31640625, 8522.74609375, 6002.5537109375, 4622.99365234375, 9149.3076171875, 6940.52490234375, 1018.7879028320312, 5312.9990234375, 6769.10791015625, 12447.24609375, 4332.046875, 13827.3603515625, 13577.3828125, 7909.10595703125, 6317.11572265625, 5016.4189453125, 5623.7255859375, 5023.2490234375, 7774.06591796875, 9283.3359375, 5514.61669921875, 16133.69921875, 15037.9951171875, 11351.888671875, 3280.641845703125, 14101.087890625, 14182.62109375, 7064.0537109375, 3457.151611328125, 9466.3486328125, 2242.723876953125, 11251.3271484375, 9306.6962890625, 4479.65087890625, 12574.09375, 9354.9560546875, 6638.96728515625, 5346.64892578125, 6696.55078125, 4384.44677734375, 3131.895751953125, 3682.474853515625, 5151.123046875, 3778.2958984375, 6576.49462890625, 6583.5517578125, 7643.06103515625, 6440.9482421875, 2976.26416015625, 6643.10107421875, 9937.71875, 14493.7451171875, 1639.51513671875, 8362.357421875, 4531.14501953125, 10243.634765625, 2680.546142578125, 6897.7119140625, 5268.36474609375, 6168.43603515625, 9047.5625, 2930.884521484375, 6030.8447265625, 5128.69580078125, 5171.5107421875, 2032.8443603515625, 16800.0859375, 5113.197265625, 11842.197265625, 3853.12060546875, 6452.1103515625, 6630.7451171875, 4897.74658203125, 3095.083984375, 2406.68408203125, 3796.059326171875, 10974.4501953125, 1292.03857421875, 4389.3076171875, 4877.60595703125, 3608.795166015625, 6212.6884765625, 9477.5361328125, 6500.58056640625, 12417.416015625, 6126.88671875, 7058.8046875, 5072.76708984375, 5828.2275390625, 3448.3369140625, 8402.72265625, 4511.55029296875, 9344.4970703125, 2432.26123046875, 4338.734375, 10191.982421875, 4689.97412109375, 4630.8828125, 5425.56201171875, 3968.92919921875, 14198.2666015625, 11042.9921875, 5552.40283203125, 5565.1962890625, 8536.4755859375, 4491.11572265625, 10320.51171875, 7135.3515625, 3970.9736328125, 18218.515625, 4019.01904296875, 3279.37451171875, 7772.1513671875, 2780.98681640625, 2448.439208984375, 4546.8330078125, 4024.986328125, 9590.9443359375, 14629.330078125, 6259.7734375, 4269.17919921875, 2924.362060546875, 1522.1240234375, 4417.341796875, 6423.38330078125, 12531.7548828125, 5994.75927734375, 4987.4423828125, 4771.98779296875, 3215.66162109375, 9723.4912109375, 1321.299072265625, 3960.460693359375, 4116.5322265625, 2834.048095703125, 4562.14208984375, 4216.15283203125, 11361.3662109375, 3290.904541015625, 7950.1142578125, 3550.624267578125, 8929.666015625, 4158.90673828125, 2044.900634765625, 6445.2626953125, 4215.60986328125, 1376.928955078125, 3147.515869140625, 7749.1982421875, 7978.72216796875, 4582.1884765625, 8394.7373046875, 3933.09375, 4525.49609375, 7294.8681640625, 7174.52783203125, 4421.6328125, 2332.916015625, 14564.912109375, 3346.63330078125, 4570.4951171875, 5400.77685546875, 3465.251220703125, 8042.5703125, 5821.85205078125, 4754.578125, 8997.64453125, 7269.4287109375, 3818.23291015625, 8697.4345703125, 4025.503662109375, 3955.4296875, 5505.2470703125, 2883.412109375, 3794.6875, 9831.8349609375, 3889.64208984375, 3188.27392578125, 4016.09716796875, 5671.3134765625, 3275.658935546875, 7077.57177734375, 10396.734375, 5842.0927734375, 4362.33642578125, 7459.689453125, 1458.0252685546875, 5463.5, 5787.20361328125, 10091.4814453125, 5266.36474609375, 3533.933837890625, 5691.14208984375, 4647.2490234375, 3500.616943359375, 2770.15673828125, 10428.8916015625, 9752.654296875, 6171.85400390625, 2099.0791015625, 3761.6875, 2554.743896484375, 6772.25, 4788.6484375, 4218.5888671875, 6426.34130859375, 6487.78515625, 3475.38818359375, 4584.48193359375, 2912.470458984375, 5492.42919921875, 4761.095703125, 6097.46533203125, 8008.4921875, 2561.7333984375, 5364.35888671875, 8349.5966796875, 6920.53515625, 1378.7347412109375, 4975.31689453125, 3127.410400390625, 2793.322509765625, 2186.111328125, 2883.78076171875, 5004.30224609375, 7421.75927734375, 5036.7236328125, 4260.14404296875, 6323.50830078125, 5974.287109375, 6671.7705078125, 3738.422607421875, 4514.42333984375, 5247.02197265625, 5513.97802734375, 5432.732421875, 1659.18603515625, 1696.961181640625, 4736.8896484375, 6084.310546875, 4678.919921875, 6829.09375, 2930.279541015625, 10472.904296875, 6418.244140625, 1649.359375, 13478.2275390625, 2729.37109375, 2163.291259765625, 1249.843994140625, 2638.11474609375, 7209.27197265625, 6704.3896484375, 7776.91064453125, 3791.731689453125, 5070.3681640625, 7334.8916015625, 3908.773193359375, 6379.087890625, 