{"nhidden": 128, "rnn_nhidden": 32, "obs_dim": 1, "latent_dim": 4, "lr": 0.001, "n_batch": 16, "beta": 0.001, "total_epochs_train": 50, "epochs_per_train": 5, "epochs": 50, "loss": [226720.1875, 153921.75, 133105.46875, 168474.96875, 231415.90625, 174861.234375, 178864.96875, 132901.046875, 158686.609375, 219353.09375, 125558.484375, 135638.40625, 153941.453125, 208221.140625, 241190.65625, 120936.46875, 174863.5, 125705.140625, 139537.4375, 123340.1875, 161513.796875, 238993.6875, 114038.203125, 192962.109375, 120744.078125, 155953.5, 254590.59375, 151660.265625, 145531.390625, 177836.484375, 119636.5234375, 173896.453125, 143362.078125, 251493.953125, 105132.21875, 203915.703125, 112771.078125, 158052.5, 143380.40625, 222964.25, 174093.078125, 192282.265625, 156774.65625, 154617.578125, 94952.4375, 165083.984375, 109082.09375, 119615.640625, 154555.71875, 187666.453125, 128829.6796875, 162754.09375, 151210.75, 180191.515625, 133667.328125, 119371.609375, 161864.328125, 104930.8359375, 158684.53125, 133109.84375, 111000.40625, 176326.421875, 118973.546875, 115832.921875, 157695.328125, 108938.1640625, 141375.4375, 114813.0, 122665.7265625, 145000.140625, 112111.03125, 91738.953125, 120271.65625, 195652.859375, 111596.1484375, 183219.875, 135462.328125, 156702.40625, 137696.40625, 131284.828125, 111113.1015625, 102690.2578125, 115564.390625, 126959.234375, 182841.078125, 141659.65625, 115775.25, 104847.34375, 143988.390625, 117789.765625, 127199.0, 100799.578125, 122543.8984375, 143154.234375, 127499.84375, 156843.96875, 102865.0, 94817.328125, 137764.3125, 129934.421875, 119733.75, 120996.125, 149407.765625, 130412.546875, 103740.640625, 103889.6796875, 90311.7265625, 107705.03125, 95803.078125, 119255.875, 100983.0, 118715.9609375, 132208.46875, 106296.671875, 97510.953125, 111608.046875, 127411.15625, 94474.5, 115943.453125, 117564.9375, 108513.3125, 152718.46875, 85908.0546875, 136761.984375, 133308.171875, 160315.9375, 122695.21875, 104135.71875, 113535.09375, 128726.1484375, 145902.4375, 116075.40625, 119599.609375, 106613.9765625, 107570.703125, 144521.53125, 149382.65625, 97340.53125, 90791.53125, 122104.4375, 125154.6796875, 111281.546875, 100751.765625, 98883.0390625, 91599.265625, 121099.46875, 102459.3046875, 140764.015625, 99794.6484375, 123680.6875, 104436.765625, 110074.671875, 102696.125, 85072.6953125, 82618.796875, 112334.5859375, 125594.625, 119627.2109375, 112325.9140625, 137499.703125, 97678.8125, 101317.1640625, 90505.5546875, 128120.2265625, 104660.7890625, 113999.203125, 88457.859375, 163351.234375, 84012.1015625, 86980.96875, 103228.96875, 107949.40625, 79790.296875, 98777.625, 105522.6875, 103668.3984375, 100707.5859375, 92875.1171875, 92482.5625, 106400.5625, 118861.78125, 104071.3046875, 84473.6484375, 112214.5390625, 89600.3515625, 100106.078125, 85211.9453125, 78960.5625, 103583.4453125, 125055.4609375, 87466.328125, 95690.65625, 90314.671875, 84383.515625, 75383.6796875, 89336.625, 109214.8671875, 104461.9921875, 77431.4765625, 99700.9140625, 93703.53125, 90469.2734375, 76390.8125, 104032.4140625, 110255.625, 89757.8828125, 89260.6796875, 92817.984375, 79642.046875, 81236.2578125, 86251.0, 79924.3203125, 127564.8671875, 83784.359375, 87627.578125, 83210.71875, 94679.1796875, 89280.0, 89704.859375, 82146.5546875, 90783.3203125, 91531.578125, 98430.609375, 78576.640625, 89439.109375, 89207.5, 81030.2109375, 74720.6953125, 78377.484375, 67722.65625, 92956.7734375, 99997.2421875, 84151.421875, 93276.40625, 87353.828125, 101762.421875, 71706.828125, 66924.4375, 82025.484375, 73194.65625, 112605.3203125, 82128.1328125, 87779.890625, 107955.046875, 99739.15625, 85770.3515625, 68434.7578125, 68837.703125, 112359.421875, 74736.2578125, 73305.4375, 72097.21875, 68454.59375, 80155.5390625, 98546.2734375, 73536.2265625, 71894.234375, 70677.6484375, 65696.8359375, 82104.90625, 92716.8515625, 67058.3125, 106543.4609375, 90857.1171875, 67260.2265625, 61660.125, 67526.484375, 83126.453125, 126627.4921875, 62198.94140625, 89163.96875, 68364.375, 75647.4765625, 64782.31640625, 84064.59375, 73542.640625, 64425.9921875, 73227.9765625, 82078.796875, 86856.9765625, 96577.6796875, 65271.9609375, 85603.984375, 62426.22265625, 70317.59375, 57167.5546875, 91669.09375, 79824.4453125, 69818.2421875, 83252.0390625, 101817.4921875, 75235.15625, 68100.6171875, 55729.1484375, 95075.359375, 73572.390625, 75651.0859375, 75287.6953125, 86436.375, 56632.2421875, 62307.5703125, 63903.453125, 93899.5703125, 70537.515625, 82212.0, 66644.90625, 93369.4375, 76699.8359375, 80348.2890625, 118584.8671875, 73343.5234375, 67310.78125, 68679.5078125, 61122.515625, 60999.15234375, 68250.4453125, 87187.875, 80826.7890625, 62964.73046875, 73508.03125, 78785.921875, 75700.21875, 61197.16796875, 69271.875, 80997.7890625, 59649.0234375, 68257.7890625, 92369.0625, 77040.2421875, 78283.53125, 68086.3671875, 64277.19921875, 56321.0859375, 76459.40625, 87485.6015625, 66756.8046875, 74484.578125, 87411.390625, 80549.0859375, 66239.34375, 65173.2890625, 146484.25, 80534.96875, 89121.1015625, 68301.0234375, 57134.0078125, 79451.21875, 91779.4140625, 61726.39453125, 73504.828125, 83305.234375, 68277.0, 82911.0, 75678.6171875, 80745.234375, 59369.3046875, 75806.59375, 59464.66015625, 59705.26953125, 83606.9453125, 62872.0625, 58143.6015625, 58850.27734375, 69375.9765625, 97658.734375, 68497.0, 59545.3671875, 77051.46875, 76415.40625, 79245.8515625, 74324.7421875, 87247.140625, 52579.63671875, 63413.671875, 89875.7734375, 57252.62109375, 51261.03125, 56694.1875, 64210.625, 45452.18359375, 64157.953125, 60543.70703125, 57195.84765625, 85602.03125, 77623.375, 63731.1015625, 58362.6328125, 56288.91015625, 48062.109375, 55520.6640625, 87277.5390625, 51655.3046875, 66195.28125, 72911.125, 46426.9140625, 70237.2890625, 68853.125, 57698.1640625, 53484.01171875, 58021.515625, 90746.9140625, 71103.234375, 119154.3515625, 154146.0625, 76964.8203125, 62737.30859375, 142354.59375, 75235.671875, 67420.046875, 96853.515625, 84445.96875, 79437.171875, 72679.71875, 91250.3515625, 88445.2578125, 73355.90625, 64994.75, 98696.015625, 74726.5, 62573.16015625, 62322.421875, 70961.734375, 58997.28125, 58938.9609375, 67595.9453125, 68786.3203125, 98701.15625, 56454.59375, 47772.8359375, 71734.4296875, 105780.109375, 47083.1796875, 57670.3359375, 76094.328125, 59111.06640625, 47209.91015625, 69864.53125, 68214.984375, 57131.234375, 51799.28125, 66596.4140625, 59854.140625, 58522.09375, 80987.125, 102847.265625, 87174.6796875, 84820.796875, 66467.0078125, 63478.87109375, 63107.16796875], "name": "default", "desc": "lr_0.001_nb_16_ld_4_b_0.001", "folder": "./saves/grid_seach/search1/lr_0.001_nb_16_ld_4_b_0.001_default_20240214-000735"}