{"nhidden": 128, "rnn_nhidden": 32, "obs_dim": 1, "latent_dim": 1, "lr": 0.0001, "n_batch": 16, "beta": 1, "total_epochs_train": 50, "epochs_per_train": 5, "epochs": 50, "loss": [181824.59375, 130147.84375, 123026.7890625, 148273.921875, 218620.6875, 233160.84375, 142483.0, 146673.46875, 192851.078125, 250340.171875, 164725.734375, 119226.0625, 231910.703125, 129823.6328125, 156379.84375, 152889.1875, 171088.671875, 196320.78125, 141227.9375, 185211.296875, 126498.09375, 202216.59375, 120483.46875, 235168.34375, 101119.5625, 245494.171875, 196709.84375, 211710.6875, 231321.40625, 221320.5625, 157293.28125, 158912.796875, 113851.609375, 180980.21875, 130962.625, 149015.0625, 221513.0, 198991.328125, 107857.0859375, 151587.0625, 179211.734375, 152121.25, 198487.3125, 129501.9921875, 201511.109375, 161739.859375, 201114.9375, 164629.703125, 182584.625, 139445.15625, 201252.640625, 164213.9375, 153221.84375, 124800.890625, 126658.6875, 170095.65625, 185458.46875, 135910.96875, 189069.625, 156035.703125, 196306.90625, 143016.6875, 169807.875, 143795.203125, 176073.671875, 161655.234375, 180265.296875, 177486.875, 208365.265625, 152087.25, 185440.625, 134654.421875, 189794.78125, 193326.625, 135782.5, 149470.78125, 247388.53125, 128500.6015625, 172798.71875, 148882.046875, 185304.671875, 129156.4765625, 173093.59375, 188667.90625, 290361.96875, 130271.625, 126240.1328125, 203604.171875, 133074.984375, 147524.40625, 149096.109375, 160426.328125, 192549.890625, 116990.890625, 142116.3125, 223366.671875, 174439.3125, 147439.21875, 173994.125, 188795.59375, 143137.25, 185520.09375, 193512.53125, 237020.625, 172966.765625, 115808.4453125, 155346.4375, 127570.296875, 114502.2734375, 239225.203125, 171447.90625, 148144.09375, 110037.796875, 154955.90625, 116129.4296875, 162471.703125, 205711.828125, 132764.546875, 165185.734375, 214003.65625, 150296.0625, 130779.8359375, 143458.328125, 196697.515625, 232288.0, 100176.4140625, 128966.8671875, 202827.03125, 213991.171875, 154904.734375, 193700.1875, 187357.59375, 149921.390625, 100400.828125, 141326.0, 173067.46875, 162156.96875, 144289.53125, 218792.0, 157176.75, 113426.296875, 126393.2265625, 155659.640625, 192366.765625, 166497.265625, 131402.625, 101493.96875, 128074.9765625, 167942.90625, 143104.6875, 179132.9375, 197805.0, 231466.25, 120985.65625, 146847.25, 144922.390625, 95271.296875, 153377.8125, 163183.34375, 211760.8125, 171520.875, 227535.5, 163315.90625, 192478.453125, 175023.0625, 104273.9296875, 118778.1015625, 136092.5, 118404.4609375, 241349.390625, 161997.59375, 122000.8984375, 146209.359375, 173290.671875, 188458.34375, 171895.984375, 133343.796875, 144480.328125, 176425.6875, 194418.734375, 166094.953125, 143823.078125, 138314.84375, 168224.625, 116252.6640625, 119146.2421875, 216673.59375, 180964.25, 171244.625, 117462.125, 160253.8125, 168096.296875, 174922.4375, 117153.8828125, 141239.28125, 188037.484375, 137898.4375, 239451.40625, 113368.796875, 162380.578125, 167424.0625, 145806.578125, 119921.859375, 148078.4375, 238247.859375, 128175.1484375, 205796.578125, 191770.484375, 148023.34375, 155363.1875, 176541.15625, 147031.625, 128655.1328125, 189700.25, 123803.9609375, 145037.828125, 104634.40625, 210774.65625, 123080.625, 139343.53125, 141500.578125, 192062.890625, 229164.546875, 171183.15625, 113752.9453125, 108347.5390625, 165306.078125, 154305.515625, 154378.734375, 177353.1875, 167552.84375, 193224.6875, 132571.75, 128609.765625, 137860.96875, 143601.78125, 191061.625, 196607.578125, 159865.1875, 130906.1875, 150258.75, 160793.15625, 161016.484375, 187777.765625, 225031.890625, 101975.46875, 159876.328125, 162220.296875, 120620.75, 160614.109375, 139350.34375, 157466.890625, 132185.8125, 149257.765625, 155774.59375, 161023.15625, 141317.828125, 137349.765625, 120320.03125, 241317.953125, 163464.796875, 143262.78125, 114935.3203125, 160282.296875, 109951.5234375, 182918.25, 166870.21875, 178988.359375, 155577.796875, 189296.546875, 210981.625, 168802.5, 124988.546875, 161213.546875, 147594.375, 169296.859375, 113121.140625, 189735.828125, 121005.875, 139022.84375, 117425.8203125, 160771.703125, 172930.125, 105451.8671875, 120885.3984375, 184168.390625, 122115.5390625, 262939.6875, 198344.375, 173731.375, 175369.46875, 112587.1640625, 154491.109375, 127303.46875, 129309.7734375, 119707.265625, 182191.921875, 116057.2734375, 165224.578125, 182572.625, 190284.375, 167108.390625, 128622.796875, 114713.015625, 145353.671875, 186672.796875, 121040.390625, 143187.875, 178591.875, 142227.15625, 177275.890625, 170284.96875, 160234.484375, 191362.078125, 101430.1953125, 94511.84375, 176247.25, 118526.046875, 171385.796875, 189749.359375, 147666.6875, 169642.9375, 177782.875, 156883.328125, 128737.453125, 179728.296875, 166205.4375, 180848.984375, 186124.0625, 139146.140625, 168728.03125, 143230.5, 101822.3671875, 146608.734375, 183396.40625, 143337.75, 124000.1875, 130189.296875, 196181.8125, 191510.125, 158800.25, 135351.59375, 165263.078125, 149624.96875, 140474.96875, 172690.4375, 133960.328125, 183469.84375, 142134.046875, 149966.46875, 167489.234375, 164552.203125, 114142.34375, 130798.3515625, 148511.921875, 164913.578125, 170562.34375, 178642.515625, 150803.765625, 157135.46875, 136011.390625, 161068.515625, 172218.171875, 147067.21875, 190244.015625, 154133.203125, 93343.078125, 173711.671875, 162285.21875, 150089.609375, 179104.3125, 114348.640625, 137895.28125, 155469.453125, 123806.109375, 161236.40625, 164660.8125, 216497.984375, 188721.78125, 126604.140625, 155787.84375, 156536.53125, 156008.046875, 133512.46875, 135842.609375, 154098.09375, 154103.625, 114109.15625, 200456.96875, 143561.109375, 186591.1875, 148364.71875, 130996.3828125, 140495.71875, 142651.921875, 187982.875, 172952.640625, 173580.5625, 112591.328125, 191238.8125, 192359.625, 144916.84375, 166631.59375, 164185.0625, 131985.75, 163609.640625, 177524.96875, 121814.734375, 126983.265625, 137853.921875, 199744.65625, 157677.78125, 124489.1484375, 164553.4375, 177421.546875, 151330.765625, 149998.15625, 121643.4453125, 162655.71875, 128866.609375, 177449.515625, 137595.875, 175194.1875, 147316.578125, 111914.234375, 147323.46875, 172981.21875, 140909.34375, 214385.625, 212577.234375, 103720.78125, 146091.4375, 129372.6015625, 84514.125, 166166.625, 200273.515625, 178640.4375, 158560.578125, 117958.5703125, 174766.21875, 182301.4375, 150862.796875, 180899.734375, 140616.28125, 108779.8984375, 187219.078125, 110807.359375, 170405.71875, 166714.78125, 135509.4375], "name": "default", "desc": "lr_0.0001_nb_16_ld_1_b_1", "folder": "./saves/grid_seach/search4/lr_0.0001_nb_16_ld_1_b_1_default_20240307-095311"}