{"nhidden": 128, "rnn_nhidden": 32, "obs_dim": 1, "latent_dim": 1, "lr": 0.001, "n_batch": 16, "beta": 2, "total_epochs_train": 50, "epochs_per_train": 5, "epochs": 50, "loss": [162217.5, 168258.1875, 127012.8046875, 197295.953125, 159530.8125, 206312.0, 163997.75, 199781.203125, 189470.78125, 228331.734375, 183478.21875, 198082.109375, 149850.375, 178495.25, 134048.53125, 167630.65625, 177236.828125, 129186.484375, 154262.015625, 147136.703125, 126213.0390625, 201134.796875, 130266.734375, 202857.921875, 142908.640625, 164668.875, 207697.640625, 156532.9375, 123127.3203125, 150598.4375, 131824.890625, 205852.859375, 153945.640625, 209260.34375, 171784.578125, 139266.71875, 127285.84375, 182843.40625, 154292.78125, 148775.5625, 141816.9375, 169024.828125, 148779.125, 121164.0546875, 207936.59375, 135512.828125, 145571.40625, 172854.046875, 197231.640625, 163263.484375, 150420.96875, 104702.78125, 164649.984375, 139045.90625, 127794.7734375, 227620.453125, 142244.046875, 129465.0234375, 146034.453125, 153546.375, 146873.59375, 150333.234375, 175616.4375, 153032.203125, 109714.25, 189032.875, 139670.3125, 177140.53125, 150471.890625, 166629.8125, 142380.671875, 145393.0, 115925.8828125, 127601.40625, 144207.296875, 149482.203125, 195937.90625, 128612.4375, 138856.015625, 131434.28125, 224343.78125, 118730.6640625, 154705.8125, 98041.5234375, 196364.0625, 133071.6875, 202742.578125, 125679.828125, 184484.421875, 150517.5, 119697.7421875, 222129.6875, 138188.203125, 89748.59375, 122910.890625, 174477.6875, 142514.3125, 169138.5625, 200861.578125, 145522.34375, 161363.578125, 101865.4765625, 129078.515625, 182705.578125, 168002.828125, 167924.65625, 163283.75, 4420418.5, 150214.515625, 156185.078125, 148400.234375, 149800.828125, 125854.7265625, 131700.9375, 135288.3125, 158490.625, 236667.90625, 130888.1796875, 198263.28125, 162245.234375, 152639.859375, 117250.59375, 134693.21875, 176717.140625, 186596.390625, 144921.5, 181713.3125, 119103.546875, 190133.71875, 115480.5078125, 130212.234375, 166529.1875, 168612.984375, 156589.890625, 149322.921875, 153348.484375, 111829.734375, 140894.96875, 183454.328125, 168498.75, 175093.75, 182249.59375, 160924.46875, 107009.6953125, 138773.78125, 90437.125, 216571.3125, 170787.59375, 129370.8359375, 160381.703125, 200256.984375, 133731.53125, 154515.5, 227892.703125, 102576.734375, 130943.6640625, 220456.53125, 123129.5703125, 130962.0234375, 168707.5, 155392.71875, 145670.25, 166981.65625, 132330.78125, 177179.5, 110912.703125, 234597.5, 176387.859375, 138871.734375, 139503.0625, 117370.234375, 121654.2734375, 157346.125, 236989.0, 139366.8125, 156342.21875, 152876.671875, 192467.640625, 147498.0, 97408.3125, 130249.75, 189666.015625, 115827.5859375, 165888.8125, 208472.484375, 179643.375, 125066.0234375, 128058.1953125, 148877.9375, 133668.125, 142823.78125, 104694.296875, 176221.828125, 189662.484375, 183113.15625, 153405.234375, 169683.96875, 134416.59375, 182996.421875, 148934.71875, 195421.15625, 140320.359375, 168297.703125, 140883.859375, 146223.421875, 142695.828125, 122041.609375, 209050.4375, 116748.9609375, 115856.953125, 167585.53125, 156182.421875, 127677.578125, 141022.75, 190446.703125, 176546.890625, 127559.7421875, 139095.390625, 136415.1875, 181041.5625, 113993.3203125, 162653.046875, 152388.203125, 208640.875, 145311.28125, 105707.984375, 104654.53125, 129928.15625, 117228.0625, 139044.484375, 183504.0625, 229293.296875, 195634.84375, 166069.671875, 119290.1953125, 122143.1171875, 136357.46875, 218070.75, 164911.265625, 154016.921875, 132387.734375, 229792.890625, 109923.984375, 145571.6875, 168125.625, 156874.765625, 115766.296875, 150208.359375, 125551.84375, 180261.953125, 145130.140625, 165264.34375, 211624.5625, 196213.515625, 122686.234375, 113156.1328125, 121172.1328125, 123446.953125, 147673.546875, 161208.90625, 191128.5625, 199119.390625, 136386.703125, 125796.1796875, 178763.953125, 161566.375, 106827.265625, 164369.53125, 131378.921875, 138401.265625, 203231.5, 184161.0625, 160113.625, 122981.953125, 165607.875, 150106.328125, 174416.515625, 116106.125, 117253.875, 183825.171875, 160021.984375, 170873.59375, 150220.09375, 117067.5, 166554.59375, 119618.3203125, 149683.25, 155129.90625, 139307.0625, 126230.8359375, 135921.40625, 145755.375, 143902.703125, 116631.5078125, 204231.4375, 207901.8125, 183884.875, 192944.515625, 106625.671875, 154832.484375, 110085.109375, 191347.4375, 163554.921875, 99680.234375, 169808.140625, 202039.078125, 149936.46875, 164473.75, 146646.5625, 144084.765625, 178705.484375, 162254.3125, 161826.40625, 162725.15625, 121974.078125, 131256.734375, 221664.5, 190421.703125, 130639.0234375, 120056.5390625, 132911.921875, 135543.015625, 153456.40625, 156357.734375, 144728.453125, 139455.890625, 129699.8046875, 183489.40625, 193624.90625, 111134.9765625, 189722.875, 147999.796875, 141190.453125, 125729.6484375, 118364.53125, 151472.84375, 179212.71875, 202241.765625, 127521.7578125, 128212.9609375, 189451.34375, 135096.609375, 121164.734375, 157242.640625, 203867.84375, 131621.890625, 190967.59375, 171298.421875, 131248.90625, 117446.65625, 181325.890625, 163051.578125, 118115.8203125, 147955.328125, 188502.921875, 137869.859375, 115405.78125, 192992.1875, 175390.765625, 131776.203125, 165434.03125, 179302.84375, 118755.6875, 134351.578125, 251761.75, 123282.5, 129593.5703125, 139909.515625, 148759.3125, 160400.1875, 154286.9375, 108457.6015625, 131611.53125, 183490.859375, 115108.3984375, 195510.15625, 205341.34375, 130935.765625, 176358.25, 202317.09375, 133345.0, 106321.1171875, 118307.546875, 201057.421875, 159050.296875, 118719.6640625, 193676.859375, 160904.796875, 128398.8671875, 131343.625, 152185.734375, 134354.140625, 152309.125, 155658.8125, 202654.59375, 178615.5, 125451.6171875, 129781.78125, 197074.3125, 167634.75, 211805.0, 123452.0625, 117838.703125, 170568.90625, 138509.59375, 168761.0625, 129535.3671875, 187335.15625, 147120.53125, 150582.328125, 98855.9453125, 200592.484375, 166071.765625, 155485.78125, 159044.84375, 133930.046875, 190608.703125, 149056.25, 121773.453125, 119734.4296875, 179461.5, 187957.5, 124625.390625, 161766.734375, 149357.65625, 116634.5, 180508.25, 169417.53125, 156498.9375, 130550.0, 174936.640625, 152367.390625, 141788.859375, 121523.375, 129109.921875, 172590.359375, 188316.40625, 118597.984375, 162691.453125, 177020.078125, 154694.578125, 135821.65625, 155249.578125, 182801.296875, 141425.1875, 123867.5, 133764.546875, 147321.78125, 153338.1875, 174004.328125], "name": "default", "desc": "lr_0.001_nb_16_ld_1_b_2", "folder": "./saves/grid_seach/search1/lr_0.001_nb_16_ld_1_b_2_default_20240213-235459"}