{"nhidden": 128, "rnn_nhidden": 32, "obs_dim": 1, "latent_dim": 1, "lr": 0.0005, "n_batch": 16, "beta": 1, "total_epochs_train": 50, "epochs_per_train": 5, "epochs": 50, "loss": [199038.96875, 122112.4453125, 145448.9375, 205349.890625, 299090.1875, 105044.7109375, 204098.203125, 142598.140625, 184306.453125, 153515.109375, 171926.53125, 149069.296875, 96129.234375, 210735.09375, 220320.984375, 152405.390625, 170990.921875, 240324.90625, 192775.796875, 152028.875, 168078.0, 276081.9375, 138342.71875, 196070.40625, 152934.109375, 141265.25, 137937.21875, 159743.859375, 166091.359375, 237127.09375, 146947.25, 213961.6875, 129346.9765625, 160358.015625, 145265.609375, 144276.65625, 144040.28125, 168955.90625, 172063.546875, 138643.1875, 166865.0625, 238341.765625, 114987.421875, 156861.328125, 154877.53125, 141389.21875, 152619.4375, 147847.71875, 123994.671875, 175464.015625, 127498.171875, 227919.359375, 125947.7109375, 193773.578125, 115751.515625, 143423.609375, 188669.15625, 163718.296875, 108986.2734375, 145482.09375, 159019.46875, 165302.390625, 163204.46875, 164044.015625, 159015.25, 155481.484375, 228586.109375, 187135.09375, 126141.5, 118062.0390625, 153523.3125, 105524.9921875, 142932.28125, 165077.15625, 133678.984375, 148920.65625, 136217.015625, 141253.328125, 190967.59375, 234440.359375, 102465.5390625, 129431.28125, 156371.921875, 153504.671875, 231951.90625, 109384.0859375, 104094.3359375, 141658.3125, 139491.21875, 225490.546875, 125779.3125, 128618.0625, 129775.328125, 119133.234375, 181857.40625, 182859.96875, 118238.84375, 223640.875, 186180.140625, 158440.515625, 115711.0, 123050.6875, 129856.359375, 121789.6640625, 153105.75, 178634.875, 213413.203125, 186318.890625, 201741.5, 200730.921875, 172157.890625, 121458.109375, 129388.3203125, 113969.09375, 198627.1875, 143728.59375, 122622.6328125, 191507.03125, 177134.9375, 157977.28125, 102861.359375, 105704.0546875, 120032.5078125, 148811.921875, 179500.0, 149800.578125, 203972.625, 208367.84375, 143179.03125, 94743.2421875, 180059.609375, 121035.7421875, 151695.40625, 134833.40625, 155075.046875, 103340.0, 150029.984375, 154087.453125, 159132.59375, 258720.96875, 114280.0078125, 159236.171875, 121620.453125, 178503.921875, 175673.21875, 145025.5625, 111847.7265625, 147589.0, 150016.25, 137679.46875, 178860.71875, 209582.125, 122248.0859375, 166599.9375, 120899.3359375, 134506.90625, 145732.578125, 148164.171875, 214853.71875, 183982.078125, 139934.921875, 134590.125, 143046.828125, 166407.375, 166902.421875, 149255.03125, 130334.90625, 143810.34375, 166885.34375, 171190.34375, 152278.09375, 140390.03125, 159052.078125, 131484.21875, 158068.0625, 189365.09375, 147841.625, 140195.9375, 163386.28125, 129945.640625, 122759.96875, 125812.5078125, 174422.78125, 200387.140625, 108783.90625, 163511.734375, 166618.640625, 164511.6875, 139072.03125, 122950.4609375, 166593.03125, 139093.90625, 150440.625, 204537.390625, 146341.0625, 172331.84375, 122987.953125, 148528.78125, 164553.921875, 146979.265625, 204122.8125, 122757.375, 144250.890625, 128807.734375, 161724.28125, 122288.71875, 180181.3125, 127632.1875, 160745.796875, 177586.21875, 187038.953125, 176230.828125, 104690.2421875, 125281.453125, 185612.1875, 144325.5625, 116758.3515625, 153761.9375, 211603.109375, 157430.875, 140190.484375, 160084.15625, 104378.1171875, 132736.90625, 180672.59375, 162529.03125, 161130.5, 137936.78125, 163461.828125, 159874.84375, 144555.5, 186640.84375, 137107.609375, 131869.359375, 114279.890625, 119923.6171875, 150403.234375, 163188.578125, 119225.1796875, 166162.03125, 149161.15625, 231418.4375, 133585.875, 150976.09375, 153873.25, 182459.71875, 116993.8203125, 149601.25, 123528.1328125, 193763.40625, 160956.625, 135429.890625, 195738.125, 172961.40625, 122379.6640625, 101525.6015625, 116093.09375, 164054.0625, 190365.53125, 118251.4609375, 193533.984375, 99196.109375, 184808.640625, 157151.6875, 168565.09375, 155549.625, 156582.125, 123917.0625, 159971.71875, 113042.8125, 185117.25, 116196.8046875, 113905.390625, 175930.296875, 147210.65625, 175146.9375, 111424.8828125, 165141.15625, 151796.3125, 195577.109375, 162731.203125, 145389.015625, 129685.890625, 125355.640625, 148355.6875, 128277.34375, 168552.140625, 159538.59375, 137422.4375, 197935.421875, 139144.21875, 129002.4375, 134494.359375, 172152.65625, 136252.46875, 184757.765625, 125488.5546875, 123815.421875, 178911.1875, 122062.8984375, 139493.59375, 194083.875, 194085.390625, 162371.15625, 133139.8125, 103976.5234375, 124170.9140625, 209546.09375, 120854.984375, 162804.6875, 175535.3125, 93569.3203125, 150278.75, 139114.5, 161625.453125, 117903.375, 166941.953125, 197549.34375, 138830.34375, 152110.53125, 136999.109375, 92357.0390625, 167197.453125, 186194.90625, 145993.046875, 120964.109375, 158113.71875, 130055.015625, 147628.53125, 157913.375, 175169.171875, 100305.7109375, 185317.296875, 261502.53125, 146278.765625, 116973.5, 163096.71875, 173918.78125, 147186.453125, 88203.9375, 119052.453125, 127594.1640625, 123099.3046875, 176040.953125, 110338.09375, 123789.4140625, 147292.828125, 213880.125, 151504.15625, 111669.7265625, 188163.109375, 222023.03125, 141292.40625, 109451.609375, 195726.734375, 128724.3203125, 172903.515625, 145399.890625, 97303.09375, 127891.421875, 164243.875, 130301.6796875, 149247.734375, 99988.046875, 138081.28125, 235454.359375, 141538.125, 115635.1640625, 161917.453125, 154876.359375, 149172.03125, 137062.1875, 190567.71875, 106168.375, 177830.40625, 106635.046875, 151640.9375, 169489.6875, 153561.015625, 180801.546875, 157703.765625, 107148.984375, 161475.90625, 146898.21875, 167783.328125, 155140.59375, 119783.4375, 144093.578125, 111620.671875, 157242.171875, 133048.21875, 191938.0625, 138043.5625, 160537.96875, 129713.8515625, 159747.5625, 186233.671875, 158555.09375, 91580.1015625, 152796.78125, 111732.96875, 135429.90625, 157935.03125, 180262.0625, 109555.0625, 200598.265625, 156999.75, 119807.1640625, 162163.28125, 147371.84375, 140463.5, 101497.09375, 105103.546875, 167631.09375, 174324.421875, 143559.8125, 124822.4609375, 105445.34375, 138229.109375, 183995.125, 160773.84375, 123326.53125, 160511.828125, 184419.140625, 165005.5, 183783.03125, 115987.6015625, 109661.28125, 151340.75, 146938.09375, 92555.609375, 155169.921875, 101776.5078125, 105627.046875, 128537.5390625, 237268.390625, 146816.515625, 152684.515625, 144318.4375, 130733.4140625, 142252.578125, 113282.8515625, 148769.71875, 158978.046875, 132194.3125, 164525.75, 157967.65625, 153971.890625, 147424.8125, 118216.1171875], "name": "default", "desc": "lr_0.0005_nb_16_ld_1_b_1", "folder": "./saves/grid_seach/search1/lr_0.0005_nb_16_ld_1_b_1_default_20240214-003712"}