{"nhidden": 128, "rnn_nhidden": 32, "obs_dim": 1, "latent_dim": 2, "lr": 0.01, "n_batch": 16, "beta": 4, "total_epochs_train": 10, "epochs_per_train": 2, "epochs": 10, "loss": [62675.8203125, 138780.203125, 89118.8828125, 112589.6171875, 75613.5546875, 49615.3984375, 83896.6875, 107172.046875, 63485.52734375, 70332.0546875, 39342.296875, 34686.8046875, 55621.140625, 74175.890625, 41641.4765625, 44018.1015625, 23441.578125, 23940.4375, 62675.16015625, 138776.015625, 89114.2109375, 112583.6875, 75605.65625, 49605.203125, 83881.828125, 107151.234375, 63458.65234375, 70301.0859375, 39300.5234375, 34646.0234375, 55573.3515625, 74124.53125, 41575.4375, 43942.21875, 23371.533203125, 23863.904296875, 0.16628551483154297, 1.0477114915847778, 1.1657798290252686, 1.4840294122695923, 1.973526954650879, 2.5491113662719727, 3.7147350311279297, 5.202487945556641, 6.720654487609863, 7.742185592651367, 10.44312572479248, 10.19468879699707, 11.94607925415039, 12.840228080749512, 16.51041603088379, 18.969039916992188, 17.51127815246582, 19.133197784423828, 31021.845703125, 11904.0966796875, 38407.18359375, 6779.4677734375, 17537.23828125, 8027.591796875, 16796.962890625, 48615.9140625, 35817.90625, 20576.150390625, 12085.9951171875, 25271.9609375, 17884.8203125, 8592.576171875, 5728.05078125, 33682.91015625, 11951.275390625, 19992.904296875, 30968.0390625, 11836.0927734375, 38344.07421875, 6740.81201171875, 17485.287109375, 7984.10107421875, 16754.318359375, 48569.6640625, 35753.70703125, 20484.51171875, 11986.857421875, 25172.65234375, 17760.830078125, 8507.255859375, 5644.349609375, 33622.24609375, 11901.0625, 19933.96875, 13.451744079589844, 17.001253128051758, 15.77733039855957, 9.663949966430664, 12.98757553100586, 10.872697830200195, 10.661269187927246, 11.56059741973877, 16.050893783569336, 22.90895652770996, 24.78432273864746, 24.827407836914062, 30.997379302978516, 21.329998016357422, 20.92511749267578, 15.167118072509766, 12.553069114685059, 14.73323917388916, 32535.9453125, 27221.97265625, 5876.208984375, 26171.408203125, 9440.5166015625, 7212.3662109375, 9349.009765625, 5509.1845703125, 12202.427734375, 9136.9765625, 7187.28564453125, 10501.6630859375, 16093.3955078125, 10848.0341796875, 7752.36962890625, 15320.78125, 14074.4638671875, 10727.0341796875, 32450.173828125, 27125.70703125, 5802.6171875, 26059.44140625, 9353.1220703125, 7122.88671875, 9259.646484375, 5423.0029296875, 12128.939453125, 9074.443359375, 7109.27001953125, 10428.888671875, 16000.1884765625, 10765.375, 7676.18359375, 15233.201171875, 13981.654296875, 10636.7373046875, 21.442033767700195, 24.066606521606445, 18.397689819335938, 27.9915828704834, 21.84861183166504, 22.36978530883789, 22.340782165527344, 21.545392990112305, 18.371780395507812, 15.633026123046875, 19.50398826599121, 18.193281173706055, 23.301597595214844, 20.664323806762695, 19.04651641845703, 21.895017623901367, 23.202680587768555, 22.574373245239258, 17016.46484375, 12313.384765625, 22017.53515625, 5686.841796875, 13021.6328125, 13239.171875, 4033.81494140625, 11680.7353515625, 10092.4423828125, 13229.47265625, 12879.603515625, 4368.77734375, 6198.38720703125, 11550.7275390625, 6916.80908203125, 5955.8427734375, 3521.7373046875, 7450.47998046875, 16955.0546875, 12246.6279296875, 21959.06640625, 5627.28173828125, 12937.3232421875, 13172.5615234375, 3992.052734375, 11629.2607421875, 10027.46875, 13167.3359375, 12792.8427734375, 4290.7919921875, 6146.51953125, 11473.5556640625, 6841.2265625, 5906.74609375, 3437.74560546875, 7367.76123046875, 15.353010177612305, 16.689294815063477, 14.618019104003906, 14.889875411987305, 21.077539443969727, 16.652606964111328, 10.440661430358887, 12.86863899230957, 16.24341583251953, 15.534478187561035, 21.689922332763672, 19.496353149414062, 12.966893196105957, 19.292736053466797, 18.895748138427734, 12.274003982543945, 20.997957229614258, 20.679941177368164, 5381.94970703125, 7431.322265625, 3699.946044921875, 8123.27685546875, 8035.1220703125, 5262.2333984375, 9030.1640625, 8022.916015625, 10481.759765625, 15884.3408203125, 3493.697021484375, 7604.51025390625, 3711.8896484375, 3264.623779296875, 7090.76904296875, 4794.34228515625, 6086.03125, 6081.19921875, 5337.90771484375, 7383.072265625, 3652.929443359375, 8066.68017578125, 7948.93310546875, 5193.98388671875, 8924.5498046875, 7910.8701171875, 10379.5205078125, 15768.298828125, 3428.698486328125, 7540.90087890625, 3671.3896484375, 3195.96533203125, 7040.56005859375, 4738.02490234375, 6020.9326171875, 5997.8291015625, 11.010458946228027, 12.062697410583496, 11.754165649414062, 14.149105072021484, 21.5472412109375, 17.062570571899414, 26.40348243713379, 28.011573791503906, 25.559879302978516, 29.010074615478516, 16.249540328979492, 15.902585983276367, 10.124977111816406, 17.16453742980957, 12.552264213562012, 14.079360961914062, 16.27460479736328, 20.842641830444336],