{"nhidden": 128, "rnn_nhidden": 32, "obs_dim": 1, "latent_dim": 16, "lr": 0.01, "n_batch": 16, "beta": 0.001, "total_epochs_train": 50, "epochs_per_train": 5, "epochs": 50, "loss": [217249.125, 182580.65625, 131916.1875, 166710.71875, 175239.453125, 199697.328125, 135872.6875, 95261.0703125, 143353.90625, 198583.0625, 197055.15625, 103209.78125, 224371.90625, 179174.609375, 129856.546875, 129820.15625, 168642.140625, 127818.875, 170793.171875, 153162.53125, 118762.5703125, 154074.34375, 110390.4296875, 164572.453125, 146355.515625, 173280.46875, 149876.171875, 135321.921875, 126263.671875, 199167.15625, 98185.3046875, 109646.796875, 141748.15625, 155993.609375, 137741.765625, 129894.46875, 102218.1484375, 92033.7109375, 134562.46875, 106324.390625, 129982.1640625, 106930.734375, 104908.09375, 114627.328125, 133955.390625, 100300.75, 145010.71875, 109612.71875, 134007.1875, 105563.0390625, 192130.21875, 136908.046875, 160418.5625, 191428.09375, 194190.328125, 173143.203125, 145524.5625, 171152.109375, 212641.3125, 119022.765625, 139114.796875, 119998.7734375, 138516.875, 149664.875, 141730.21875, 114370.078125, 130798.171875, 151643.90625, 163525.546875, 133095.109375, 137057.296875, 165015.953125, 171872.28125, 130706.71875, 115776.15625, 171428.53125, 101654.96875, 152845.0, 210104.3125, 93847.671875, 163935.984375, 127742.8125, 130657.3359375, 122437.5859375, 221778.9375, 160050.953125, 123809.1640625, 172488.09375, 177277.578125, 108596.03125, 153820.25, 129059.015625, 189860.78125, 161539.59375, 134942.0625, 131002.7421875, 137161.359375, 103741.0390625, 114029.3828125, 100824.40625, 113772.421875, 113931.796875, 98388.9609375, 78112.5859375, 185365.140625, 117062.2109375, 135592.90625, 94561.640625, 103957.703125, 80861.84375, 119652.0, 131306.40625, 79869.0, 90273.71875, 87935.53125, 70322.296875, 120905.015625, 112267.3125, 115691.25, 102596.375, 117308.3359375, 94045.125, 64099.4140625, 118426.8046875, 58629.0390625, 105643.2734375, 73808.0, 62431.06640625, 126144.609375, 103994.5, 93471.421875, 77359.8671875, 61413.1171875, 90648.6640625, 111962.8359375, 100899.1171875, 76476.3203125, 42822.28125, 57687.01953125, 98367.15625, 99722.8671875, 77858.59375, 80909.1875, 52719.9140625, 79169.421875, 70449.734375, 60049.66796875, 49460.53515625, 98943.9921875, 57702.71484375, 67953.078125, 85712.828125, 87022.421875, 41231.3984375, 65101.56640625, 94671.5390625, 89105.25, 87409.921875, 49225.0078125, 62992.91796875, 86900.3984375, 45419.57421875, 93770.0625, 73826.453125, 58631.90625, 58161.26171875, 80338.7890625, 87549.9609375, 95875.4609375, 82114.7734375, 59360.05078125, 117557.2109375, 57383.4375, 86108.2421875, 72680.578125, 68438.7734375, 38792.046875, 99853.34375, 51992.984375, 62594.1640625, 91048.8984375, 51590.5625, 47129.6953125, 68004.5625, 90226.921875, 56403.19921875, 41390.5703125, 99239.3203125, 48492.56640625, 55946.92578125, 114628.8203125, 60501.5703125, 45876.83203125, 52580.5, 55744.640625, 52261.9375, 59604.94140625, 46265.1640625, 48600.4140625, 37523.6953125, 23685.03515625, 73959.984375, 46295.6015625, 62643.23046875, 54515.13671875, 74136.359375, 62177.78125, 69050.0390625, 51472.125, 74362.6796875, 36253.9765625, 56190.0078125, 50079.30078125, 92264.453125, 35122.640625, 47370.26171875, 83248.5703125, 47723.52734375, 75142.4140625, 61568.703125, 73461.2890625, 55421.8125, 42854.703125, 34017.14453125, 53616.99609375, 71097.40625, 78046.390625, 62530.8125, 39937.12109375, 56876.09375, 40765.34375, 45178.21875, 55174.20703125, 40983.8203125, 74723.4375, 49010.74609375, 49138.21484375, 39438.0703125, 51591.53125, 24489.9765625, 46474.68359375, 70704.859375, 27601.775390625, 54026.01171875, 44627.99609375, 43123.6171875, 58781.50390625, 40064.3984375, 76691.5390625, 40038.53515625, 69429.953125, 52312.57421875, 34659.8359375, 91290.359375, 56842.8203125, 46503.734375, 46539.765625, 50115.6328125, 42872.421875, 49979.82421875, 35496.375, 39650.1796875, 51329.828125, 105410.9375, 22406.64453125, 53319.4375, 78538.8203125, 42214.80859375, 62654.28125, 66459.2109375, 56729.8984375, 72688.1953125, 54119.6640625, 48641.09375, 36563.02734375, 50527.859375, 49107.87109375, 55189.640625, 107043.015625, 57316.67578125, 50045.94921875, 38930.62890625, 81409.359375, 44024.125, 63860.44921875, 54939.4375, 32354.935546875, 66401.9375, 50213.16015625, 41053.078125, 108436.328125, 67338.1953125, 34601.109375, 45477.9296875, 60373.37109375, 56244.42578125, 50925.015625, 42725.7265625, 40334.125, 54390.5234375, 71050.609375, 52958.3984375, 40039.4453125, 38968.5703125, 71820.4765625, 46223.69140625, 58689.87890625, 56001.7421875, 61273.5625, 49103.68359375, 70800.9921875, 30524.048828125, 50830.00390625, 38275.78515625, 47996.140625, 44635.16796875, 38603.54296875, 37448.921875, 59270.8828125, 65416.94921875, 51485.5, 46264.75, 39141.7421875, 81041.546875, 55590.04296875, 32168.580078125, 51937.4140625, 44260.2890625, 67198.2890625, 44266.66796875, 74911.703125, 49203.265625, 57176.35546875, 65015.1640625, 62693.68359375, 52166.4296875, 40347.5703125, 37624.7265625, 46051.53515625, 55884.8984375, 76811.5625, 59536.4921875, 46526.69921875, 63345.6171875, 76753.2421875, 49824.234375, 33152.1171875, 58353.0859375, 57285.37890625, 56694.2109375, 58667.69921875, 87565.1640625, 48081.1015625, 52921.41796875, 39019.953125, 28331.16796875, 50607.3671875, 71445.0390625, 48346.61328125, 34567.8671875, 35033.4609375, 50953.3671875, 56062.0546875, 46706.18359375, 63131.7578125, 51618.57421875, 50371.39453125, 34432.55859375, 72455.2890625, 56196.99609375, 33520.15234375, 77750.8125, 35050.12890625, 41703.18359375, 55925.8984375, 74281.890625, 45974.875, 24999.119140625, 70883.5390625, 53234.8515625, 57485.703125, 31533.509765625, 51567.21875, 67606.9921875, 96872.0625, 36082.8359375, 47176.015625, 65223.95703125, 52414.78515625, 64327.890625, 58638.953125, 27205.41796875, 44464.37109375, 50244.96484375, 80029.0703125, 45420.6875, 48754.109375, 59223.71875, 34358.74609375, 46168.56640625, 63892.734375, 23743.521484375, 50804.390625, 44661.09375, 79812.03125, 49248.48046875, 45326.953125, 44605.49609375, 58977.78125, 35696.4921875, 47235.515625, 87950.96875, 53964.76953125, 52237.640625, 49765.16015625, 56412.6875, 41148.1171875, 38939.98046875, 30907.4140625, 50327.2265625, 54940.125, 82338.375, 47218.48828125, 66162.140625, 44462.55078125, 34351.2734375, 61657.5546875, 53423.0703125, 69665.15625, 49227.6796875, 61403.39453125, 29774.5625, 64072.0, 38886.8828125, 40370.0703125, 34718.35546875, 61027.75390625, 30485.83203125, 98430.796875, 42924.6875, 61896.05859375, 68460.7734375, 55548.83203125, 61997.6796875, 78811.359375, 74924.5859375, 34700.39453125, 44594.8125, 39760.98828125, 60093.328125], "name": "default", "desc": "lr_0.01_nb_16_ld_16_b_0.001", "folder": "./saves/grid_seach/search4/lr_0.01_nb_16_ld_16_b_0.001_default_20240307-083653"}