{"nhidden": 128, "rnn_nhidden": 32, "obs_dim": 1, "latent_dim": 16, "lr": 0.005, "n_batch": 16, "beta": 4, "total_epochs_train": 50, "epochs_per_train": 5, "epochs": 50, "loss": [205883.234375, 185919.09375, 162000.21875, 207093.65625, 165850.796875, 143062.1875, 169400.5, 127978.96875, 164747.984375, 144985.375, 192935.28125, 147008.421875, 164727.53125, 186400.6875, 116762.625, 132551.75, 148568.28125, 128111.7265625, 127513.7734375, 123783.59375, 198949.1875, 134837.984375, 103592.9375, 179927.328125, 183419.984375, 171226.234375, 170770.71875, 112879.53125, 156031.46875, 124077.46875, 103056.890625, 138057.53125, 127571.875, 151024.59375, 116495.53125, 134301.359375, 133821.234375, 133059.90625, 165326.28125, 176685.453125, 139415.03125, 129135.4296875, 151923.15625, 155859.359375, 166644.171875, 218124.171875, 184167.4375, 119629.0546875, 146999.515625, 116007.015625, 118439.0859375, 166575.109375, 109146.234375, 116527.265625, 97101.515625, 161677.6875, 126491.9453125, 228447.15625, 113524.703125, 175969.375, 138551.84375, 163894.234375, 121075.796875, 99356.0, 99995.875, 180971.515625, 180890.4375, 103678.625, 177357.84375, 121428.3671875, 130681.8203125, 144746.484375, 129003.3125, 117047.140625, 159547.453125, 117490.71875, 132313.546875, 124236.3515625, 132738.25, 127517.734375, 102823.03125, 115262.375, 122701.6015625, 125300.390625, 114825.9375, 105411.984375, 129411.28125, 96536.1015625, 118143.0703125, 112924.4921875, 112961.7265625, 88610.8046875, 106481.140625, 91862.3671875, 135626.984375, 149260.734375, 109015.96875, 114010.59375, 130426.0, 117474.578125, 94696.3203125, 83763.828125, 130979.578125, 79014.765625, 113015.9765625, 130931.3203125, 75094.109375, 103164.8671875, 79633.484375, 85584.6328125, 77491.5, 70031.546875, 131436.53125, 94756.4765625, 101438.875, 94131.640625, 104588.9765625, 112742.140625, 74645.2265625, 80697.5859375, 125294.375, 117649.0078125, 78197.8046875, 116835.375, 80561.2734375, 89777.671875, 118650.8046875, 108241.21875, 70380.1953125, 78260.875, 83743.0390625, 77480.40625, 103772.5703125, 81233.5, 77653.578125, 73729.9140625, 67212.7734375, 66299.0546875, 102698.421875, 70864.3203125, 65964.46875, 60177.26953125, 73753.0234375, 50951.9609375, 58820.671875, 40709.50390625, 116183.375, 45595.35546875, 48244.609375, 86607.859375, 98768.1875, 58689.484375, 145771.703125, 95829.46875, 136972.75, 58278.15234375, 104065.6484375, 84444.4921875, 110327.953125, 102359.6953125, 62743.609375, 76262.0078125, 74313.7421875, 62853.453125, 90226.3515625, 97448.484375, 49125.375, 56551.71875, 78436.71875, 41107.3203125, 62131.87109375, 70798.1484375, 34253.7734375, 82663.2109375, 62182.4453125, 76027.796875, 51327.3828125, 51387.453125, 84534.59375, 46837.48828125, 110813.1875, 48599.88671875, 57040.421875, 36795.796875, 69042.234375, 34456.66015625, 66990.8828125, 99099.1796875, 33797.10546875, 89520.453125, 58720.171875, 48470.046875, 36720.73046875, 64743.05859375, 59297.19140625, 43637.5078125, 96984.328125, 64292.33984375, 59881.7734375, 55814.7578125, 74750.7734375, 64820.30859375, 68281.4296875, 37644.484375, 55354.44921875, 63567.68359375, 42859.56640625, 52435.77734375, 46476.80078125, 63518.85546875, 64639.3984375, 69868.640625, 46716.3046875, 84164.40625, 52049.55078125, 35129.61328125, 51909.828125, 30137.755859375, 109995.5625, 32543.53515625, 56458.65234375, 45437.02734375, 84969.5859375, 65189.1328125, 57633.9375, 52977.890625, 75469.8828125, 56242.72265625, 29076.3671875, 64191.171875, 80258.90625, 57259.35546875, 65591.71875, 31285.830078125, 53004.28515625, 29500.359375, 76708.8984375, 34165.59375, 85015.75, 53493.6015625, 59541.9375, 46636.5078125, 108105.890625, 55594.19140625, 119420.953125, 62080.1796875, 56887.41015625, 54482.21875, 70135.265625, 60328.828125, 33383.484375, 33038.8515625, 68735.8125, 38342.83203125, 42101.1796875, 68085.0, 98596.7265625, 58205.2890625, 36500.30859375, 44932.43359375, 72082.65625, 69055.609375, 52831.20703125, 38563.58203125, 49993.375, 51229.71484375, 25538.087890625, 103226.328125, 78824.1484375, 92324.3984375, 27375.9765625, 81109.328125, 40447.79296875, 45586.9296875, 91044.8046875, 52528.45703125, 43549.85546875, 31911.66015625, 72715.5859375, 61850.859375, 38761.24609375, 48694.31640625, 55632.49609375, 90583.1875, 38731.8828125, 53848.625, 82116.8203125, 40118.234375, 35546.5234375, 49677.7734375, 54556.328125, 44446.671875, 68331.9921875, 89959.8125, 56681.30078125, 48121.2578125, 39460.453125, 64584.90234375, 33067.5703125, 77538.7578125, 36390.421875, 40290.9140625, 63337.76171875, 54696.453125, 37014.1796875, 54100.6484375, 43211.0, 82044.7734375, 34133.43359375, 73300.3984375, 52351.5390625, 81328.0546875, 49896.9140625, 75947.3203125, 69102.6484375, 83710.25, 46395.86328125, 56488.62109375, 58138.55859375, 64961.90625, 29606.015625, 65623.8828125, 44064.55078125, 50483.59765625, 55440.95703125, 68208.484375, 47699.92578125, 32453.8203125, 55538.015625, 53292.8828125, 30968.568359375, 65222.3984375, 71033.796875, 46390.5390625, 36966.96875, 62232.03125, 35819.27734375, 39004.828125, 74531.03125, 82736.546875, 65306.80078125, 36563.23046875, 29387.181640625, 32921.35546875, 31148.28125, 115182.4921875, 36107.140625, 54070.9296875, 34580.2578125, 94161.96875, 36250.30859375, 45733.0234375, 51734.5390625, 55463.1328125, 54481.6953125, 56211.84375, 45606.34765625, 46145.35546875, 85624.9296875, 78775.1796875, 30693.853515625, 63164.09375, 40675.91015625, 100418.4375, 33557.6328125, 51751.57421875, 78344.1796875, 42438.2734375, 49740.0546875, 69063.78125, 55615.734375, 91862.515625, 69073.640625, 38780.8515625, 49574.5078125, 19890.7109375, 43066.0859375, 36900.25, 82665.15625, 29852.48828125, 51331.18359375, 36908.77734375, 38832.09765625, 53573.63671875, 63595.10546875, 72682.09375, 54684.203125, 71545.5, 61433.7734375, 38540.6875, 47489.08203125, 53253.16796875, 50186.015625, 69466.4765625, 49390.0546875, 36692.70703125, 101534.7421875, 44084.28515625, 49168.4609375, 23623.65625, 37036.63671875, 39306.4453125, 61860.859375, 65126.28125, 59181.84375, 53292.2109375, 40640.34765625, 49146.73046875, 63579.5703125, 29830.927734375, 82474.234375, 53934.84375, 32083.1640625, 50089.47265625, 39010.50390625, 53697.49609375, 58006.21875, 33417.015625, 89264.0234375, 43761.484375, 85546.625, 37303.8203125, 27605.3671875, 33595.18359375, 42141.99609375, 77773.6015625, 68312.40625, 35471.39453125, 40234.7109375, 28964.759765625, 40850.3984375, 74083.65625, 64350.3125, 32393.05859375, 71903.890625, 54808.95703125, 44146.625, 84423.0859375, 48600.09765625, 58827.8359375, 34134.7734375, 48244.84375, 75952.3046875, 96145.4765625, 33595.00390625, 38468.48828125, 25892.521484375, 65697.328125, 29458.728515625, 105406.2578125], "name": "default", "desc": "lr_0.005_nb_16_ld_16_b_4", "folder": "./saves/grid_seach/search1/lr_0.005_nb_16_ld_16_b_4_default_20240213-234940"}