{"nhidden": 128, "rnn_nhidden": 32, "obs_dim": 1, "latent_dim": 4, "lr": 0.0005, "n_batch": 16, "beta": 0.001, "total_epochs_train": 50, "epochs_per_train": 5, "epochs": 50, "loss": [192279.40625, 174753.15625, 100927.203125, 176461.03125, 251014.203125, 149112.875, 162109.59375, 131492.28125, 266385.53125, 177584.515625, 172261.75, 182417.53125, 265119.8125, 148264.4375, 146840.109375, 160295.734375, 141871.578125, 119379.625, 175989.5, 190967.671875, 151930.125, 171530.03125, 178491.25, 125458.625, 202363.421875, 194638.90625, 167362.09375, 160581.8125, 129123.7734375, 222352.78125, 189492.53125, 164321.84375, 169853.046875, 152041.265625, 127527.7734375, 201524.75, 231637.015625, 141600.046875, 147222.25, 135406.78125, 165219.515625, 172296.265625, 209239.15625, 148168.234375, 151668.5625, 164684.546875, 135214.859375, 145395.078125, 177655.03125, 148689.296875, 175809.9375, 128362.3828125, 190094.546875, 188944.046875, 189514.703125, 126899.4921875, 199854.453125, 153108.890625, 184558.40625, 117416.765625, 150297.03125, 122234.46875, 143866.453125, 110801.109375, 202088.75, 162716.640625, 131823.5625, 116395.859375, 214145.34375, 126461.5, 140742.40625, 99821.8359375, 180932.390625, 99664.359375, 135961.015625, 126564.796875, 145287.921875, 125593.9453125, 154147.6875, 144197.453125, 115718.3515625, 124537.921875, 139459.9375, 110401.2734375, 175770.078125, 133866.078125, 123870.265625, 102564.2734375, 111393.546875, 100392.0, 105018.703125, 155541.0625, 98747.375, 114145.328125, 126448.8828125, 88403.359375, 105431.984375, 131195.96875, 168367.875, 101272.6875, 121305.5625, 113560.6796875, 123458.078125, 138172.25, 106284.6015625, 146155.46875, 181471.515625, 140630.890625, 133357.46875, 109175.4921875, 119976.90625, 145403.203125, 99397.21875, 112985.421875, 106647.53125, 129466.859375, 133000.625, 96657.234375, 130125.5234375, 109941.484375, 118395.390625, 154071.84375, 94603.828125, 110748.609375, 107455.8359375, 131297.328125, 94637.4375, 100036.1875, 89633.703125, 106227.140625, 129959.6171875, 150726.21875, 115767.5625, 138830.421875, 97025.4765625, 132796.90625, 104674.15625, 120796.4921875, 89537.609375, 107110.953125, 97801.5546875, 110782.2109375, 135699.890625, 101569.046875, 130012.1328125, 92554.796875, 117109.21875, 111201.203125, 115325.609375, 108780.15625, 88750.265625, 147181.984375, 92772.8515625, 107117.125, 136678.546875, 111692.5234375, 102879.8515625, 121526.640625, 84758.9609375, 86663.7421875, 110075.1953125, 99392.1796875, 122173.09375, 100059.8125, 111083.7421875, 108226.8671875, 107394.578125, 105842.5703125, 110007.9296875, 108165.3203125, 103611.8984375, 101199.0625, 99812.1953125, 112819.0625, 105529.4140625, 124922.3515625, 118154.296875, 103002.5, 100044.3828125, 79357.921875, 119374.4609375, 84547.0546875, 112538.6484375, 129982.0625, 84157.0859375, 100163.5, 96392.828125, 88631.3671875, 109348.0390625, 92700.265625, 115925.203125, 106109.296875, 124221.78125, 104483.390625, 95858.1015625, 102975.4921875, 99388.953125, 83893.8203125, 94025.2578125, 85435.828125, 92643.7109375, 118827.828125, 92257.046875, 117845.75, 102835.1796875, 124024.3046875, 105368.265625, 117155.546875, 89261.078125, 94714.8203125, 108636.0, 89110.34375, 99941.171875, 105005.0234375, 96176.9140625, 127668.4765625, 103042.484375, 113256.8984375, 85558.984375, 102048.578125, 104808.6171875, 88893.0234375, 100918.828125, 116086.2890625, 106601.359375, 88342.2890625, 90991.6953125, 82027.6953125, 110357.6953125, 100065.3359375, 138293.59375, 96135.6484375, 90798.9375, 92776.96875, 121160.1484375, 101242.7421875, 97429.0078125, 82619.734375, 96611.984375, 89053.4765625, 88660.3828125, 127077.328125, 86844.09375, 99616.890625, 128653.90625, 118296.015625, 104929.5625, 100954.375, 97632.59375, 80585.953125, 81062.5234375, 103073.6640625, 92205.8671875, 125546.796875, 100334.75, 81383.984375, 124008.3359375, 81002.1171875, 88841.7421875, 111173.484375, 83252.7578125, 88494.4453125, 121985.0, 125120.5390625, 99688.7734375, 88829.2578125, 81331.1484375, 75577.734375, 83342.421875, 77886.984375, 100919.015625, 76188.4765625, 108738.390625, 92180.65625, 80990.2265625, 121790.0234375, 83417.328125, 93966.515625, 93912.78125, 109175.4609375, 95480.359375, 67953.703125, 97510.9140625, 89962.9375, 94258.359375, 74018.765625, 84813.96875, 104976.1640625, 89792.8828125, 123157.4140625, 94236.1953125, 93021.296875, 84464.8515625, 99532.59375, 68522.3359375, 83945.8203125, 87540.953125, 92811.125, 78016.4765625, 114230.28125, 81715.3125, 100167.3046875, 88778.5, 84849.3203125, 95178.46875, 69828.2890625, 86742.5390625, 72491.6875, 67347.6796875, 79022.71875, 127207.015625, 95780.53125, 93235.0703125, 98127.1171875, 82170.5390625, 76694.9453125, 84541.96875, 82710.0859375, 79503.140625, 123662.03125, 97037.8515625, 78622.015625, 87740.8359375, 84618.625, 86037.78125, 85900.0, 89351.828125, 72164.4296875, 101746.7109375, 76525.90625, 88086.359375, 85002.375, 92183.7265625, 69995.15625, 103212.1171875, 84014.359375, 81809.171875, 76409.078125, 74106.65625, 82418.71875, 83780.296875, 70938.34375, 82229.53125, 70244.921875, 72621.5625, 95998.53125, 68957.6796875, 111290.75, 78943.9296875, 76787.09375, 74496.8828125, 65457.91015625, 96389.984375, 66100.1484375, 82535.875, 70071.484375, 80223.453125, 68846.2109375, 100156.5546875, 85599.65625, 69268.46875, 64850.78125, 83888.046875, 75207.640625, 75468.59375, 74319.03125, 88523.875, 73021.9296875, 67254.484375, 82327.8203125, 69612.1640625, 67165.6015625, 81170.640625, 72260.9296875, 61925.27734375, 80941.359375, 83697.4609375, 86606.171875, 76488.5234375, 69299.75, 66742.2265625, 107087.578125, 93365.234375, 81865.25, 73057.1171875, 62714.81640625, 97659.03125, 64813.8203125, 113793.140625, 79190.171875, 90166.78125, 61013.77734375, 68295.8359375, 70265.4609375, 104052.25, 96310.734375, 77236.9140625, 84962.203125, 92932.3828125, 94290.453125, 68977.625, 65259.77734375, 84482.765625, 66658.5703125, 67004.0, 94989.2109375, 84078.1953125, 63690.234375, 73290.5859375, 76830.953125, 68809.234375, 82529.7421875, 61973.671875, 77622.390625, 69224.7421875, 81338.5625, 57573.0625, 85557.5625, 67741.515625, 82463.8203125, 75950.109375, 70598.796875, 78028.390625, 87348.890625, 55639.90625, 72915.5546875, 76586.0078125, 67266.9765625, 72382.234375, 80514.4140625, 70482.9765625, 52305.95703125, 69148.5234375, 62666.7421875, 95783.046875, 82949.7265625, 64923.08984375, 57294.5625, 65240.77734375, 60401.79296875, 86096.796875, 75661.859375, 71253.1953125, 57452.80859375, 62481.859375, 83128.1875, 80173.3671875, 57505.375, 78802.7265625, 76529.484375], "name": "default", "desc": "lr_0.0005_nb_16_ld_4_b_0.001", "folder": "./saves/grid_seach/search1/lr_0.0005_nb_16_ld_4_b_0.001_default_20240214-004831"}