{"nhidden": 128, "rnn_nhidden": 32, "obs_dim": 1, "latent_dim": 4, "lr": 0.01, "n_batch": 16, "beta": 4, "total_epochs_train": 50, "epochs_per_train": 5, "epochs": 50, "loss": [140059.59375, 205479.5625, 222243.015625, 212863.203125, 138970.234375, 152184.296875, 163422.28125, 161183.25, 129379.0, 138021.453125, 152806.859375, 122307.296875, 120686.0546875, 222903.5, 158849.25, 120311.1640625, 164271.1875, 139991.484375, 108935.9921875, 130257.359375, 179834.0625, 116451.75, 120032.421875, 118652.0234375, 140705.9375, 123255.4921875, 116856.5859375, 144635.953125, 140838.859375, 156086.28125, 134865.5, 231282.796875, 140820.875, 141132.90625, 145202.0625, 135168.375, 119883.3671875, 89449.515625, 125674.75, 128184.546875, 135999.671875, 144872.125, 112973.046875, 114104.65625, 122800.7734375, 100618.3046875, 118380.375, 95406.8125, 101366.765625, 130519.0, 118024.7421875, 83368.734375, 100143.5390625, 88972.9609375, 91063.875, 81599.953125, 63432.41796875, 129586.84375, 122497.203125, 74477.359375, 81408.1171875, 74990.8359375, 89175.3359375, 71714.9609375, 64400.0703125, 183690.703125, 127544.2421875, 99271.28125, 73518.3359375, 162660.265625, 110306.8828125, 67839.0859375, 91936.4140625, 143323.375, 124589.4375, 77008.84375, 65317.359375, 60179.6171875, 79152.21875, 75388.65625, 53792.484375, 68117.53125, 62794.6875, 60564.58984375, 49176.765625, 120838.5859375, 49835.1953125, 64699.0390625, 62213.03515625, 66165.515625, 68022.96875, 72939.0859375, 74733.9921875, 58100.1796875, 60683.22265625, 76871.6875, 69668.9609375, 108185.7734375, 51495.55859375, 69482.59375, 47288.4609375, 69885.75, 67322.5546875, 74739.8671875, 51361.9140625, 81046.046875, 80737.84375, 86496.28125, 56435.8984375, 36824.53125, 43641.6953125, 57437.17578125, 74601.390625, 52576.4609375, 67182.359375, 42113.8671875, 102861.9453125, 49871.46875, 81218.21875, 68393.2265625, 58564.53515625, 36776.53125, 68889.0078125, 73359.9375, 102518.96875, 36459.71484375, 26882.619140625, 54027.78515625, 71199.9140625, 46394.109375, 50881.078125, 45427.40625, 46559.76953125, 77962.3671875, 31620.8984375, 33010.21875, 41853.63671875, 56096.953125, 71750.1171875, 62585.9140625, 46849.62890625, 29330.01953125, 92193.34375, 67053.0859375, 49509.5546875, 58747.546875, 63987.3125, 43995.05859375, 49847.98828125, 30309.640625, 52780.109375, 68823.1015625, 62436.4765625, 77373.8359375, 58590.66015625, 34913.41796875, 59299.6640625, 54636.51953125, 35839.1796875, 55061.45703125, 65312.86328125, 41001.234375, 31164.609375, 39566.7578125, 45041.265625, 58181.77734375, 96054.5546875, 58561.51953125, 27067.259765625, 42396.59375, 83647.546875, 50448.05078125, 51106.71875, 36627.63671875, 23883.072265625, 70880.84375, 49275.91796875, 46720.53515625, 50883.30078125, 73459.8125, 63408.64453125, 75312.3515625, 27616.51171875, 51597.25, 35341.1484375, 74054.8671875, 55168.27734375, 38135.04296875, 35683.2734375, 76106.703125, 73013.3828125, 33276.5234375, 48353.01171875, 55791.21484375, 41813.9609375, 37340.08984375, 84031.671875, 42919.98828125, 45015.76171875, 53560.109375, 30387.287109375, 42478.80859375, 58917.58203125, 47259.09375, 26543.455078125, 73148.421875, 59730.81640625, 43005.14453125, 65397.42578125, 49140.421875, 91184.828125, 45252.32421875, 61179.43359375, 63321.3984375, 36346.328125, 30369.185546875, 37199.9921875, 70623.0078125, 73689.421875, 60326.125, 45831.66015625, 61140.28125, 78544.7421875, 41323.25, 50519.8984375, 40806.40234375, 59978.46875, 50479.4140625, 59781.80859375, 81659.1953125, 85376.0234375, 63109.2734375, 39076.92578125, 52187.09375, 88075.6796875, 35706.40234375, 41609.48828125, 53726.2265625, 22240.224609375, 76367.3515625, 31900.0859375, 58890.62890625, 100926.640625, 56088.91796875, 78172.9921875, 37361.53125, 46903.12890625, 61613.4921875, 48154.45703125, 41156.4140625, 59456.09375, 41510.19140625, 47783.9375, 52356.1953125, 52090.4296875, 80256.9140625, 87713.8125, 56430.515625, 51385.28515625, 51043.89453125, 41918.0703125, 52765.55859375, 66419.9609375, 64439.7265625, 55803.69921875, 79686.890625, 52040.953125, 31906.89453125, 61195.2421875, 43323.48046875, 73643.265625, 73919.6640625, 26997.546875, 58763.109375, 22710.33984375, 48467.3671875, 68269.5546875, 43521.19921875, 48635.765625, 76261.5703125, 31659.5859375, 54365.265625, 28076.46875, 29671.0859375, 80561.0234375, 22250.75, 83039.2109375, 42914.1484375, 91853.9375, 29943.669921875, 44871.8203125, 61421.3984375, 34896.11328125, 65564.7421875, 30569.02734375, 45501.2109375, 45262.67578125, 49642.109375, 67025.5703125, 32894.62890625, 44124.64453125, 73683.3984375, 45146.8203125, 29875.3203125, 29730.634765625, 60820.0390625, 47405.14453125, 66130.2578125, 43027.0234375, 38346.30859375, 52060.3125, 37400.984375, 36467.29296875, 51266.484375, 90069.96875, 46226.4140625, 72011.265625, 61259.1015625, 50327.94921875, 52848.9453125, 56298.25, 50524.53515625, 40628.26171875, 39644.48046875, 35764.4453125, 82144.796875, 70680.4453125, 70445.15625, 43378.31640625, 26631.87109375, 33625.51171875, 32640.029296875, 79432.4375, 39761.9375, 47405.96875, 46734.125, 68857.75, 41749.609375, 66858.90625, 50752.015625, 39988.65625, 35484.59765625, 66607.8515625, 72522.4296875, 62088.6171875, 44312.66015625, 41455.53125, 33496.2265625, 26148.1640625, 73700.0546875, 37404.640625, 32706.552734375, 52251.32421875, 140781.4375, 82565.015625, 53006.0078125, 35591.671875, 58929.2421875, 39763.7578125, 59437.46484375, 31642.28125, 31931.734375, 85364.5703125, 110124.375, 77037.2109375, 26068.81640625, 60112.8828125, 47989.796875, 44168.34765625, 56168.078125, 53297.35546875, 43061.4296875, 41935.72265625, 47214.875, 72604.671875, 55524.7578125, 80062.671875, 31931.30859375, 33351.23046875, 88674.5, 31457.8359375, 61037.9375, 74248.1875, 31175.931640625, 77221.296875, 67041.8671875, 40364.48828125, 51118.3125, 83301.1796875, 44327.88671875, 59112.9296875, 90733.484375, 26995.255859375, 47091.44921875, 69523.2890625, 47646.953125, 71036.21875, 46090.671875, 53995.953125, 36052.875, 27612.958984375, 73561.4453125, 54916.04296875, 82511.03125, 70715.5078125, 66711.6328125, 67592.546875, 45973.65234375, 92381.9765625, 41256.1328125, 31519.88671875, 64793.6875, 44371.7421875, 37668.3828125, 44245.46484375, 31428.673828125, 99893.953125, 60572.40234375, 80975.015625, 56709.78125, 59081.234375, 27226.572265625, 33331.6484375, 38435.0625, 72744.5859375, 42708.0546875, 41628.5859375, 50140.65234375, 39512.62890625, 100311.734375, 37964.7578125, 67422.859375, 82419.4609375, 38910.40625, 33061.20703125, 52998.7734375, 40269.734375, 42755.734375, 65653.609375, 60309.3828125, 54276.1875, 52960.37109375, 56987.40234375, 38640.234375, 67148.3515625, 53378.84375, 56710.203125, 62266.828125, 29041.76171875, 58010.84375], "name": "default", "desc": "lr_0.01_nb_16_ld_4_b_4", "folder": "./saves/grid_seach/search1/lr_0.01_nb_16_ld_4_b_4_default_20240213-223720"}