{"nhidden": 128, "rnn_nhidden": 32, "obs_dim": 1, "latent_dim": 2, "lr": 0.01, "n_batch": 16, "beta": 0.001, "total_epochs_train": 50, "epochs_per_train": 5, "epochs": 50, "loss": [167128.09375, 218362.3125, 193406.921875, 142372.84375, 194441.515625, 162768.625, 199741.953125, 147092.359375, 169713.921875, 121793.1328125, 147022.0, 212190.984375, 115298.203125, 216656.265625, 128396.2421875, 107227.5703125, 257805.828125, 172318.140625, 182974.53125, 143391.421875, 122877.125, 147817.296875, 142736.765625, 231837.390625, 104290.453125, 224219.4375, 119660.484375, 157184.5625, 114863.578125, 146545.4375, 126672.453125, 173479.3125, 137726.65625, 190022.65625, 151100.75, 181996.53125, 122633.1796875, 154315.78125, 147618.46875, 101909.75, 146424.546875, 188396.375, 209371.734375, 151405.125, 132915.328125, 115288.390625, 146218.40625, 121961.8359375, 112813.5234375, 165593.640625, 154663.828125, 174469.0, 169132.828125, 122631.46875, 137766.5, 107987.6328125, 147971.4375, 165353.40625, 150189.515625, 120091.15625, 124793.3046875, 117943.984375, 108786.3671875, 101183.859375, 97890.484375, 100161.5703125, 79453.484375, 124320.6953125, 132579.515625, 413079.25, 116892.1328125, 199703.21875, 156438.421875, 112192.5625, 143304.3125, 176042.6875, 164487.671875, 143461.90625, 158339.34375, 164352.546875, 182848.96875, 201423.484375, 148905.515625, 132870.171875, 185953.25, 152267.0, 177002.578125, 197228.046875, 161645.796875, 104513.40625, 132191.890625, 179782.53125, 165615.03125, 152781.53125, 166069.6875, 148291.0, 180815.65625, 141859.890625, 130584.875, 220793.171875, 149238.875, 173225.78125, 222627.078125, 110081.921875, 175027.015625, 114162.3203125, 140844.234375, 98034.25, 173616.625, 143050.25, 176843.71875, 224267.0625, 123470.921875, 145627.046875, 125034.0625, 164143.40625, 151971.25, 172535.53125, 151039.53125, 129108.7890625, 192776.265625, 124330.125, 149218.59375, 124351.2109375, 185543.8125, 134544.71875, 114268.734375, 173628.796875, 206796.125, 147170.09375, 145776.765625, 151041.171875, 171250.9375, 195701.171875, 109730.1875, 188162.9375, 124151.265625, 139262.765625, 134932.296875, 199877.59375, 171232.625, 156114.40625, 168967.796875, 110501.609375, 153197.890625, 164108.90625, 123065.015625, 135064.609375, 204461.875, 137864.390625, 159448.3125, 201980.875, 132652.578125, 154082.328125, 121836.3515625, 175838.984375, 187187.28125, 197537.8125, 145142.1875, 122002.9609375, 170313.78125, 127605.6953125, 154602.734375, 106460.78125, 140085.015625, 113218.75, 201523.234375, 259319.171875, 159321.546875, 113985.1328125, 157959.265625, 154069.359375, 201925.59375, 165307.96875, 113913.9453125, 148832.796875, 113737.6640625, 118771.890625, 159541.3125, 143336.953125, 143915.859375, 213143.96875, 122887.46875, 111914.28125, 158164.21875, 128024.5703125, 184949.484375, 133259.578125, 199345.0625, 141812.828125, 162956.796875, 166515.9375, 142927.625, 125753.8984375, 212008.671875, 150182.21875, 116588.9765625, 113129.296875, 164350.59375, 139345.828125, 141847.5625, 169756.28125, 166812.03125, 155930.484375, 187357.296875, 142177.09375, 144009.53125, 137783.234375, 174693.9375, 116883.359375, 169481.109375, 128249.078125, 199960.96875, 133158.25, 204126.5625, 134005.46875, 175801.359375, 165008.28125, 148613.859375, 189660.1875, 179492.078125, 155601.0625, 153789.234375, 103886.015625, 147011.625, 229416.171875, 142715.984375, 137992.296875, 182743.078125, 143658.71875, 204900.96875, 140407.53125, 126824.6171875, 100537.4609375, 177618.9375, 114740.296875, 112997.640625, 228372.78125, 103949.0703125, 118595.6796875, 184714.1875, 159680.328125, 165923.578125, 135050.375, 174794.09375, 143438.984375, 186472.375, 154086.65625, 104826.046875, 119115.1328125, 180139.703125, 129027.390625, 139279.359375, 190926.65625, 193896.5, 153346.28125, 179307.53125, 114993.0078125, 153885.53125, 137571.015625, 147000.859375, 135310.765625, 172617.3125, 174917.625, 106919.0625, 161148.0, 152406.53125, 124194.2578125, 161335.765625, 157294.203125, 141501.078125, 183509.359375, 208034.359375, 158539.4375, 138107.625, 140587.640625, 146040.921875, 131260.6875, 107249.09375, 157863.0, 188541.6875, 110750.234375, 156562.34375, 145983.28125, 183781.1875, 184159.078125, 133173.15625, 136565.640625, 136899.375, 144728.21875, 152785.078125, 159343.546875, 184329.09375, 158977.734375, 160805.1875, 193210.4375, 112151.6171875, 228820.09375, 154318.125, 165443.46875, 117252.4296875, 159050.140625, 134356.1875, 136120.484375, 165318.71875, 115659.3203125, 142769.84375, 165442.859375, 161514.890625, 160424.5, 173076.609375, 104455.34375, 152228.6875, 155506.96875, 152736.859375, 158075.5625, 146020.90625, 112641.15625, 166236.359375, 151127.03125, 124251.3984375, 198748.75, 154358.03125, 130707.9921875, 203991.0625, 125533.7890625, 125375.515625, 165351.0, 126349.46875, 143514.171875, 154186.078125, 134679.875, 158398.15625, 120967.9140625, 156212.125, 154527.78125, 97284.453125, 201963.390625, 178753.609375, 135554.328125, 107371.375, 155618.3125, 123203.6875, 156279.640625, 133430.78125, 149430.796875, 144247.6875, 117711.9921875, 202813.59375, 156866.125, 136054.1875, 136182.640625, 212184.09375, 140691.0, 134109.984375, 142701.9375, 95591.8671875, 152581.0, 150504.8125, 113323.796875, 113705.515625, 146224.5625, 109202.7578125, 175483.296875, 149492.03125, 186933.125, 176714.125, 119878.3828125, 104599.421875, 119777.3359375, 171974.015625, 138582.28125, 178568.75, 104575.46875, 136815.078125, 153358.171875, 155136.0, 113776.46875, 115479.40625, 157612.171875, 176567.28125, 141690.65625, 95708.53125, 139834.75, 135492.3125, 164748.109375, 155625.703125, 116043.0703125, 111154.703125, 117235.5625, 162697.78125, 136150.234375, 133991.0625, 162046.75, 147574.25, 143980.25, 185739.0625, 155890.140625, 140349.078125, 124900.3828125, 110072.9921875, 159849.484375, 139165.5625, 112373.828125, 142896.296875, 157436.4375, 137023.21875, 124947.015625, 166956.140625, 161272.28125, 94875.6015625, 127700.9921875, 118829.5546875, 147318.390625, 127377.9296875, 149510.875, 136619.859375, 146209.859375, 172751.375, 103523.671875, 124265.359375, 149967.90625, 128534.109375, 96484.0, 163861.8125, 184623.9375, 138024.34375, 134619.453125, 129950.6953125, 96126.4765625, 126701.34375, 137086.46875, 139712.96875, 100516.6484375, 112782.421875, 154031.6875, 160410.515625, 149861.0625, 159845.5625, 122806.2421875, 122164.75, 94117.9453125, 153439.515625, 101261.3984375, 186414.015625, 124308.90625, 142386.28125, 119286.734375, 83086.2109375, 164351.4375], "name": "default", "desc": "lr_0.01_nb_16_ld_2_b_0.001", "folder": "./saves/grid_seach/search1/lr_0.01_nb_16_ld_2_b_0.001_default_20240213-221648"}