{"nhidden": 128, "rnn_nhidden": 32, "obs_dim": 1, "latent_dim": 4, "lr": 0.0001, "n_batch": 16, "beta": 1, "total_epochs_train": 50, "epochs_per_train": 5, "epochs": 50, "loss": [166369.8125, 224034.859375, 231805.625, 206617.59375, 146409.8125, 157864.5625, 131429.421875, 163087.0, 170940.34375, 174828.28125, 218497.8125, 141671.359375, 260461.578125, 121543.078125, 171827.125, 168037.484375, 151621.8125, 149025.75, 169279.84375, 197532.96875, 146641.734375, 192806.671875, 236525.359375, 209980.28125, 105863.609375, 152686.875, 149582.8125, 114875.5703125, 201583.609375, 175979.265625, 214575.484375, 172527.28125, 208843.703125, 143134.359375, 156545.546875, 195562.4375, 200618.53125, 168932.125, 134227.0, 139147.078125, 211317.6875, 180657.796875, 178436.625, 112054.1796875, 218121.515625, 263912.65625, 187483.90625, 117810.171875, 118221.3046875, 190552.0, 190806.515625, 188760.15625, 139122.4375, 163787.1875, 141769.234375, 256354.078125, 179770.375, 133220.859375, 220466.140625, 160495.578125, 122493.6015625, 160655.078125, 146555.796875, 149526.109375, 198828.890625, 213137.921875, 111017.3203125, 113092.6640625, 219874.84375, 217785.875, 169369.5625, 178674.453125, 167059.96875, 205191.59375, 123053.609375, 175871.9375, 146631.046875, 160070.65625, 174143.046875, 210748.46875, 209007.015625, 107091.90625, 204179.5, 183347.390625, 110098.8125, 208133.0, 203242.46875, 154342.03125, 137428.96875, 234491.796875, 255328.609375, 168863.359375, 188101.421875, 234624.546875, 168212.5, 86811.109375, 157898.828125, 134167.921875, 156025.046875, 118994.5625, 164239.21875, 221159.359375, 117726.65625, 145110.0, 172306.875, 188878.625, 174034.8125, 214251.796875, 148174.9375, 136988.90625, 137767.1875, 204783.734375, 178482.75, 199949.21875, 178980.6875, 177265.84375, 148179.59375, 139448.203125, 158473.21875, 242214.421875, 89927.8046875, 113243.2421875, 204729.734375, 165840.75, 220672.796875, 191293.1875, 145929.421875, 192926.4375, 155937.21875, 158352.9375, 132874.671875, 195394.625, 171444.78125, 98653.3203125, 232636.4375, 137197.125, 146896.75, 177205.8125, 205032.171875, 138215.4375, 160311.1875, 203536.90625, 173912.703125, 143404.15625, 185917.921875, 189299.34375, 169420.28125, 169357.8125, 166776.453125, 201684.90625, 151903.203125, 138928.015625, 123897.640625, 157465.71875, 142769.375, 144191.625, 133928.125, 121896.9296875, 141697.65625, 182499.59375, 255307.71875, 206674.5625, 150880.5, 259861.890625, 131517.859375, 196962.953125, 175519.25, 133594.4375, 102390.4609375, 215159.640625, 114493.6640625, 137229.625, 186927.3125, 132816.828125, 191918.859375, 199660.625, 135719.015625, 119251.9765625, 134246.296875, 178931.40625, 120338.09375, 129046.4453125, 94571.8515625, 106947.734375, 164349.453125, 206348.3125, 217162.921875, 204959.90625, 150454.953125, 238599.078125, 124371.390625, 131740.375, 121643.1171875, 180125.65625, 142630.875, 186112.796875, 172638.40625, 133266.484375, 164405.609375, 188783.0, 175151.34375, 123024.3203125, 157427.21875, 156451.15625, 133042.484375, 135082.0, 162938.828125, 120642.71875, 145426.3125, 200214.28125, 142216.1875, 124672.671875, 175861.484375, 117821.4921875, 210395.546875, 121730.34375, 177173.140625, 177071.546875, 143703.3125, 153110.28125, 103703.1875, 128085.6796875, 184654.765625, 139320.828125, 105476.4375, 111272.796875, 172651.25, 112644.7578125, 149300.71875, 127372.9375, 144938.515625, 157210.09375, 131126.546875, 150438.375, 138742.4375, 119803.1953125, 126127.9921875, 200579.921875, 166974.890625, 117779.390625, 133511.78125, 110315.5859375, 137791.0, 106328.578125, 97980.3125, 125165.3125, 124538.109375, 141449.953125, 133936.6875, 93925.4921875, 245985.234375, 150782.6875, 101111.3515625, 133374.46875, 138224.96875, 140722.40625, 100046.5, 191369.640625, 94166.90625, 178987.28125, 114226.921875, 120435.2734375, 140650.921875, 144900.125, 107576.2734375, 157846.5, 122573.6953125, 139716.015625, 111200.9140625, 145915.265625, 158469.5, 114904.4453125, 98411.2578125, 129393.59375, 113025.9921875, 182530.8125, 133454.375, 108905.75, 152586.90625, 112380.90625, 141258.09375, 108854.203125, 111327.1171875, 120912.265625, 139460.015625, 129269.3046875, 120596.703125, 195056.859375, 111050.84375, 126231.734375, 137194.34375, 101280.203125, 110378.078125, 130409.703125, 198267.78125, 138756.140625, 114263.375, 103308.5859375, 134274.859375, 133735.375, 108000.1015625, 158161.625, 142536.28125, 116048.015625, 141555.125, 132374.84375, 129879.40625, 107823.03125, 101464.4453125, 124803.359375, 152901.09375, 125439.796875, 113444.234375, 154707.21875, 118413.1484375, 123928.21875, 173039.703125, 112013.484375, 146964.71875, 129721.296875, 103391.1484375, 115688.0625, 131209.734375, 102822.8046875, 109207.8359375, 146672.015625, 146896.5, 125444.6796875, 136986.25, 115840.46875, 110246.1328125, 108876.90625, 118988.046875, 135980.59375, 175002.671875, 107581.0234375, 117159.3359375, 107838.5, 125552.546875, 132532.828125, 151136.546875, 100250.3359375, 105378.3046875, 138441.484375, 100454.265625, 202089.59375, 96612.71875, 138430.9375, 124740.609375, 117214.5859375, 105561.96875, 114578.8046875, 98075.1640625, 104099.3671875, 114459.4609375, 114356.609375, 130958.7421875, 99399.9375, 190573.5625, 156998.734375, 107810.0703125, 173754.25, 128261.0625, 121637.34375, 120862.78125, 108834.90625, 135341.9375, 141000.421875, 96866.59375, 136423.078125, 101576.34375, 118503.9765625, 156244.96875, 141629.65625, 113523.53125, 133345.09375, 102295.5703125, 124664.7265625, 118907.4921875, 117916.65625, 142593.484375, 128405.765625, 151625.328125, 145404.53125, 115282.6953125, 103868.703125, 112754.1015625, 114852.4296875, 127651.9296875, 98766.9375, 126317.6875, 135754.40625, 134217.34375, 137631.078125, 124317.1796875, 99431.2265625, 91015.5234375, 125834.6484375, 122853.5859375, 120982.8125, 157001.25, 123390.2890625, 119621.8125, 141288.625, 97906.375, 117566.6640625, 104966.0859375, 128082.78125, 138470.78125, 105952.484375, 118139.2421875, 116193.828125, 148112.1875, 89486.71875, 119576.34375, 120858.6796875, 109773.78125, 95980.9296875, 144122.3125, 181342.734375, 91942.4453125, 93535.921875, 114351.5625, 120893.5390625, 135442.25, 84568.109375, 170969.96875, 96869.7734375, 150786.375, 109673.125, 87513.828125, 128646.0546875, 126343.703125, 125080.1796875, 96826.171875, 116805.5625, 97770.765625, 129636.890625, 101233.9375, 179129.34375, 95569.8359375, 113796.734375, 109217.5625, 128215.0625, 177858.265625, 92461.1328125, 92464.0390625, 121760.4140625, 138168.21875, 106905.109375], "name": "default", "desc": "lr_0.0001_nb_16_ld_4_b_1", "folder": "./saves/grid_seach/search4/lr_0.0001_nb_16_ld_4_b_1_default_20240307-100001"}