{"nhidden": 128, "rnn_nhidden": 32, "obs_dim": 1, "latent_dim": 8, "lr": 0.001, "n_batch": 16, "beta": 0.001, "total_epochs_train": 10, "epochs_per_train": 5, "epochs": 10, "loss": [163263.046875, 187362.90625, 121648.4453125, 207769.484375, 326902.8125, 125850.109375, 128187.3046875, 167869.1875, 156917.140625, 116634.234375, 145467.71875, 169662.84375, 181220.265625, 174219.765625, 145326.78125, 157505.09375, 262699.28125, 146570.484375, 101574.2578125, 166768.0625, 200047.03125, 101424.3046875, 171726.03125, 154836.875, 283893.71875, 118455.0078125, 176538.84375, 133059.984375, 189353.546875, 89598.40625, 163194.5, 154390.796875, 211055.09375, 189413.703125, 116631.6875, 161181.9375, 111196.1484375, 132110.96875, 137363.4375, 168059.90625, 179255.140625, 148072.015625, 98898.3515625, 152508.1875, 185324.390625, 93790.859375, 138950.53125, 121593.203125, 128398.4375, 128700.515625, 161098.921875, 171522.40625, 112590.7265625, 117409.921875, 110801.1953125, 109636.5078125, 98393.109375, 122712.078125, 129275.3203125, 137745.3125, 113592.4921875, 136619.1875, 114597.828125, 132889.65625, 133562.78125, 130288.234375, 149035.15625, 124275.59375, 106051.7734375, 107993.1328125, 117761.40625, 130599.015625, 104773.4140625, 150391.421875, 113545.59375, 97357.640625, 104229.859375, 139884.265625, 132722.296875, 145403.03125, 106763.234375, 178622.640625, 101706.7890625, 99849.484375, 99687.859375, 130823.2578125, 108792.3203125, 87811.96875, 141410.234375, 88532.0078125], "name": "default", "desc": "default run", "folder": "./saves/default_run_default_20240307-074213"}