{"nhidden": 128, "rnn_nhidden": 32, "obs_dim": 1, "latent_dim": 2, "lr": 0.01, "n_batch": 16, "beta": 4, "total_epochs_train": 4, "epochs_per_train": 2, "epochs": 4, "loss": [99357.15625, 131543.234375, 71474.890625, 86697.453125, 113920.359375, 57711.01171875, 87653.9375, 143488.734375, 83055.765625, 70848.5546875, 80982.484375, 53515.30859375, 74113.5, 47329.609375, 55060.88671875, 44019.34375, 55905.90625, 44761.57421875, 28587.169921875, 17274.576171875, 16944.490234375, 19988.9453125, 42367.3203125, 18414.0390625, 30551.53125, 25828.87890625, 17811.404296875, 7799.6025390625, 14888.3564453125, 5912.55859375, 30399.8671875, 8425.369140625, 33961.8125, 5021.31591796875, 2155.1005859375, 7075.36328125], "name": "default", "desc": "lr_0.01_nb_16_ld_2_b_4", "folder": "./saves/grid_seach/search2/lr_0.01_nb_16_ld_2_b_4_default_20240312-104503"}