{"nhidden": 128, "rnn_nhidden": 32, "obs_dim": 1, "latent_dim": 1, "lr": 0.01, "n_batch": 16, "beta": 0.001, "total_epochs_train": 50, "epochs_per_train": 5, "epochs": 50, "loss": [145666.25, 120773.96875, 139422.5, 190813.5625, 232827.546875, 177085.625, 211226.59375, 250485.671875, 115580.421875, 96069.890625, 124704.09375, 182337.453125, 164327.6875, 192722.40625, 111457.828125, 184233.1875, 156803.65625, 181344.828125, 167750.25, 133921.875, 148335.0, 120816.9609375, 203135.96875, 119797.390625, 168552.9375, 149481.9375, 158324.90625, 155302.015625, 114377.8984375, 122512.4375, 187048.1875, 150283.71875, 166537.375, 181345.15625, 181553.109375, 159470.234375, 112527.7734375, 124934.8046875, 181634.359375, 159884.8125, 105994.3203125, 247301.4375, 122741.515625, 126285.796875, 201533.4375, 203159.8125, 139387.390625, 162205.828125, 144314.15625, 120976.828125, 144879.96875, 163190.03125, 107481.015625, 215187.484375, 150113.921875, 160937.984375, 148452.875, 157311.546875, 107199.71875, 208054.78125, 128386.171875, 181636.1875, 102568.359375, 175660.46875, 134857.375, 135138.578125, 119631.765625, 154750.515625, 167763.234375, 155677.921875, 118938.609375, 233699.46875, 109206.3359375, 214795.65625, 109906.75, 149750.09375, 144297.59375, 142303.1875, 173620.671875, 151131.0, 197973.1875, 134446.140625, 120829.0625, 171445.609375, 171357.4375, 239513.875, 135308.375, 133851.84375, 125804.6640625, 120573.90625, 144788.40625, 200231.625, 183087.046875, 135829.0, 113483.6953125, 175156.578125, 145919.75, 129783.2265625, 148360.234375, 166432.171875, 152482.046875, 197519.890625, 100146.03125, 182231.5, 128498.25, 183260.03125, 124760.703125, 130598.5, 107746.4375, 167690.453125, 199034.4375, 158125.546875, 139283.84375, 166156.28125, 137153.59375, 180166.15625, 134909.546875, 168693.671875, 208484.96875, 160406.59375, 148267.046875, 182008.15625, 160828.359375, 144526.828125, 132857.234375, 95555.3203125, 152419.609375, 160563.8125, 135048.78125, 126917.8671875, 142808.859375, 157840.0625, 204325.9375, 187753.109375, 114883.6953125, 138526.953125, 151499.125, 231215.484375, 117979.5234375, 145460.15625, 155311.78125, 148137.90625, 131363.59375, 167260.5625, 163231.015625, 114006.0078125, 132858.046875, 193056.84375, 117775.671875, 188109.765625, 104714.765625, 179964.46875, 149236.078125, 123639.4921875, 141308.125, 128554.1484375, 121790.8125, 138863.125, 130397.59375, 172213.71875, 187792.6875, 179003.6875, 160116.640625, 152842.0, 100234.640625, 169588.78125, 178329.203125, 179969.59375, 148190.921875, 142368.96875, 120091.9140625, 140563.328125, 154292.6875, 137966.234375, 137513.6875, 138560.171875, 179276.4375, 173060.4375, 119290.765625, 123222.78125, 186459.59375, 118238.65625, 112101.140625, 124205.5625, 120978.4375, 149051.625, 186232.5, 179635.28125, 147514.03125, 135176.359375, 178292.96875, 174599.109375, 170216.59375, 143870.734375, 136971.640625, 104806.28125, 195602.953125, 133191.765625, 130203.7578125, 189066.03125, 136008.828125, 148965.734375, 166628.1875, 116960.65625, 148792.921875, 127656.09375, 156953.203125, 133489.09375, 137763.515625, 115623.21875, 150797.890625, 130496.65625, 163284.46875, 229524.828125, 168750.234375, 144304.65625, 161944.046875, 119534.84375, 128633.8984375, 168405.25, 182331.46875, 162884.265625, 164277.125, 143785.421875, 170706.703125, 138789.234375, 165967.796875, 123421.5703125, 131679.5, 145413.078125, 157424.640625, 103448.6171875, 197333.078125, 232073.3125, 141311.234375, 163135.828125, 150741.921875, 179771.5625, 185027.53125, 131947.96875, 139971.609375, 171451.234375, 135917.578125, 175298.296875, 132891.34375, 117328.6328125, 160843.578125, 104798.65625, 159486.09375, 159144.359375, 192871.96875, 178512.921875, 104522.515625, 157823.734375, 219564.1875, 134986.703125, 165497.28125, 151000.03125, 173944.96875, 156497.1875, 142130.171875, 131535.625, 165973.96875, 125884.9140625, 184922.109375, 128877.8046875, 167230.515625, 136036.234375, 150822.5625, 197501.734375, 101518.3046875, 121968.0078125, 192016.3125, 229136.640625, 137810.359375, 141437.234375, 149934.125, 159216.71875, 135870.96875, 209635.1875, 192623.671875, 168195.578125, 118598.078125, 127755.1171875, 107463.140625, 164426.40625, 176916.234375, 116200.5625, 139163.8125, 152923.984375, 184424.46875, 156461.09375, 99969.84375, 123647.9609375, 146019.703125, 218446.171875, 118471.9609375, 183326.484375, 130347.1015625, 140239.25, 164315.296875, 148219.453125, 165508.296875, 185037.125, 113675.078125, 116928.484375, 182710.953125, 193417.953125, 142215.84375, 115656.234375, 145147.890625, 132270.96875, 127327.984375, 153275.421875, 133516.9375, 137467.96875, 134239.234375, 171494.6875, 131982.546875, 111511.296875, 152830.03125, 163128.375, 121062.4765625, 156989.21875, 148943.03125, 159549.140625, 161447.125, 137944.359375, 157071.03125, 126006.0546875, 159530.34375, 98503.4296875, 140863.09375, 116358.5625, 197787.5, 156180.921875, 109278.328125, 98811.546875, 154895.9375, 118255.0078125, 112161.90625, 209627.71875, 96460.1875, 113299.21875, 138733.296875, 175942.28125, 130536.390625, 177721.296875, 154456.578125, 136131.53125, 113218.859375, 109710.890625, 170879.375, 133732.921875, 142861.15625, 100220.328125, 109352.8046875, 136011.4375, 138176.703125, 184608.84375, 150234.75, 110705.625, 101697.5, 160091.734375, 124239.2109375, 143608.359375, 165804.21875, 101563.59375, 181451.09375, 162305.21875, 133262.28125, 118986.84375, 146330.796875, 174307.828125, 142628.359375, 124946.453125, 116486.328125, 154174.671875, 181047.796875, 119404.875, 164464.875, 121785.6640625, 122055.2109375, 146818.203125, 122650.2109375, 112858.953125, 184713.21875, 131485.734375, 153265.8125, 160237.890625, 182062.15625, 140403.25, 159707.21875, 93017.7265625, 133530.59375, 124474.34375, 184775.796875, 125377.890625, 149901.1875, 105228.734375, 148532.375, 144971.515625, 141481.625, 159745.96875, 94892.5546875, 154796.28125, 117362.0390625, 147717.6875, 164799.390625, 144447.96875, 105582.8671875, 96364.3671875, 136435.4375, 149989.359375, 103671.25, 133352.5625, 90296.640625, 165050.375, 129315.4609375, 160813.90625, 175203.984375, 124044.2109375, 127701.6796875, 110230.2890625, 146214.015625, 201271.28125, 240617.578125, 162415.296875, 119661.40625, 160152.125, 213321.0625, 123341.328125, 108820.46875, 151052.53125, 176374.34375, 227283.28125, 141516.390625, 179457.578125, 236630.890625, 182144.1875, 123243.296875, 179599.9375, 181210.5, 195913.5625, 143619.984375, 121777.875, 164754.890625, 153680.0625, 188148.21875, 103909.65625], "name": "default", "desc": "lr_0.01_nb_16_ld_1_b_0.001", "folder": "./saves/lr_0.01_nb_16_ld_1_b_0.001_default_20240307-060937"}