{"nhidden": 128, "rnn_nhidden": 32, "obs_dim": 1, "latent_dim": 16, "lr": 0.0001, "n_batch": 16, "beta": 4, "total_epochs_train": 50, "epochs_per_train": 5, "epochs": 50, "loss": [150044.09375, 160964.484375, 127754.609375, 204245.75, 222582.15625, 169387.21875, 190529.5, 216753.34375, 147642.171875, 145805.640625, 181409.5, 157268.40625, 107322.6171875, 202389.8125, 163063.828125, 181601.4375, 152435.5625, 211871.90625, 121634.78125, 173325.09375, 247481.21875, 283598.03125, 105514.8203125, 197280.296875, 88635.8359375, 203607.53125, 168757.640625, 169381.8125, 126865.875, 230546.84375, 175366.5, 202176.859375, 175049.921875, 157568.15625, 193510.65625, 170942.34375, 146371.5625, 152857.9375, 154785.296875, 218962.75, 302754.25, 203741.625, 116734.78125, 135756.5625, 156197.203125, 205402.078125, 174494.5625, 146988.8125, 120081.671875, 174256.765625, 209742.3125, 140092.171875, 250948.078125, 171444.703125, 127340.0078125, 178036.65625, 156038.390625, 178009.703125, 241513.046875, 165082.5, 106984.3203125, 153701.359375, 226271.21875, 143492.171875, 172444.65625, 223551.953125, 192575.59375, 143103.765625, 158890.0, 152248.578125, 203611.171875, 156615.09375, 138933.125, 215694.03125, 229160.375, 156360.265625, 119863.0546875, 161059.09375, 198364.6875, 136966.84375, 212170.90625, 175925.125, 172962.25, 109212.71875, 246951.578125, 181879.359375, 133698.09375, 168158.578125, 186042.765625, 171038.6875, 131395.578125, 199596.734375, 200238.421875, 111514.421875, 168756.875, 186936.75, 178476.953125, 261616.9375, 123992.765625, 173702.21875, 160384.875, 138338.328125, 148944.828125, 186003.234375, 133189.328125, 258770.1875, 165088.71875, 152868.3125, 157308.0, 182116.96875, 111772.6015625, 211035.59375, 223064.5, 119182.7578125, 151357.375, 232546.859375, 119342.7734375, 101486.4375, 171916.96875, 228857.8125, 171735.640625, 160133.546875, 149796.03125, 208678.125, 201218.65625, 144043.765625, 179059.671875, 162454.125, 172082.703125, 146623.875, 187691.40625, 148968.90625, 196698.15625, 165145.21875, 165712.421875, 185514.28125, 105032.9296875, 195569.90625, 138262.921875, 178422.5625, 164524.5, 164310.640625, 156634.9375, 242591.125, 153545.5625, 141395.953125, 104236.71875, 147484.734375, 197377.84375, 216852.265625, 241279.375, 128938.59375, 167205.0625, 94409.4296875, 204460.671875, 163346.3125, 155957.3125, 148861.375, 187606.734375, 131060.015625, 228293.4375, 195387.984375, 172850.984375, 179061.984375, 98632.671875, 162679.421875, 180279.296875, 198751.375, 141705.84375, 192266.140625, 146002.3125, 185364.8125, 188629.3125, 114454.875, 164703.890625, 107760.40625, 167341.671875, 162466.5625, 218052.28125, 156951.125, 145655.59375, 120701.8125, 151025.859375, 107953.96875, 284654.4375, 169287.9375, 169630.875, 145810.546875, 195262.78125, 112753.21875, 195233.046875, 144897.0, 169849.484375, 172484.65625, 194242.6875, 148511.296875, 169351.109375, 168895.390625, 176780.375, 178965.609375, 180746.546875, 111222.0625, 98597.703125, 133390.84375, 146459.984375, 184365.0625, 213554.046875, 179134.34375, 112110.9140625, 187357.875, 112800.6015625, 189981.0625, 118745.5546875, 172981.375, 159767.40625, 221314.96875, 123765.6171875, 143656.4375, 152680.546875, 185407.46875, 157767.609375, 162989.421875, 190122.21875, 160941.796875, 145220.84375, 146066.4375, 118540.25, 159256.71875, 138947.40625, 164333.640625, 188950.140625, 187295.6875, 190326.5, 134192.0, 152892.296875, 145389.4375, 109737.5234375, 160784.0625, 211926.203125, 100672.8046875, 213004.09375, 101241.140625, 209612.8125, 206855.375, 125944.109375, 173908.28125, 200614.953125, 94039.828125, 116400.1328125, 149276.328125, 101243.6328125, 167920.15625, 166590.359375, 173753.3125, 130692.859375, 137793.9375, 175464.234375, 116939.4609375, 162376.625, 116671.5859375, 157204.1875, 196841.078125, 163606.15625, 139587.4375, 140476.4375, 144168.609375, 97438.0, 150277.4375, 120585.359375, 138153.046875, 165820.578125, 101582.09375, 126489.703125, 135404.484375, 165533.9375, 147125.1875, 124002.9296875, 144046.234375, 153567.53125, 127021.7109375, 106411.453125, 147608.40625, 113787.5, 149748.9375, 92640.875, 156056.59375, 179898.46875, 109899.9453125, 119150.71875, 99186.53125, 83976.046875, 101561.15625, 126452.578125, 121851.640625, 159542.375, 160954.625, 164040.875, 114038.1640625, 104655.8125, 153482.265625, 112385.3125, 155527.296875, 113629.921875, 129120.734375, 127457.984375, 132922.6875, 116547.625, 121598.1953125, 105681.703125, 105599.0703125, 84713.84375, 184576.96875, 160625.5625, 138057.3125, 96100.2265625, 86497.5234375, 94016.8515625, 172085.171875, 101389.71875, 159829.21875, 109101.2734375, 115306.390625, 128271.9609375, 93100.390625, 140618.90625, 117181.140625, 111511.5, 106822.21875, 124005.3046875, 121744.984375, 113238.234375, 112865.953125, 108962.484375, 111984.8515625, 182301.5, 84857.9296875, 121604.546875, 102868.546875, 100780.3671875, 125745.65625, 104147.734375, 94715.9609375, 103485.1953125, 99892.1875, 96440.8984375, 108556.875, 109762.3203125, 103730.484375, 99653.9296875, 141160.953125, 149900.6875, 136936.65625, 127159.546875, 134484.46875, 96467.3671875, 111871.453125, 88689.3125, 100699.6015625, 108963.46875, 134214.015625, 111969.125, 132888.28125, 100863.078125, 110469.0625, 90178.625, 133146.1875, 110932.65625, 110745.03125, 108573.828125, 93003.71875, 98317.5, 116179.4765625, 122118.21875, 112662.7265625, 120623.015625, 132727.78125, 110821.2578125, 118188.609375, 99797.234375, 143356.578125, 119160.7734375, 114351.3828125, 115841.0546875, 126768.59375, 109530.1484375, 103482.90625, 108843.203125, 124105.234375, 133037.453125, 95993.609375, 101811.1328125, 107675.109375, 124275.328125, 103509.609375, 118611.2890625, 106498.609375, 101706.3828125, 111091.9921875, 124916.2734375, 103799.46875, 113456.4765625, 114941.03125, 93985.328125, 119603.625, 132588.234375, 95176.8984375, 87910.609375, 99562.9375, 131402.390625, 124545.96875, 131565.921875, 125978.109375, 85719.3515625, 113481.6875, 115688.609375, 142870.34375, 78806.0859375, 100048.09375, 89027.796875, 120135.2734375, 98223.15625, 124507.15625, 106526.9609375, 94288.890625, 101271.2109375, 123791.703125, 122101.1328125, 118740.4921875, 95715.7421875, 117724.203125, 134234.625, 101783.2578125, 101778.3671875, 105574.453125, 134108.5625, 106216.96875, 142444.1875, 91086.28125, 95507.75, 111690.4140625, 93041.0703125, 104910.6640625, 129408.90625, 89143.53125, 120181.59375, 94857.5, 111667.3046875, 119617.578125, 136811.640625, 127350.21875], "name": "default", "desc": "lr_0.0001_nb_16_ld_16_b_4", "folder": "./saves/grid_seach/search4/lr_0.0001_nb_16_ld_16_b_4_default_20240307-101733"}