{"nhidden": 128, "rnn_nhidden": 32, "obs_dim": 1, "latent_dim": 8, "lr": 0.001, "n_batch": 16, "beta": 1, "total_epochs_train": 50, "epochs_per_train": 5, "epochs": 50, "loss": [137363.5, 158791.34375, 133706.65625, 124100.328125, 187294.046875, 290234.0625, 136629.171875, 171293.1875, 220068.46875, 114346.8125, 191175.0625, 180721.28125, 232106.65625, 218303.328125, 143909.5625, 150410.796875, 185996.984375, 132885.890625, 153153.484375, 154273.6875, 207791.65625, 205111.6875, 112673.3515625, 118884.46875, 185139.375, 205096.265625, 180010.984375, 208706.9375, 154628.15625, 149844.640625, 132162.484375, 218923.0, 132442.40625, 119736.671875, 202476.125, 170422.84375, 165454.625, 139748.8125, 200870.140625, 160532.40625, 157582.1875, 106792.5390625, 149382.296875, 113778.859375, 173487.3125, 122999.1953125, 203915.5625, 155782.25, 121377.1953125, 206204.03125, 116419.109375, 104811.34375, 155837.703125, 121888.875, 114308.8125, 106326.8828125, 131778.125, 209362.84375, 154006.515625, 132546.578125, 107554.96875, 159853.09375, 122507.796875, 172955.484375, 116854.0234375, 116992.734375, 150290.28125, 150314.84375, 167233.453125, 129704.0859375, 115715.8046875, 108371.4453125, 152057.578125, 142643.140625, 146511.765625, 128990.859375, 98722.8203125, 133528.34375, 120021.859375, 126952.546875, 132199.953125, 177338.375, 132212.125, 108874.3046875, 126645.6015625, 130682.53125, 135975.0625, 163054.78125, 116850.265625, 96980.25, 132919.390625, 137613.578125, 119575.3125, 129421.65625, 155995.71875, 137228.65625, 116853.6875, 112473.9765625, 108519.6796875, 136997.296875, 118550.421875, 137085.8125, 117445.765625, 104476.9921875, 121232.8671875, 101891.9375, 111374.8125, 127357.875, 120502.9453125, 107478.734375, 103469.671875, 126064.0546875, 118495.8046875, 181669.0, 111790.078125, 130490.265625, 104572.921875, 91858.296875, 133751.0, 127811.3203125, 109583.5625, 109949.8984375, 120822.015625, 124747.734375, 116097.734375, 120397.9609375, 158501.46875, 97769.9375, 113219.1875, 88698.25, 178014.40625, 97989.140625, 113468.3515625, 92413.0, 105807.5, 147128.34375, 99404.1171875, 104122.390625, 80717.390625, 101903.671875, 147761.125, 128538.6328125, 122831.546875, 102674.265625, 103948.328125, 109853.78125, 176256.5, 124028.71875, 105136.4375, 91232.6171875, 93864.3359375, 112572.96875, 92276.34375, 146001.421875, 92524.8984375, 105363.71875, 128269.046875, 86675.1640625, 95427.25, 88715.015625, 132200.875, 101291.5390625, 88824.015625, 114315.046875, 91974.7421875, 107799.921875, 100772.1953125, 135402.46875, 115506.6796875, 89996.890625, 113656.03125, 97664.25, 98738.03125, 131669.4375, 100479.859375, 83402.6953125, 98791.7109375, 84245.765625, 145432.78125, 94658.59375, 91040.640625, 94506.5859375, 100691.6484375, 128089.34375, 94847.1328125, 122732.0546875, 94413.0078125, 81960.8984375, 121400.3203125, 77222.4375, 107384.90625, 162928.625, 100505.3828125, 86013.5234375, 94427.3046875, 103994.109375, 77720.421875, 95342.296875, 85595.2578125, 83730.203125, 103984.1484375, 86335.1015625, 95852.7421875, 115746.8203125, 101042.9921875, 113647.1796875, 68607.8203125, 71438.765625, 77450.3515625, 87669.6171875, 118625.796875, 87976.40625, 109107.0703125, 92135.0, 89473.3359375, 97011.5625, 79219.375, 73745.9609375, 100498.421875, 94612.0234375, 105692.15625, 81216.015625, 78386.796875, 116619.6640625, 55276.8359375, 120015.03125, 79880.703125, 88973.0, 77842.0703125, 114871.1171875, 63122.609375, 73668.5859375, 102002.609375, 69120.765625, 79748.2109375, 58725.89453125, 60063.8359375, 85225.4296875, 108565.65625, 81327.3984375, 84909.953125, 93373.9453125, 91132.34375, 62824.3046875, 84864.984375, 130293.453125, 68703.5546875, 93763.1015625, 80499.09375, 65905.625, 61516.64453125, 79727.1640625, 83589.171875, 84137.625, 83610.1484375, 82390.0625, 78338.078125, 93225.890625, 79107.7421875, 65065.9296875, 60405.875, 84733.2734375, 75553.3515625, 57426.5078125, 106290.515625, 64009.41015625, 66050.5546875, 61378.05859375, 86937.734375, 71621.015625, 38374.390625, 65076.1953125, 78583.328125, 77589.6015625, 66240.4453125, 89322.2578125, 54041.39453125, 84791.671875, 74321.1484375, 71555.015625, 60786.15625, 59897.390625, 62411.90625, 63431.12109375, 69300.8984375, 51608.9921875, 81141.7734375, 71550.296875, 78850.6015625, 57564.953125, 72120.3046875, 64750.46484375, 73977.234375, 43055.76171875, 61238.87890625, 39762.58203125, 85631.984375, 42502.0078125, 72854.6640625, 60009.30078125, 66017.1796875, 72044.9453125, 43175.34375, 81963.703125, 57553.1875, 68699.5703125, 70761.140625, 59852.00390625, 75905.125, 70282.375, 50288.3359375, 47053.27734375, 83938.421875, 48773.5625, 56855.2734375, 55034.1015625, 39917.9921875, 60225.67578125, 97645.015625, 43053.2109375, 58229.04296875, 82207.5078125, 55383.125, 82066.8203125, 35916.54296875, 81961.796875, 59095.3359375, 46081.23828125, 90362.8125, 62180.69921875, 53518.6640625, 53568.54296875, 46452.49609375, 40643.87109375, 52199.765625, 100637.1484375, 69881.2265625, 76516.1484375, 38698.4140625, 46676.75390625, 75936.4453125, 49069.6171875, 54065.47265625, 52903.01171875, 71132.53125, 60041.65234375, 83558.2109375, 62766.48828125, 54518.16015625, 39013.0703125, 58370.0859375, 71086.6484375, 48710.671875, 64656.3984375, 61942.859375, 54654.58984375, 78934.59375, 39441.453125, 42931.0859375, 68282.625, 43155.41796875, 57241.765625, 82547.7265625, 66113.03125, 53963.2109375, 42820.671875, 79713.171875, 44115.578125, 39845.80078125, 85228.6328125, 36404.7578125, 75114.515625, 59046.890625, 38038.7265625, 36715.34765625, 53874.00390625, 50302.02734375, 67707.0, 53150.9296875, 52272.15234375, 74626.375, 33183.69140625, 72377.9765625, 88222.5234375, 66489.734375, 32361.859375, 50719.69140625, 40528.125, 112166.7109375, 42467.77734375, 68675.6796875, 39113.359375, 51724.44140625, 59205.0546875, 45791.73828125, 37194.23046875, 56391.9765625, 40724.359375, 54522.140625, 64394.10546875, 55083.87890625, 75516.140625, 70384.4296875, 42952.28515625, 44038.62890625, 51851.6875, 36042.765625, 51221.19140625, 44182.3046875, 53407.9375, 62811.140625, 51286.55078125, 45242.58203125, 103719.375, 38683.6796875, 61944.7734375, 60735.3671875, 70920.2734375, 57071.23046875, 72156.734375, 35400.0078125, 42180.53125, 56011.578125, 89392.625, 46490.59765625, 45459.4375, 30079.203125, 25244.12890625, 69534.6640625, 81478.6328125, 57471.13671875, 53430.8046875, 34137.5234375, 72529.0234375, 59778.83984375, 61888.40625, 49180.765625, 51536.9140625, 59952.63671875, 42008.75390625, 50316.765625, 47208.1015625, 71046.8359375, 43401.859375, 40048.15234375, 52663.90234375, 46993.2421875, 69076.0390625, 53407.6015625, 61418.84375], "name": "default", "desc": "lr_0.001_nb_16_ld_8_b_1", "folder": "./saves/grid_seach/search1/lr_0.001_nb_16_ld_8_b_1_default_20240214-002115"}