{"nhidden": 128, "rnn_nhidden": 32, "obs_dim": 1, "latent_dim": 8, "lr": 0.0001, "n_batch": 16, "beta": 0.001, "total_epochs_train": 50, "epochs_per_train": 5, "epochs": 50, "loss": [240436.859375, 125009.21875, 140570.65625, 163155.0625, 170570.25, 204303.546875, 206974.3125, 150359.625, 186288.421875, 179470.421875, 185552.0, 99014.0546875, 136935.15625, 188057.453125, 156759.546875, 225486.09375, 233017.078125, 191342.03125, 179432.3125, 174608.6875, 193235.984375, 151440.703125, 119939.1171875, 207709.5, 214682.484375, 128926.28125, 208913.3125, 221221.15625, 170866.6875, 185553.421875, 151666.375, 155579.65625, 158813.5625, 151435.296875, 137411.96875, 236454.96875, 152872.0, 186176.96875, 195302.34375, 145118.453125, 179590.703125, 170318.46875, 171510.609375, 176488.046875, 156508.171875, 215439.25, 119692.234375, 174500.046875, 138437.953125, 223127.828125, 202011.578125, 163718.875, 105831.6484375, 189272.0, 250355.46875, 166322.40625, 175361.0, 137242.875, 182639.640625, 161683.71875, 201482.109375, 177347.65625, 141976.0625, 187379.234375, 157830.765625, 171337.59375, 184793.96875, 138542.953125, 229674.265625, 130803.8359375, 202472.3125, 168611.28125, 158768.296875, 194964.328125, 197086.5, 241718.5625, 122779.203125, 152394.1875, 206842.734375, 152575.953125, 135283.375, 119108.65625, 175676.0625, 195035.265625, 212451.1875, 178260.34375, 130452.3046875, 169140.0, 210964.03125, 175774.625, 224326.390625, 170325.34375, 107079.578125, 240370.4375, 187534.90625, 162753.140625, 189994.109375, 157291.859375, 102383.8359375, 116124.78125, 171967.890625, 232733.71875, 109651.8671875, 231215.40625, 133846.984375, 143810.265625, 213719.921875, 200776.359375, 254665.84375, 194840.765625, 90342.609375, 199000.90625, 155455.609375, 158585.609375, 170684.65625, 146681.796875, 134541.4375, 170927.46875, 132731.734375, 137993.09375, 162993.78125, 104922.921875, 251376.59375, 138057.6875, 155354.09375, 213623.5625, 163345.96875, 145528.546875, 168789.375, 105475.6171875, 178865.375, 187023.328125, 255688.15625, 159582.46875, 146517.296875, 130875.25, 186397.109375, 219154.1875, 161608.875, 131311.28125, 174152.421875, 138912.6875, 174305.9375, 201167.109375, 220897.515625, 113649.6484375, 183683.984375, 170063.453125, 115510.46875, 232144.546875, 146534.03125, 141674.8125, 144118.953125, 189855.296875, 140791.671875, 131962.34375, 140262.171875, 201158.796875, 241706.421875, 215167.125, 91137.84375, 129567.0625, 149359.515625, 197088.84375, 147646.5, 171234.59375, 151266.734375, 179650.921875, 182983.546875, 193710.921875, 111922.1328125, 208851.25, 110074.1171875, 167550.78125, 147222.5, 143941.75, 143305.515625, 206741.296875, 135636.0, 198607.1875, 117760.84375, 142779.953125, 174575.03125, 150847.84375, 134019.671875, 169410.9375, 179624.96875, 143112.609375, 200077.96875, 155387.28125, 115956.9921875, 153289.296875, 172636.40625, 116543.953125, 128779.578125, 170344.84375, 167324.40625, 209841.34375, 180911.53125, 145435.515625, 174692.578125, 118676.2109375, 190358.03125, 90537.1015625, 151373.015625, 191893.8125, 160226.28125, 87988.25, 146095.375, 145446.1875, 195582.515625, 197160.703125, 181154.453125, 134619.0, 133100.046875, 94520.015625, 139870.578125, 119407.46875, 190846.078125, 165791.609375, 198733.875, 115154.109375, 132210.015625, 201783.53125, 103142.0859375, 133837.140625, 131036.5625, 177896.625, 139901.484375, 118722.53125, 110955.6484375, 186646.25, 148297.53125, 156784.53125, 107993.5390625, 158158.484375, 112778.234375, 173387.734375, 152839.234375, 117955.5, 195220.78125, 118542.671875, 104343.140625, 135608.078125, 163914.40625, 125260.1796875, 178507.65625, 108862.390625, 151461.21875, 151684.9375, 156690.46875, 110614.625, 110922.6015625, 157946.5, 173072.71875, 134846.078125, 170665.5625, 99707.421875, 163362.6875, 127242.5703125, 96187.5390625, 134219.4375, 123559.25, 157003.3125, 93112.359375, 178069.078125, 130296.1796875, 99206.171875, 149011.0625, 125994.09375, 122268.65625, 136033.640625, 133659.125, 128254.0546875, 123113.359375, 113065.765625, 130930.4921875, 129866.75, 120469.09375, 149238.9375, 97661.4140625, 128114.34375, 90564.6484375, 145328.4375, 90835.3515625, 127434.328125, 126716.9375, 147894.828125, 109968.9921875, 155197.25, 118185.78125, 129563.859375, 92801.4765625, 134120.078125, 135997.78125, 85968.4140625, 114499.3671875, 110040.90625, 135755.96875, 106889.4375, 104759.0859375, 123231.7421875, 119474.7734375, 98409.8671875, 129499.484375, 126364.3125, 98297.453125, 88471.4375, 162473.0625, 89337.4921875, 86002.828125, 156873.5, 127533.0625, 136540.953125, 107944.9375, 107122.3515625, 102868.140625, 91275.90625, 121234.140625, 127224.3984375, 144463.046875, 94049.65625, 123811.578125, 93140.75, 129366.71875, 98323.4609375, 122927.4453125, 125988.15625, 87545.390625, 94542.765625, 100562.8515625, 147284.140625, 87717.703125, 105164.3359375, 104252.5, 111524.421875, 88745.640625, 98954.328125, 120899.6875, 109171.21875, 136355.3125, 130631.078125, 128508.7265625, 101308.75, 96509.4296875, 126276.09375, 110049.90625, 101857.3984375, 117198.28125, 91928.5703125, 147470.484375, 135382.78125, 100238.2734375, 97808.453125, 130631.8203125, 116879.015625, 112418.625, 90491.546875, 117869.1640625, 92426.421875, 97342.90625, 136611.921875, 128965.0, 90384.5390625, 97428.234375, 94994.234375, 127102.375, 108354.1328125, 86663.3359375, 124297.953125, 142269.09375, 112700.9453125, 113443.5078125, 105896.0390625, 135237.546875, 132920.71875, 103054.984375, 83535.7265625, 123028.84375, 146576.640625, 110974.1171875, 114576.6875, 92108.703125, 122761.15625, 105313.2890625, 124989.625, 84766.96875, 149295.75, 111242.9375, 113168.078125, 114485.515625, 118037.7890625, 141781.65625, 97849.5234375, 99032.328125, 82903.984375, 103410.40625, 86389.5625, 91418.6640625, 115214.5234375, 120605.7578125, 117939.234375, 98087.0625, 131909.375, 107566.7265625, 117350.390625, 93761.6015625, 91179.9453125, 115403.734375, 107365.46875, 96506.3046875, 116118.1015625, 132331.453125, 101763.7109375, 88957.4921875, 98308.5703125, 102921.6796875, 105721.03125, 144558.03125, 112015.625, 91714.171875, 101171.03125, 127432.484375, 73885.0390625, 151340.59375, 103930.296875, 106415.5, 102027.6171875, 84803.15625, 93893.7734375, 124181.9453125, 118601.9609375, 134285.0, 121029.9375, 121344.9296875, 92627.7734375, 83326.4609375, 105867.46875, 84688.5546875, 113382.390625, 99178.3828125, 110871.7578125, 85464.3359375, 96437.546875, 117109.8203125, 138866.359375, 96547.09375, 101012.1484375, 97293.8359375, 91120.2109375], "name": "default", "desc": "lr_0.0001_nb_16_ld_8_b_0.001", "folder": "./saves/grid_seach/search1/lr_0.0001_nb_16_ld_8_b_0.001_default_20240214-012419"}