{"nhidden": 128, "rnn_nhidden": 32, "obs_dim": 1, "latent_dim": 4, "lr": 0.001, "n_batch": 16, "beta": 0.5, "total_epochs_train": 50, "epochs_per_train": 5, "epochs": 50, "loss": [176204.09375, 129769.1875, 169162.265625, 151534.90625, 195652.90625, 221157.5625, 158783.53125, 124424.7890625, 223527.640625, 147076.140625, 150335.765625, 195622.15625, 117909.8671875, 271395.5625, 148808.578125, 180487.453125, 139158.984375, 198800.0625, 104718.2421875, 127987.71875, 210532.953125, 151853.140625, 237052.265625, 140336.3125, 214755.453125, 153713.84375, 144038.28125, 132535.34375, 180077.34375, 129697.78125, 215984.125, 130488.328125, 156253.65625, 211083.25, 116498.4609375, 153858.703125, 172462.90625, 189818.640625, 146999.296875, 143626.484375, 142880.40625, 111201.671875, 146413.671875, 113110.8125, 168916.90625, 111678.5625, 159784.484375, 131515.53125, 134211.203125, 114037.6171875, 125323.96875, 168124.34375, 132158.46875, 131453.09375, 158803.59375, 153633.71875, 169308.765625, 132754.921875, 124909.078125, 95525.875, 104563.609375, 132135.0625, 182568.15625, 131157.796875, 100845.359375, 168587.46875, 130309.6796875, 154360.65625, 154169.859375, 110483.421875, 127921.640625, 93913.109375, 99991.1640625, 113421.625, 122888.78125, 183213.75, 127162.46875, 105373.0625, 112743.3828125, 118417.203125, 142146.265625, 150119.90625, 141484.1875, 118963.7109375, 118230.4765625, 123909.3671875, 125488.9453125, 109552.28125, 144756.65625, 91193.0625, 127153.84375, 121295.9453125, 142909.890625, 90901.046875, 92397.765625, 109178.09375, 122477.3046875, 112622.21875, 148482.734375, 119034.8828125, 105456.421875, 108082.703125, 127597.40625, 132722.40625, 110993.2265625, 86306.1015625, 132636.234375, 144028.9375, 115896.8671875, 102952.96875, 91319.6171875, 112386.921875, 96482.328125, 126786.84375, 94823.046875, 121857.84375, 118021.53125, 116177.6328125, 122306.265625, 122128.859375, 118149.8046875, 106479.828125, 121153.2734375, 90359.515625, 100201.65625, 116913.1953125, 152233.15625, 112358.6015625, 91607.171875, 126583.0546875, 95074.765625, 98525.875, 101443.6328125, 100914.671875, 152069.75, 83824.53125, 132055.5625, 133543.53125, 98233.03125, 115388.4921875, 106451.265625, 97382.734375, 110736.1796875, 124452.875, 88123.234375, 87895.40625, 132987.609375, 107422.203125, 92826.015625, 120570.234375, 112001.5625, 132798.171875, 106720.34375, 113228.1484375, 86998.0859375, 105587.484375, 95922.828125, 88341.734375, 126743.640625, 108961.3515625, 141741.953125, 118158.8359375, 106954.4609375, 117795.5234375, 106440.5625, 112830.5859375, 121075.234375, 90261.5625, 95640.21875, 80360.828125, 101019.765625, 131080.84375, 87048.7890625, 113577.0625, 112762.3203125, 93661.953125, 89373.84375, 103244.21875, 108221.65625, 74980.9375, 102158.9453125, 111953.90625, 91400.390625, 91906.8125, 146833.6875, 80692.921875, 73957.984375, 87567.609375, 109533.8828125, 75499.2890625, 75564.921875, 120740.9296875, 95419.1484375, 91631.4375, 74481.7734375, 80405.1328125, 131899.984375, 88139.125, 126988.25, 92680.640625, 76147.609375, 77634.78125, 119663.390625, 81907.3359375, 89565.5625, 91527.71875, 73776.2578125, 91553.921875, 98044.2265625, 74029.4375, 120599.375, 81234.328125, 84870.0390625, 95372.7421875, 92092.484375, 74727.0546875, 102724.5, 105643.65625, 74142.140625, 83352.3359375, 100523.2734375, 84636.6328125, 66722.7265625, 67664.9375, 92370.78125, 70179.328125, 88819.59375, 82352.46875, 80732.453125, 73040.859375, 64395.54296875, 121267.4921875, 80817.75, 99970.40625, 141107.390625, 61212.8984375, 84405.109375, 86569.609375, 80788.8359375, 90338.09375, 81941.046875, 79694.53125, 62674.88671875, 103262.96875, 76484.90625, 77497.9296875, 82860.859375, 74352.0, 59068.69921875, 78802.96875, 70570.21875, 115242.1484375, 66803.5546875, 72593.7421875, 61376.015625, 68295.890625, 99159.96875, 97303.7578125, 74998.09375, 95139.4140625, 55352.26953125, 80088.5, 87144.03125, 69723.6484375, 60717.62109375, 56260.61328125, 80623.265625, 70423.2734375, 67100.9453125, 79323.9375, 58955.25390625, 63055.09375, 67648.5546875, 70532.796875, 73311.234375, 68579.5234375, 63899.76171875, 62452.0, 59803.65234375, 70451.25, 51872.890625, 77904.1796875, 58824.94921875, 50042.765625, 61330.265625, 83070.8046875, 56978.8359375, 71639.4296875, 99096.03125, 56975.28125, 51474.69140625, 41859.765625, 54952.51171875, 62869.30859375, 79346.0078125, 73350.328125, 37723.95703125, 44195.1484375, 69700.421875, 57157.55078125, 40502.61328125, 43145.5390625, 105176.53125, 59823.2890625, 30549.0859375, 120899.5, 37741.90234375, 99891.7734375, 46878.7890625, 98257.6171875, 70943.8125, 60013.72265625, 58130.2890625, 60323.90625, 31473.62109375, 49421.9375, 84316.3125, 103224.796875, 60986.96875, 62823.2734375, 56506.7890625, 63808.375, 77875.4296875, 47806.81640625, 57334.375, 56850.484375, 69972.453125, 87228.4765625, 52570.52734375, 44062.61328125, 69168.3828125, 55584.68359375, 89277.0078125, 102018.2578125, 95881.703125, 40212.0, 52385.62890625, 43929.29296875, 65734.3125, 62809.91015625, 47676.79296875, 41850.51171875, 70601.234375, 57335.26171875, 60857.2890625, 54044.0234375, 82955.5078125, 65900.125, 31381.583984375, 62011.67578125, 47644.5390625, 65875.875, 32290.015625, 80052.375, 47514.91015625, 36464.04296875, 40228.40625, 62430.28515625, 73795.8671875, 78697.8828125, 94942.734375, 61264.57421875, 69220.4140625, 42908.015625, 39552.38671875, 46409.1875, 90903.1171875, 45532.39453125, 53168.76171875, 65146.2421875, 68151.234375, 47779.375, 53723.4453125, 46385.7890625, 31439.587890625, 82854.8203125, 81482.421875, 61592.296875, 57401.79296875, 56901.1875, 68908.328125, 68687.0625, 82417.625, 40722.0078125, 45934.0859375, 62784.41796875, 34896.22265625, 54646.5390625, 61113.9140625, 38043.41796875, 29809.783203125, 63412.0234375, 45707.9609375, 56507.421875, 44324.28125, 70175.8984375, 47013.3984375, 64661.7890625, 55784.69921875, 39465.83984375, 47838.73046875, 57671.42578125, 76198.0234375, 70784.4609375, 41735.125, 44140.2421875, 33208.51953125, 78052.125, 54830.8828125, 46524.7421875, 39707.65625, 42384.83984375, 77714.8828125, 89445.25, 56728.0703125, 46301.91015625, 50008.03515625, 36110.08203125, 42375.765625, 49738.5078125, 55333.6796875, 114559.0390625, 54658.5, 42434.99609375, 38361.76171875, 50348.0390625, 104956.9453125, 63849.625, 53298.6953125, 47950.0859375, 32991.4375, 65014.4453125, 45936.1640625, 59724.78515625, 83934.078125, 57198.3203125, 49271.53125, 36271.77734375, 33659.43359375, 50387.9375, 89899.4453125, 53090.2734375, 86360.75, 53638.22265625, 54164.58203125, 47383.9765625, 43728.51171875, 78793.8125, 40897.28125, 37097.8046875], "name": "default", "desc": "lr_0.001_nb_16_ld_4_b_0.5", "folder": "./saves/grid_seach/search1/lr_0.001_nb_16_ld_4_b_0.5_default_20240214-000929"}