{"nhidden": 128, "rnn_nhidden": 32, "obs_dim": 1, "latent_dim": 4, "lr": 0.001, "n_batch": 16, "beta": 1, "total_epochs_train": 50, "epochs_per_train": 5, "epochs": 50, "loss": [131101.40625, 182583.0625, 180387.296875, 181675.578125, 209675.203125, 188803.71875, 149374.25, 128386.3203125, 231910.90625, 149149.1875, 204992.9375, 156214.765625, 189001.375, 178179.3125, 214013.890625, 111581.203125, 165811.8125, 182754.875, 131694.296875, 117090.7578125, 171568.640625, 195496.703125, 140664.890625, 138201.8125, 182831.046875, 158929.609375, 232146.59375, 132561.9375, 189741.046875, 177921.15625, 110262.3359375, 202660.71875, 171095.046875, 140282.109375, 161243.734375, 168532.109375, 163607.765625, 143549.84375, 213303.28125, 143290.953125, 145898.328125, 114363.5390625, 116369.0625, 126286.03125, 187789.28125, 114106.390625, 199364.5, 116511.359375, 141277.0, 147080.1875, 163935.109375, 124690.1015625, 130655.078125, 125606.1953125, 133318.359375, 160064.65625, 135438.328125, 139827.53125, 118901.390625, 111630.46875, 118887.6875, 126813.1328125, 161112.0, 160813.1875, 144970.25, 137241.34375, 117684.1953125, 104680.1640625, 117524.140625, 143451.703125, 140318.171875, 112385.8515625, 117275.7734375, 198243.34375, 111787.640625, 110272.578125, 145321.09375, 105817.109375, 105395.546875, 153744.96875, 94552.65625, 151836.1875, 127895.328125, 137403.140625, 99146.0703125, 162077.1875, 107800.203125, 112347.3125, 97923.8203125, 123579.546875, 113319.75, 103741.0, 99640.515625, 102754.78125, 117727.7109375, 197279.859375, 125741.5625, 127486.171875, 95425.21875, 155660.609375, 101038.828125, 103831.109375, 203817.6875, 153496.8125, 150754.5, 158555.546875, 239876.875, 148934.421875, 153336.359375, 170868.421875, 221143.09375, 297524.6875, 177618.390625, 100686.921875, 110155.296875, 139224.921875, 159266.84375, 148453.6875, 257680.28125, 163666.15625, 145025.953125, 138702.25, 141621.171875, 131792.5625, 152335.828125, 160918.9375, 150261.515625, 156623.28125, 143572.34375, 136509.59375, 176757.875, 107470.6484375, 159234.015625, 91504.96875, 171469.9375, 84827.625, 141137.5, 97073.6015625, 116034.9921875, 123726.0703125, 102905.21875, 172155.640625, 122320.6328125, 110285.28125, 115148.8203125, 134712.78125, 122744.9609375, 100874.53125, 99394.28125, 138590.546875, 102488.953125, 149227.296875, 125446.8125, 102952.15625, 130661.265625, 132223.203125, 100355.921875, 101847.2578125, 108699.5703125, 80197.0703125, 173929.671875, 138214.375, 90689.609375, 108318.6171875, 112010.09375, 150122.96875, 88079.6640625, 131811.75, 109382.6484375, 166602.21875, 94904.125, 136029.984375, 99817.7734375, 101264.09375, 127497.203125, 121078.5390625, 98697.6875, 105905.1640625, 113499.0546875, 112048.765625, 164795.96875, 79350.515625, 110385.71875, 133462.71875, 111504.625, 111807.890625, 99717.09375, 95189.953125, 76180.5859375, 98969.8125, 100292.0390625, 105662.375, 91385.3515625, 114715.28125, 109665.9609375, 79721.359375, 116217.09375, 144560.625, 124918.78125, 101081.84375, 93384.9140625, 94089.84375, 107111.3125, 82200.640625, 114067.7265625, 117554.9765625, 123119.15625, 119019.6796875, 128814.515625, 101507.0703125, 90350.25, 105447.59375, 91851.9453125, 108552.34375, 85126.4453125, 113330.484375, 115816.1875, 96467.75, 136533.703125, 78770.984375, 114412.453125, 82537.3046875, 78566.7421875, 119112.25, 80340.390625, 104470.5546875, 110088.515625, 95547.21875, 115882.203125, 66132.09375, 102772.546875, 94697.75, 79467.828125, 90217.890625, 71687.9375, 84955.6484375, 104370.84375, 101161.8125, 105672.9453125, 82998.3046875, 83495.625, 67291.2421875, 111157.46875, 84056.9140625, 83551.6328125, 95624.078125, 61711.96875, 85917.7578125, 66218.390625, 106398.6796875, 75344.65625, 124199.34375, 68564.40625, 89439.375, 70391.2421875, 75888.953125, 88492.8125, 93489.703125, 94776.6875, 80668.21875, 71655.9453125, 85838.90625, 108875.21875, 130105.0703125, 83232.78125, 85070.1953125, 67748.140625, 94518.84375, 69106.0859375, 67819.078125, 109171.671875, 85688.078125, 100844.5546875, 93882.65625, 79061.9609375, 85282.109375, 88672.3046875, 90157.2265625, 58504.7109375, 82791.71875, 90808.4921875, 92462.421875, 59544.359375, 98725.6875, 90113.6171875, 86926.171875, 99017.1484375, 62523.4296875, 96760.125, 73854.3515625, 87391.609375, 77367.5, 90374.640625, 72295.46875, 69429.84375, 84226.625, 75902.71875, 65676.4140625, 70279.359375, 75252.375, 105193.40625, 71845.203125, 84657.5, 82203.6015625, 71057.40625, 113351.0, 105670.8828125, 61021.5, 51512.96875, 55086.90625, 101108.2734375, 79116.125, 88323.8984375, 76185.0625, 67404.0390625, 80289.765625, 107649.4140625, 76874.546875, 47262.85546875, 60248.47265625, 60854.95703125, 121283.90625, 56993.55078125, 78433.953125, 73957.046875, 54826.375, 94992.9375, 50704.81640625, 69093.234375, 93547.90625, 114599.7734375, 67707.296875, 68825.3984375, 63960.04296875, 72721.65625, 152426.34375, 68409.796875, 70152.7578125, 48505.3671875, 85511.828125, 66278.9140625, 49635.54296875, 92211.765625, 112910.28125, 70260.71875, 62049.875, 76362.25, 57363.04296875, 58451.06640625, 91890.5546875, 46248.75, 78930.1171875, 62983.6875, 58837.7578125, 95772.9296875, 53958.5625, 83828.921875, 76687.328125, 65894.3828125, 53755.26171875, 58407.40234375, 54034.4453125, 125941.546875, 76211.7734375, 52177.05078125, 72422.40625, 86553.125, 61540.16796875, 44293.5703125, 81828.421875, 89329.9140625, 75993.6484375, 57477.2890625, 48458.94140625, 64413.6953125, 49058.4375, 54591.78515625, 110372.8671875, 51159.21875, 106915.7421875, 102333.125, 48177.1328125, 65050.7109375, 64246.40234375, 54115.77734375, 94421.890625, 52085.3359375, 96222.5078125, 49956.24609375, 81559.0859375, 50793.77734375, 53148.8203125, 80758.296875, 67074.8125, 78624.7734375, 63103.20703125, 82916.59375, 47901.3046875, 67283.59375, 70784.8046875, 76328.5390625, 53206.12890625, 96099.359375, 79083.7109375, 58209.12109375, 64083.65234375, 90192.4375, 45701.015625, 112170.578125, 60552.9375, 90557.828125, 52761.6796875, 49436.45703125, 49639.51953125, 60783.92578125, 47526.53515625, 52761.64453125, 41655.59375, 58315.875, 75857.890625, 107788.3515625, 53960.67578125, 60047.75390625, 72165.84375, 44671.96484375, 33227.84765625, 88645.0078125, 59664.171875, 75793.8828125, 45039.5859375, 39017.1953125, 69361.28125, 50667.6875, 59461.71875, 72535.8125, 57111.7421875, 37574.25390625, 74308.7890625, 108896.7265625, 53674.6015625, 54816.02734375, 61934.02734375, 98910.6953125, 80953.4375, 56886.50390625, 45473.39453125, 45653.2734375, 44573.87890625, 50262.89453125, 55710.67578125], "name": "default", "desc": "lr_0.001_nb_16_ld_4_b_1", "folder": "./saves/grid_seach/search1/lr_0.001_nb_16_ld_4_b_1_default_20240214-001135"}