{"nhidden": 128, "rnn_nhidden": 32, "obs_dim": 1, "latent_dim": 2, "lr": 0.001, "n_batch": 16, "beta": 4, "total_epochs_train": 50, "epochs_per_train": 5, "epochs": 50, "loss": [146731.5625, 126138.5, 149049.375, 213409.03125, 164997.765625, 236270.078125, 219299.6875, 140971.984375, 178543.59375, 185366.4375, 164127.21875, 180305.140625, 159741.140625, 169125.5, 147189.234375, 139521.515625, 163642.625, 181197.1875, 210527.859375, 144431.515625, 245984.953125, 111907.8828125, 162217.6875, 120763.9140625, 191125.265625, 130176.40625, 113229.3125, 158659.953125, 237122.3125, 120404.046875, 165504.59375, 118585.0234375, 111857.734375, 127396.765625, 89618.984375, 124875.484375, 165523.765625, 104231.390625, 143424.375, 118801.84375, 172020.65625, 123608.5, 137904.484375, 120004.0390625, 138955.84375, 128940.9453125, 146136.0, 148339.171875, 99548.28125, 133426.28125, 136981.828125, 166538.5625, 127620.875, 123991.734375, 147544.140625, 146610.3125, 134715.40625, 115980.59375, 159065.390625, 115120.4375, 132806.234375, 119156.21875, 104612.96875, 115732.1875, 154934.75, 122098.3984375, 96866.140625, 119814.2421875, 123932.453125, 126036.375, 133662.03125, 133431.25, 151842.875, 112515.78125, 116448.0078125, 107189.484375, 135859.34375, 106154.59375, 121527.0, 131003.109375, 133864.328125, 102571.578125, 111787.40625, 132256.078125, 137201.0, 109028.03125, 146352.375, 130047.75, 97265.484375, 126132.40625, 109843.0078125, 115503.8125, 98859.03125, 105290.609375, 108566.296875, 140208.28125, 137106.25, 131419.703125, 128396.890625, 122364.34375, 137334.203125, 102237.0, 114845.3671875, 138076.4375, 108279.71875, 90553.5546875, 94420.484375, 134607.234375, 88685.75, 151658.828125, 98848.296875, 138515.4375, 119482.59375, 107583.859375, 92710.1015625, 102314.515625, 109638.828125, 123186.9140625, 102304.984375, 99289.546875, 110840.375, 126216.234375, 114082.5703125, 114463.1171875, 131849.25, 107697.265625, 104527.5625, 90252.8984375, 103592.8203125, 100138.3359375, 175782.8125, 99145.9453125, 148488.6875, 101203.9609375, 116084.3359375, 103774.4921875, 102417.6640625, 115715.765625, 133913.25, 87561.203125, 133146.046875, 90557.3203125, 104885.046875, 122072.71875, 115475.7421875, 142474.4375, 107458.1796875, 109892.7265625, 117517.1953125, 84787.4375, 98344.3515625, 99703.640625, 94807.1015625, 77487.6796875, 102164.328125, 101982.5859375, 104707.5625, 84694.015625, 126659.1171875, 113908.015625, 99467.828125, 116968.25, 134700.65625, 77868.3515625, 118779.0078125, 86197.171875, 100208.6796875, 98182.359375, 98275.4375, 98263.296875, 79018.0078125, 97637.2265625, 115414.796875, 77824.609375, 73645.1015625, 111744.0390625, 124022.0625, 82310.65625, 148865.125, 61517.8359375, 107882.53125, 103297.71875, 123772.09375, 96893.015625, 96362.203125, 94394.8046875, 94312.8828125, 97717.6484375, 78648.4140625, 83858.453125, 76840.859375, 108079.0078125, 91454.0546875, 96157.59375, 156246.1875, 92571.5390625, 86584.2265625, 90333.7578125, 84322.984375, 84183.3125, 77834.2421875, 118069.96875, 94508.9921875, 105190.03125, 102011.4375, 82777.2734375, 104858.453125, 80792.015625, 55847.35546875, 108793.1484375, 73479.75, 90675.0390625, 65850.1171875, 141716.078125, 87870.0078125, 96333.7578125, 79559.390625, 68103.578125, 68498.6015625, 160268.96875, 75535.046875, 67951.6328125, 79769.78125, 88545.984375, 97291.265625, 87975.1953125, 91470.015625, 83904.109375, 68463.3984375, 103718.484375, 87440.7265625, 78426.390625, 66496.8203125, 81135.625, 73985.046875, 82822.5859375, 74751.7265625, 63233.90625, 91155.6484375, 66773.7421875, 70871.8515625, 81466.4765625, 131731.65625, 53910.6328125, 89170.5703125, 76467.4921875, 82079.9609375, 64587.25390625, 102552.9609375, 99044.3125, 60062.9140625, 81153.3828125, 68585.1328125, 87058.3203125, 111040.5390625, 49312.9140625, 100268.3828125, 67803.4921875, 55176.58984375, 79015.234375, 74537.09375, 63240.7578125, 105428.6484375, 77098.59375, 83798.8671875, 92626.25, 67423.4765625, 60302.8125, 66788.6015625, 53974.67578125, 47393.7421875, 95191.578125, 56404.3515625, 61746.76171875, 87026.375, 77814.96875, 96393.640625, 56717.1171875, 75358.3671875, 108704.109375, 52916.703125, 73950.1796875, 76763.7265625, 58093.96875, 67080.8125, 57435.8125, 74438.8125, 59172.4296875, 111932.1015625, 48026.9296875, 79988.53125, 56307.8984375, 70041.734375, 55653.0703125, 70589.2421875, 60281.1171875, 50734.0390625, 64457.8046875, 50266.34375, 77895.359375, 71362.3671875, 51430.87109375, 37204.3671875, 84818.4296875, 71153.53125, 96008.2109375, 44108.859375, 45874.15625, 83500.3203125, 75405.578125, 71542.171875, 73894.3125, 63475.22265625, 60274.83203125, 52068.7578125, 53580.0234375, 53072.6328125, 99967.484375, 64365.8828125, 57281.80859375, 25342.46484375, 44903.70703125, 77748.21875, 61312.36328125, 53118.8671875, 50109.3671875, 66503.921875, 35815.46875, 42671.40625, 60619.796875, 80914.21875, 99828.609375, 86709.046875, 58527.9609375, 66614.03125, 39268.61328125, 68186.3359375, 82580.3046875, 46025.83984375, 59842.921875, 47277.31640625, 52026.44140625, 55886.5625, 45975.11328125, 75899.890625, 36977.234375, 61917.1171875, 42817.52734375, 50679.3046875, 63809.93359375, 73861.921875, 60486.1953125, 53817.36328125, 84499.9140625, 40446.98046875, 52661.23828125, 36672.53515625, 90269.171875, 52216.9765625, 62583.1953125, 67862.7890625, 46194.625, 50460.67578125, 37353.359375, 46945.9140625, 68201.7265625, 60268.67578125, 65539.484375, 54568.23046875, 40332.58203125, 56108.02734375, 39435.87890625, 98267.359375, 62138.5703125, 55034.11328125, 54725.07421875, 44581.203125, 57570.01171875, 97992.265625, 56279.265625, 41638.1171875, 59749.90625, 51379.6875, 33019.87890625, 42238.14453125, 33408.1875, 46641.21875, 41441.80859375, 35215.43359375, 57451.42578125, 27817.47265625, 54647.3203125, 66148.765625, 46363.38671875, 94930.046875, 68245.28125, 60600.14453125, 69758.203125, 47627.8125, 67627.1171875, 43956.625, 41182.92578125, 43184.98046875, 67213.0, 64251.69921875, 82649.71875, 59433.5703125, 44373.4296875, 77722.9140625, 54463.7265625, 67060.828125, 43634.00390625, 39707.828125, 44058.9453125, 66568.921875, 47235.80859375, 43650.6171875, 40391.71875, 43946.86328125, 79795.125, 58521.984375, 75369.5234375, 39645.38671875, 59699.27734375, 40229.5390625, 76015.2421875, 41546.6640625, 68703.46875, 43019.91015625, 51273.72265625, 38900.4296875, 79376.3125, 45170.58984375, 56326.96875, 58317.1484375, 91854.5, 51628.484375, 41324.6171875, 43378.6796875, 56251.9453125, 70643.84375, 54139.5078125, 83368.8046875, 50089.7734375, 79976.375, 48731.98046875, 40118.671875, 54673.37109375, 43042.48828125, 62499.49609375], "name": "default", "desc": "lr_0.001_nb_16_ld_2_b_4", "folder": "./saves/grid_seach/search4/lr_0.001_nb_16_ld_2_b_4_default_20240307-091132"}