{"nhidden": 128, "rnn_nhidden": 32, "obs_dim": 1, "latent_dim": 16, "lr": 0.01, "n_batch": 16, "beta": 4, "total_epochs_train": 50, "epochs_per_train": 5, "epochs": 50, "loss": [85084.40625, 196015.546875, 147798.96875, 202101.234375, 174523.9375, 141021.0625, 150447.203125, 176887.765625, 227498.03125, 234276.046875, 186814.09375, 205353.5, 134248.578125, 185303.921875, 147554.640625, 130883.0390625, 123901.2421875, 152191.078125, 190040.5625, 133114.28125, 189676.40625, 193885.84375, 205938.125, 122884.5859375, 130729.71875, 127008.390625, 110472.171875, 88263.640625, 162970.640625, 177899.15625, 148380.1875, 171287.484375, 115979.9140625, 154404.203125, 127520.9765625, 162974.1875, 150954.921875, 139612.234375, 120213.109375, 144673.25, 116334.5, 99685.046875, 107887.375, 101993.78125, 159849.078125, 115886.875, 151245.734375, 100206.3359375, 130524.546875, 140408.640625, 98746.2421875, 101406.984375, 107966.609375, 149659.703125, 101176.75, 144022.828125, 117512.4375, 86678.015625, 101236.1328125, 96773.5546875, 76702.9453125, 118434.828125, 90243.015625, 108825.953125, 95696.3359375, 84338.703125, 114305.28125, 118743.65625, 128432.7265625, 96367.515625, 208232.078125, 106460.984375, 95653.4609375, 163442.671875, 144629.3125, 170465.96875, 159604.078125, 110901.296875, 121922.6484375, 135495.8125, 164022.96875, 88476.9140625, 151273.125, 166600.3125, 152545.09375, 138388.265625, 144545.296875, 119485.921875, 185962.125, 100011.6953125, 151234.546875, 116888.546875, 122427.9609375, 98883.984375, 106066.5625, 137886.1875, 119033.421875, 159427.265625, 115050.28125, 136872.703125, 136452.765625, 138202.515625, 160932.046875, 154534.703125, 138137.8125, 143857.171875, 115409.671875, 151294.15625, 124655.7265625, 197055.203125, 182738.1875, 130540.96875, 268829.84375, 221111.921875, 218870.203125, 128002.4453125, 113986.4453125, 134579.71875, 132037.8125, 260030.328125, 157384.03125, 160868.84375, 120359.484375, 151148.8125, 167402.640625, 106150.5, 138617.609375, 140100.703125, 140975.03125, 111588.5703125, 149355.578125, 151998.40625, 88538.4921875, 164544.5, 89543.28125, 128159.6328125, 146980.03125, 191756.921875, 142993.09375, 168720.015625, 163175.5, 148567.296875, 152337.6875, 95041.75, 117320.078125, 138355.90625, 106973.4296875, 106498.25, 113480.5546875, 149253.046875, 133568.46875, 119544.1171875, 108728.7265625, 125340.171875, 73788.0078125, 120583.3046875, 118056.5546875, 134003.578125, 107205.5703125, 69813.859375, 77014.125, 63763.734375, 69248.875, 82210.984375, 77333.359375, 94095.0546875, 57461.16796875, 90737.375, 66783.1875, 99990.4765625, 65818.6640625, 67792.484375, 89369.8359375, 80771.2109375, 76347.0234375, 103791.921875, 75483.703125, 73055.203125, 57812.99609375, 75904.1796875, 49315.96875, 58886.2109375, 66235.25, 78078.515625, 62772.8203125, 53557.328125, 100071.296875, 61857.0625, 80505.2265625, 67565.0625, 102618.96875, 53538.015625, 106928.1171875, 44148.9140625, 86036.6875, 82549.8828125, 102549.265625, 127144.5, 58944.33203125, 105349.203125, 73664.0234375, 104642.1796875, 63111.984375, 65604.296875, 54689.2265625, 82729.953125, 107499.421875, 49754.625, 66183.8828125, 73339.0, 53858.16015625, 66395.1640625, 43047.59375, 58282.0703125, 118636.3828125, 50164.2578125, 36001.5234375, 59347.96875, 77212.1015625, 85786.5234375, 67120.7265625, 49585.4375, 66285.6015625, 79199.0703125, 52642.54296875, 52165.890625, 54214.078125, 52417.859375, 57285.59375, 79016.71875, 57344.67578125, 75540.2578125, 39793.484375, 65109.85546875, 30888.52734375, 85768.296875, 65033.33203125, 50626.12109375, 108515.828125, 77307.359375, 55673.3671875, 48870.4609375, 50351.1875, 50129.828125, 60987.578125, 60176.2109375, 72883.875, 76719.5859375, 82832.375, 35154.8984375, 48954.15625, 62146.8515625, 55037.765625, 105073.015625, 43879.0625, 34986.12109375, 40135.21484375, 69098.3984375, 49757.70703125, 43356.11328125, 43845.71484375, 77594.1171875, 48552.0859375, 49132.84375, 42640.69921875, 76507.609375, 69663.1640625, 48221.8515625, 66909.765625, 37650.08203125, 58743.96875, 68978.84375, 48466.75390625, 67342.28125, 63283.609375, 43948.765625, 38947.29296875, 40524.88671875, 40100.53125, 55225.02734375, 41905.4921875, 60976.625, 85916.140625, 78829.8125, 29927.236328125, 39055.83984375, 64432.25390625, 40640.546875, 81011.8828125, 53568.96484375, 35126.3515625, 56632.32421875, 46438.26953125, 35749.9140625, 53414.55078125, 88233.75, 47067.9609375, 59158.40625, 45751.80859375, 66056.21875, 54646.48828125, 37061.0390625, 70547.8515625, 77797.4921875, 73637.4296875, 65292.5234375, 70398.2578125, 88382.1171875, 52982.6796875, 70978.7890625, 56017.21875, 35403.30078125, 64626.27734375, 75831.078125, 34362.0703125, 42991.5859375, 30179.037109375, 63048.02734375, 34358.515625, 72122.1875, 53888.4609375, 72546.296875, 38600.34375, 53993.515625, 52632.04296875, 81839.0625, 71726.328125, 31647.826171875, 36642.0, 74407.65625, 55360.3125, 123428.8984375, 35088.890625, 60706.046875, 59195.22265625, 51721.0703125, 52610.6875, 58313.03125, 67442.484375, 47851.0703125, 69667.859375, 39482.3203125, 55059.6640625, 77305.7421875, 64417.8984375, 60282.515625, 34626.35546875, 74564.984375, 72293.46875, 33556.98046875, 29136.458984375, 47996.0390625, 70611.515625, 47446.20703125, 52223.125, 33186.015625, 88571.1171875, 47107.4453125, 32984.4765625, 65686.2890625, 60378.3828125, 47905.7734375, 69396.7109375, 43591.98046875, 69691.4296875, 38379.51953125, 39706.75, 44544.9453125, 51660.4453125, 30261.7421875, 40391.71484375, 94386.9140625, 45392.890625, 65450.015625, 75257.578125, 70240.8984375, 44547.76953125, 53161.9921875, 68063.953125, 51264.28515625, 50187.96875, 25295.05859375, 77492.0703125, 29785.896484375, 76141.3359375, 55690.5859375, 33964.66015625, 103220.578125, 55254.59765625, 50871.5859375, 56830.5078125, 72965.484375, 71045.9609375, 61271.171875, 31812.3671875, 62723.58203125, 37593.60546875, 59190.734375, 35768.3515625, 67608.578125, 108518.921875, 28007.384765625, 55187.609375, 63666.453125, 56154.828125, 66405.8359375, 53718.20703125, 57237.75390625, 50466.2109375, 36400.67578125, 69045.1640625, 62596.34765625, 58263.77734375, 40668.90234375, 62922.09375, 32032.0, 37786.5, 48737.5390625, 81337.875, 84433.7421875, 52833.83203125, 35618.28125, 49970.1640625, 37061.56640625, 40989.73828125, 62701.57421875, 48444.08984375, 61135.8203125, 31766.140625, 73818.2890625, 45947.91015625, 44621.6484375, 55873.046875, 38781.40625, 39873.01171875, 29608.056640625, 41066.43359375, 115800.5234375, 25992.79296875, 39882.640625, 60930.04296875, 28575.21875, 49807.6875, 34273.4140625, 82089.140625, 33336.90234375, 62219.5390625, 46949.22265625, 33163.45703125, 60341.13671875], "name": "default", "desc": "lr_0.01_nb_16_ld_16_b_4", "folder": "./saves/grid_seach/search4/lr_0.01_nb_16_ld_16_b_4_default_20240307-085448"}