{"nhidden": 128, "rnn_nhidden": 32, "obs_dim": 1, "latent_dim": 16, "lr": 0.005, "n_batch": 16, "beta": 0.001, "total_epochs_train": 50, "epochs_per_train": 5, "epochs": 50, "loss": [190281.875, 144891.75, 153154.828125, 144591.1875, 173473.796875, 255804.765625, 169041.90625, 124592.125, 118190.6640625, 166567.015625, 128194.625, 141232.578125, 162319.609375, 179952.953125, 177772.984375, 215940.84375, 146400.28125, 105349.3515625, 140242.75, 153702.125, 196293.90625, 164895.1875, 206283.203125, 127533.734375, 153649.390625, 210367.5, 115901.5, 139517.0, 247157.59375, 139697.984375, 167262.15625, 134276.40625, 182955.3125, 131177.953125, 153248.59375, 134494.3125, 144142.5625, 132708.28125, 147492.3125, 152516.484375, 116334.0546875, 156537.90625, 146813.28125, 97206.546875, 187268.296875, 137130.4375, 158055.125, 149016.125, 154281.375, 141159.0, 134569.453125, 131557.234375, 146951.484375, 125108.5859375, 166873.765625, 115268.125, 136940.09375, 108407.8125, 97460.8125, 96686.7265625, 106700.4921875, 157406.953125, 126105.078125, 129955.15625, 112258.9921875, 94586.4296875, 84419.984375, 112158.9609375, 104486.328125, 125999.4375, 90626.0625, 93701.2265625, 114706.3359375, 126333.0625, 73276.421875, 120627.609375, 91898.609375, 94193.296875, 103456.2109375, 98618.65625, 87386.1796875, 100808.734375, 65945.5625, 71099.1328125, 139162.015625, 82378.4609375, 82958.1796875, 109163.9375, 76258.0546875, 112105.3828125, 89815.296875, 92279.015625, 52445.5078125, 97342.140625, 50402.1015625, 122257.984375, 82846.734375, 67902.515625, 72156.515625, 114274.9140625, 83296.9140625, 73600.3828125, 83533.6484375, 107839.5625, 51879.19921875, 83364.4921875, 60482.375, 74051.515625, 44715.828125, 64178.2578125, 65507.9765625, 50867.2734375, 106279.0625, 54539.6171875, 91257.5546875, 85371.15625, 61856.48046875, 54098.17578125, 48523.875, 47531.2890625, 140588.390625, 80734.875, 42329.26953125, 73831.921875, 55459.7421875, 51158.79296875, 56270.15625, 79971.375, 59044.8515625, 40056.05078125, 50989.38671875, 39568.3046875, 116555.8203125, 49353.34765625, 42915.1015625, 43806.921875, 40652.7734375, 73801.953125, 74337.71875, 39583.44140625, 73017.53125, 77866.2421875, 31002.541015625, 75428.390625, 78187.296875, 64121.6171875, 56193.39453125, 51878.5, 47660.99609375, 85214.5859375, 77311.0078125, 32072.453125, 28154.1953125, 71837.453125, 43694.45703125, 60990.25, 32655.912109375, 77086.6328125, 55341.65234375, 39072.40625, 71155.34375, 34406.3515625, 40917.36328125, 84125.609375, 35218.83984375, 39604.546875, 33759.96875, 71312.8203125, 45250.09765625, 54917.3515625, 62833.25390625, 39656.7109375, 46730.734375, 43051.859375, 39828.91015625, 93506.8828125, 30132.515625, 48230.3828125, 75319.78125, 44105.5859375, 38855.12890625, 73811.390625, 33613.0078125, 39006.65234375, 116289.796875, 55152.703125, 75955.5, 59818.87109375, 35622.72265625, 48397.21875, 38962.84375, 47964.1015625, 38822.8203125, 44306.94140625, 20742.734375, 67094.890625, 106566.265625, 73846.328125, 53941.7421875, 89987.34375, 57736.40625, 89432.6640625, 54952.97265625, 78408.515625, 73128.71875, 95389.8828125, 25335.419921875, 115336.9140625, 51259.34765625, 38067.95703125, 67908.46875, 66895.953125, 39059.4453125, 53543.6484375, 57292.62109375, 74412.0078125, 38133.49609375, 70276.9921875, 51352.78125, 117305.0390625, 44619.55859375, 69600.1171875, 56592.83984375, 44055.83984375, 27116.509765625, 24011.041015625, 61760.8515625, 72698.9375, 97720.609375, 61986.9609375, 71479.890625, 35285.6640625, 43983.81640625, 45979.46484375, 52102.71875, 47792.6015625, 37643.48828125, 45036.48828125, 50837.62109375, 46885.93359375, 41664.6328125, 55468.39453125, 94165.796875, 35093.546875, 27776.26171875, 41529.78515625, 46752.359375, 59595.68359375, 50758.94140625, 57084.6953125, 81940.2421875, 107725.734375, 135244.828125, 45464.33203125, 21641.705078125, 59276.8046875, 68430.1484375, 68710.390625, 38780.80859375, 54153.125, 35428.75390625, 47529.03125, 63594.265625, 49243.765625, 75034.65625, 46136.13671875, 43835.21875, 36535.7265625, 33040.890625, 27363.23828125, 33149.73046875, 78654.515625, 43275.6484375, 46918.3984375, 38251.90625, 49376.921875, 47106.5546875, 111540.125, 40401.19921875, 98834.0390625, 55558.45703125, 71439.015625, 44631.71875, 30588.029296875, 40074.8671875, 46569.8125, 34099.4296875, 56255.0625, 36653.47265625, 44701.85546875, 58023.1484375, 39065.1484375, 81370.078125, 49019.73828125, 75497.109375, 58796.26171875, 52385.9765625, 56599.93359375, 75379.7421875, 90273.0390625, 29309.69921875, 65203.0625, 38892.99609375, 47296.3203125, 34446.8671875, 48749.4609375, 29030.14453125, 67412.9453125, 38184.56640625, 83226.46875, 44351.5078125, 58691.90625, 26395.498046875, 64521.20703125, 36344.2109375, 56800.9921875, 58904.6015625, 38430.34765625, 30086.71484375, 35978.5078125, 56761.625, 84473.859375, 32773.6640625, 44243.73046875, 52914.703125, 38009.9453125, 32836.23828125, 81935.2109375, 82111.4140625, 49560.0078125, 67774.8984375, 42113.76171875, 50435.7265625, 51909.984375, 55492.578125, 33914.9765625, 46441.921875, 380700.125, 29053.732421875, 53963.9453125, 116724.4296875, 89472.21875, 106255.484375, 69779.921875, 71314.25, 52271.34375, 50485.75390625, 66673.46875, 57984.765625, 46389.26171875, 63865.9765625, 45551.09375, 83281.0078125, 73438.375, 63206.5390625, 69553.21875, 64931.296875, 47754.7578125, 28051.9609375, 53253.9921875, 73035.7265625, 33480.52734375, 41933.27734375, 72899.7265625, 52729.76171875, 49346.80078125, 37838.5, 25712.27734375, 68628.9609375, 47695.1640625, 78028.15625, 33703.94921875, 54373.92578125, 67993.6640625, 45431.1171875, 58929.2578125, 40572.5703125, 57711.546875, 166079.34375, 38565.140625, 73815.0703125, 84001.015625, 213172.53125, 195968.5625, 178975.296875, 135351.953125, 199469.984375, 156275.75, 150862.859375, 192010.125, 140113.171875, 129602.265625, 199837.828125, 129804.3046875, 174420.265625, 147719.1875, 171100.84375, 155266.734375, 167183.90625, 119668.6328125, 122418.921875, 172317.15625, 72813.4765625, 100458.296875, 144091.96875, 72263.765625, 159721.4375, 103358.296875, 94886.5625, 76661.4375, 74127.984375, 77416.3828125, 47020.61328125, 68464.21875, 60498.9609375, 63970.4609375, 73005.953125, 83839.171875, 73565.0, 43831.3828125, 113440.515625, 36780.81640625, 71408.921875, 95650.8828125, 68340.0078125, 44389.734375, 62313.78515625, 49023.23046875, 53653.68359375, 82438.8125, 42912.27734375, 65670.3359375, 64704.421875, 73962.359375, 62066.1640625, 73283.171875, 34294.13671875, 24100.841796875, 70954.8984375, 46886.6015625, 52939.67578125, 53274.05078125, 68609.7109375, 68894.2578125, 41425.5078125, 24801.34765625, 115744.8671875, 42626.66015625, 23152.96875, 41364.3828125], "name": "default", "desc": "lr_0.005_nb_16_ld_16_b_0.001", "folder": "./saves/grid_seach/search1/lr_0.005_nb_16_ld_16_b_0.001_default_20240213-234130"}