{"nhidden": 128, "rnn_nhidden": 32, "obs_dim": 1, "latent_dim": 1, "lr": 0.001, "n_batch": 16, "beta": 4, "total_epochs_train": 50, "epochs_per_train": 5, "epochs": 50, "loss": [312197.46875, 217112.265625, 149123.84375, 201619.265625, 165899.703125, 167091.5, 85852.9765625, 165625.8125, 151354.0, 234848.6875, 147514.328125, 171862.21875, 219350.640625, 250915.59375, 125955.5078125, 175005.625, 125670.9375, 170326.078125, 176745.015625, 172861.1875, 263766.0625, 119431.0078125, 148506.4375, 181954.578125, 186931.875, 125550.53125, 170451.46875, 162513.796875, 161587.640625, 226688.671875, 175152.25, 126183.765625, 241834.5, 152064.078125, 152430.234375, 172459.15625, 207711.53125, 194929.796875, 156735.265625, 143399.28125, 172403.484375, 242083.53125, 122976.2734375, 139881.71875, 166459.15625, 159274.3125, 152089.203125, 141059.265625, 139523.1875, 201144.03125, 120945.0234375, 126088.6484375, 176683.390625, 209145.609375, 156430.578125, 155208.296875, 109614.1796875, 159076.625, 177744.9375, 205038.0, 101012.21875, 159127.078125, 185457.734375, 189204.4375, 139957.5625, 189360.359375, 152672.9375, 110610.375, 136096.71875, 167552.625, 125766.0703125, 152855.890625, 188714.046875, 114309.2265625, 155371.5, 201241.09375, 117601.3125, 111914.765625, 108980.6171875, 274364.53125, 128937.890625, 168663.8125, 168263.4375, 178007.328125, 160427.9375, 112190.96875, 133014.765625, 158714.09375, 137747.46875, 158074.0625, 164954.984375, 137004.8125, 116603.578125, 186170.953125, 155593.84375, 155819.515625, 187247.546875, 113694.53125, 153832.9375, 155249.53125, 110384.1640625, 97684.28125, 217258.359375, 153479.828125, 165910.03125, 176183.828125, 143858.0, 161602.3125, 134704.890625, 131589.765625, 151982.890625, 141635.859375, 177581.234375, 171824.34375, 218296.796875, 147950.484375, 108497.09375, 125819.1640625, 195551.484375, 172312.515625, 208092.515625, 147360.828125, 108552.171875, 172149.84375, 136002.4375, 112970.265625, 183233.421875, 118480.640625, 133959.71875, 120373.765625, 211123.375, 175241.9375, 137205.515625, 122311.375, 145193.828125, 179878.203125, 114016.6875, 135398.046875, 148518.265625, 139806.984375, 182787.9375, 119027.4765625, 181341.640625, 165066.328125, 152234.21875, 135659.3125, 141220.15625, 128827.3984375, 158511.5625, 152784.125, 164579.390625, 164720.34375, 152007.171875, 125016.546875, 113787.59375, 213109.1875, 133813.078125, 185419.3125, 181523.4375, 127990.8515625, 171114.015625, 111035.8828125, 139669.484375, 137008.171875, 164935.015625, 115461.265625, 117835.203125, 200967.609375, 189506.296875, 119341.0, 136440.453125, 132947.734375, 199338.46875, 122878.6875, 114014.84375, 137500.03125, 177374.140625, 144276.9375, 149032.859375, 168976.03125, 115279.078125, 142651.296875, 198069.546875, 103231.4921875, 138083.34375, 212871.90625, 146022.34375, 180979.125, 104098.1640625, 137474.9375, 88733.4453125, 173125.5625, 129011.484375, 169454.0, 188995.765625, 137808.34375, 177636.171875, 141849.359375, 141352.515625, 110210.3515625, 150857.8125, 125485.5703125, 168749.828125, 200078.5, 193098.1875, 132730.84375, 127420.2109375, 180707.21875, 112183.1484375, 135635.65625, 199891.828125, 148381.71875, 158253.65625, 135017.453125, 136922.75, 117845.4921875, 159495.296875, 133483.421875, 157800.109375, 121615.0, 132211.1875, 136393.09375, 191010.046875, 154014.75, 132476.234375, 162872.390625, 150587.078125, 178057.5625, 123140.3359375, 182589.765625, 171387.25, 95824.0703125, 106600.703125, 153294.75, 121266.8671875, 170951.625, 113142.59375, 126630.9921875, 171575.640625, 120615.3046875, 147927.90625, 142561.40625, 172986.625, 144477.640625, 105770.75, 211160.953125, 133689.078125, 144823.390625, 136170.96875, 90713.0859375, 200635.546875, 150821.734375, 224381.265625, 146419.359375, 159017.125, 116559.59375, 131641.28125, 140239.78125, 109724.96875, 137160.984375, 144606.09375, 152533.875, 110765.1171875, 167209.625, 144587.71875, 125127.4375, 89710.7265625, 152678.578125, 184116.71875, 158237.703125, 117090.7890625, 145829.515625, 111353.078125, 176009.46875, 132301.09375, 186152.6875, 134838.96875, 147302.015625, 153032.65625, 110894.453125, 121474.90625, 124718.40625, 125558.3046875, 155930.9375, 177350.53125, 205108.953125, 145606.8125, 136160.765625, 158845.96875, 142917.625, 123601.359375, 167044.171875, 132612.359375, 117964.21875, 191866.53125, 99185.5078125, 141283.125, 117748.734375, 243949.75, 138387.9375, 120369.5859375, 118007.1328125, 141387.75, 115431.6484375, 130712.7421875, 137484.890625, 119955.8203125, 149163.03125, 118457.53125, 128057.859375, 150987.625, 200995.4375, 212767.28125, 108656.4296875, 95332.96875, 130859.890625, 122630.59375, 132043.109375, 120880.25, 126145.7578125, 117188.3125, 149313.046875, 180176.890625, 140040.0, 145138.078125, 140209.828125, 160799.515625, 123759.9296875, 167608.0, 164639.84375, 135995.25, 84958.25, 128501.375, 140365.375, 101174.828125, 163355.5625, 118768.28125, 169514.0625, 159546.515625, 165437.140625, 117989.0703125, 132353.15625, 107475.734375, 135525.828125, 199853.640625, 107253.921875, 119230.1484375, 169133.359375, 144561.71875, 121249.0703125, 147905.953125, 164624.53125, 131142.0625, 101606.6328125, 127733.375, 175289.0, 137812.34375, 159642.21875, 136551.40625, 129082.6171875, 128317.484375, 130140.046875, 126029.328125, 130051.765625, 257410.171875, 140193.921875, 125852.859375, 92967.9140625, 107119.1328125, 160899.859375, 140755.4375, 135121.375, 99837.59375, 103412.328125, 145624.90625, 165060.78125, 166125.5625, 123467.28125, 177043.640625, 158108.921875, 160191.640625, 118124.609375, 119648.4609375, 126692.109375, 139949.6875, 130816.8515625, 101526.4296875, 155229.09375, 128654.015625, 138215.40625, 164305.65625, 179029.609375, 132517.875, 84789.8359375, 87413.375, 155820.8125, 115188.59375, 187492.734375, 158108.6875, 138493.953125, 157678.46875, 106621.828125, 137563.109375, 116328.7890625, 114480.671875, 112727.1875, 121967.9453125, 173124.0, 117188.5703125, 128310.171875, 191497.90625, 127629.53125, 133155.71875, 112913.3046875, 90561.515625, 118155.1640625, 150684.921875, 114681.453125, 148412.171875, 124891.609375, 143604.171875, 135449.5, 127945.15625, 122785.984375, 181853.65625, 98794.765625, 171445.65625, 128953.8125, 138103.25, 100825.703125, 136675.59375, 154456.390625, 148780.75, 117066.140625, 107653.234375, 141594.109375, 132460.046875, 158054.1875, 146053.96875, 134047.5, 142262.0625, 112950.6875, 153297.046875, 140623.09375, 132413.5625, 263582.15625, 195734.609375, 159612.953125, 129916.46875, 120723.0625], "name": "default", "desc": "lr_0.001_nb_16_ld_1_b_4", "folder": "./saves/grid_seach/search4/lr_0.001_nb_16_ld_1_b_4_default_20240307-090554"}