{"nhidden": 128, "rnn_nhidden": 32, "obs_dim": 1, "latent_dim": 16, "lr": 0.001, "n_batch": 16, "beta": 0.001, "total_epochs_train": 50, "epochs_per_train": 5, "epochs": 50, "loss": [137213.640625, 174857.015625, 199282.0625, 164674.890625, 133153.90625, 182566.671875, 142925.359375, 193940.515625, 221772.84375, 205772.125, 186872.5625, 121253.40625, 175703.25, 171807.984375, 196044.546875, 171782.03125, 134138.09375, 165358.265625, 144939.390625, 190995.8125, 206994.296875, 126534.734375, 189235.75, 143901.21875, 208700.640625, 154824.015625, 129752.6484375, 141621.1875, 112260.7265625, 187675.15625, 174839.125, 192467.796875, 108889.421875, 205278.78125, 142596.546875, 156706.359375, 172340.59375, 146992.65625, 124437.25, 153558.1875, 147070.46875, 189915.546875, 113246.3984375, 105144.7734375, 132053.234375, 135966.71875, 121905.65625, 169850.328125, 115258.3671875, 99113.390625, 139031.78125, 131821.5625, 112753.828125, 132003.78125, 130853.8671875, 123820.921875, 110019.1796875, 123220.625, 112932.5234375, 111045.109375, 157955.875, 137113.015625, 103996.6640625, 143940.0625, 121476.8046875, 91960.5, 116799.703125, 108231.1484375, 132366.890625, 130340.1796875, 153184.609375, 119225.546875, 122501.625, 128124.9375, 113835.0390625, 107683.5625, 153097.0625, 207336.125, 118658.375, 129656.46875, 130185.640625, 105516.4296875, 103702.9609375, 105090.6015625, 125469.859375, 146614.296875, 142237.6875, 133805.640625, 130165.421875, 105503.765625, 110119.6015625, 163289.8125, 147958.15625, 102353.421875, 93128.40625, 107153.65625, 101766.515625, 118621.6875, 96624.671875, 129426.125, 93438.46875, 135577.984375, 88677.015625, 95060.28125, 115782.40625, 111502.0546875, 98118.8828125, 87614.609375, 114074.640625, 117157.78125, 81049.3125, 104757.9921875, 134779.875, 110792.4921875, 117766.0390625, 135505.453125, 119361.34375, 126124.4765625, 114022.171875, 105242.390625, 104533.984375, 105456.28125, 89524.6171875, 152840.5625, 103759.984375, 110984.7109375, 109084.5703125, 82748.3671875, 84280.6875, 131501.625, 124913.921875, 92063.3359375, 116808.90625, 102362.890625, 113587.6953125, 120048.34375, 91145.140625, 102647.78125, 106809.3359375, 96181.921875, 83870.6171875, 133110.921875, 73500.609375, 98007.9296875, 89947.53125, 111983.5703125, 96605.328125, 105899.3984375, 81862.640625, 109772.0, 89731.703125, 122212.5546875, 133427.3125, 144308.484375, 97725.1171875, 91068.765625, 91762.296875, 89465.2578125, 113792.6640625, 111520.7421875, 86734.5625, 85459.0234375, 91118.609375, 134894.9375, 78007.296875, 106467.4375, 76223.140625, 100360.234375, 86086.2734375, 96961.4296875, 77580.125, 94401.9921875, 96104.9375, 133186.84375, 68781.09375, 97233.8359375, 65206.7890625, 80006.6015625, 91707.609375, 85173.7734375, 77681.109375, 71511.375, 101252.5625, 108469.0625, 92045.3828125, 104518.125, 74051.921875, 91819.8828125, 74739.5859375, 80759.7421875, 83694.8125, 92951.9140625, 102164.296875, 77199.6328125, 98538.984375, 99673.859375, 84246.6171875, 80516.734375, 68631.359375, 72473.703125, 93296.265625, 83781.0390625, 81824.828125, 88798.7890625, 93466.1484375, 97558.1015625, 92414.28125, 81585.875, 102453.8828125, 75981.5546875, 71170.7109375, 74937.625, 76194.109375, 105517.1953125, 103549.890625, 100755.9765625, 92255.1875, 94770.3125, 84139.1328125, 131102.84375, 85336.078125, 71671.25, 124293.5, 130032.4921875, 108896.46875, 93781.9453125, 89601.1015625, 81842.6015625, 105992.578125, 116293.2421875, 141616.984375, 111415.25, 97331.9453125, 111131.359375, 104142.2890625, 123700.1875, 124791.40625, 76888.90625, 75309.703125, 96351.359375, 77469.6953125, 104028.7109375, 97422.4765625, 96716.8515625, 108278.8828125, 80176.828125, 81021.140625, 86339.2890625, 84621.1640625, 126090.84375, 91570.890625, 109061.96875, 84610.5078125, 64258.9453125, 89028.515625, 88335.171875, 88586.8984375, 103291.9609375, 95552.578125, 95150.1328125, 122766.84375, 131297.0625, 95311.71875, 105577.15625, 90639.8828125, 78136.7265625, 80480.6875, 100496.6640625, 85738.3359375, 70749.5546875, 72230.03125, 67615.9921875, 99551.2734375, 158431.96875, 100230.171875, 76889.953125, 122717.5703125, 68199.46875, 104695.6953125, 74478.34375, 92375.0390625, 91484.5625, 77771.796875, 81458.015625, 76439.6953125, 74123.171875, 142543.984375, 95601.796875, 85224.734375, 86088.7734375, 74704.953125, 64936.07421875, 77188.2265625, 110800.6328125, 96119.734375, 144999.625, 81186.6953125, 114048.25, 70126.3125, 86762.8046875, 91020.75, 90891.2421875, 83923.2109375, 90876.109375, 65423.56640625, 74893.4609375, 67252.828125, 93246.875, 111905.9765625, 89366.5859375, 84407.96875, 89614.1484375, 94526.71875, 73902.6328125, 112352.765625, 63768.35546875, 78734.96875, 62180.76171875, 83677.265625, 98034.7890625, 84837.03125, 72096.25, 89133.8984375, 103782.8515625, 59093.99609375, 64491.0390625, 86827.0390625, 128816.9375, 80650.90625, 134257.90625, 59438.6875, 73618.171875, 65397.5625, 76532.875, 111017.46875, 66651.7421875, 75943.0625, 59927.4453125, 95646.546875, 78237.2109375, 114537.375, 75347.3359375, 53704.328125, 75239.3046875, 66208.7890625, 64933.234375, 93385.5078125, 61175.79296875, 69755.2109375, 100507.8515625, 83778.28125, 75503.7421875, 59297.3828125, 65720.8671875, 73294.5546875, 91721.5625, 65492.703125, 52051.78125, 60871.796875, 110345.1171875, 56199.796875, 61182.92578125, 68764.234375, 107327.53125, 56631.9765625, 75372.7734375, 60960.2421875, 67808.9375, 53047.59375, 49890.99609375, 60345.9453125, 71567.9921875, 44394.71875, 59626.1640625, 66851.0546875, 84925.828125, 106320.59375, 66787.84375, 54773.24609375, 79960.046875, 76107.3125, 78767.0546875, 69796.7578125, 71115.0234375, 55035.14453125, 58776.79296875, 69251.3125, 117016.296875, 61143.984375, 77157.6015625, 55736.24609375, 46939.71484375, 55978.73828125, 90638.3828125, 51061.13671875, 42583.46484375, 51490.5859375, 88123.8515625, 63650.14453125, 64002.94140625, 60501.4375, 53199.68359375, 73603.9296875, 73931.4609375, 42914.5703125, 49954.82421875, 51045.97265625, 57212.29296875, 73532.4140625, 48966.73046875, 56563.07421875, 79519.6015625, 85996.609375, 45153.171875, 45666.49609375, 46856.171875, 42268.1171875, 60813.984375, 52129.6875, 78501.2109375, 54649.859375, 78832.703125, 70918.109375, 71828.34375, 30861.083984375, 74811.421875, 61029.0390625, 54020.12890625, 62847.859375, 37760.48828125, 37825.6796875, 83975.546875, 58113.64453125, 35807.98828125, 48533.47265625, 87051.015625, 72818.734375, 52344.91015625, 64834.0859375, 41326.67578125, 85756.4296875, 40744.56640625, 67537.40625, 84666.7265625, 47985.4609375, 42799.578125, 53486.0234375, 53758.58984375, 53268.6328125, 80556.9453125], "name": "default", "desc": "lr_0.001_nb_16_ld_16_b_0.001", "folder": "./saves/grid_seach/search1/lr_0.001_nb_16_ld_16_b_0.001_default_20240214-002628"}