{"nhidden": 128, "rnn_nhidden": 32, "obs_dim": 1, "latent_dim": 4, "lr": 0.0005, "n_batch": 16, "beta": 0.5, "total_epochs_train": 50, "epochs_per_train": 5, "epochs": 50, "loss": [190491.25, 185062.765625, 198758.21875, 101578.9140625, 134752.15625, 186176.4375, 136966.4375, 148109.71875, 257583.3125, 222696.078125, 171364.734375, 185693.265625, 154311.875, 132645.28125, 157070.40625, 172160.359375, 130096.515625, 225914.1875, 150489.984375, 148961.078125, 223920.703125, 198629.859375, 138101.203125, 160625.15625, 123481.7421875, 170760.40625, 216464.421875, 210076.8125, 205995.375, 116938.953125, 206321.21875, 147755.75, 143147.203125, 173284.390625, 107246.5390625, 139360.890625, 137290.828125, 203168.875, 165531.6875, 214083.5, 162728.421875, 153616.15625, 212846.0625, 123658.46875, 118943.671875, 168792.484375, 149953.84375, 170195.765625, 183420.828125, 170437.25, 113268.203125, 151960.21875, 184905.53125, 174665.53125, 127890.6328125, 125077.21875, 130881.953125, 190633.640625, 160114.984375, 162495.46875, 159336.484375, 159271.78125, 119935.15625, 171615.03125, 99503.546875, 167874.75, 139971.71875, 192575.25, 134033.203125, 129769.25, 135897.09375, 116280.9140625, 128842.8671875, 116401.390625, 175661.3125, 110807.59375, 147954.203125, 111439.046875, 106041.140625, 151071.34375, 142773.609375, 131527.90625, 140533.21875, 136640.671875, 106920.375, 129436.5546875, 148823.34375, 104796.1796875, 152319.671875, 133057.703125, 126215.5078125, 178676.953125, 110144.078125, 152548.28125, 120143.734375, 123147.2265625, 94031.2421875, 118447.4375, 132548.171875, 113444.25, 123149.375, 110710.75, 148357.265625, 118989.8828125, 142561.015625, 118248.203125, 155512.875, 119417.421875, 109146.5546875, 127303.1171875, 110701.796875, 97398.515625, 117062.1015625, 138922.59375, 141130.796875, 140432.171875, 142648.375, 163392.125, 110236.4296875, 94955.5546875, 152298.59375, 120622.6953125, 116056.984375, 98642.84375, 141595.828125, 136432.546875, 124225.8359375, 179499.125, 153158.0, 99895.5, 106821.0078125, 140836.421875, 94601.796875, 108644.484375, 95270.75, 99252.1328125, 140570.78125, 120930.109375, 132805.546875, 120034.203125, 97414.4375, 129029.3671875, 140394.109375, 112681.96875, 111267.1171875, 118879.34375, 107418.109375, 141975.8125, 136998.859375, 122181.78125, 93902.8515625, 142796.21875, 121670.7578125, 114355.71875, 99005.1875, 114572.8671875, 100474.2890625, 106300.75, 161705.421875, 158864.5, 104898.046875, 96049.7734375, 119033.9453125, 100041.21875, 150383.078125, 124183.5625, 91482.625, 130993.3359375, 117829.9921875, 119707.34375, 120049.984375, 139828.421875, 188108.78125, 87620.984375, 116431.8046875, 100094.6328125, 112158.7421875, 100766.8359375, 87111.7265625, 119845.46875, 89050.8984375, 138126.140625, 121546.625, 132574.21875, 97637.9296875, 117410.0625, 108275.984375, 111844.7578125, 100083.03125, 117181.2265625, 110043.5859375, 171025.90625, 98157.046875, 93216.96875, 98408.2890625, 101953.734375, 122840.40625, 108516.7734375, 95979.15625, 132698.625, 92941.5859375, 119082.6328125, 139416.234375, 95087.09375, 131111.078125, 109459.71875, 108602.390625, 92572.3984375, 144783.375, 109487.53125, 91120.9765625, 142335.28125, 105534.1171875, 97641.4375, 123201.453125, 101034.8515625, 103591.0234375, 90633.2109375, 89212.3828125, 132125.6875, 135259.0, 121516.84375, 105105.546875, 96779.71875, 88727.421875, 110844.0546875, 102118.0625, 117639.0, 109857.875, 95861.1796875, 95311.3984375, 149254.390625, 97048.265625, 89752.1875, 113120.296875, 98845.6953125, 124039.1328125, 116483.0703125, 94456.34375, 80072.8046875, 115730.9375, 91587.6875, 111287.8125, 97835.9609375, 171439.21875, 93633.484375, 106080.40625, 78778.1953125, 106348.46875, 121627.109375, 88938.4140625, 88168.359375, 78659.4140625, 99971.28125, 107370.765625, 77615.6640625, 71620.8203125, 94578.0390625, 92427.3359375, 101949.078125, 166549.28125, 79388.875, 96847.25, 89119.4609375, 82344.921875, 92247.546875, 130398.1875, 85728.0546875, 109985.828125, 114720.890625, 92586.3125, 121354.7265625, 103579.453125, 76263.65625, 113950.0, 110621.484375, 115583.4140625, 75185.109375, 73053.6640625, 149776.3125, 87872.296875, 78051.34375, 96890.1171875, 77575.6796875, 97161.515625, 92722.6640625, 98708.453125, 105041.4453125, 97608.2890625, 127065.828125, 87352.875, 97941.296875, 90327.9765625, 86830.359375, 107596.4375, 79740.6640625, 94256.8984375, 138377.84375, 81818.9921875, 89631.1015625, 83206.6484375, 83234.03125, 118848.9375, 104011.59375, 84576.359375, 72333.375, 73148.3828125, 139878.46875, 96229.53125, 69727.171875, 87834.8359375, 81917.046875, 87430.5703125, 98368.9375, 96657.8828125, 104383.4453125, 102745.40625, 74983.546875, 93309.609375, 74467.0703125, 72320.609375, 109843.421875, 95680.796875, 87858.3671875, 75620.6953125, 84944.1015625, 117988.4765625, 84243.6015625, 88120.7265625, 78558.1796875, 83667.859375, 97305.2109375, 90213.234375, 66094.140625, 86580.6953125, 79810.8046875, 84796.015625, 79853.15625, 94746.53125, 94407.46875, 98554.4375, 80710.1484375, 75161.0703125, 74879.0, 114161.640625, 116035.0, 73562.8671875, 81965.390625, 91073.9921875, 95208.640625, 55244.1875, 74325.6640625, 90811.453125, 83362.5, 83706.0, 70034.2265625, 96773.359375, 105912.21875, 85834.921875, 87979.8671875, 69456.1328125, 59547.34765625, 90098.53125, 113179.8828125, 108293.5546875, 101513.7265625, 81386.828125, 76295.84375, 82652.3671875, 63215.1953125, 83879.09375, 83438.65625, 73858.34375, 81138.7421875, 83607.40625, 88269.9921875, 91860.65625, 108251.875, 107307.8828125, 64392.4609375, 78031.2421875, 110358.4375, 85721.828125, 69201.3359375, 65009.3359375, 83065.9765625, 76517.4375, 80412.3359375, 95609.890625, 67829.03125, 65198.64453125, 109585.984375, 57519.34765625, 114761.609375, 61200.98828125, 76456.7890625, 76981.59375, 88774.140625, 67068.609375, 63961.16015625, 75845.953125, 70199.0859375, 126907.25, 80577.109375, 58706.57421875, 96393.4921875, 107678.953125, 76072.390625, 70311.7578125, 84991.671875, 85662.625, 46884.625, 43805.625, 99660.4375, 83685.65625, 67229.9296875, 86775.8359375, 46661.66015625, 68142.6875, 91107.8359375, 87358.9921875, 77827.8671875, 78865.71875, 107323.296875, 67253.1328125, 61859.046875, 53883.72265625, 78206.515625, 62084.828125, 69525.7578125, 76611.4921875, 107580.8046875, 73127.6328125, 83462.015625, 63971.4140625, 67900.3125, 85213.8203125, 50410.5859375, 64642.34375, 75070.828125, 94848.1328125, 78805.1640625, 79743.2890625, 59776.58984375, 73062.0, 78167.703125, 91273.609375, 60847.890625, 83728.3984375, 46775.84375], "name": "default", "desc": "lr_0.0005_nb_16_ld_4_b_0.5", "folder": "./saves/grid_seach/search1/lr_0.0005_nb_16_ld_4_b_0.5_default_20240214-005005"}