{"nhidden": 128, "rnn_nhidden": 32, "obs_dim": 1, "latent_dim": 1, "lr": 0.0005, "n_batch": 16, "beta": 0.5, "total_epochs_train": 50, "epochs_per_train": 5, "epochs": 50, "loss": [143295.265625, 142045.0625, 169633.84375, 166245.0625, 133631.375, 168167.21875, 245001.9375, 214037.234375, 136341.5, 190546.546875, 189594.5625, 192854.234375, 117587.328125, 190978.484375, 201408.34375, 108464.8046875, 222773.5, 120092.828125, 168001.96875, 212368.15625, 106419.4375, 234307.46875, 201681.96875, 164906.71875, 164914.3125, 139251.75, 127343.1328125, 196441.625, 193688.578125, 168612.125, 120926.0234375, 135694.375, 137906.65625, 190934.78125, 158992.890625, 152850.859375, 115397.765625, 220291.234375, 172966.6875, 132342.84375, 107638.671875, 145945.078125, 247132.15625, 178545.15625, 119338.125, 113541.65625, 110722.234375, 206297.71875, 172030.84375, 104299.4140625, 266893.90625, 126592.7265625, 140001.65625, 177285.625, 141239.46875, 113854.421875, 186084.96875, 159268.03125, 154720.28125, 147159.671875, 124486.953125, 182792.953125, 161028.4375, 167215.0, 193201.375, 164395.578125, 145466.34375, 129498.7578125, 111894.0859375, 113351.28125, 168463.90625, 194323.34375, 190671.4375, 140932.25, 142242.59375, 178751.875, 103678.609375, 143426.9375, 185012.140625, 162050.109375, 159986.609375, 109446.1328125, 146335.859375, 151095.0625, 181364.234375, 138434.46875, 129913.734375, 122347.59375, 214009.03125, 205571.234375, 176905.25, 167682.609375, 166864.90625, 153398.03125, 165958.0625, 121266.2109375, 153165.125, 141093.703125, 156730.0, 129264.28125, 148077.5625, 163808.390625, 133847.9375, 158474.671875, 145713.28125, 114163.734375, 177520.34375, 225562.75, 227599.25, 106569.0859375, 120456.3828125, 125448.8046875, 202946.453125, 150802.984375, 155962.734375, 112414.25, 188833.03125, 185389.875, 177200.515625, 168063.3125, 175556.890625, 162732.625, 128409.4296875, 162159.953125, 104991.0859375, 135067.5625, 101640.5078125, 123710.90625, 135419.515625, 197580.96875, 176255.75, 139020.0, 192176.75, 152266.609375, 170174.703125, 131862.109375, 177209.5, 120406.15625, 150751.90625, 143352.21875, 152150.421875, 183496.84375, 134303.953125, 201698.921875, 204072.671875, 133497.53125, 173478.859375, 190652.0, 146608.15625, 139385.46875, 143262.46875, 128296.5546875, 134986.625, 130412.28125, 140316.71875, 147920.59375, 141383.640625, 117350.6953125, 116308.09375, 150242.28125, 197537.109375, 196961.4375, 232297.4375, 108667.4921875, 194888.09375, 165859.796875, 169732.484375, 129149.171875, 175485.546875, 116884.9140625, 95149.28125, 151205.71875, 158361.953125, 151441.734375, 138083.84375, 137023.40625, 169366.0625, 153348.625, 163807.3125, 148422.8125, 170654.890625, 157251.5625, 167066.859375, 212987.484375, 117636.671875, 158936.578125, 137191.484375, 128941.609375, 144632.984375, 180815.03125, 125924.75, 177273.5625, 149695.75, 144337.859375, 150961.046875, 198608.5625, 97593.890625, 156225.78125, 131918.125, 205112.59375, 171969.484375, 204903.234375, 182894.421875, 104750.28125, 152431.296875, 139500.734375, 109625.2890625, 158853.71875, 108510.4921875, 176443.09375, 146088.3125, 113206.1875, 174782.890625, 156311.265625, 149457.1875, 162596.515625, 140073.125, 152409.046875, 156499.921875, 283844.0, 110306.734375, 179687.75, 132429.28125, 97721.3828125, 114861.8046875, 178885.609375, 133461.09375, 175670.3125, 97671.09375, 125871.75, 205606.234375, 149691.734375, 149607.21875, 153209.671875, 112009.4140625, 179227.171875, 216000.5, 124074.9453125, 113821.84375, 115162.1015625, 198324.65625, 146482.8125, 175174.40625, 163668.921875, 117571.0078125, 140033.921875, 142256.421875, 170094.28125, 196347.6875, 145610.8125, 122649.9765625, 177386.875, 162298.5625, 196978.75, 174750.765625, 118390.359375, 161187.421875, 142162.1875, 147779.046875, 121993.859375, 150133.0, 171276.59375, 107770.1875, 198175.109375, 154062.984375, 139117.890625, 137692.234375, 129443.84375, 161324.1875, 167466.625, 113035.375, 265609.75, 149799.96875, 132047.53125, 113921.2421875, 180469.5625, 178324.765625, 118935.421875, 142654.21875, 119852.984375, 148138.203125, 139621.765625, 139167.453125, 208280.171875, 145300.359375, 139572.765625, 189109.3125, 135733.421875, 170582.53125, 178172.625, 132980.859375, 151486.515625, 148621.765625, 135406.21875, 116977.9765625, 177978.34375, 153161.6875, 136733.703125, 194284.8125, 162504.734375, 164564.34375, 125014.2890625, 108835.234375, 121025.6171875, 180362.859375, 176449.390625, 180456.921875, 119702.21875, 189002.5, 137979.78125, 123628.9375, 170236.4375, 134544.640625, 131856.4375, 185406.359375, 180484.78125, 153093.4375, 166184.296875, 150696.171875, 186694.34375, 134567.78125, 152873.796875, 120038.828125, 125981.75, 149597.765625, 163339.75, 122058.875, 148015.65625, 193368.625, 129653.2109375, 151140.640625, 144055.375, 152918.34375, 117032.265625, 155975.0625, 148592.28125, 180997.671875, 187064.0625, 135992.515625, 147661.5, 129695.9921875, 167267.75, 169823.078125, 171347.625, 234079.0625, 141540.0, 133595.75, 150879.28125, 131565.84375, 169565.75, 94968.78125, 162007.84375, 147179.828125, 128075.65625, 148634.890625, 185194.859375, 160885.171875, 125340.5, 156285.421875, 171267.25, 146849.703125, 196335.734375, 135330.40625, 134023.8125, 154345.0625, 104706.140625, 193930.1875, 165384.65625, 143625.65625, 205725.6875, 143906.546875, 128113.71875, 171500.78125, 97532.2578125, 116692.234375, 175660.09375, 157995.109375, 154915.90625, 112035.5859375, 136612.125, 219691.6875, 183783.8125, 107447.8125, 189578.3125, 139610.796875, 115382.7734375, 162405.3125, 124620.9140625, 148461.21875, 253960.390625, 159600.484375, 134627.46875, 139736.9375, 152359.6875, 98216.65625, 184173.0, 137590.859375, 137336.09375, 109548.1328125, 171148.625, 211701.109375, 157566.21875, 122784.0234375, 213535.90625, 124787.484375, 160030.6875, 110765.4453125, 184527.484375, 118530.234375, 233320.046875, 145830.90625, 172075.03125, 133053.078125, 127284.5078125, 126908.09375, 135951.71875, 181681.8125, 182175.15625, 98147.9296875, 156235.921875, 187887.0625, 103399.7890625, 214264.625, 137616.4375, 183639.703125, 140327.515625, 162865.34375, 104194.3984375, 142377.71875, 146112.71875, 177088.78125, 138635.015625, 124841.921875, 166746.921875, 170750.640625, 147498.078125, 187256.71875, 150306.09375, 85914.5, 150359.25, 151447.546875, 129137.546875, 227575.015625, 119595.9375, 126553.1875, 157920.921875, 144806.78125, 136437.1875, 149779.5, 192241.96875], "name": "default", "desc": "lr_0.0005_nb_16_ld_1_b_0.5", "folder": "./saves/grid_seach/search1/lr_0.0005_nb_16_ld_1_b_0.5_default_20240214-003616"}