{"nhidden": 128, "rnn_nhidden": 32, "obs_dim": 1, "latent_dim": 1, "lr": 0.01, "n_batch": 16, "beta": 4, "total_epochs_train": 50, "epochs_per_train": 5, "epochs": 50, "loss": [143451.53125, 329662.375, 218801.421875, 156651.0625, 141813.40625, 158603.96875, 155884.0625, 159661.609375, 212728.53125, 151683.03125, 188659.84375, 173023.5, 129925.078125, 155133.53125, 178137.75, 150174.390625, 191085.25, 122832.0234375, 115526.578125, 157319.28125, 150725.84375, 118260.21875, 161413.890625, 173486.65625, 208185.875, 169841.03125, 126813.71875, 158778.9375, 143853.46875, 118665.9765625, 149581.203125, 138374.4375, 148720.234375, 195280.25, 187361.8125, 160652.609375, 122182.4921875, 137274.3125, 190175.703125, 228741.3125, 146594.0, 137532.96875, 139649.828125, 142465.03125, 122955.015625, 167947.984375, 156512.1875, 181624.40625, 161027.34375, 121747.375, 127465.3359375, 169812.53125, 135059.234375, 180370.6875, 142660.21875, 130705.7578125, 164971.90625, 168844.265625, 169090.421875, 139749.0, 167081.703125, 168387.796875, 95394.3125, 229173.046875, 120732.296875, 143115.46875, 152642.84375, 127686.4140625, 162127.40625, 159915.875, 138098.171875, 150673.21875, 124248.1171875, 154770.53125, 115717.8671875, 147368.3125, 191714.40625, 162088.5, 178317.078125, 137154.859375, 156599.09375, 101279.5625, 136339.015625, 220499.109375, 167449.203125, 140464.390625, 185164.328125, 135968.40625, 109996.375, 142444.390625, 168165.109375, 113426.5546875, 112952.2734375, 134117.234375, 208499.40625, 205408.34375, 174065.984375, 150001.65625, 131808.375, 156627.1875, 216402.875, 132132.78125, 173865.859375, 131705.640625, 163924.3125, 127863.0078125, 149877.171875, 162744.59375, 131983.296875, 175040.265625, 158742.25, 158057.34375, 136208.734375, 103906.0703125, 122576.703125, 170231.65625, 230935.546875, 175908.0625, 137500.34375, 149887.578125, 138471.328125, 150131.328125, 116910.875, 114025.484375, 148874.65625, 236387.125, 145472.1875, 172552.34375, 103558.203125, 154225.625, 156622.015625, 168841.890625, 163435.875, 186806.40625, 145441.140625, 164988.390625, 141725.34375, 141265.0, 202890.25, 184298.828125, 112464.25, 130741.65625, 144314.28125, 179449.703125, 152711.578125, 163880.078125, 121408.6015625, 123312.6875, 135007.296875, 136257.71875, 148931.171875, 186936.8125, 179042.765625, 129619.9453125, 166792.359375, 176693.375, 134522.59375, 178694.640625, 127273.8671875, 128488.359375, 155065.40625, 159219.84375, 159615.484375, 138566.8125, 148468.171875, 142485.953125, 229192.390625, 123411.890625, 122564.71875, 146657.84375, 164958.34375, 134672.65625, 194484.578125, 105399.828125, 113007.875, 165951.609375, 231817.609375, 128359.6484375, 151729.359375, 138407.8125, 170260.234375, 180019.96875, 196298.984375, 124357.484375, 123210.9921875, 123521.015625, 164058.8125, 126607.953125, 118422.3359375, 128490.46875, 146296.1875, 149895.171875, 205289.0625, 133684.09375, 109644.8046875, 113576.3046875, 126841.390625, 169148.984375, 158776.59375, 140831.859375, 137740.375, 158122.59375, 134202.0625, 95699.9453125, 134937.03125, 126377.0625, 183864.75, 121179.09375, 164666.5, 146846.03125, 100461.109375, 140592.921875, 161540.484375, 150268.171875, 168484.84375, 121930.1875, 106973.734375, 119279.90625, 146697.90625, 102690.6796875, 150738.96875, 242198.265625, 109014.96875, 182384.5, 145891.703125, 166357.25, 128869.890625, 165162.375, 179639.484375, 159523.1875, 143639.078125, 130059.6484375, 124694.265625, 107589.375, 163511.4375, 147607.125, 120449.5625, 119606.515625, 145366.578125, 145926.953125, 201949.015625, 119319.0703125, 127187.0546875, 125081.9140625, 134106.4375, 99906.8359375, 134538.8125, 141069.4375, 110756.421875, 170749.921875, 167509.671875, 142476.625, 195926.046875, 134498.640625, 178188.1875, 122229.125, 102509.6171875, 145706.609375, 131932.71875, 133170.015625, 176468.734375, 165336.296875, 106440.875, 152977.734375, 138028.765625, 183453.140625, 138745.96875, 161592.28125, 135462.875, 135297.390625, 206741.453125, 144146.21875, 101175.7578125, 148997.71875, 122318.9375, 126088.1015625, 119370.8828125, 182309.84375, 139979.1875, 172572.8125, 165945.125, 160538.96875, 114095.8671875, 139359.875, 143893.578125, 144638.140625, 95126.2265625, 116758.0703125, 126334.1875, 132749.265625, 121365.28125, 148574.875, 128334.5234375, 120655.125, 162282.84375, 160344.640625, 114075.859375, 137911.515625, 150337.140625, 115480.0390625, 119483.484375, 192041.25, 126296.625, 149479.140625, 131122.796875, 133777.59375, 132953.484375, 180237.765625, 242906.359375, 163828.15625, 146359.15625, 200101.96875, 226799.234375, 138650.1875, 196258.859375, 191402.3125, 164050.203125, 204332.625, 184443.5625, 160750.4375, 167786.96875, 100810.2578125, 231072.484375, 177461.9375, 166425.40625, 137438.1875, 191815.4375, 128208.484375, 164306.765625, 203459.359375, 136281.25, 134172.875, 178633.8125, 196421.953125, 130933.6875, 130459.7734375, 165084.890625, 215385.890625, 142306.75, 155055.90625, 125714.34375, 158514.3125, 140550.53125, 162705.03125, 154013.625, 197548.90625, 145825.09375, 183764.890625, 129532.078125, 152119.328125, 159502.9375, 189369.21875, 121639.7578125, 139998.5, 140854.359375, 174445.921875, 148244.671875, 110811.0703125, 213178.640625, 166616.875, 170880.296875, 162001.6875, 207048.109375, 129367.1875, 148418.78125, 136804.109375, 176302.234375, 135577.71875, 151669.953125, 150332.65625, 154218.796875, 158701.453125, 132831.828125, 145155.671875, 145167.21875, 206146.78125, 120137.1171875, 175423.546875, 197614.109375, 168935.1875, 112459.578125, 191873.546875, 187035.5, 158737.59375, 100383.40625, 141717.21875, 167975.453125, 147951.359375, 127558.3125, 235754.390625, 162780.609375, 216299.25, 143882.5, 119963.828125, 121820.75, 155400.171875, 122264.6171875, 210905.765625, 170616.1875, 204820.484375, 95237.4921875, 168965.53125, 132226.03125, 142170.921875, 167512.8125, 164755.75, 143232.5, 192481.453125, 154668.296875, 159825.1875, 152055.453125, 143997.8125, 110579.765625, 186011.921875, 160254.859375, 155414.1875, 192698.3125, 108660.3828125, 146698.171875, 135600.921875, 161118.90625, 125280.3125, 166630.75, 195483.65625, 192094.796875, 118373.0390625, 112839.9375, 132572.640625, 94009.5234375, 236557.5625, 124319.7890625, 170252.0625, 146212.796875, 169321.015625, 121831.3203125, 166361.84375, 141994.296875, 153749.75, 148791.96875, 185999.0625, 181003.65625, 136264.390625, 118719.234375, 123428.65625, 158655.015625, 174028.734375, 175877.953125, 190633.125, 172563.453125, 166937.609375], "name": "default", "desc": "lr_0.01_nb_16_ld_1_b_4", "folder": "./saves/grid_seach/search1/lr_0.01_nb_16_ld_1_b_4_default_20240213-221448"}