{"nhidden": 128, "rnn_nhidden": 32, "obs_dim": 1, "latent_dim": 8, "lr": 0.01, "n_batch": 16, "beta": 0.5, "total_epochs_train": 50, "epochs_per_train": 5, "epochs": 50, "loss": [212162.125, 142478.1875, 262807.90625, 179772.921875, 154299.9375, 176259.765625, 122278.2578125, 123642.84375, 132554.765625, 125478.7109375, 156769.90625, 138681.890625, 156867.71875, 200885.59375, 216270.46875, 116230.96875, 126767.4765625, 144555.375, 136056.59375, 183977.171875, 159570.078125, 136915.859375, 151428.96875, 197222.9375, 207810.65625, 124866.953125, 159776.765625, 186381.75, 144345.625, 134651.234375, 196857.03125, 142581.0625, 168482.234375, 140229.0625, 135106.625, 143379.421875, 143152.828125, 163163.375, 135523.328125, 123722.5, 166099.140625, 115725.71875, 126324.375, 165392.609375, 134646.71875, 100764.359375, 162084.078125, 151712.90625, 143919.625, 125609.0859375, 133454.390625, 128488.5625, 78397.09375, 110674.1875, 117370.7421875, 157106.71875, 97407.6015625, 151768.703125, 137142.6875, 91783.1953125, 123597.8984375, 113142.609375, 91285.453125, 87911.484375, 80962.0546875, 116247.1484375, 108196.4609375, 124622.75, 118606.9296875, 145669.65625, 93645.015625, 111563.2890625, 114055.4140625, 80408.578125, 86678.890625, 107694.1015625, 108417.5703125, 88111.5546875, 83273.6640625, 77013.34375, 87066.6484375, 96925.25, 86078.7890625, 86078.7421875, 71911.6484375, 94485.046875, 92735.2578125, 98864.6484375, 75004.1171875, 156300.921875, 102507.7578125, 115976.046875, 78198.375, 81686.96875, 101445.0390625, 75407.3828125, 75534.640625, 92372.3984375, 79140.609375, 85373.140625, 77124.71875, 91718.5703125, 82003.0859375, 63409.13671875, 88641.25, 86937.0625, 49400.2265625, 41727.05078125, 110629.9609375, 60573.10546875, 114045.8671875, 44604.07421875, 75255.5390625, 53921.46484375, 36918.3984375, 59940.3671875, 62291.71875, 45666.4921875, 69994.265625, 76732.46875, 58285.8046875, 105485.7109375, 62137.98828125, 59436.9140625, 75140.875, 62747.18359375, 61177.890625, 45382.64453125, 50330.6953125, 67286.140625, 63052.1796875, 94796.1796875, 63448.7265625, 66383.875, 56232.49609375, 53051.2578125, 72081.046875, 87041.15625, 14612.8681640625, 53119.30859375, 66987.734375, 62062.59375, 45844.1484375, 69519.4296875, 52569.5234375, 62253.61328125, 36644.9140625, 26196.626953125, 87347.6484375, 57325.91015625, 72335.0625, 44214.83984375, 52774.2421875, 93555.078125, 62435.3359375, 30890.80859375, 53113.828125, 37153.4140625, 43424.578125, 65677.3046875, 32423.224609375, 59923.9375, 40796.3359375, 69757.0390625, 27697.775390625, 95241.984375, 47035.0859375, 80141.4296875, 71876.625, 49727.0625, 33519.0078125, 65363.58984375, 76324.90625, 71025.15625, 34029.0859375, 75806.53125, 38462.81640625, 42621.59375, 47499.7734375, 69781.796875, 27785.1171875, 42960.34375, 80571.2578125, 52482.43359375, 54501.9375, 43315.12109375, 39945.921875, 84555.515625, 103479.390625, 75222.015625, 105451.984375, 94830.7734375, 42231.04296875, 35088.14453125, 80793.8984375, 50837.4296875, 41340.5703125, 80821.484375, 41117.1328125, 60641.2890625, 81214.078125, 53932.16015625, 59270.2421875, 68600.671875, 82040.5546875, 52481.0390625, 29636.55859375, 36133.9296875, 82000.984375, 50018.30859375, 68754.2421875, 54934.68359375, 47730.29296875, 63701.4375, 39493.7109375, 67396.5390625, 78185.7890625, 43924.11328125, 55465.69921875, 51650.30078125, 38122.6328125, 72398.6015625, 41684.046875, 45806.7578125, 63828.17578125, 45981.125, 51599.1171875, 75711.6640625, 47031.53125, 46946.90234375, 38636.421875, 37503.1640625, 54107.69140625, 56973.6328125, 67373.5546875, 46095.96484375, 29234.81640625, 48396.4140625, 38579.8046875, 80573.5, 58211.41015625, 53898.19140625, 43689.640625, 98636.1484375, 54066.5078125, 52291.45703125, 44673.7421875, 45748.984375, 30047.998046875, 30034.92578125, 67978.9140625, 27421.537109375, 49166.4765625, 28486.92578125, 52019.1953125, 42489.39453125, 66153.5703125, 54939.1484375, 109792.6953125, 33001.0, 32868.55859375, 54210.0, 24747.541015625, 44606.78515625, 91186.8125, 51721.296875, 36368.3203125, 66839.3984375, 37614.5234375, 53143.2265625, 39560.3515625, 75358.546875, 15229.853515625, 66031.109375, 72548.796875, 42055.16015625, 46115.5, 47874.4921875, 56855.2109375, 44942.5625, 31545.361328125, 54746.25, 42039.0625, 63774.046875, 82325.859375, 59997.23046875, 37631.51953125, 39145.3046875, 31866.12890625, 41939.80078125, 76709.671875, 47388.68359375, 42216.9453125, 61615.1484375, 35987.8125, 78451.7265625, 33743.3359375, 31778.470703125, 70691.203125, 38148.7890625, 44053.75, 42412.62890625, 72055.0078125, 61204.6875, 60951.796875, 48083.921875, 65188.55078125, 41157.984375, 46088.18359375, 45496.1875, 38046.4140625, 56874.515625, 66308.0390625, 25915.341796875, 41696.3046875, 36525.94140625, 65222.88671875, 54659.79296875, 92568.3828125, 45277.140625, 43532.015625, 66251.765625, 46108.859375, 47982.828125, 48852.0859375, 38647.8515625, 28437.17578125, 68104.359375, 84128.359375, 44114.85546875, 53654.7421875, 67150.4375, 44828.02734375, 34644.30078125, 85172.328125, 27630.87109375, 38144.2890625, 72383.96875, 71075.1015625, 50807.6640625, 49577.10546875, 49938.7734375, 34612.15625, 60856.62109375, 58120.125, 46304.42578125, 42792.9453125, 61921.78515625, 57234.88671875, 47121.828125, 57261.35546875, 29005.634765625, 65891.953125, 64615.76953125, 47419.46484375, 31493.228515625, 36637.9609375, 54107.5703125, 42202.40234375, 64361.8984375, 54994.44921875, 26343.572265625, 51454.9609375, 54160.4453125, 43110.1328125, 42508.37109375, 75175.9765625, 45478.625, 75922.1015625, 82114.5078125, 41848.5546875, 46635.4296875, 51725.17578125, 51569.46875, 57939.109375, 41476.71875, 52377.328125, 38805.1328125, 63689.9375, 72445.53125, 55461.05859375, 43556.3515625, 37933.6640625, 27150.046875, 112672.296875, 38872.57421875, 30734.138671875, 64241.7109375, 52514.23046875, 36760.03125, 28225.373046875, 38075.109375, 60288.76171875, 71368.6875, 77628.3671875, 36395.79296875, 42718.01953125, 68819.875, 65425.44140625, 64803.078125, 59455.59765625, 36637.24609375, 39276.88671875, 54172.515625, 36984.92578125, 68350.671875, 66623.046875, 67348.546875, 58448.21875, 26561.439453125, 76110.6171875, 41940.08984375, 52958.546875, 22904.794921875, 46860.3203125, 61448.3046875, 71888.7734375, 58215.78125, 34528.96875, 38943.1640625, 35361.8046875, 70247.46875, 67915.578125, 50374.47265625, 49886.0625, 29479.578125, 29964.40625, 63461.2890625, 71726.25, 47686.828125, 49580.52734375, 54282.49609375, 53095.0234375, 52058.359375, 30783.36328125, 84904.234375, 29125.22265625, 36094.921875, 58604.7265625, 1183381.375, 67163.0078125, 1039794.125, 152292.03125, 175469.015625, 167286352.0, 138257.40625, 195481.171875, 151420.25, 168301.0, 183944.6875], "name": "default", "desc": "lr_0.01_nb_16_ld_8_b_0.5", "folder": "./saves/grid_seach/search1/lr_0.01_nb_16_ld_8_b_0.5_default_20240213-224144"}