{"nhidden": 128, "rnn_nhidden": 32, "obs_dim": 1, "latent_dim": 2, "lr": 0.001, "n_batch": 16, "beta": 0.5, "total_epochs_train": 50, "epochs_per_train": 5, "epochs": 50, "loss": [192734.78125, 153205.40625, 156042.828125, 144424.703125, 199001.28125, 187043.0, 138192.578125, 249821.265625, 134101.53125, 142004.515625, 170735.640625, 137421.8125, 226358.0, 188209.65625, 137517.828125, 152529.65625, 184507.0, 124540.0546875, 152130.078125, 113426.1015625, 167440.609375, 95686.9375, 173835.84375, 184078.421875, 204628.921875, 166693.453125, 132217.734375, 161216.5625, 152847.515625, 170354.5625, 107399.4375, 152199.59375, 130893.21875, 171294.71875, 149219.21875, 143731.40625, 138563.390625, 175985.640625, 133170.203125, 119472.96875, 163160.015625, 133717.46875, 132822.03125, 106845.328125, 135995.375, 179505.34375, 131216.453125, 132462.6875, 126242.078125, 109229.375, 93095.125, 140930.640625, 168673.46875, 115646.0, 109253.0703125, 119729.0234375, 120713.0, 130811.359375, 123243.9453125, 170849.6875, 142086.375, 134768.890625, 112462.0, 129732.4921875, 125131.765625, 124563.140625, 99479.2109375, 175135.90625, 123113.9140625, 135769.765625, 123994.03125, 106883.65625, 147243.921875, 132708.71875, 139214.15625, 105417.3515625, 107239.234375, 123094.96875, 96313.90625, 148000.484375, 99704.78125, 101528.921875, 120278.2890625, 117582.5078125, 136061.375, 129678.53125, 104298.7109375, 111522.296875, 117169.0234375, 123323.703125, 182285.71875, 97691.859375, 90463.875, 105869.96875, 132554.390625, 101962.6796875, 109978.125, 125883.0390625, 111097.90625, 130579.84375, 125864.7578125, 120213.8828125, 118932.421875, 135887.390625, 90313.09375, 110312.328125, 95528.515625, 117737.703125, 100225.9375, 95895.3828125, 100717.0625, 123319.8515625, 110650.3359375, 137825.40625, 92818.9609375, 128877.7890625, 114118.9921875, 118391.046875, 105806.875, 126716.484375, 82871.0078125, 98473.53125, 112653.8828125, 110543.34375, 93089.21875, 145687.4375, 111381.109375, 111860.2578125, 93411.5390625, 124548.2109375, 105378.8203125, 78928.9921875, 129872.859375, 136111.78125, 122426.4140625, 81437.578125, 83924.25, 131817.953125, 132283.421875, 136331.625, 122222.4140625, 89506.5, 88556.15625, 137975.640625, 91157.265625, 115675.125, 102324.6875, 131521.984375, 98948.3125, 82601.328125, 139851.625, 125558.125, 94268.6171875, 99682.234375, 103854.703125, 147736.921875, 110176.9296875, 97147.390625, 82925.6015625, 86759.171875, 102572.2265625, 113292.921875, 80833.0625, 102515.9140625, 95765.53125, 102094.5, 90817.875, 91690.7265625, 146300.75, 71992.1796875, 137491.75, 111065.609375, 92679.1328125, 94032.546875, 103493.640625, 88926.125, 130751.0703125, 76882.4453125, 108211.734375, 79766.2578125, 88629.1875, 143084.21875, 70175.40625, 98639.0703125, 84483.6171875, 125324.4609375, 99406.0234375, 91531.0546875, 80870.8984375, 105849.5625, 109633.984375, 81303.25, 77410.234375, 98817.9140625, 90230.0, 62455.29296875, 102162.234375, 116385.109375, 102928.6484375, 66826.3671875, 108260.75, 96762.1953125, 81299.578125, 92207.875, 88475.5625, 58330.35546875, 116132.609375, 71514.421875, 99878.03125, 95330.3828125, 91625.6171875, 73583.671875, 125965.6953125, 77970.640625, 78304.5, 82856.8671875, 99774.671875, 89087.484375, 71378.53125, 104543.328125, 103380.15625, 84171.734375, 90146.2109375, 79485.46875, 100584.734375, 84838.625, 65122.859375, 73658.5, 125198.140625, 61119.3671875, 104210.296875, 99332.375, 113689.390625, 98627.96875, 64014.109375, 112842.8359375, 110566.015625, 64049.4765625, 106612.234375, 132277.046875, 85077.3984375, 98680.859375, 64063.96875, 102440.2734375, 69206.0078125, 102783.7578125, 111794.0390625, 71363.5703125, 101607.8515625, 86374.34375, 78029.359375, 66673.6875, 70899.484375, 107488.953125, 90677.0234375, 68316.3671875, 60271.1953125, 89715.84375, 78601.0625, 85175.5625, 132659.875, 132567.75, 63644.59375, 59081.18359375, 75858.6796875, 91301.109375, 66628.4609375, 83381.796875, 94279.84375, 80338.0234375, 75377.1953125, 85285.6953125, 75375.5, 77022.609375, 71831.8046875, 101005.109375, 85937.2109375, 75929.875, 57213.83203125, 108301.078125, 63178.37890625, 71308.7109375, 56123.8828125, 93603.9140625, 69132.1953125, 50541.53125, 82035.234375, 76960.4921875, 80593.4140625, 50332.33984375, 111772.546875, 72474.21875, 73905.0703125, 77699.9765625, 75653.8125, 66731.734375, 72474.9609375, 103069.6953125, 63122.90625, 64944.0546875, 71278.203125, 83246.9453125, 65310.78125, 49948.0546875, 85350.8046875, 76432.203125, 53442.71875, 64753.25390625, 60041.5625, 56568.6171875, 75608.875, 141187.234375, 58343.5390625, 89304.109375, 60903.3671875, 46975.8203125, 105718.4453125, 74647.90625, 66496.1875, 56520.8046875, 88700.8046875, 95795.109375, 69130.890625, 47048.53125, 64052.65625, 84455.0546875, 63470.27734375, 43152.17578125, 79169.7890625, 89561.3984375, 68510.1953125, 51159.82421875, 56985.11328125, 53413.1640625, 56281.69140625, 85717.125, 93214.40625, 84162.890625, 62319.60546875, 40293.984375, 75204.96875, 67984.7734375, 79666.9609375, 80260.359375, 74078.2421875, 58805.390625, 59536.78125, 60105.28125, 34875.3984375, 48918.328125, 99699.03125, 84379.1015625, 59364.015625, 45455.0546875, 107991.6015625, 42259.0859375, 67890.5703125, 56786.44921875, 77340.828125, 47527.8828125, 60603.3046875, 73924.5, 55455.30078125, 64706.60546875, 52866.359375, 80735.0625, 66981.171875, 56080.5625, 55256.6015625, 48767.578125, 44487.92578125, 99889.4375, 71914.171875, 60087.4296875, 69231.0625, 40242.625, 65824.7109375, 86136.8671875, 49651.96484375, 70943.421875, 41433.10546875, 107306.109375, 59417.35546875, 85103.2265625, 51762.8984375, 52582.0234375, 36979.08203125, 73328.34375, 45093.03515625, 96250.71875, 52188.75, 26233.40625, 48049.72265625, 95918.0625, 37324.1953125, 79141.1796875, 52924.56640625, 55371.4296875, 69498.9375, 47426.7421875, 47074.6953125, 74800.921875, 42788.64453125, 61883.328125, 109188.6171875, 57257.671875, 48951.9140625, 87957.9453125, 47716.4921875, 50989.234375, 64573.6875, 46939.0390625, 59356.34375, 51545.65234375, 69771.8984375, 44119.87890625, 64960.421875, 88263.7890625, 50710.98828125, 48468.0546875, 52135.7890625, 44499.296875, 86156.546875, 53083.62890625, 49654.06640625, 48598.171875, 48121.203125, 59620.15625, 73672.4765625, 93601.28125, 49866.01953125, 50631.5078125, 52681.4765625, 41633.09375, 76727.515625, 66118.4140625, 43439.34375, 44010.734375, 47942.3359375, 92327.4609375, 46119.5390625, 55281.1875, 63862.6640625, 45619.5234375, 51245.1015625, 61619.6484375, 53083.25, 36490.5859375, 90727.8203125, 46594.5546875], "name": "default", "desc": "lr_0.001_nb_16_ld_2_b_0.5", "folder": "./saves/grid_seach/search1/lr_0.001_nb_16_ld_2_b_0.5_default_20240213-235922"}