{"nhidden": 128, "rnn_nhidden": 32, "obs_dim": 1, "latent_dim": 2, "lr": 0.01, "n_batch": 16, "beta": 4, "total_epochs_train": 4, "epochs_per_train": 2, "epochs": 4, "loss": [137426.421875, 50476.96875, 90763.6875, 188563.078125, 76413.4375, 95621.5078125, 66864.4140625, 43613.140625, 77354.4140625, 72622.6953125, 44428.703125, 38004.14453125, 53211.625, 49288.18359375, 20269.3046875, 59246.1484375, 35639.88671875, 28669.693359375, 45706.4375, 9305.318359375, 35146.8515625, 18481.39453125, 19314.712890625, 15700.3330078125, 16516.890625, 5909.0849609375, 9616.365234375, 9721.8740234375, 11768.02734375, 16858.388671875, 14153.0361328125, 4538.37548828125, 9519.0419921875, 17537.958984375, 5386.5615234375, 12535.173828125], "name": "default", "desc": "lr_0.01_nb_16_ld_2_b_4", "folder": "./saves/grid_seach/search2/lr_0.01_nb_16_ld_2_b_4_default_20240312-105341"}