{"nhidden": 128, "rnn_nhidden": 32, "obs_dim": 1, "latent_dim": 16, "lr": 0.005, "n_batch": 16, "beta": 2, "total_epochs_train": 50, "epochs_per_train": 5, "epochs": 50, "loss": [146175.5625, 254817.015625, 87363.53125, 164223.765625, 181951.96875, 220153.53125, 144817.9375, 186816.984375, 134165.640625, 127532.40625, 161374.296875, 178095.90625, 164436.734375, 170203.421875, 157016.421875, 114934.4375, 198327.296875, 143069.96875, 180580.34375, 124872.75, 163738.5625, 152077.53125, 149371.609375, 172153.28125, 107204.7421875, 132707.75, 182176.859375, 155477.078125, 145184.78125, 138472.46875, 117718.234375, 170411.4375, 144249.6875, 124863.40625, 120283.828125, 147573.78125, 144819.765625, 113122.2265625, 105906.9375, 118079.453125, 172634.46875, 112474.265625, 137164.609375, 103496.1796875, 120238.484375, 119448.9140625, 132649.09375, 121355.546875, 119879.5859375, 84133.21875, 132345.40625, 150116.5625, 107624.671875, 107331.578125, 89212.8046875, 147458.265625, 127383.3984375, 121473.8671875, 131143.578125, 82712.7578125, 97675.9765625, 100353.609375, 163777.8125, 134060.796875, 113468.8125, 89547.40625, 85195.328125, 90876.3984375, 92366.5390625, 99785.4375, 108509.65625, 139215.3125, 170047.078125, 94547.7734375, 172168.953125, 123315.796875, 76278.1796875, 89240.265625, 123497.6640625, 164547.40625, 102657.4375, 100571.40625, 109228.859375, 122929.3984375, 96965.7265625, 127634.203125, 108625.4140625, 93462.765625, 104485.828125, 81779.3671875, 100735.0546875, 108859.3671875, 98245.484375, 96036.3828125, 73233.5703125, 94377.453125, 106694.3125, 86798.6171875, 78892.3828125, 78244.046875, 102707.2265625, 84773.859375, 77716.984375, 99445.796875, 77028.9765625, 94397.90625, 70121.1953125, 114232.3671875, 101508.4140625, 49593.0234375, 79530.828125, 55659.25390625, 70786.1328125, 63301.03125, 112507.6796875, 78908.78125, 109542.828125, 105676.8046875, 109244.4375, 63967.94140625, 57746.8046875, 83684.546875, 130386.15625, 97728.78125, 145989.125, 131118.90625, 71230.9140625, 93110.5859375, 95365.71875, 61103.09765625, 77018.4296875, 56064.58203125, 96521.171875, 90599.71875, 80113.046875, 72494.625, 105104.6484375, 78568.6640625, 54081.1484375, 49912.98828125, 43914.8671875, 104397.390625, 96933.203125, 64495.08984375, 76124.0, 76000.921875, 79989.8046875, 65048.921875, 113778.15625, 56886.375, 73835.234375, 50543.90234375, 47055.78125, 56300.1171875, 54673.4375, 45548.3125, 45609.16796875, 110566.109375, 98188.7734375, 77087.71875, 50216.28125, 60382.3984375, 42975.46875, 67913.8046875, 45925.05859375, 55219.55078125, 34556.52734375, 111731.1484375, 90404.4375, 55527.71875, 74580.328125, 57061.23828125, 55483.734375, 69683.4609375, 64258.33984375, 85878.796875, 106964.046875, 71211.6171875, 55495.87890625, 47154.34375, 47120.9453125, 57639.46484375, 75560.859375, 110844.1796875, 48800.671875, 62914.68359375, 69579.7109375, 68463.859375, 62256.96484375, 54207.19921875, 78480.9453125, 127525.5390625, 41403.66796875, 38754.1953125, 57342.61328125, 67019.8203125, 66245.4140625, 36613.65234375, 50699.390625, 57948.4140625, 60018.19921875, 44360.75, 43593.09375, 70473.5546875, 54453.35546875, 69360.1015625, 82057.34375, 61398.88671875, 56250.5, 62840.48046875, 51013.12109375, 56699.44140625, 68600.9921875, 69304.6015625, 34356.51953125, 52623.90625, 31686.169921875, 30394.80859375, 59750.12109375, 64180.140625, 56893.140625, 74999.96875, 43845.74609375, 29967.931640625, 62732.3515625, 61053.4375, 54131.71875, 55844.19140625, 31939.71484375, 66836.53125, 49310.01953125, 100382.4296875, 110070.078125, 87774.3125, 31167.421875, 71578.40625, 92438.109375, 70408.3984375, 60038.0390625, 48693.13671875, 44876.16796875, 45469.390625, 126391.2578125, 59099.8125, 62904.32421875, 52490.0859375, 65382.15625, 64914.625, 66636.8984375, 34900.6171875, 63317.84765625, 59735.609375, 48414.82421875, 50872.90625, 69446.140625, 65067.9296875, 44956.1328125, 57421.40625, 54625.06640625, 53027.8828125, 57951.0546875, 65446.16796875, 63499.546875, 56874.0546875, 30299.69921875, 44965.66796875, 49381.41015625, 51516.3671875, 49915.12890625, 43448.08203125, 35149.578125, 54060.921875, 57937.78125, 48081.375, 29812.02734375, 43289.91796875, 57304.5625, 65816.1328125, 77819.96875, 24136.787109375, 49154.609375, 55389.26953125, 84796.375, 54037.49609375, 69455.8984375, 33028.296875, 47935.6640625, 39879.2578125, 62279.00390625, 35609.90625, 48415.08984375, 42653.0703125, 64846.5625, 56715.3671875, 36306.1015625, 55983.5390625, 45558.9140625, 48328.1484375, 78573.1796875, 24647.865234375, 53317.0859375, 66717.65625, 49447.5703125, 31058.84375, 52073.375, 62922.3203125, 45640.78515625, 37064.59765625, 100039.421875, 40157.6796875, 37635.56640625, 45349.76171875, 53629.625, 28292.138671875, 59030.8984375, 44205.94140625, 67485.5390625, 51490.47265625, 31107.92578125, 40801.8671875, 34783.44140625, 77871.125, 56906.9140625, 60100.51171875, 65197.11328125, 40542.6953125, 33446.76171875, 43526.95703125, 43598.01953125, 81600.890625, 64018.3125, 51452.94921875, 55673.5390625, 57508.26953125, 47600.10546875, 54514.4765625, 34636.12890625, 63624.25390625, 32928.6953125, 46990.2578125, 76795.9296875, 39675.3046875, 103780.921875, 51875.140625, 34698.50390625, 43797.09765625, 35228.04296875, 45638.5546875, 68728.1875, 57619.29296875, 39144.19140625, 52128.36328125, 30732.33203125, 65071.40234375, 60232.1171875, 49012.5078125, 36854.61328125, 37621.9453125, 44696.28125, 73385.7578125, 64214.39453125, 28415.361328125, 39950.1875, 39230.734375, 62267.24609375, 68239.640625, 60876.3203125, 60352.671875, 35834.11328125, 39996.265625, 50029.703125, 50698.51171875, 75391.546875, 32877.83984375, 81830.7890625, 38952.5390625, 39448.0078125, 44195.484375, 39769.76953125, 62161.9140625, 37009.24609375, 37807.75390625, 38426.94140625, 66213.8671875, 68009.890625, 50205.7109375, 62782.015625, 61476.86328125, 42052.109375, 49107.1484375, 78259.7265625, 22941.525390625, 47360.6640625, 51318.87890625, 66412.7265625, 58420.453125, 35115.84375, 43196.8671875, 104969.5390625, 85595.0390625, 33377.25, 83735.3671875, 48852.1875, 44530.6015625, 38668.89453125, 35988.078125, 67690.6640625, 50382.7109375, 98442.4921875, 74883.5078125, 45163.31640625, 58314.31640625, 38243.8046875, 37110.2890625, 39916.74609375, 38054.7421875, 67404.8203125, 47557.0, 56664.31640625, 72461.859375, 73758.421875, 29697.55078125, 36474.328125, 74256.828125, 55620.87109375, 46131.48046875, 28162.2734375, 42318.703125, 33680.8125, 64734.82421875, 48894.1015625, 71874.046875, 50495.1953125, 43632.93359375, 53180.125, 42117.11328125, 60352.078125, 49553.23046875, 46870.2890625, 52346.72265625, 50918.58203125, 61723.37109375, 58136.734375, 55888.0546875, 47104.27734375, 27528.998046875, 59657.04296875, 50503.6640625, 45885.76171875, 46252.203125], "name": "default", "desc": "lr_0.005_nb_16_ld_16_b_2", "folder": "./saves/grid_seach/search1/lr_0.005_nb_16_ld_16_b_2_default_20240213-234741"}