{"nhidden": 128, "rnn_nhidden": 32, "obs_dim": 1, "latent_dim": 2, "lr": 0.01, "n_batch": 16, "beta": 4, "total_epochs_train": 50, "epochs_per_train": 5, "epochs": 50, "loss": [126649.7109375, 253139.71875, 172172.390625, 165475.109375, 125034.8125, 180387.90625, 243935.53125, 136910.796875, 154180.125, 99918.0625, 148463.140625, 175896.328125, 120494.796875, 141804.765625, 154237.0, 176532.96875, 158614.8125, 160270.96875, 126956.953125, 174794.25, 163632.140625, 118668.671875, 182818.203125, 153779.25, 176804.421875, 133901.390625, 135364.125, 131675.765625, 141784.15625, 109776.796875, 136392.828125, 140123.5625, 165030.03125, 116883.3203125, 158868.03125, 156842.15625, 168208.5, 115970.2265625, 153341.140625, 173594.859375, 85889.890625, 249120.0, 119389.984375, 155553.890625, 179928.109375, 203868.234375, 184761.265625, 127939.96875, 116146.4609375, 136619.015625, 155402.03125, 118621.2265625, 137892.40625, 134392.203125, 118972.1796875, 111765.96875, 104740.7890625, 162849.171875, 115727.8359375, 142293.125, 115367.578125, 120060.8984375, 96876.3515625, 126467.546875, 107460.15625, 108507.0859375, 93071.03125, 108022.5078125, 97334.5234375, 94161.765625, 78887.8828125, 148318.4375, 103503.4375, 188918.15625, 147778.109375, 153455.0, 102504.0625, 91556.5390625, 165311.96875, 107845.65625, 87617.8671875, 100076.6875, 128992.71875, 101249.546875, 93842.578125, 107801.2734375, 92140.078125, 104577.6875, 78970.390625, 131733.359375, 126514.796875, 86530.59375, 125216.296875, 100096.75, 87265.53125, 87821.703125, 91705.75, 122121.859375, 146302.75, 117856.09375, 68624.796875, 84558.8984375, 114365.359375, 104976.3125, 84612.953125, 94525.7578125, 73132.8359375, 175119.53125, 90110.90625, 137646.71875, 83028.1640625, 144519.484375, 107474.671875, 81044.96875, 114813.2890625, 112082.1953125, 128411.0625, 137147.140625, 139316.921875, 89338.8515625, 83431.453125, 68746.0234375, 98298.328125, 124411.140625, 72420.7109375, 78628.46875, 101817.1875, 75991.3359375, 86539.7734375, 55220.171875, 93989.8671875, 86255.109375, 81475.109375, 97392.90625, 115077.6171875, 91260.78125, 99744.6328125, 80275.53125, 64198.64453125, 72867.1796875, 118507.2109375, 67921.90625, 72753.9609375, 48049.71875, 73588.015625, 79736.875, 52442.109375, 83282.375, 53259.0625, 64261.359375, 105090.578125, 53507.9296875, 75228.1640625, 74742.375, 87971.5625, 121623.96875, 47623.57421875, 126282.46875, 50094.4453125, 145958.125, 62383.00390625, 84883.828125, 63835.55078125, 68851.375, 54155.89453125, 62310.9140625, 94549.3515625, 58519.453125, 104974.1484375, 73220.484375, 80270.078125, 59015.34375, 59005.0703125, 101442.109375, 55320.71484375, 73698.2890625, 45161.4296875, 45507.9453125, 87479.609375, 71038.578125, 73263.546875, 78399.3359375, 58807.96484375, 73204.3203125, 63314.85546875, 45229.8515625, 44309.25390625, 68036.6953125, 55389.2421875, 62412.6640625, 36188.921875, 69816.7109375, 43820.48046875, 34813.47265625, 71873.3046875, 65034.1640625, 63115.13671875, 44276.703125, 47617.4921875, 29099.78515625, 50627.4296875, 48599.6640625, 43776.44921875, 101769.03125, 56131.875, 64620.390625, 40250.46484375, 36858.171875, 56020.4453125, 67353.203125, 73071.859375, 89251.140625, 102519.3046875, 62255.29296875, 94087.328125, 127741.734375, 65102.3359375, 58200.22265625, 99019.3125, 110065.453125, 46432.96875, 79018.5234375, 51910.953125, 50405.62890625, 79440.546875, 79162.7734375, 65620.015625, 50204.46484375, 76692.53125, 82768.453125, 43575.31640625, 100346.9453125, 70439.4453125, 51727.7578125, 84899.078125, 76842.2109375, 78478.21875, 51308.8828125, 29442.185546875, 71079.2578125, 55335.75, 81992.9921875, 85860.1171875, 111387.3125, 50005.1875, 69549.0703125, 56391.57421875, 69813.8828125, 86890.2734375, 38049.23828125, 48033.84375, 48741.34765625, 43230.9375, 59549.6484375, 35295.77734375, 59058.20703125, 32639.671875, 77324.6328125, 47030.8828125, 55099.859375, 70658.6015625, 51102.671875, 57944.5859375, 40235.7890625, 54556.50390625, 22676.751953125, 48863.40625, 32565.2734375, 85303.828125, 47997.41796875, 59901.453125, 49696.9921875, 34016.3359375, 47910.640625, 24160.15625, 28374.6640625, 28513.65234375, 49968.27734375, 36308.42578125, 40986.484375, 28462.654296875, 22450.06640625, 15111.5849609375, 38170.76953125, 46062.61328125, 46632.04296875, 44821.296875, 35846.4140625, 33432.67578125, 16825.716796875, 26509.51171875, 32504.1015625, 32756.89453125, 67136.796875, 40719.4921875, 65197.43359375, 42358.3125, 22061.978515625, 35989.0703125, 40712.44140625, 33306.03125, 41390.26953125, 29961.13671875, 46759.76953125, 57033.98828125, 44459.4453125, 55104.265625, 20223.56640625, 43684.5234375, 52086.515625, 36686.7578125, 25519.341796875, 26766.298828125, 29756.318359375, 33140.859375, 52124.73828125, 61162.59375, 70474.03125, 26119.779296875, 44987.4140625, 99390.734375, 71353.2578125, 28535.841796875, 21124.890625, 38171.40234375, 44980.2734375, 43896.04296875, 21141.310546875, 21490.322265625, 59844.79296875, 54202.46875, 23446.6640625, 39454.30078125, 26025.150390625, 66026.25, 55604.13671875, 27642.91015625, 25344.427734375, 35542.12890625, 27122.30078125, 38544.1640625, 32219.595703125, 40733.7578125, 63456.28515625, 27140.6171875, 37480.6171875, 30608.736328125, 19053.197265625, 34644.3359375, 44258.86328125, 24004.52734375, 17356.109375, 50648.65625, 36435.23046875, 46329.52734375, 21119.25, 19657.26953125, 36422.06640625, 38984.1875, 30503.533203125, 32482.291015625, 38567.7734375, 42212.796875, 27999.0234375, 20116.7109375, 64725.67578125, 52318.7421875, 53234.16796875, 16236.87890625, 18248.064453125, 34677.65625, 41287.75, 20627.84765625, 39725.92578125, 39066.65625, 74432.6328125, 15892.783203125, 63749.046875, 40952.82421875, 44143.9921875, 53029.8046875, 18296.931640625, 44023.8203125, 21081.3515625, 52653.6015625, 22023.525390625, 18633.740234375, 31146.595703125, 24960.3984375, 23505.349609375, 19198.099609375, 28232.0234375, 45334.67578125, 26758.5703125, 14220.2021484375, 57677.6875, 20543.638671875, 34571.1875, 41360.609375, 30637.42578125, 32853.984375, 31617.744140625, 40886.5625, 32744.42578125, 43169.64453125, 34984.953125, 27285.27734375, 51529.71484375, 26364.30078125, 24717.015625, 29945.642578125, 63850.08984375, 51666.6015625, 20640.853515625, 32117.59375, 42607.0625, 31182.34765625, 59085.91796875, 25153.064453125, 33792.453125, 21644.40234375, 55907.02734375, 31920.484375, 45677.6796875, 37207.63671875, 52649.58203125, 21234.33203125, 22482.28125, 25781.1640625, 37828.44921875, 15300.90234375, 36546.96875, 35416.62890625, 31096.8515625, 33657.65625, 23719.54296875, 68965.65625, 32708.84375, 22966.078125, 28192.484375, 26832.41015625, 25987.03515625, 60427.0234375, 13821.625, 27696.615234375, 27455.865234375, 22545.923828125, 34865.234375, 15423.3525390625, 22550.896484375], "name": "default", "desc": "lr_0.01_nb_16_ld_2_b_4", "folder": "./saves/grid_seach/search1/lr_0.01_nb_16_ld_2_b_4_default_20240213-222449"}