{"nhidden": 128, "rnn_nhidden": 32, "obs_dim": 1, "latent_dim": 16, "lr": 0.0001, "n_batch": 16, "beta": 2, "total_epochs_train": 50, "epochs_per_train": 5, "epochs": 50, "loss": [211548.21875, 166047.546875, 221480.53125, 151402.1875, 157339.03125, 151196.484375, 187923.578125, 128708.328125, 172069.84375, 161046.265625, 184324.578125, 147284.265625, 173047.078125, 199270.6875, 174670.953125, 233720.734375, 157637.328125, 173665.875, 173562.171875, 171996.59375, 165442.03125, 158229.640625, 156044.203125, 159661.46875, 176604.078125, 254187.640625, 138122.765625, 186548.796875, 147867.375, 137506.140625, 165241.125, 174168.8125, 168397.03125, 230659.4375, 220847.234375, 136244.109375, 122540.8125, 225858.78125, 234758.75, 156090.53125, 140163.15625, 120288.3828125, 143026.203125, 260175.75, 136536.375, 148149.203125, 205470.390625, 253969.21875, 125002.265625, 156078.3125, 128912.7734375, 166686.6875, 188009.59375, 182609.28125, 168736.328125, 133450.671875, 174231.75, 141114.65625, 129374.1328125, 160957.671875, 203467.390625, 236077.265625, 215374.828125, 148488.890625, 115093.390625, 190048.921875, 219139.484375, 202786.4375, 193056.875, 154882.015625, 105796.375, 220135.171875, 193572.859375, 203702.859375, 139059.125, 199491.875, 167863.96875, 132961.84375, 173534.0, 185800.484375, 185192.171875, 170931.15625, 152198.28125, 242098.9375, 132057.203125, 146966.59375, 104174.03125, 207477.453125, 222420.4375, 191197.75, 98137.6796875, 223051.765625, 109197.5546875, 247881.015625, 167793.65625, 182006.390625, 198008.125, 184228.3125, 115810.2109375, 175574.625, 233162.328125, 165163.171875, 137941.25, 211838.71875, 129711.5703125, 163800.265625, 152969.78125, 195286.890625, 143592.21875, 167943.984375, 215740.421875, 190266.5, 151660.3125, 132606.65625, 171660.984375, 184014.78125, 165288.0, 181230.84375, 138980.75, 118394.828125, 135207.296875, 172057.75, 212042.65625, 141128.0, 199934.171875, 206695.109375, 159683.796875, 139313.71875, 198599.890625, 215048.6875, 147780.421875, 117615.84375, 198956.71875, 182772.046875, 152238.640625, 128602.4140625, 158856.09375, 119205.7890625, 162910.234375, 194705.03125, 209422.03125, 180354.640625, 153224.140625, 190291.859375, 178677.0, 131685.21875, 229555.46875, 157425.59375, 138583.578125, 142548.34375, 145906.875, 146600.578125, 207409.328125, 115475.1875, 213821.4375, 170090.828125, 107712.421875, 171752.515625, 157211.46875, 137498.78125, 242859.8125, 190472.0, 192384.15625, 120714.5390625, 152370.71875, 219940.828125, 120549.8984375, 149213.03125, 170612.203125, 168309.265625, 194345.5625, 119725.2265625, 173890.125, 162862.53125, 225357.1875, 153759.84375, 110227.53125, 169733.140625, 208776.21875, 152824.9375, 165416.953125, 153931.234375, 186819.765625, 162031.859375, 204218.0625, 112778.140625, 162134.15625, 109684.4375, 168175.34375, 138639.109375, 192445.484375, 144331.71875, 156300.265625, 248623.09375, 140204.265625, 156013.609375, 129121.21875, 182133.890625, 213469.6875, 131303.0, 163446.0625, 205657.828125, 142916.8125, 133816.5, 128934.328125, 139437.421875, 168556.75, 129200.171875, 239927.484375, 190063.90625, 164190.40625, 165695.0625, 149869.96875, 79891.9296875, 95812.21875, 177339.40625, 155515.0, 177272.78125, 212120.21875, 136343.859375, 102967.7421875, 137548.671875, 134521.125, 153243.71875, 218285.03125, 184136.71875, 130448.265625, 145509.4375, 104950.984375, 161738.09375, 135070.4375, 171029.03125, 195558.390625, 118875.1953125, 128329.7265625, 170182.09375, 150840.703125, 236425.96875, 164633.625, 122823.890625, 132923.84375, 130230.0703125, 118737.625, 242807.765625, 178851.765625, 127062.40625, 149550.890625, 124397.0625, 134469.71875, 141191.84375, 112528.6640625, 109115.046875, 103946.703125, 106474.3828125, 154030.65625, 203983.859375, 101320.390625, 171614.03125, 144553.859375, 139029.96875, 184564.34375, 123279.515625, 129699.4296875, 133941.40625, 168072.90625, 195987.46875, 136874.9375, 128630.6640625, 138239.03125, 100770.0, 103553.4375, 179142.34375, 111076.2578125, 128796.46875, 101502.5625, 171024.4375, 134881.78125, 118113.9296875, 156319.609375, 127914.703125, 105454.6171875, 113217.59375, 163826.921875, 127248.59375, 127612.90625, 113254.9296875, 130843.71875, 136497.90625, 117571.9765625, 101737.5, 118187.7890625, 112957.6015625, 104297.046875, 111121.4375, 163748.890625, 102441.1875, 175351.53125, 127602.40625, 167098.3125, 145648.875, 116845.65625, 126771.09375, 105266.1640625, 105740.125, 93874.890625, 108699.3046875, 109979.078125, 111722.828125, 92958.40625, 117751.171875, 145937.015625, 120304.453125, 109852.75, 159215.828125, 123742.25, 122434.78125, 150118.09375, 98664.0546875, 128054.828125, 109546.765625, 102352.875, 100209.234375, 95087.890625, 139726.625, 121831.171875, 86644.65625, 149428.84375, 131122.546875, 87153.0703125, 96352.8046875, 110700.015625, 139647.796875, 117163.09375, 86896.6796875, 141307.15625, 101383.0078125, 113041.0703125, 93910.734375, 101572.96875, 101124.4453125, 123817.4765625, 146459.34375, 94221.40625, 178925.4375, 114167.4375, 111184.0078125, 113546.4375, 116676.7578125, 97539.390625, 102965.703125, 92435.5546875, 139172.390625, 121683.0234375, 119299.0390625, 107156.359375, 107212.5859375, 91906.8359375, 107109.703125, 104202.3203125, 94347.3125, 106312.296875, 90230.5546875, 86241.8046875, 147615.015625, 116718.2109375, 86114.9296875, 142306.03125, 123627.53125, 117174.0390625, 114814.8125, 91207.078125, 146831.953125, 112717.3125, 121820.609375, 123132.65625, 139014.90625, 94517.71875, 91738.3515625, 107629.03125, 108536.109375, 99554.2421875, 107161.4375, 130541.265625, 119620.234375, 126629.03125, 100667.6796875, 120778.9765625, 96635.9765625, 113914.4609375, 122042.375, 123570.8984375, 137236.671875, 90987.125, 118023.390625, 111479.703125, 100675.7890625, 116932.265625, 87664.9140625, 103933.3203125, 137521.21875, 91419.125, 136532.234375, 109399.203125, 107306.7890625, 101240.046875, 90839.109375, 96315.078125, 91518.6328125, 106153.1875, 182265.375, 108866.6171875, 115657.6328125, 92292.046875, 117544.5, 101888.703125, 100880.28125, 93910.0, 105106.0546875, 115697.9140625, 94571.90625, 114777.78125, 105279.6875, 104881.34375, 89978.0546875, 91927.3359375, 100415.6953125, 131400.015625, 98999.609375, 90703.296875, 130633.546875, 123033.234375, 128438.125, 119181.34375, 93133.5703125, 100266.1328125, 107126.7109375, 103580.65625, 93618.859375, 88077.953125, 147954.921875, 112374.4609375, 125915.9453125, 142930.015625, 137092.625, 94537.53125, 97874.0, 105210.1015625, 99672.796875, 110405.640625, 90800.078125], "name": "default", "desc": "lr_0.0001_nb_16_ld_16_b_2", "folder": "./saves/grid_seach/search1/lr_0.0001_nb_16_ld_16_b_2_default_20240214-013121"}