{"nhidden": 128, "rnn_nhidden": 32, "obs_dim": 1, "latent_dim": 16, "lr": 0.001, "n_batch": 16, "beta": 0.5, "total_epochs_train": 50, "epochs_per_train": 5, "epochs": 50, "loss": [217215.40625, 212670.359375, 113173.53125, 211908.921875, 132802.0, 120235.25, 169296.015625, 168847.03125, 206679.234375, 154649.65625, 190685.734375, 151542.25, 168628.921875, 162910.140625, 191851.046875, 118905.6015625, 166421.25, 161469.953125, 170791.578125, 145179.40625, 120916.546875, 147813.65625, 196924.8125, 152595.84375, 179826.0, 135864.796875, 196366.953125, 172185.6875, 138475.53125, 174818.5625, 205990.59375, 142596.5625, 131600.484375, 106193.7421875, 108489.3515625, 223867.09375, 140155.0625, 106911.5546875, 120948.578125, 140361.859375, 116512.203125, 161130.671875, 130549.5234375, 179566.640625, 143356.75, 104737.2734375, 118789.1484375, 131415.84375, 120040.34375, 102146.96875, 114990.6484375, 122416.3984375, 133753.1875, 138637.546875, 103212.921875, 133650.78125, 140926.265625, 159761.640625, 133362.71875, 96409.96875, 87668.21875, 154708.640625, 93855.8125, 102753.6796875, 142473.34375, 100676.71875, 138374.671875, 101062.484375, 133971.59375, 122098.5078125, 112805.9375, 121791.96875, 102154.296875, 155677.6875, 122406.171875, 95871.640625, 99728.2734375, 96647.0625, 113365.421875, 172432.859375, 93101.46875, 93909.9140625, 92182.0703125, 87905.03125, 120120.9609375, 137166.90625, 115306.5234375, 110315.484375, 107486.140625, 139258.28125, 112842.2109375, 167541.71875, 107954.140625, 103643.375, 96033.6015625, 108259.078125, 79153.46875, 105435.4296875, 101574.6640625, 88565.203125, 144526.09375, 150004.5625, 139651.53125, 108596.390625, 95421.796875, 99524.0546875, 114082.5, 99597.8359375, 119098.59375, 92826.96875, 92598.71875, 93830.328125, 102671.46875, 148840.15625, 95489.984375, 122629.171875, 113429.015625, 92520.6328125, 94030.40625, 106762.65625, 106804.8359375, 97208.296875, 139210.5, 83701.0, 93705.453125, 145330.171875, 95738.625, 118507.921875, 71195.765625, 108136.453125, 83607.9609375, 125684.234375, 104888.65625, 78223.484375, 108371.4375, 72615.953125, 112501.296875, 93882.421875, 107233.84375, 148760.5, 110767.921875, 92164.15625, 102903.046875, 122214.609375, 86458.4609375, 127714.421875, 153421.25, 119823.7265625, 121009.203125, 120834.765625, 145223.875, 84186.8671875, 159199.96875, 98853.9296875, 116193.6171875, 118613.109375, 167681.78125, 109497.5390625, 110477.296875, 106309.2265625, 128323.3359375, 87719.8359375, 78754.109375, 115470.5234375, 88589.25, 161445.921875, 143725.21875, 96611.0390625, 124224.96875, 108164.625, 134470.859375, 146184.203125, 86940.5625, 108165.890625, 104390.4921875, 115001.4140625, 117858.0625, 100682.40625, 89530.4375, 112269.046875, 125143.625, 95545.1171875, 104964.046875, 91263.0703125, 101343.1953125, 113603.734375, 85579.4765625, 86392.8125, 154441.921875, 117467.9765625, 102639.3828125, 131325.96875, 95535.84375, 97817.203125, 118519.265625, 97670.90625, 95394.1015625, 71378.671875, 83675.6171875, 74266.8359375, 106503.375, 88560.2578125, 84959.265625, 128365.03125, 138597.765625, 100839.0859375, 116007.8359375, 98255.75, 91873.484375, 85361.5625, 93297.4140625, 112697.40625, 98150.2578125, 121716.7890625, 128072.1015625, 93010.28125, 79459.96875, 82429.78125, 123862.3671875, 80187.3125, 85227.53125, 118827.359375, 117557.6953125, 108534.953125, 92902.8515625, 73416.21875, 106631.2109375, 70284.40625, 83354.0625, 108340.2421875, 106976.578125, 137199.71875, 91089.9921875, 110510.1328125, 118597.25, 85117.125, 87438.359375, 137174.5625, 72348.0234375, 96751.6484375, 86408.9140625, 81806.8359375, 105041.8515625, 68612.234375, 106818.4609375, 80945.921875, 77405.2890625, 92909.7421875, 113869.59375, 91721.859375, 73378.6796875, 134723.203125, 100930.3203125, 72118.1875, 129461.5859375, 77390.0, 77595.953125, 76826.84375, 87186.6328125, 79072.1484375, 98260.84375, 65946.84375, 83879.8125, 64721.0234375, 79668.25, 123013.9140625, 73264.0, 83986.859375, 108204.71875, 87264.234375, 87633.0859375, 71604.8515625, 65613.71875, 75590.578125, 86525.34375, 71629.5390625, 85443.7265625, 136047.171875, 116795.5078125, 115335.9140625, 84967.6875, 77464.421875, 76848.296875, 100608.484375, 87221.7265625, 64384.3046875, 84414.984375, 61519.5234375, 67383.0546875, 68954.3125, 70632.203125, 124441.3125, 94159.8125, 83083.6015625, 59795.3125, 110950.453125, 66906.328125, 111457.7890625, 67804.1875, 84607.4765625, 94271.3046875, 65657.484375, 114375.109375, 71463.171875, 65512.58203125, 76125.5625, 81045.0078125, 88971.28125, 97336.890625, 90076.578125, 81135.09375, 64885.18359375, 52351.1484375, 54310.76953125, 82704.640625, 80614.2421875, 79913.953125, 112941.8359375, 76925.484375, 133458.71875, 111613.03125, 52807.82421875, 61020.2578125, 67053.71875, 101772.140625, 65073.859375, 84542.75, 58600.42578125, 77601.0546875, 63339.28125, 86175.8125, 88300.515625, 88572.328125, 77914.4375, 57416.53125, 71689.6484375, 80207.59375, 73802.9453125, 109375.09375, 69949.9453125, 36548.34375, 74457.78125, 56536.19140625, 58697.4921875, 93065.4921875, 79799.421875, 73560.1328125, 89311.6015625, 59983.11328125, 62640.609375, 66519.0859375, 41844.1875, 93324.6640625, 53966.59375, 54867.83203125, 66255.4375, 69186.984375, 66538.5703125, 57146.8203125, 79831.6171875, 79936.796875, 82730.6875, 60916.9375, 61599.57421875, 45433.1953125, 60001.8984375, 87128.8203125, 45270.6953125, 52532.96484375, 94749.5, 61910.26171875, 54694.05859375, 48207.1953125, 71844.046875, 51176.24609375, 73770.984375, 47845.48828125, 66590.3515625, 53993.54296875, 24543.54296875, 85243.96875, 54837.72265625, 48808.3359375, 66636.375, 77451.453125, 69878.0625, 71518.125, 72313.1171875, 76712.4453125, 49156.5703125, 69163.59375, 57625.19140625, 68013.4296875, 55027.5625, 49605.76953125, 73592.2578125, 78954.828125, 62346.125, 61151.84375, 42501.6171875, 85916.765625, 56327.7265625, 82802.5390625, 58487.8984375, 27088.16015625, 51665.19921875, 67594.6328125, 61087.9921875, 106405.7265625, 41183.9921875, 47702.66796875, 73854.921875, 47894.9375, 41434.3125, 30272.916015625, 44712.58984375, 67490.609375, 59231.93359375, 57790.6640625, 84143.0546875, 51073.171875, 32008.314453125, 98772.9140625, 46380.40234375, 62524.484375, 50520.37890625, 57939.14453125, 61427.859375, 100754.0, 60508.0546875, 31394.791015625, 75412.1875, 59450.328125, 52044.0625, 102775.921875, 38906.38671875, 75995.828125, 40081.484375, 49429.3046875, 41590.54296875, 82731.1171875, 32580.234375, 63617.12890625, 67064.296875, 70450.0234375, 57577.4609375, 59294.625, 41989.08203125, 44242.890625, 74546.234375], "name": "default", "desc": "lr_0.001_nb_16_ld_16_b_0.5", "folder": "./saves/grid_seach/search1/lr_0.001_nb_16_ld_16_b_0.5_default_20240214-002815"}