{"nhidden": 128, "rnn_nhidden": 32, "obs_dim": 1, "latent_dim": 2, "lr": 0.01, "n_batch": 16, "beta": 4, "total_epochs_train": 50, "epochs_per_train": 5, "epochs": 50, "loss": [196368.46875, 158412.953125, 208992.484375, 161906.9375, 140974.8125, 172705.1875, 152359.671875, 239576.078125, 183414.09375, 155909.875, 165146.140625, 167021.765625, 174761.078125, 159697.84375, 149058.5625, 162579.71875, 133430.859375, 120961.71875, 111074.625, 121163.75, 175535.5, 110309.5, 191250.46875, 135425.953125, 130641.0, 151057.5, 150799.03125, 112963.171875, 124988.4609375, 152512.28125, 170544.40625, 131183.46875, 169105.3125, 150938.3125, 178380.5625, 214612.53125, 238392.625, 143086.09375, 176354.140625, 128232.578125, 183049.140625, 119260.796875, 118920.90625, 169946.828125, 110291.2578125, 148286.703125, 127939.4765625, 204943.890625, 108115.5703125, 132213.828125, 158858.46875, 144492.28125, 121701.6484375, 128404.609375, 113242.015625, 113921.9375, 94930.921875, 85440.2578125, 181575.734375, 108981.0859375, 108407.9609375, 125230.9296875, 144016.328125, 128980.484375, 124931.7578125, 214959.09375, 103181.7265625, 121523.1484375, 127990.875, 133133.34375, 89558.0859375, 104791.515625, 80518.7734375, 130449.9375, 119410.0625, 131781.71875, 99859.125, 89374.046875, 148217.984375, 90140.5546875, 115233.0546875, 81428.46875, 117254.9140625, 117887.84375, 100872.9609375, 108095.6171875, 108748.84375, 216090.609375, 97557.8125, 145904.390625, 187385.15625, 128302.421875, 157988.640625, 102104.0703125, 154151.59375, 139128.203125, 193195.3125, 165224.53125, 159850.09375, 129172.1328125, 172477.625, 169137.40625, 170417.03125, 86567.0625, 222428.53125, 98866.625, 114719.09375, 186515.1875, 136876.6875, 165407.3125, 199437.453125, 90254.3359375, 142310.5, 169786.734375, 159643.921875, 129222.6953125, 117537.7265625, 147188.71875, 138732.96875, 145691.4375, 115063.8828125, 126420.890625, 123878.4921875, 145458.375, 200663.28125, 110691.6875, 144649.375, 139205.484375, 121295.203125, 141366.109375, 142747.078125, 101835.828125, 189773.015625, 150307.03125, 99122.296875, 209063.46875, 93289.8046875, 144116.21875, 111154.8359375, 103686.25, 87927.203125, 137255.125, 125409.421875, 90440.9921875, 120953.671875, 178640.265625, 88419.4921875, 74379.140625, 73614.2421875, 108310.09375, 76346.984375, 73878.4375, 86307.2578125, 108127.2265625, 135397.359375, 61402.296875, 74187.2578125, 73269.6171875, 71148.3984375, 64210.9921875, 76071.5546875, 82409.28125, 75684.71875, 87989.46875, 58882.16796875, 83685.640625, 129161.3359375, 61920.80859375, 65497.5234375, 83848.6484375, 75287.6328125, 66541.7109375, 96414.2265625, 91495.640625, 117726.1875, 73882.921875, 51988.3828125, 62263.2265625, 63178.3359375, 56696.46875, 62800.4375, 49610.7265625, 72295.015625, 72847.796875, 68767.6953125, 96535.5390625, 59172.78125, 71683.75, 80678.3515625, 88818.46875, 62264.203125, 81131.796875, 161466.609375, 66276.1640625, 178200.6875, 137921.40625, 61375.35546875, 109749.5703125, 106448.515625, 107751.3125, 110156.890625, 72235.3125, 100335.3203125, 151561.859375, 87086.9375, 79656.65625, 93706.171875, 89337.8671875, 71370.03125, 89782.40625, 77947.03125, 75857.5078125, 55003.703125, 60068.30078125, 107927.0546875, 87900.1875, 45136.94140625, 69361.5390625, 84981.5703125, 73178.8203125, 96515.015625, 94488.375, 52966.453125, 56140.68359375, 53171.921875, 57423.5625, 74034.875, 74658.7734375, 44766.50390625, 50845.0390625, 98268.125, 59112.734375, 119927.8671875, 51672.9765625, 72434.671875, 57932.57421875, 57142.015625, 79838.828125, 62233.72265625, 79349.71875, 38563.6015625, 91563.8984375, 51095.0078125, 82015.0, 58168.0390625, 59937.14453125, 55341.35546875, 39593.16796875, 85823.296875, 53178.60546875, 104013.890625, 53942.828125, 82675.15625, 70777.6328125, 72059.0234375, 108249.1171875, 132789.859375, 49633.109375, 110776.671875, 41814.44140625, 62322.703125, 114436.7265625, 190640.078125, 56887.55859375, 96758.578125, 32902.765625, 133517.671875, 94651.78125, 46312.296875, 90815.046875, 77276.765625, 43951.23828125, 58997.8046875, 104402.0859375, 77805.125, 129546.0546875, 62149.58203125, 60263.08203125, 159401.859375, 81083.25, 94847.796875, 60867.87890625, 64398.41796875, 99871.2578125, 74260.578125, 85740.8046875, 119582.1484375, 81397.53125, 105643.2265625, 73260.1328125, 72004.84375, 89849.3671875, 71396.78125, 79041.5078125, 94326.078125, 82111.234375, 101743.1484375, 72285.8046875, 63259.08203125, 59610.8984375, 89087.796875, 37816.03515625, 84737.5546875, 43564.64453125, 84670.703125, 61853.96484375, 35650.078125, 35324.20703125, 106097.609375, 72719.4375, 84531.5, 98909.34375, 71525.8359375, 71008.21875, 67865.3828125, 75209.875, 51577.65625, 91853.34375, 66171.421875, 62021.45703125, 62630.0703125, 81244.203125, 96315.90625, 83464.1015625, 62979.4765625, 74960.7890625, 100540.109375, 42942.6328125, 84317.8359375, 68109.140625, 59077.14453125, 58396.4140625, 84900.375, 102309.8828125, 56985.203125, 108626.3359375, 55609.7578125, 88412.8671875, 40719.78125, 51146.38671875, 35534.80859375, 123220.546875, 54101.4765625, 81644.8046875, 52358.81640625, 40078.12890625, 108970.9921875, 68879.59375, 95581.28125, 93715.7265625, 105909.890625, 60257.75390625, 49463.74609375, 114536.2578125, 100141.5703125, 66572.171875, 114869.171875, 69989.578125, 65418.859375, 83897.0078125, 69885.40625, 29763.20703125, 53825.42578125, 70471.875, 88035.84375, 63617.40625, 126217.59375, 49439.98046875, 80240.796875, 61153.984375, 60932.234375, 101240.546875, 87182.6484375, 83070.890625, 75647.75, 47091.03515625, 69296.59375, 71504.75, 85346.4765625, 50557.4453125, 59924.953125, 73709.7890625, 76854.0546875, 67583.65625, 61983.09765625, 72282.71875, 81802.75, 78670.3125, 78799.3671875, 104870.3671875, 45808.96875, 60929.109375, 61456.57421875, 52142.33203125, 87099.2578125, 100051.5546875, 81576.4453125, 81511.3125, 128477.578125, 62280.3671875, 91211.796875, 88600.9453125, 73492.9375, 74153.3359375, 27609.26953125, 63033.55078125, 41783.08203125, 119815.015625, 69666.609375, 66805.3046875, 97504.453125, 35041.30078125, 95348.71875, 46359.97265625, 93641.125, 59601.2421875, 49611.921875, 56891.390625, 56251.1796875, 47249.96875, 30720.654296875, 81523.84375, 58591.2421875, 40746.80078125, 32263.126953125, 64950.45703125, 52274.734375, 53463.96875, 92986.6015625, 68279.46875, 57624.5625, 61571.5859375, 33497.01953125, 27210.869140625, 53627.8203125, 66818.6640625, 99410.0625, 100252.109375, 99328.421875, 30551.083984375, 59004.7421875, 61297.5234375, 60004.56640625, 39049.46875, 29168.578125, 46896.75, 52519.4921875, 73664.625, 52191.7578125, 46867.21484375], "name": "default", "desc": "lr_0.01_nb_16_ld_2_b_4", "folder": "./saves/grid_seach/search4/lr_0.01_nb_16_ld_2_b_4_default_20240307-080849"}