{"nhidden": 128, "rnn_nhidden": 32, "obs_dim": 1, "latent_dim": 1, "lr": 0.01, "n_batch": 16, "beta": 0.5, "total_epochs_train": 50, "epochs_per_train": 5, "epochs": 50, "loss": [178757.78125, 1157419.75, 159867.609375, 203350.875, 123897.578125, 256622.09375, 162539.453125, 135367.15625, 186488.890625, 156520.65625, 147823.59375, 158654.234375, 126178.5390625, 157434.421875, 111081.3203125, 226646.0625, 201990.5625, 207830.875, 213895.59375, 162248.21875, 123792.015625, 167675.625, 111214.1328125, 129441.890625, 169143.65625, 130386.6015625, 217168.5, 194243.3125, 128006.359375, 164706.6875, 143192.25, 120532.7890625, 194550.6875, 166602.0625, 136324.703125, 165997.921875, 216846.515625, 139703.796875, 146813.15625, 137417.859375, 163240.8125, 172620.3125, 119080.078125, 144447.984375, 129441.3984375, 151793.109375, 158726.109375, 134805.125, 247086.34375, 135720.09375, 166511.40625, 135833.984375, 145739.75, 118707.484375, 176045.265625, 157897.390625, 178912.140625, 139391.296875, 125738.484375, 166157.28125, 117392.84375, 192558.21875, 111723.2578125, 118308.59375, 238377.078125, 136720.75, 151475.875, 151093.625, 127964.3984375, 144190.5625, 138755.671875, 134905.5625, 100377.875, 141997.484375, 184039.8125, 186448.8125, 173322.328125, 171860.484375, 117273.390625, 156329.25, 104887.703125, 145660.15625, 186213.4375, 132195.75, 96035.5234375, 167784.203125, 164843.875, 143017.828125, 160227.0625, 139503.28125, 112560.25, 188588.546875, 137113.875, 149909.0, 101179.046875, 121645.2265625, 238769.53125, 124745.109375, 78449.796875, 114757.953125, 111329.2734375, 106059.6015625, 125554.625, 91319.03125, 168065.84375, 153495.015625, 120178.0703125, 138918.625, 112564.7578125, 122729.828125, 142278.015625, 130706.59375, 102036.015625, 156450.25, 96570.8203125, 159128.234375, 106049.71875, 95790.8203125, 104820.0703125, 147232.59375, 94424.21875, 143086.0, 129796.40625, 120230.8125, 100009.375, 128713.015625, 125114.0234375, 169735.609375, 117220.25, 80693.8359375, 102035.46875, 100076.234375, 120888.4765625, 105798.71875, 98348.1796875, 112489.6640625, 122110.5078125, 111016.4375, 133649.828125, 92956.125, 106351.578125, 109606.4453125, 82745.328125, 186679.890625, 105005.5546875, 97472.2265625, 143471.8125, 83688.3125, 112830.96875, 96147.8515625, 129922.375, 104315.1796875, 125183.40625, 116230.3125, 156580.515625, 91814.328125, 107981.4921875, 78977.5390625, 74188.2265625, 100451.9609375, 102014.7265625, 110822.453125, 83158.453125, 84714.1484375, 129363.9296875, 116242.046875, 112557.296875, 88158.6484375, 84010.375, 86654.7421875, 117017.8359375, 77522.984375, 91382.484375, 137381.46875, 120447.265625, 103372.34375, 92124.15625, 120232.140625, 123657.25, 106899.015625, 140351.59375, 95263.9765625, 75912.3984375, 96617.2890625, 75772.5078125, 137501.625, 124749.4609375, 90318.796875, 89839.7265625, 123399.0625, 85659.9453125, 76374.3359375, 107005.546875, 93467.9296875, 89209.7578125, 113016.375, 95496.3984375, 67588.1640625, 105114.2421875, 79925.6796875, 102628.7265625, 70900.078125, 118953.78125, 73731.0234375, 121184.4375, 89269.203125, 88359.90625, 78323.6953125, 84768.8125, 84729.390625, 123307.1328125, 115466.5546875, 81835.3125, 84452.375, 98123.859375, 104712.515625, 118224.0, 110828.1171875, 110936.90625, 80590.703125, 85791.7265625, 72045.0625, 88757.375, 68824.4375, 90429.1953125, 84050.140625, 85045.953125, 67498.2421875, 95030.421875, 116777.546875, 76920.953125, 70873.75, 107766.046875, 105986.328125, 79980.3671875, 90148.546875, 88256.53125, 78869.125, 95618.9140625, 79611.90625, 108397.515625, 122270.84375, 71400.5703125, 107050.1875, 71851.140625, 154604.96875, 66955.03125, 92491.828125, 70170.71875, 62175.1328125, 104255.0234375, 83565.7890625, 115104.7734375, 93234.1875, 71794.75, 76666.140625, 77478.7109375, 104321.84375, 67854.9453125, 98040.859375, 74589.8515625, 113170.8671875, 78491.734375, 61103.29296875, 77439.765625, 83101.625, 86447.8359375, 82062.796875, 130457.1953125, 84277.59375, 102950.359375, 80577.5859375, 85676.40625, 69728.6640625, 76476.2109375, 86673.96875, 70017.0234375, 71542.546875, 114971.84375, 79548.7734375, 83633.0078125, 87396.15625, 59005.6640625, 95509.015625, 138666.484375, 68386.4921875, 88908.8125, 62657.625, 104132.8359375, 102426.578125, 55335.75390625, 117951.359375, 70976.703125, 82068.9296875, 72713.5078125, 100043.171875, 68178.03125, 80000.4375, 89650.9140625, 85869.8359375, 57123.6171875, 103775.4921875, 109852.8515625, 85430.8046875, 97427.03125, 63500.7734375, 79558.921875, 108113.5078125, 89205.4375, 76484.765625, 104684.078125, 72680.5, 84905.2109375, 85718.15625, 91754.3125, 97999.90625, 111848.5, 75521.46875, 79734.9375, 65403.94140625, 74259.9921875, 65904.25, 61847.25, 93236.59375, 81630.3671875, 77994.515625, 96144.375, 121916.640625, 58207.125, 88396.5859375, 66369.84375, 55554.15625, 88487.1484375, 72657.34375, 77638.1640625, 78674.453125, 63121.83203125, 100454.09375, 106298.1953125, 83604.7578125, 96562.890625, 79632.53125, 84388.5859375, 124646.296875, 81949.21875, 87146.4296875, 66402.9921875, 51540.1328125, 88947.40625, 85721.96875, 63086.48046875, 71399.4609375, 65740.0078125, 61075.7109375, 100396.4140625, 98645.4765625, 68488.171875, 104426.390625, 93719.6015625, 84992.7265625, 68668.265625, 58445.44921875, 134941.6875, 54720.64453125, 98083.5078125, 76345.8203125, 99214.8046875, 62388.6796875, 75997.1875, 71285.0859375, 63815.0390625, 60394.80859375, 97435.40625, 80234.390625, 69189.671875, 95268.265625, 81466.0859375, 104524.40625, 62923.11328125, 75897.0390625, 68289.953125, 85812.3671875, 77701.640625, 105934.0859375, 99556.3984375, 64078.8515625, 92164.515625, 84062.28125, 79141.71875, 55903.0390625, 106752.3515625, 80299.9296875, 98608.28125, 90693.6875, 132241.375, 88575.0, 52688.4609375, 69834.484375, 63985.6015625, 129418.1328125, 78466.96875, 83307.8671875, 64731.77734375, 94854.6953125, 84242.6328125, 88887.59375, 81460.125, 88379.6640625, 55242.109375, 74649.4765625, 99399.9609375, 62456.734375, 82091.5078125, 68238.4609375, 85809.90625, 60815.37109375, 77526.7578125, 82930.9765625, 81431.984375, 108502.2109375, 121052.0078125, 71681.65625, 82410.84375, 77233.7734375, 82846.546875, 63142.6015625, 76784.75, 67668.53125, 104014.5859375, 72042.296875, 95099.7578125, 62407.4765625, 68445.4921875, 66895.546875, 65945.0, 101075.8359375, 96764.3125, 65333.453125, 101725.7890625, 78283.4609375, 67526.9375, 58396.875, 83028.5, 82537.453125, 61250.6015625, 56250.0390625, 105634.046875, 74094.6953125, 88052.140625, 112742.1328125], "name": "default", "desc": "lr_0.01_nb_16_ld_1_b_0.5", "folder": "./saves/grid_seach/search1/lr_0.01_nb_16_ld_1_b_0.5_default_20240213-220810"}