{"nhidden": 128, "rnn_nhidden": 32, "obs_dim": 1, "latent_dim": 4, "lr": 0.0001, "n_batch": 16, "beta": 0.001, "total_epochs_train": 50, "epochs_per_train": 5, "epochs": 50, "loss": [160159.984375, 186352.375, 116868.171875, 177709.078125, 185105.015625, 171817.3125, 156867.8125, 117426.140625, 248619.375, 120939.53125, 215168.015625, 241163.96875, 173764.921875, 145227.421875, 186412.734375, 233227.171875, 151659.703125, 92879.1484375, 166152.3125, 197122.171875, 138519.484375, 132329.1875, 276041.875, 190479.0, 138639.578125, 160627.03125, 207343.046875, 182973.375, 277065.0625, 149883.859375, 123253.203125, 209034.671875, 119235.3515625, 139417.171875, 200954.0, 212570.71875, 147838.75, 146427.546875, 236984.484375, 176205.765625, 193983.71875, 217655.6875, 171615.21875, 140939.5625, 151008.84375, 158200.5625, 194234.953125, 200015.34375, 181466.625, 143656.375, 190855.046875, 146713.609375, 156930.984375, 200047.40625, 183348.125, 175806.90625, 95173.03125, 152183.15625, 203121.546875, 201473.5625, 134961.9375, 259324.078125, 167604.59375, 149686.109375, 128348.015625, 179868.84375, 201582.890625, 201171.265625, 201202.546875, 137412.125, 153033.0, 211753.5625, 106460.1796875, 116244.8125, 245122.296875, 146456.078125, 161452.828125, 209276.828125, 237571.0625, 147983.140625, 176906.03125, 132825.390625, 189264.796875, 167064.421875, 163776.703125, 124785.140625, 198767.234375, 213657.75, 164404.875, 147187.65625, 147314.296875, 221229.03125, 177192.1875, 201386.734375, 195085.0, 131801.953125, 176056.875, 180002.578125, 117523.71875, 156292.171875, 156734.078125, 220719.203125, 167883.5, 129238.921875, 219779.84375, 126847.5234375, 98169.4765625, 138207.8125, 113148.328125, 248537.125, 184928.640625, 143765.09375, 213702.984375, 220835.34375, 111577.0859375, 162216.828125, 125060.3984375, 155167.9375, 149994.5, 166667.203125, 216511.015625, 194448.015625, 141713.09375, 272056.8125, 125457.2734375, 118925.421875, 186702.5, 207040.375, 164668.0, 158066.40625, 147522.453125, 187731.65625, 186071.078125, 159916.421875, 131453.859375, 160866.140625, 172583.5, 169725.0625, 154466.1875, 140197.171875, 274556.15625, 125037.859375, 162362.4375, 132942.671875, 111251.796875, 120145.2421875, 180204.171875, 207713.828125, 208968.46875, 138345.15625, 189827.375, 111862.1953125, 145755.265625, 186135.140625, 119597.0, 114199.71875, 151094.75, 149727.078125, 185005.546875, 162425.421875, 224741.421875, 210954.625, 133482.671875, 142106.0625, 146378.8125, 167046.875, 171418.09375, 218205.953125, 130886.1953125, 199062.46875, 192996.78125, 137604.453125, 204419.0, 154557.453125, 129294.9609375, 167841.4375, 141713.40625, 144366.1875, 182414.5625, 175764.015625, 167395.0, 138201.78125, 171327.0625, 156944.171875, 119824.984375, 130672.7265625, 216936.234375, 195795.21875, 157038.328125, 198932.03125, 181170.03125, 135333.421875, 152642.5625, 190143.546875, 103988.6328125, 118375.359375, 204273.140625, 189454.875, 114040.6953125, 155292.453125, 211158.34375, 97916.046875, 142782.609375, 189360.015625, 148063.796875, 226283.71875, 168873.0625, 157506.9375, 132638.8125, 199966.0625, 139913.421875, 155548.6875, 211818.5625, 108450.71875, 143392.515625, 144166.53125, 150111.78125, 162942.65625, 160568.65625, 119994.71875, 126258.859375, 146703.84375, 134489.3125, 131981.75, 205060.484375, 182137.265625, 156633.03125, 212680.5625, 129129.953125, 144937.859375, 97726.59375, 113426.90625, 106393.15625, 185183.40625, 161016.859375, 97655.9296875, 125445.5234375, 128329.921875, 132778.65625, 141850.21875, 173996.296875, 180203.90625, 120552.75, 143397.671875, 114515.5390625, 98513.6796875, 123346.234375, 113397.5, 139313.875, 163235.109375, 199522.9375, 102751.125, 143126.765625, 139068.578125, 130920.828125, 155178.3125, 190053.390625, 103171.4375, 111479.6015625, 91852.328125, 109084.453125, 140992.265625, 132539.640625, 96559.453125, 115931.625, 100518.609375, 99314.78125, 136875.921875, 142844.625, 156490.171875, 105868.6484375, 132985.390625, 134861.0625, 109372.359375, 121508.6796875, 146258.625, 118392.6796875, 107434.5859375, 130642.8125, 99057.34375, 133359.65625, 99928.796875, 138088.3125, 160630.984375, 99389.2109375, 140345.640625, 115896.703125, 108636.984375, 114209.40625, 118863.9765625, 113779.9375, 91674.53125, 110143.390625, 87322.7890625, 124558.0390625, 138487.375, 118226.5546875, 99121.2109375, 99417.140625, 114620.1015625, 99337.359375, 148914.078125, 160490.078125, 110203.6875, 109082.984375, 107577.125, 120144.25, 137005.84375, 120097.296875, 146312.078125, 110095.5625, 108336.21875, 111676.671875, 135234.625, 126333.1015625, 110061.34375, 148433.6875, 83746.3359375, 112317.1953125, 90369.34375, 109001.8828125, 95075.5625, 137546.046875, 115616.3828125, 113826.6328125, 126922.0546875, 101437.71875, 88578.7578125, 97823.8515625, 136985.125, 116471.015625, 104217.828125, 98948.5703125, 123418.5859375, 125908.671875, 94709.2421875, 117043.828125, 122093.1796875, 105715.890625, 98858.9296875, 108319.765625, 90293.2578125, 93885.3515625, 99005.765625, 129769.9453125, 112023.34375, 148642.4375, 91545.28125, 88039.296875, 105344.53125, 162301.6875, 117524.59375, 109192.203125, 109232.03125, 126258.3359375, 84471.015625, 94722.421875, 125345.1875, 102982.7734375, 104052.765625, 144888.96875, 111045.515625, 121088.8984375, 111680.140625, 106767.734375, 106831.5234375, 96244.2109375, 101046.0, 87000.6875, 113840.515625, 157837.15625, 84626.0625, 91851.46875, 119256.75, 112601.640625, 107978.234375, 115829.8828125, 93675.7109375, 98119.34375, 101235.265625, 154919.453125, 106340.0859375, 81862.0, 115883.140625, 121576.75, 86132.0546875, 107392.515625, 101085.7265625, 108441.6796875, 117818.3359375, 80586.984375, 131192.65625, 88012.5078125, 115162.4375, 117039.2890625, 94657.0390625, 138825.953125, 105569.59375, 127177.578125, 88550.640625, 97399.5859375, 101503.7109375, 110676.96875, 108843.0, 112265.515625, 119468.5625, 100634.5, 90233.375, 115713.6328125, 86565.171875, 148566.0625, 103162.03125, 141154.65625, 101162.6875, 113055.046875, 95968.3046875, 119340.90625, 96947.0625, 113973.9296875, 113286.5703125, 108656.796875, 141860.859375, 96304.1796875, 127234.9609375, 100126.1875, 95586.0546875, 115152.859375, 107280.65625, 123094.5390625, 117793.484375, 105210.1640625, 87852.3515625, 108923.03125, 131632.53125, 104663.1328125, 116306.734375, 92656.5, 108724.8984375, 142670.0, 88752.8828125, 87662.328125, 102959.796875, 111599.765625, 103070.546875, 114852.8046875, 99523.7109375, 147551.78125, 127455.4140625, 105990.359375, 120562.890625], "name": "default", "desc": "lr_0.0001_nb_16_ld_4_b_0.001", "folder": "./saves/grid_seach/search4/lr_0.0001_nb_16_ld_4_b_0.001_default_20240307-095824"}