{"nhidden": 128, "rnn_nhidden": 32, "obs_dim": 1, "latent_dim": 4, "lr": 0.001, "n_batch": 16, "beta": 2, "total_epochs_train": 50, "epochs_per_train": 5, "epochs": 50, "loss": [150405.15625, 182283.65625, 178265.359375, 202312.28125, 157192.734375, 237174.296875, 97487.015625, 186970.0625, 168616.703125, 215935.78125, 105799.8515625, 154420.65625, 217592.984375, 166613.25, 151990.25, 150668.21875, 143575.890625, 200371.09375, 129137.78125, 144464.484375, 238077.890625, 126774.9453125, 171589.3125, 205303.3125, 171494.828125, 192542.484375, 109936.234375, 184745.953125, 169048.671875, 122707.1640625, 140503.53125, 134735.59375, 169947.4375, 185456.4375, 122512.3515625, 169568.28125, 202479.484375, 122762.2734375, 127838.6953125, 204273.828125, 166705.875, 118789.140625, 131082.375, 149836.359375, 92746.0390625, 141574.109375, 133987.09375, 122064.890625, 143551.3125, 126278.3671875, 125030.4609375, 113765.9375, 144237.875, 159706.53125, 126422.609375, 106194.625, 122381.296875, 129645.8125, 117331.484375, 148543.84375, 130813.96875, 102798.2421875, 114557.7265625, 153435.65625, 164026.40625, 124643.0859375, 125611.6640625, 126628.703125, 159991.8125, 112069.40625, 109414.140625, 96935.34375, 104297.1875, 140645.765625, 160911.46875, 134872.015625, 109417.9609375, 99559.21875, 101012.9375, 124452.1015625, 111233.71875, 121402.0, 141156.078125, 112794.125, 91429.3515625, 106491.9140625, 94189.5234375, 100030.609375, 101010.2734375, 132662.921875, 118184.640625, 108659.5703125, 105457.2109375, 112292.578125, 117789.953125, 103232.71875, 108035.71875, 123645.046875, 111270.8125, 100482.515625, 113875.9609375, 106743.4453125, 114956.9609375, 86494.796875, 139983.140625, 81019.75, 124678.078125, 95950.9296875, 110160.71875, 79282.5, 106936.78125, 114316.234375, 91778.1953125, 118386.0625, 113424.8828125, 127977.3359375, 101737.296875, 128766.34375, 97572.9140625, 93954.796875, 101358.046875, 96052.625, 160154.421875, 95629.828125, 113338.015625, 87117.6484375, 92476.59375, 90907.75, 134016.4375, 109567.1640625, 122905.40625, 111081.6015625, 76997.5703125, 97891.9921875, 82517.6640625, 137973.921875, 88132.8359375, 134169.65625, 115769.1328125, 112051.1953125, 123221.7890625, 92815.3203125, 87834.5, 88528.2421875, 96932.40625, 133927.6875, 116641.125, 80580.8828125, 92508.3515625, 84782.734375, 96048.0, 73624.609375, 79515.4765625, 87193.6015625, 150662.03125, 80909.0546875, 95523.453125, 94422.046875, 86917.3984375, 88185.96875, 92613.703125, 71128.109375, 77030.5234375, 79461.265625, 98826.84375, 91969.2265625, 96710.0234375, 83957.453125, 113117.828125, 99992.4921875, 91724.984375, 92251.5625, 101999.1640625, 77332.6953125, 89924.0234375, 74501.0, 87801.09375, 115739.234375, 91047.2890625, 110302.390625, 83134.0390625, 121200.3671875, 92823.1875, 88052.2578125, 84478.53125, 84664.6328125, 104959.1875, 74433.734375, 95703.6875, 99206.8125, 89089.9921875, 104423.15625, 94424.1953125, 94893.1171875, 90824.125, 67944.2734375, 101841.625, 68837.8515625, 83671.5, 74573.953125, 69823.609375, 85316.6953125, 105981.53125, 88173.5234375, 85964.7890625, 98593.578125, 76146.0, 70393.9921875, 103197.53125, 88729.6484375, 85899.453125, 134775.65625, 110610.78125, 75918.609375, 71831.3828125, 92416.578125, 98476.640625, 116198.9609375, 127730.6484375, 91992.9140625, 136567.921875, 61710.77734375, 83247.3984375, 90921.84375, 71345.203125, 106856.71875, 72945.8125, 90010.8359375, 92074.0, 92846.078125, 71131.546875, 89692.4140625, 77795.15625, 82630.1875, 84125.8359375, 80512.734375, 73038.390625, 78606.09375, 93020.3359375, 84520.46875, 84306.453125, 89584.34375, 74285.0078125, 68791.984375, 88411.015625, 78624.171875, 75983.5234375, 59657.33984375, 116294.8515625, 77461.609375, 84721.046875, 63228.3046875, 79299.2265625, 65448.9375, 64346.97265625, 84645.9296875, 89184.4765625, 78564.09375, 70270.6171875, 88328.546875, 102852.640625, 74349.53125, 69884.296875, 71766.8125, 70317.0078125, 69268.765625, 105184.3515625, 84913.90625, 87832.3046875, 86082.796875, 71998.390625, 71167.828125, 68777.1953125, 85470.6328125, 73725.3125, 60781.40234375, 73459.90625, 96347.6796875, 92423.25, 68444.328125, 82691.75, 89200.9765625, 77235.4453125, 71150.8984375, 56808.30078125, 66630.28125, 66671.9921875, 117432.625, 63347.51171875, 79709.875, 68447.171875, 78230.6953125, 87553.71875, 62925.51171875, 77205.296875, 76980.0546875, 80129.046875, 84220.53125, 63198.3359375, 66385.4609375, 62921.55078125, 71312.0390625, 73847.6875, 79640.2109375, 65386.9140625, 66141.2578125, 81361.4296875, 62037.32421875, 68420.671875, 68839.234375, 85225.046875, 54951.56640625, 68152.8515625, 56905.0390625, 56340.94921875, 104513.5703125, 54415.46875, 51865.421875, 51499.58984375, 65088.046875, 57954.5234375, 49731.8984375, 83352.9375, 69036.1640625, 64916.6328125, 55384.8984375, 49062.0, 52143.2109375, 83424.984375, 74177.0546875, 69762.546875, 68887.0, 55555.0703125, 54353.54296875, 66801.34375, 58789.65625, 48889.72265625, 53588.8515625, 53560.2578125, 60735.640625, 77356.109375, 77466.0546875, 51190.15625, 62647.4921875, 67397.4453125, 47438.37109375, 74139.6640625, 52634.375, 53213.84375, 53191.5859375, 69443.8125, 44301.98046875, 45124.890625, 47273.484375, 61908.98828125, 50415.0546875, 54032.75, 59587.296875, 89891.546875, 45199.0859375, 44971.890625, 64572.6171875, 52998.26953125, 51764.6875, 64530.421875, 60815.8203125, 49175.3203125, 49952.0234375, 70524.3984375, 56336.4609375, 59095.0234375, 49798.53515625, 41560.359375, 67478.8203125, 41007.9609375, 39268.5859375, 70196.1875, 51909.05859375, 54040.8984375, 62126.875, 58100.69140625, 61583.4140625, 38571.62890625, 52418.6328125, 43406.22265625, 49667.796875, 37943.0546875, 33036.203125, 81227.7421875, 38212.88671875, 37925.9921875, 43945.46484375, 37820.48828125, 45421.68359375, 36971.3359375, 66386.28125, 36469.5, 73517.578125, 27752.75, 39223.53515625, 42935.12890625, 38486.7109375, 47806.44140625, 47525.37109375, 72607.546875, 32401.03515625, 39001.49609375, 39895.09765625, 28949.73828125, 31358.953125, 55454.53515625, 31408.34375, 69603.921875, 77505.46875, 51956.9765625, 43288.8515625, 57776.81640625, 75339.0546875, 41237.2109375, 60680.75390625, 47553.66796875, 91759.796875, 61086.4765625, 44799.265625, 72281.84375, 43446.609375, 53641.93359375, 42411.49609375, 44630.8984375, 50277.546875, 41248.69140625, 36818.859375, 90906.515625, 33293.33203125, 25395.53125, 38277.26171875, 62848.2578125, 29945.6015625, 40133.0390625, 46629.03125, 33415.75, 35353.0, 54967.78125, 72676.296875, 42514.078125, 41829.125, 58542.96875, 41923.12109375, 35318.46484375, 53728.08203125], "name": "default", "desc": "lr_0.001_nb_16_ld_4_b_2", "folder": "./saves/grid_seach/search1/lr_0.001_nb_16_ld_4_b_2_default_20240214-001334"}