{"nhidden": 128, "rnn_nhidden": 32, "obs_dim": 1, "latent_dim": 16, "lr": 0.01, "n_batch": 16, "beta": 1, "total_epochs_train": 50, "epochs_per_train": 5, "epochs": 50, "loss": [154893.921875, 170034.3125, 147549.875, 191179.21875, 221414.390625, 117566.265625, 147086.28125, 159368.984375, 190430.46875, 130320.125, 166922.5, 129697.1875, 192385.625, 178668.53125, 149301.609375, 139196.734375, 138241.265625, 124695.234375, 151488.890625, 110313.5, 173119.59375, 167240.828125, 140423.59375, 135505.46875, 161387.609375, 202410.75, 101065.1015625, 141021.875, 124599.8125, 119064.5546875, 114627.6015625, 163567.25, 131106.59375, 149142.28125, 155529.09375, 156058.109375, 200090.0, 146654.90625, 135046.65625, 127220.8515625, 122420.1875, 104307.9765625, 189322.5625, 158355.609375, 95064.3046875, 130636.1875, 76472.703125, 135323.96875, 142374.90625, 107686.1328125, 131242.03125, 124070.5390625, 131176.953125, 123120.25, 118359.09375, 93436.6015625, 105426.578125, 168413.21875, 104713.5390625, 117319.53125, 114413.3125, 96411.15625, 97959.5234375, 81387.1484375, 123210.078125, 74465.7421875, 102951.4921875, 102120.3046875, 65214.4921875, 109768.171875, 126292.984375, 91276.53125, 90111.5546875, 81551.21875, 72940.1328125, 66293.5234375, 119652.3046875, 95471.4140625, 97677.0078125, 85000.171875, 83726.1875, 71426.4375, 83224.578125, 98333.734375, 108284.0078125, 114395.7890625, 71442.78125, 92770.1171875, 86849.84375, 61206.625, 77673.3359375, 90299.9921875, 96663.1640625, 58441.39453125, 62065.17578125, 71263.71875, 76933.96875, 53287.5234375, 89429.75, 69595.9453125, 82097.3515625, 78375.484375, 105411.0, 55908.125, 79629.7890625, 72827.515625, 46677.3515625, 72239.734375, 59150.02734375, 52415.9140625, 93768.5625, 83734.7578125, 72053.046875, 64843.70703125, 67341.5546875, 67765.265625, 83114.4453125, 73982.3828125, 140991.21875, 69749.734375, 125489.15625, 105717.15625, 109273.75, 70535.703125, 137674.59375, 82286.328125, 95787.796875, 143220.546875, 86691.8984375, 113404.234375, 121888.59375, 169914.71875, 123789.7734375, 124631.2421875, 85866.234375, 130368.8203125, 129800.2734375, 108404.84375, 103754.6796875, 72458.21875, 64278.18359375, 91531.2734375, 92564.78125, 94862.0, 76953.53125, 61125.109375, 72477.2578125, 106136.78125, 80462.9375, 72527.875, 52387.71875, 67704.359375, 96701.9140625, 64685.73828125, 86645.34375, 48394.6875, 48272.578125, 90828.5859375, 73936.2265625, 37296.66796875, 97112.40625, 75658.1171875, 80757.109375, 56156.31640625, 53615.82421875, 40868.90234375, 81138.8046875, 49016.84765625, 55794.9375, 77019.4375, 50608.48828125, 27675.765625, 66731.515625, 50293.234375, 115268.0, 53947.33203125, 69004.296875, 117770.5625, 82062.296875, 42414.70703125, 64604.3671875, 62827.7578125, 50241.47265625, 64594.22265625, 80414.3359375, 42367.48828125, 53862.74609375, 41240.30078125, 60246.95703125, 73232.6328125, 81684.140625, 33290.3828125, 29477.837890625, 69822.65625, 65643.5703125, 57151.390625, 37973.4140625, 60008.640625, 82163.25, 89562.3203125, 46330.8203125, 32423.423828125, 49697.03125, 61589.0546875, 52937.015625, 77809.2890625, 43171.58203125, 49939.73828125, 33702.046875, 41423.23046875, 95914.84375, 128278.3984375, 42226.54296875, 62985.83203125, 63185.78515625, 52241.78125, 65435.4921875, 73077.7265625, 56458.4140625, 63407.81640625, 29680.1796875, 57895.09375, 53246.41796875, 51842.3046875, 45136.7578125, 42834.6171875, 49168.45703125, 29045.51171875, 68563.6875, 55819.6171875, 56870.6796875, 53132.86328125, 44974.62109375, 63982.8125, 46074.6875, 32908.984375, 60974.703125, 73228.84375, 101917.4609375, 35016.24609375, 56622.0, 51176.21484375, 51597.35546875, 86207.078125, 46163.34765625, 31354.935546875, 54172.0703125, 42062.8671875, 61430.9296875, 47317.78515625, 43545.8359375, 93521.6484375, 81115.953125, 54700.3125, 52210.62890625, 39546.76953125, 27156.841796875, 52175.375, 70116.171875, 54603.66796875, 73509.6953125, 51674.0546875, 98256.6640625, 57365.265625, 71668.8203125, 37998.12890625, 97411.2421875, 21113.24609375, 33899.65625, 52251.3984375, 47484.265625, 67677.5078125, 42989.0859375, 52016.70703125, 23230.51171875, 62755.515625, 68229.921875, 35830.46484375, 96030.578125, 45107.640625, 64685.17578125, 50698.234375, 54583.1796875, 62106.3984375, 70529.78125, 52794.2265625, 69249.5859375, 42479.8046875, 44617.2421875, 51054.75390625, 70972.1953125, 64287.84375, 54139.2109375, 34091.24609375, 70938.53125, 32548.748046875, 21037.298828125, 106297.1484375, 28736.37890625, 73253.53125, 51081.109375, 72029.7734375, 49679.390625, 55951.171875, 36815.6015625, 28087.73828125, 48674.9921875, 50520.0390625, 66678.4921875, 37793.484375, 35194.18359375, 83980.234375, 47950.72265625, 53814.609375, 51157.01171875, 75097.15625, 93587.21875, 36959.8203125, 50906.91796875, 34948.94921875, 57344.390625, 56067.42578125, 46848.2578125, 43275.359375, 35973.11328125, 61641.265625, 92087.65625, 22342.642578125, 49170.26953125, 63684.9765625, 98252.1171875, 24956.611328125, 43794.953125, 47270.375, 58555.29296875, 33564.921875, 63046.73828125, 61187.7734375, 47769.33203125, 40273.91796875, 52885.17578125, 65922.921875, 58092.0390625, 67893.953125, 37912.96875, 55841.6015625, 34578.0, 34399.17578125, 85761.5234375, 47097.046875, 54443.65625, 65699.515625, 26323.35546875, 85870.65625, 60765.63671875, 26421.3359375, 53010.24609375, 54964.36328125, 36920.40625, 40850.453125, 41894.38671875, 60886.546875, 25175.36328125, 41313.03125, 42947.02734375, 41046.1328125, 31651.65234375, 94992.2109375, 65758.390625, 60228.7734375, 59060.43359375, 43223.578125, 78453.8515625, 33963.4921875, 44188.890625, 88688.640625, 31038.736328125, 50676.54296875, 39742.15234375, 63335.93359375, 48102.109375, 59440.8359375, 63915.3203125, 40164.6484375, 39283.578125, 47195.8203125, 70196.3828125, 45883.4140625, 47611.8515625, 65124.1796875, 54327.3984375, 60450.08984375, 55775.265625, 44938.58203125, 58028.02734375, 46225.5625, 48259.62890625, 68155.546875, 46276.2890625, 28827.287109375, 68448.203125, 43646.37890625, 46916.1640625, 61472.01953125, 38601.7265625, 24076.66796875, 35456.07421875, 57635.0390625, 43054.9453125, 90235.546875, 63797.296875, 45011.31640625, 76936.7890625, 45964.05859375, 43050.015625, 59315.81640625, 67900.484375, 61747.4140625, 63887.6953125, 45129.93359375, 58395.671875, 61541.27734375, 44641.5, 48045.59765625, 38819.15625, 53080.92578125, 30237.412109375, 97952.3515625, 46410.078125, 59936.0625, 34783.6796875, 38141.10546875, 24921.98828125, 69337.921875, 55995.8984375, 41063.43359375, 55506.140625, 50666.859375, 28600.845703125, 50066.5, 121658.8359375, 48353.61328125, 35587.2265625, 99724.4921875, 54700.28125, 44701.19921875, 56514.71875, 72574.0859375, 60803.63671875, 42586.76953125], "name": "default", "desc": "lr_0.01_nb_16_ld_16_b_1", "folder": "./saves/grid_seach/search1/lr_0.01_nb_16_ld_16_b_1_default_20240213-225504"}