{"nhidden": 128, "rnn_nhidden": 32, "obs_dim": 1, "latent_dim": 2, "lr": 0.008858667904100823, "n_batch": 16, "beta": 4, "total_epochs_train": 1000, "epochs_per_train": 50, "epochs": 100, "loss": [93423.359375, 192382.125, 71416.7265625, 85498.4140625, 96862.59375, 134055.1875, 39442.28515625, 63062.4609375, 136096.9375, 59040.08984375, 113974.453125, 144822.09375, 106875.2109375, 76676.328125, 49746.1796875, 62442.46875, 45380.6796875, 53045.66015625, 64965.19921875, 19873.50390625, 71600.734375, 46391.1171875, 37497.39453125, 71138.34375, 19769.41015625, 33689.6484375, 30678.8984375, 30092.162109375, 45789.625, 30926.69140625, 88258.953125, 20642.435546875, 34436.4453125, 34662.703125, 35001.69140625, 42977.515625, 18327.67578125, 55497.0859375, 38223.17578125, 30398.484375, 35903.87890625, 17227.2734375, 23513.8828125, 52492.6796875, 10505.349609375, 17083.20703125, 17329.390625, 16290.671875, 16439.30859375, 29023.87890625, 14760.736328125, 32454.265625, 23640.16015625, 38646.859375, 18619.099609375, 9433.46875, 36336.3359375, 17750.80859375, 17580.732421875, 12920.3798828125, 21235.306640625, 34157.05078125, 29984.6953125, 20840.8515625, 8224.47265625, 9553.2626953125, 7617.01025390625, 16348.7314453125, 8482.3095703125, 10189.81640625, 8022.17138671875, 13902.7333984375, 12683.673828125, 15127.1669921875, 12613.0390625, 8978.201171875, 14911.7880859375, 6767.25830078125, 9090.0419921875, 10797.541015625, 5766.8798828125, 5954.85986328125, 14676.9931640625, 5156.376953125, 5630.4130859375, 7883.681640625, 14024.630859375, 13894.2666015625, 7576.86376953125, 9346.5634765625, 7555.5703125, 3697.592041015625, 16876.33984375, 16217.6357421875, 5815.5048828125, 10625.2529296875, 18207.861328125, 7067.44140625, 5957.490234375, 9794.734375, 26482.349609375, 13372.40625, 3270.25439453125, 13104.4638671875, 7617.20654296875, 12795.75390625, 11913.8310546875, 5069.85595703125, 835.0897827148438, 5008.05859375, 3757.513671875, 11581.837890625, 7767.07080078125, 3670.435546875, 7300.7568359375, 13943.3984375, 14869.94140625, 4572.76611328125, 10341.5703125, 12160.892578125, 6838.04638671875, 4486.2890625, 5811.75146484375, 7862.9599609375, 5309.677734375, 8879.63671875, 5694.7099609375, 4097.38623046875, 4982.861328125, 4857.916015625, 7527.11572265625, 7313.5966796875, 5170.97412109375, 13261.4365234375, 5721.75732421875, 2958.952392578125, 9057.2001953125, 6326.87451171875, 7728.08349609375, 6650.7294921875, 10019.978515625, 7468.9267578125, 6037.65234375, 2681.885986328125, 9663.828125, 2354.92578125, 9607.421875, 9453.58203125, 6088.94970703125, 5852.6962890625, 6002.86669921875, 3236.0810546875, 10310.8134765625, 7672.9755859375, 4792.04736328125, 4202.42431640625, 10237.552734375, 4752.626953125, 1215.0491943359375, 2914.697998046875, 10363.1513671875, 8214.1953125, 3564.958984375, 6143.40576171875, 6149.8095703125, 7057.35302734375, 9898.6240234375, 2036.035888671875, 5904.212890625, 2762.244384765625, 13116.716796875, 7493.37744140625, 11610.13671875, 9238.703125, 3135.667724609375, 6021.0703125, 19758.498046875, 4696.8623046875, 11515.3173828125, 6958.59765625, 7266.5791015625, 22440.58203125, 13498.2080078125, 9239.044921875, 5700.04052734375, 11725.748046875, 5454.86962890625, 7168.12939453125, 9284.77734375, 18324.880859375, 9636.4365234375, 2137.97216796875, 9610.427734375, 4335.56982421875, 10308.8203125, 5742.142578125, 3367.3701171875, 7909.7734375, 8946.841796875, 4866.32470703125, 8563.94921875, 5964.21142578125, 7279.701171875, 5698.19140625, 7534.42822265625, 5300.40576171875, 5450.27685546875, 5001.4267578125, 5011.3896484375, 7293.01611328125, 6570.54443359375, 4610.5625, 5406.98046875, 6906.13623046875, 6664.86962890625, 4005.05908203125, 6728.0341796875, 5207.943359375, 5976.95849609375, 4650.03125, 4812.76953125, 7347.96728515625, 5603.42333984375, 6325.087890625, 6052.921875, 1927.4781494140625, 3211.20654296875, 4466.212890625, 7773.8017578125, 13857.0224609375, 5528.1923828125, 4790.38427734375, 7107.78759765625, 5483.728515625, 7724.677734375, 8743.6298828125, 2317.677490234375, 2800.721923828125, 5094.78857421875, 6108.6357421875, 3374.20654296875, 12643.9599609375, 3791.092529296875, 8299.86328125, 8457.5634765625, 6407.330078125, 6119.560546875, 8879.6220703125, 1641.506591796875, 4515.583984375, 5986.78466796875, 10169.583984375, 10318.1572265625, 5656.94921875, 6402.333984375, 6824.232421875, 3041.2001953125, 2907.203125, 7431.20166015625, 4118.3994140625, 17879.51953125, 13716.390625, 3542.3134765625, 6014.6044921875, 11096.587890625, 9627.189453125, 24459.650390625, 8831.8681640625, 3487.085205078125, 14806.0859375, 10310.671875, 50105.4765625, 16443.654296875, 19814.017578125, 8633.54296875, 17928.40234375, 7487.2021484375, 26539.28125, 6136.5361328125, 12420.1904296875, 4088.54248046875, 5991.8134765625, 8146.39697265625, 7205.712890625, 5174.27490234375, 6994.740234375, 4222.791015625, 11553.1220703125, 8607.9375, 4671.29833984375, 3121.623046875, 6200.88330078125, 8329.8994140625, 10728.326171875, 9781.662109375, 6236.89306640625, 4452.673828125, 11569.455078125, 6134.8828125, 3895.8701171875, 7771.04638671875, 6077.080078125, 3152.697265625, 5278.9912109375, 4828.9619140625, 4794.1220703125, 9739.4404296875, 9558.7099609375, 6050.07666015625, 3579.326416015625, 6341.00048828125, 5706.72607421875, 4558.0146484375, 7311.90087890625, 2264.171875, 13495.7041015625, 7707.35888671875, 9006.8671875, 1521.8779296875, 7481.5009765625, 3501.0712890625, 6293.9912109375, 5032.65283203125, 7175.423828125, 4975.54931640625, 10296.8330078125, 4501.490234375, 5764.1494140625, 6330.140625, 7630.94140625, 4983.6416015625, 9651.876953125, 5758.27685546875, 6446.42578125, 5782.6982421875, 3853.421875, 7904.8369140625, 6959.87109375, 4101.62158203125, 5687.2099609375, 4088.92578125, 7188.142578125, 6845.837890625, 5434.26318359375, 3130.2705078125, 4913.8466796875, 3996.57373046875, 6735.962890625, 3882.748779296875, 5153.4384765625, 12037.73046875, 5355.640625, 5517.6103515625, 6072.4345703125, 5704.642578125, 17484.953125, 1028.1396484375, 9009.1220703125, 6077.88427734375, 4909.9794921875, 4691.91259765625, 7505.3720703125, 4892.4521484375, 3916.83984375, 3345.861328125, 5215.8896484375, 11501.2470703125, 3807.29541015625, 5680.56396484375, 4255.9892578125, 4199.9931640625, 6294.87646484375, 2445.275390625, 8577.490234375, 3867.08251953125, 8576.8583984375, 9120.236328125, 2966.16943359375, 4427.140625, 13295.01171875, 6714.498046875, 5148.2109375, 3882.72705078125, 5842.42626953125, 2348.7607421875, 5287.5791015625, 8647.966796875, 6403.5361328125, 1518.6917724609375, 3499.1767578125, 6782.078125, 6633.69189453125, 3450.77880859375, 10668.6474609375, 5705.14404296875, 4169.30078125, 7816.77783203125, 3920.8837890625, 6256.56494140625, 2692.5556640625, 4950.146484375, 8314.1796875, 7828.89892578125, 5749.6611328125, 2801.956787109375, 1317.04296875, 11271.9443359375, 3620.17431640625, 8445.619140625, 7732.60205078125, 3856.567138671875, 12232.3212890625, 3402.5732421875, 4944.14306640625, 8187.04638671875, 8042.779296875, 8577.9638671875, 7158.7587890625, 5616.18115234375, 7102.705078125, 5004.77099609375, 12242.623046875, 8184.1142578125, 2958.234375, 10492.9619140625, 8888.4423828125, 25415.466796875, 11065.2001953125, 5883.37060546875, 5469.81787109375, 12953.65625, 10396.6865234375, 4964.0595703125, 4948.5771484375, 7428.0859375, 18950.220703125, 6933.1943359375, 1771.3526611328125, 6943.181640625, 3719.200439453125, 5566.787109375, 6578.7451171875, 4899.05908203125, 4537.5673828125, 10702.662109375, 9853.1572265625, 2174.962646484375, 5073.748046875, 6991.85595703125, 9692.0146484375, 5587.86474609375, 2439.029541015625, 5496.47607421875, 8506.4013671875, 11843.40625, 3631.53369140625, 12045.0078125, 738.3366088867188, 2551.87255859375, 12312.220703125, 4806.61767578125, 5342.61669921875, 7022.68115234375, 5751.873046875, 6391.7763671875, 9357.4189453125, 2426.7314453125, 4684.138671875, 4011.970458984375, 6529.9892578125, 