{"nhidden": 128, "rnn_nhidden": 32, "obs_dim": 1, "latent_dim": 8, "lr": 0.0005, "n_batch": 16, "beta": 1, "total_epochs_train": 50, "epochs_per_train": 5, "epochs": 50, "loss": [203759.578125, 166799.734375, 154930.59375, 208853.765625, 177814.8125, 153344.828125, 134748.0, 223871.09375, 161616.234375, 169853.09375, 136745.859375, 248093.0, 189254.625, 204448.40625, 190145.40625, 170173.5625, 108235.609375, 149939.734375, 120981.3203125, 177923.765625, 146486.53125, 215339.4375, 215097.375, 122534.6875, 144502.78125, 253583.484375, 131141.828125, 173494.90625, 121106.953125, 131091.09375, 168689.8125, 153555.78125, 167672.484375, 252175.75, 214221.40625, 129443.171875, 136279.015625, 222533.234375, 223214.0, 153268.03125, 136610.796875, 130800.0390625, 156810.140625, 155677.796875, 130584.0390625, 175762.296875, 154722.109375, 104406.3984375, 169744.15625, 207746.734375, 147024.46875, 152161.71875, 131688.21875, 167316.265625, 155600.15625, 145448.34375, 183124.03125, 211837.71875, 155304.125, 108504.875, 106630.421875, 173857.5, 110910.671875, 144912.53125, 133305.109375, 132429.703125, 122272.734375, 106837.9921875, 175968.234375, 129446.84375, 96085.8125, 167606.4375, 130148.03125, 154042.046875, 150745.28125, 130349.1953125, 125425.109375, 95319.671875, 113358.3984375, 118118.4765625, 126920.1953125, 92910.6484375, 128330.15625, 133325.359375, 101196.7421875, 122652.8359375, 151517.5, 139933.1875, 102488.921875, 91534.0390625, 106679.4140625, 108108.359375, 148815.125, 129229.0390625, 104603.8125, 134272.578125, 116008.09375, 107310.9921875, 89835.078125, 92808.578125, 119750.0390625, 134384.5, 105465.7734375, 98369.0625, 87129.390625, 171693.03125, 106457.0625, 99611.78125, 103211.34375, 111781.5625, 82028.234375, 97990.421875, 105731.1640625, 111437.75, 110939.578125, 120863.0, 137204.765625, 108216.1328125, 115740.34375, 121764.1640625, 110721.9296875, 117762.484375, 128701.0703125, 112944.296875, 99660.4609375, 95802.90625, 147690.5, 88163.375, 101267.375, 109663.828125, 87207.890625, 115250.8125, 89655.234375, 105170.8828125, 146852.75, 117539.9765625, 105878.0390625, 96382.984375, 133306.640625, 96215.046875, 86274.3671875, 125478.453125, 80466.7421875, 94811.7265625, 105487.4375, 107649.515625, 79782.953125, 111912.296875, 88601.9921875, 100560.7578125, 118940.7734375, 94175.4453125, 103143.703125, 98143.296875, 108299.3984375, 107533.6796875, 85102.359375, 120510.5625, 109200.3671875, 113569.640625, 107924.9140625, 91979.8046875, 112965.7421875, 116835.1484375, 87430.6171875, 112364.8671875, 88209.4453125, 108585.4296875, 133101.8125, 94570.28125, 86326.65625, 100612.359375, 109993.765625, 109210.5390625, 85964.2265625, 108783.7890625, 103777.359375, 80860.296875, 104309.4375, 108516.2265625, 88304.5625, 82717.375, 120108.265625, 90030.078125, 99421.796875, 109505.453125, 97556.3203125, 73530.5078125, 118677.6015625, 102054.6484375, 110961.6953125, 120128.7421875, 88302.0703125, 94634.1640625, 105002.6015625, 108752.6953125, 100246.84375, 81916.2890625, 119832.90625, 84906.640625, 94897.5546875, 128387.625, 92674.6796875, 106455.2265625, 90905.2265625, 82080.1171875, 91590.4375, 91847.6171875, 92636.6875, 83945.3984375, 94933.1875, 73894.8984375, 98978.1640625, 120415.09375, 105578.015625, 83992.3046875, 87478.8359375, 81165.9921875, 70612.890625, 82517.34375, 70408.046875, 113282.21875, 122584.5703125, 103869.6953125, 90905.390625, 100781.9609375, 104906.8046875, 83420.5546875, 79421.2109375, 96699.3671875, 128032.859375, 96163.921875, 76694.421875, 79755.1640625, 85604.875, 84733.2421875, 93983.5546875, 95024.578125, 100935.59375, 98002.5625, 92709.265625, 80550.953125, 97630.3359375, 74901.2578125, 129492.203125, 73411.453125, 83899.0859375, 102458.3046875, 93310.8125, 78637.1875, 89407.296875, 87468.21875, 86557.265625, 86657.125, 78842.1328125, 91625.625, 74732.0859375, 94160.2109375, 97937.359375, 77812.9609375, 107567.890625, 88341.75, 90127.2265625, 98584.2734375, 90252.78125, 92198.7890625, 95530.1796875, 70415.796875, 70671.359375, 66906.578125, 81262.4921875, 69822.609375, 108595.609375, 80161.234375, 75042.9765625, 84541.5, 116809.484375, 86163.2578125, 88911.2734375, 82317.328125, 88731.03125, 86856.1875, 90986.90625, 109217.9375, 68357.5, 71812.578125, 72104.28125, 94525.9140625, 82723.1015625, 80585.6953125, 90484.421875, 86168.5390625, 74527.96875, 68318.609375, 112619.375, 82448.359375, 71850.4375, 68074.4296875, 73243.3515625, 112864.0, 62802.63671875, 83080.625, 104169.859375, 93681.84375, 108649.84375, 125283.1171875, 107158.4296875, 83328.5390625, 103606.4765625, 85834.1484375, 94592.6015625, 85611.09375, 88307.3828125, 90159.78125, 101439.3125, 107937.625, 75586.03125, 120165.890625, 82474.625, 95554.28125, 81212.890625, 99657.359375, 107694.09375, 130699.3984375, 80109.953125, 121240.6328125, 90344.953125, 129616.953125, 80974.609375, 67225.875, 68302.109375, 77326.4453125, 141368.859375, 61988.0234375, 91431.890625, 87560.1875, 129483.328125, 99379.6171875, 87665.390625, 108891.921875, 97940.796875, 81061.5859375, 86327.78125, 89602.09375, 99494.3359375, 122634.953125, 62230.8984375, 114181.59375, 106292.0703125, 75218.2890625, 99704.3046875, 95035.9921875, 96160.9453125, 103437.484375, 74526.71875, 102406.0, 108009.3515625, 83590.7734375, 81933.0, 82787.25, 86946.9375, 64570.0078125, 114887.4921875, 105421.4765625, 114281.4375, 105489.6171875, 68650.53125, 80570.265625, 65347.3984375, 84285.140625, 87564.7421875, 74258.578125, 90979.1875, 96984.7109375, 105624.3671875, 77558.203125, 89120.8359375, 90433.375, 92394.3671875, 70619.71875, 79018.6875, 74102.015625, 83740.28125, 102974.6875, 76024.78125, 84495.1875, 98875.828125, 112407.1953125, 92159.078125, 73711.3515625, 72682.2578125, 79485.8359375, 53150.828125, 76719.5859375, 75226.1953125, 72064.390625, 62165.78515625, 73665.421875, 71491.765625, 72406.21875, 90909.59375, 67461.59375, 91319.6328125, 59546.6875, 86340.640625, 85285.0625, 59965.76171875, 65520.640625, 69269.359375, 60066.078125, 68521.984375, 72267.2890625, 99928.1796875, 67628.078125, 63816.1328125, 54813.33203125, 69136.421875, 83959.7578125, 76404.0, 70616.859375, 65700.6953125, 66606.0234375, 54853.328125, 61551.1171875, 60989.6484375, 59800.96484375, 51925.171875, 102831.8984375, 77769.7890625, 50653.484375, 62061.328125, 69858.390625, 72385.015625, 83867.2578125, 76255.015625, 65842.2109375, 59837.36328125, 57119.5390625, 64384.7890625, 55451.5546875, 56943.796875, 119136.5, 66882.171875, 60187.41015625, 65174.1875, 67366.328125, 70898.234375, 53774.8984375, 55808.515625, 76009.71875], "name": "default", "desc": "lr_0.0005_nb_16_ld_8_b_1", "folder": "./saves/grid_seach/search1/lr_0.0005_nb_16_ld_8_b_1_default_20240214-005915"}