{"nhidden": 128, "rnn_nhidden": 32, "obs_dim": 1, "latent_dim": 2, "lr": 0.0001, "n_batch": 16, "beta": 4, "total_epochs_train": 50, "epochs_per_train": 5, "epochs": 50, "loss": [130213.984375, 206211.3125, 215795.234375, 220440.734375, 144112.125, 221665.5625, 130672.3515625, 169612.5, 162735.203125, 194410.625, 215616.125, 114676.6796875, 199782.78125, 124109.890625, 252804.328125, 173272.546875, 164323.140625, 131109.734375, 162996.078125, 146143.5, 149087.65625, 179347.921875, 161008.8125, 216513.6875, 246027.484375, 134440.15625, 182625.5625, 195450.4375, 164626.625, 174497.25, 182933.578125, 143681.703125, 185880.140625, 125273.5390625, 221824.96875, 184686.90625, 191811.484375, 242212.265625, 220066.3125, 142494.3125, 195425.359375, 185289.34375, 173115.140625, 130488.8203125, 112026.3203125, 220458.53125, 224177.59375, 139615.515625, 215358.484375, 108432.09375, 151387.796875, 131200.703125, 165304.71875, 208952.71875, 171841.359375, 203854.25, 171185.84375, 144741.015625, 140207.1875, 116097.3515625, 130889.0703125, 221560.25, 200194.015625, 129608.6640625, 184501.0, 158112.9375, 267077.9375, 155233.703125, 198841.796875, 121038.109375, 156988.265625, 161338.34375, 120731.15625, 133303.25, 143753.71875, 126469.53125, 225189.03125, 174713.625, 173940.28125, 152158.75, 234181.625, 178808.359375, 197827.5625, 174609.90625, 143465.171875, 237750.40625, 187270.875, 153947.8125, 156885.78125, 95369.6640625, 182474.421875, 157559.21875, 164579.890625, 191937.8125, 173510.03125, 166505.578125, 168864.03125, 121998.2421875, 144460.1875, 120307.2734375, 129526.84375, 116092.7734375, 160318.59375, 212472.390625, 196460.515625, 155967.984375, 204319.578125, 186535.90625, 137672.765625, 239862.75, 172431.15625, 178968.03125, 98763.8125, 238866.125, 148524.046875, 104828.1953125, 114543.109375, 166216.59375, 111196.46875, 206296.890625, 124248.2890625, 95210.9375, 141301.8125, 130565.7265625, 204490.21875, 222702.84375, 185291.71875, 112994.2265625, 183095.90625, 140129.3125, 139104.4375, 129765.0078125, 120603.796875, 149513.75, 226746.625, 148290.40625, 245745.859375, 128324.8203125, 183785.0, 114315.6640625, 171765.375, 159067.171875, 159255.078125, 139421.359375, 88915.765625, 193388.09375, 145159.375, 204470.046875, 170881.546875, 178079.8125, 162487.46875, 154859.4375, 103991.078125, 135543.3125, 137258.203125, 114580.0078125, 123020.5078125, 152815.453125, 94014.5078125, 194198.25, 167321.703125, 193635.09375, 154365.75, 114828.1484375, 100883.7265625, 141664.75, 141677.234375, 136048.734375, 171587.96875, 198669.640625, 183606.0, 167690.9375, 192776.59375, 102853.2734375, 130324.421875, 126018.125, 137862.546875, 134160.265625, 152025.8125, 147040.171875, 167022.8125, 189760.046875, 110392.9296875, 107036.0, 138435.953125, 144457.625, 194559.125, 116529.546875, 126251.3984375, 146158.5625, 144887.203125, 113924.78125, 182434.453125, 121583.734375, 166975.3125, 145868.453125, 111372.71875, 123093.71875, 150073.53125, 141434.40625, 117378.140625, 116968.46875, 164240.625, 129986.34375, 152044.46875, 113557.8515625, 143576.53125, 119216.296875, 109579.5078125, 118936.5546875, 138583.6875, 156712.140625, 129975.546875, 154429.828125, 127988.4453125, 143662.1875, 115735.3046875, 174733.703125, 125350.421875, 105443.15625, 106424.421875, 127110.09375, 135492.171875, 139744.328125, 143713.3125, 179933.703125, 138625.265625, 117643.8359375, 130487.6875, 129517.3515625, 124667.9296875, 99961.3046875, 110351.7421875, 125230.1640625, 141859.109375, 163912.03125, 132332.359375, 171743.25, 87356.421875, 123623.984375, 103520.625, 162414.390625, 109767.25, 182541.515625, 101870.1640625, 124387.265625, 162093.46875, 114903.921875, 121912.5859375, 144482.828125, 104882.625, 99080.4609375, 119606.7734375, 112042.5625, 114598.453125, 101255.4609375, 133236.421875, 145142.6875, 141397.953125, 157061.6875, 150259.1875, 121275.640625, 179251.734375, 109969.1484375, 122316.921875, 106679.7578125, 149329.109375, 102792.6484375, 123281.3359375, 134474.421875, 117670.2421875, 117618.4921875, 89229.6484375, 93558.21875, 131416.46875, 141059.890625, 116121.734375, 142141.953125, 186604.828125, 134313.25, 121000.453125, 132818.125, 131647.09375, 112726.921875, 119130.1953125, 140294.0, 143384.4375, 114791.8984375, 147340.1875, 166666.125, 113349.6328125, 106329.9140625, 103258.9921875, 116814.140625, 133594.65625, 115918.453125, 152841.125, 120926.59375, 133335.765625, 158179.046875, 100460.75, 111426.0625, 123769.03125, 107382.8046875, 128214.1328125, 138199.484375, 121428.78125, 142430.859375, 107198.9296875, 113317.3515625, 151799.21875, 141926.1875, 98340.171875, 131441.75, 127789.140625, 128165.8671875, 96003.109375, 147940.65625, 93000.484375, 126065.234375, 124282.328125, 111237.421875, 140099.734375, 133604.1875, 123080.921875, 126243.3046875, 105998.0, 154984.109375, 129745.0234375, 122027.953125, 93409.75, 129231.046875, 125450.7734375, 125582.703125, 133291.328125, 113827.5859375, 125282.4609375, 92345.953125, 174981.75, 124167.46875, 101292.3203125, 120661.9765625, 111485.578125, 119487.3984375, 108950.1796875, 179687.265625, 154848.21875, 96902.296875, 108871.2421875, 120483.578125, 99492.28125, 106987.4765625, 151124.265625, 94735.796875, 142061.53125, 161002.71875, 117871.28125, 135138.171875, 94533.5, 100726.1953125, 107128.0703125, 140048.25, 150681.09375, 126363.0546875, 112699.53125, 110279.390625, 120387.234375, 101896.1328125, 121664.9609375, 136428.140625, 134916.015625, 118161.4140625, 101356.0390625, 123676.625, 119510.2265625, 123617.171875, 141677.625, 121137.1171875, 144010.96875, 122992.578125, 149728.03125, 101794.5703125, 108136.078125, 103729.1875, 126693.0, 99927.09375, 138528.90625, 126377.09375, 155849.0625, 111735.9375, 90936.4609375, 103341.1484375, 116643.3515625, 98799.7890625, 89365.515625, 176849.359375, 117570.765625, 137134.921875, 133946.828125, 129535.734375, 98046.3125, 91031.0078125, 100298.4375, 117305.5390625, 182001.71875, 123259.0859375, 110385.6953125, 152091.671875, 119784.078125, 124350.0625, 101290.2734375, 136011.171875, 96962.09375, 104606.6171875, 146016.53125, 96683.265625, 103729.828125, 142383.765625, 141948.640625, 126641.1171875, 129223.3125, 117175.5390625, 109449.9375, 100796.984375, 131668.9375, 90243.0859375, 92441.546875, 111650.2578125, 129319.0625, 141934.609375, 161380.5625, 116674.8125, 111282.3203125, 133824.21875, 134233.1875, 104067.375, 133243.875, 133399.265625, 112152.6875, 96998.921875, 116800.1640625, 119278.0, 129172.0859375, 94770.15625, 137459.5, 127584.7734375, 94497.171875, 149458.640625, 88002.8828125, 108224.265625], "name": "default", "desc": "lr_0.0001_nb_16_ld_2_b_4", "folder": "./saves/grid_seach/search1/lr_0.0001_nb_16_ld_2_b_4_default_20240214-011833"}