{"nhidden": 128, "rnn_nhidden": 32, "obs_dim": 1, "latent_dim": 1, "lr": 0.01, "n_batch": 16, "beta": 1, "total_epochs_train": 50, "epochs_per_train": 5, "epochs": 50, "loss": [193212.171875, 129925.75, 196387.984375, 255813.375, 186615.984375, 156371.46875, 128711.59375, 127006.5234375, 142165.953125, 86852.203125, 153773.234375, 143853.640625, 228820.71875, 136397.296875, 143058.84375, 159990.75, 165295.78125, 226401.84375, 140090.265625, 156138.1875, 162373.421875, 153978.265625, 132638.09375, 176147.28125, 155470.109375, 158895.5, 177880.6875, 188641.125, 184767.953125, 144307.0625, 170284.15625, 146771.421875, 150379.65625, 150262.828125, 150969.546875, 106290.9453125, 149406.546875, 139745.234375, 114458.25, 164788.078125, 158990.90625, 117247.09375, 183608.71875, 184380.09375, 169620.546875, 173946.78125, 129557.03125, 195922.703125, 135395.296875, 121239.3515625, 133220.125, 192046.578125, 100378.2109375, 197486.71875, 209059.265625, 115752.2890625, 133672.671875, 196430.3125, 137525.125, 157993.65625, 157351.84375, 118103.6171875, 171328.375, 170454.59375, 125766.671875, 139861.34375, 183431.390625, 167687.625, 138812.703125, 152896.5, 159648.234375, 122437.5, 156493.890625, 211246.453125, 150684.65625, 115455.59375, 104878.890625, 145468.359375, 185385.921875, 147172.390625, 144243.46875, 168053.359375, 111925.4375, 149482.78125, 155734.96875, 197658.28125, 177820.84375, 122752.5859375, 105659.171875, 140264.265625, 195119.09375, 170424.875, 114960.40625, 114452.609375, 122201.546875, 181762.5, 165393.015625, 144308.734375, 100448.515625, 95344.6953125, 119091.3203125, 125098.6875, 94757.3125, 193575.75, 201487.1875, 129665.5, 124243.15625, 186798.265625, 157639.78125, 97844.8515625, 176111.0, 174075.65625, 162065.625, 108485.8359375, 143395.4375, 120208.140625, 124362.328125, 123377.1875, 117323.3125, 143752.34375, 157841.53125, 231106.09375, 116312.8984375, 154487.375, 134444.84375, 131836.59375, 115791.875, 140779.8125, 155439.6875, 149304.1875, 136908.75, 199858.34375, 92619.546875, 125901.3828125, 156793.75, 147194.34375, 108738.7578125, 133978.09375, 155784.375, 119653.234375, 165024.28125, 112346.75, 114675.65625, 132650.53125, 139923.796875, 130931.5546875, 139961.0, 116329.0, 134563.1875, 142880.25, 111629.953125, 132264.25, 118195.78125, 109724.265625, 113175.6328125, 117987.1953125, 111332.59375, 129963.40625, 183294.03125, 153776.0625, 101596.6484375, 112498.5390625, 103167.9765625, 123823.7890625, 93319.453125, 194422.75, 89807.03125, 109995.125, 134595.46875, 116276.640625, 140062.3125, 195887.0625, 131262.484375, 107537.8828125, 99224.609375, 126356.21875, 160707.703125, 193083.46875, 139362.25, 160319.203125, 247234.140625, 107033.8515625, 262527.09375, 144821.390625, 153394.8125, 98823.09375, 141294.875, 159001.671875, 120476.6796875, 182659.109375, 105531.140625, 237037.171875, 125977.1953125, 155676.6875, 128044.4140625, 142642.28125, 174854.71875, 114852.578125, 132630.1875, 242792.09375, 126084.8828125, 141047.984375, 119168.3359375, 148782.140625, 101746.015625, 233876.796875, 161539.140625, 123645.625, 162949.5625, 146081.84375, 195700.453125, 165196.8125, 168922.1875, 114163.7109375, 136360.1875, 185651.765625, 147530.984375, 152046.203125, 200056.859375, 121797.546875, 182536.15625, 124549.0625, 207048.78125, 159776.28125, 104791.1875, 194833.984375, 147211.390625, 137157.78125, 121161.421875, 134025.234375, 157039.546875, 139737.09375, 143231.375, 240625.1875, 198056.5625, 142175.421875, 147372.875, 191275.09375, 121753.2109375, 165758.953125, 164330.546875, 117173.0078125, 161231.296875, 147832.390625, 129978.03125, 200966.109375, 159126.859375, 129487.234375, 202811.4375, 162972.109375, 153155.96875, 138167.046875, 147013.09375, 126370.2578125, 186803.5625, 124188.296875, 141085.390625, 162996.703125, 193402.375, 165167.765625, 144490.984375, 197596.3125, 113277.6953125, 159709.6875, 143904.953125, 133842.890625, 183340.578125, 132095.34375, 173638.78125, 167560.5625, 188004.671875, 118013.2265625, 168167.671875, 139145.296875, 192771.09375, 164732.515625, 107212.1875, 158631.65625, 177258.46875, 136201.453125, 116292.9609375, 155849.84375, 184259.265625, 171092.84375, 130787.0625, 232059.125, 156084.921875, 146485.78125, 158539.15625, 134418.0625, 113247.125, 174486.59375, 97111.1015625, 178845.9375, 148946.25, 147930.5, 233888.59375, 142841.390625, 164680.203125, 187477.9375, 113004.625, 172259.4375, 163462.421875, 172133.296875, 121407.4375, 134971.75, 132373.125, 197357.53125, 156374.84375, 151473.40625, 125168.6484375, 196412.28125, 146857.78125, 162404.078125, 154029.984375, 158548.6875, 105348.0234375, 217467.09375, 174388.90625, 147989.390625, 120114.59375, 131023.84375, 172249.15625, 196899.53125, 130239.765625, 197887.796875, 155265.921875, 181860.25, 135950.75, 156279.890625, 145433.484375, 122084.5703125, 188826.5, 190232.28125, 173453.046875, 132571.5, 134053.5625, 187814.515625, 132586.3125, 178238.09375, 173844.53125, 119768.671875, 196087.5, 182520.140625, 135145.703125, 212513.84375, 128800.546875, 117906.3125, 173806.09375, 123443.2109375, 148129.875, 123641.8359375, 144222.125, 103468.4140625, 182181.9375, 188037.53125, 193641.390625, 142019.375, 166730.953125, 168877.625, 120339.7578125, 146585.46875, 142657.640625, 136052.421875, 204083.734375, 140066.375, 162251.1875, 193857.203125, 158207.40625, 194616.78125, 167640.15625, 126282.96875, 166997.0, 127282.984375, 133602.015625, 136614.4375, 123257.390625, 180022.09375, 200437.609375, 153637.109375, 158699.265625, 127390.9609375, 106163.34375, 168552.0625, 135860.28125, 197830.34375, 146738.65625, 160004.046875, 96152.828125, 128322.484375, 212349.1875, 152743.890625, 172606.90625, 155484.453125, 179669.25, 153007.46875, 188011.140625, 136196.90625, 120898.8203125, 156613.71875, 181472.453125, 135644.484375, 203680.8125, 134288.890625, 146069.859375, 118616.21875, 185305.90625, 150034.734375, 146986.953125, 124056.546875, 129800.203125, 129344.40625, 203298.5, 165034.046875, 145635.5, 162972.84375, 163762.15625, 144638.25, 194131.328125, 172898.109375, 163218.4375, 136674.171875, 118274.4140625, 129039.1796875, 172059.625, 147438.921875, 229193.328125, 137604.015625, 105576.6328125, 164786.859375, 124558.515625, 169142.890625, 126486.890625, 186299.375, 119936.65625, 168028.296875, 176234.5625, 112351.8125, 151420.125, 147963.53125, 229987.78125, 110791.7109375, 129713.1171875, 172319.5, 140427.796875, 142548.46875, 133998.75, 152510.78125, 220247.78125, 187077.28125], "name": "default", "desc": "lr_0.01_nb_16_ld_1_b_1", "folder": "./saves/grid_seach/search1/lr_0.01_nb_16_ld_1_b_1_default_20240213-220934"}