{"nhidden": 128, "rnn_nhidden": 32, "obs_dim": 1, "latent_dim": 1, "lr": 0.0001, "n_batch": 16, "beta": 4, "total_epochs_train": 50, "epochs_per_train": 5, "epochs": 50, "loss": [187462.328125, 186287.40625, 218124.4375, 116757.15625, 213815.203125, 144766.46875, 121076.78125, 180697.015625, 175577.703125, 162704.359375, 185871.34375, 155688.15625, 162744.84375, 188154.15625, 219813.28125, 169400.234375, 182403.359375, 133666.0625, 127502.828125, 148000.484375, 136533.265625, 195002.5625, 217969.84375, 210974.015625, 142192.25, 202074.203125, 188860.6875, 188718.75, 190952.15625, 151896.375, 167540.640625, 125090.25, 129271.5859375, 222530.046875, 210090.21875, 192703.1875, 126593.2890625, 172851.875, 110824.0703125, 200717.75, 157739.078125, 201934.078125, 194048.65625, 238946.4375, 149274.828125, 164873.0, 161790.828125, 162975.0625, 155118.265625, 256682.390625, 108976.859375, 172358.171875, 158325.046875, 210877.125, 164102.75, 211290.796875, 179345.078125, 203187.484375, 125626.1015625, 162745.078125, 120826.484375, 202232.6875, 125553.1953125, 158585.421875, 161466.34375, 228094.3125, 193323.203125, 162942.546875, 131471.90625, 146241.78125, 178242.625, 133295.4375, 215817.296875, 156831.03125, 165490.671875, 183418.5625, 187690.3125, 156842.421875, 169406.5, 136462.59375, 165689.96875, 100292.125, 144119.78125, 134311.640625, 159968.375, 166052.515625, 198588.4375, 250628.578125, 165882.15625, 205775.875, 120224.8125, 118245.9375, 207176.390625, 216533.53125, 148532.03125, 215282.734375, 190263.6875, 100608.0, 180550.921875, 182161.15625, 145409.59375, 220467.59375, 155220.53125, 141905.921875, 169393.234375, 180908.125, 140430.71875, 166834.875, 133249.4375, 122269.78125, 182304.03125, 178729.8125, 258921.390625, 161269.9375, 220108.234375, 131777.234375, 110290.09375, 162622.1875, 153949.015625, 172229.421875, 193983.875, 177074.046875, 188898.671875, 152482.3125, 150575.609375, 139845.203125, 133826.546875, 199996.90625, 164895.890625, 189930.15625, 164504.609375, 120485.0546875, 154479.546875, 124073.3046875, 239222.6875, 134518.859375, 218493.375, 205057.046875, 141011.171875, 162528.015625, 126297.984375, 156958.546875, 221028.625, 137260.90625, 128570.0546875, 206701.734375, 195204.125, 170075.671875, 137842.34375, 151459.09375, 132490.5625, 202481.6875, 161246.5625, 127118.5625, 147169.328125, 165173.25, 148678.296875, 138539.53125, 162161.59375, 200412.140625, 163131.578125, 186122.3125, 154053.8125, 129848.859375, 159753.59375, 167479.78125, 198172.515625, 146985.609375, 175469.109375, 165318.5625, 137296.078125, 182447.984375, 208421.875, 208912.6875, 169969.53125, 107674.2578125, 151241.4375, 176170.09375, 94416.8203125, 178069.78125, 174004.65625, 211792.828125, 150081.984375, 127291.8828125, 157197.15625, 132807.625, 123263.6640625, 173355.53125, 211212.421875, 161808.34375, 109482.109375, 189976.015625, 176508.453125, 153016.71875, 118946.7265625, 232298.28125, 110802.84375, 173979.921875, 153044.296875, 248172.296875, 95368.75, 143498.25, 176839.3125, 154445.8125, 120723.1484375, 154551.1875, 180610.75, 129908.0859375, 174115.375, 279585.90625, 117561.8125, 138626.6875, 208869.46875, 122162.234375, 111685.2109375, 121619.0859375, 172630.734375, 122017.078125, 152590.0625, 145365.359375, 148742.0, 165571.34375, 182069.546875, 149060.65625, 148788.140625, 190929.21875, 164966.1875, 162138.5, 120412.7890625, 123376.90625, 140846.59375, 215294.359375, 137224.265625, 146912.078125, 154923.984375, 141692.4375, 164501.34375, 153883.5, 139034.015625, 158471.34375, 172541.09375, 173865.28125, 180260.984375, 226581.75, 231531.6875, 128866.7265625, 130316.0, 124134.7734375, 120313.84375, 180537.0, 94478.0625, 156831.1875, 159067.40625, 166737.171875, 128325.859375, 183101.1875, 155720.796875, 150352.65625, 125468.78125, 163453.96875, 145135.8125, 140489.796875, 193176.625, 205150.84375, 127816.515625, 122953.4140625, 202633.3125, 151379.734375, 134156.59375, 126941.234375, 135990.921875, 192749.1875, 129799.90625, 167040.296875, 129885.171875, 201823.390625, 147999.34375, 129205.484375, 153569.75, 117586.484375, 180357.546875, 197666.578125, 110138.84375, 160503.703125, 196408.75, 158874.0, 147749.515625, 123111.796875, 176761.625, 149546.5625, 168146.75, 144716.6875, 150339.09375, 140226.4375, 171376.46875, 142396.265625, 142600.046875, 155036.015625, 150526.234375, 119942.203125, 150047.234375, 154359.125, 168133.6875, 190585.0625, 161148.34375, 155548.515625, 135816.875, 162953.796875, 198219.390625, 140008.671875, 199946.125, 116875.65625, 157532.90625, 113912.9921875, 177989.78125, 176374.078125, 113455.1171875, 178061.46875, 170384.6875, 145945.984375, 130721.578125, 112855.21875, 168120.34375, 137508.15625, 152430.40625, 114726.234375, 220648.78125, 165720.546875, 85229.953125, 184250.96875, 135697.90625, 142051.6875, 134330.421875, 122901.734375, 159232.90625, 116480.2265625, 194450.734375, 151033.84375, 117380.125, 142754.578125, 176562.21875, 200114.109375, 122723.453125, 123062.4140625, 142129.140625, 221533.71875, 122108.9375, 128190.3125, 222826.125, 165682.3125, 102467.375, 154948.515625, 166938.140625, 160619.5625, 151501.046875, 135223.421875, 159671.109375, 204488.25, 168277.71875, 101342.1953125, 168658.640625, 172234.21875, 224291.265625, 131681.265625, 111459.109375, 169292.453125, 166959.296875, 138421.015625, 118344.1171875, 131574.609375, 132460.203125, 204958.0625, 166477.75, 119393.375, 120601.7109375, 129061.4375, 255117.640625, 143256.265625, 153040.46875, 217545.21875, 125543.5, 208377.25, 147487.96875, 108980.765625, 142702.15625, 106450.65625, 140598.1875, 197434.9375, 157954.96875, 206795.984375, 155933.40625, 145816.078125, 126339.2265625, 157411.09375, 111392.4921875, 115815.40625, 201092.5, 204875.203125, 133444.984375, 148429.734375, 140290.140625, 145361.8125, 139762.953125, 152616.421875, 138190.796875, 204110.46875, 160420.453125, 123213.5078125, 184621.34375, 138789.265625, 134020.53125, 168473.65625, 123486.8125, 162050.96875, 122161.015625, 142672.265625, 143451.90625, 161788.03125, 104010.8984375, 177253.09375, 175985.21875, 218125.875, 153484.828125, 172265.34375, 134205.3125, 131487.671875, 166459.734375, 157725.40625, 162160.3125, 210574.34375, 153161.515625, 113939.421875, 175311.71875, 152619.953125, 155431.53125, 154397.265625, 118959.7265625, 121423.078125, 173753.9375, 128725.4140625, 214174.296875, 167519.8125, 172790.90625, 193394.984375, 126725.515625, 155086.453125, 183778.96875, 161092.375, 117854.828125, 122422.765625], "name": "default", "desc": "lr_0.0001_nb_16_ld_1_b_4", "folder": "./saves/grid_seach/search1/lr_0.0001_nb_16_ld_1_b_4_default_20240214-011342"}