{"nhidden": 128, "rnn_nhidden": 32, "obs_dim": 1, "latent_dim": 4, "lr": 0.01, "n_batch": 16, "beta": 0.001, "total_epochs_train": 50, "epochs_per_train": 5, "epochs": 50, "loss": [158012.53125, 123470.796875, 146343.703125, 203577.609375, 207609.625, 223666.796875, 138021.875, 130945.4296875, 149364.953125, 130497.578125, 189837.71875, 107717.8671875, 154064.84375, 128896.6015625, 140350.21875, 263165.90625, 150736.5, 105187.3125, 152524.65625, 155365.9375, 167646.921875, 124763.4921875, 196763.90625, 149395.140625, 166835.4375, 119120.1484375, 138958.890625, 164393.21875, 265958.40625, 130078.796875, 115730.1015625, 179547.078125, 126156.1875, 158032.265625, 121967.21875, 119784.8046875, 165405.734375, 114391.8125, 185751.34375, 159106.203125, 102845.5625, 197784.328125, 137183.984375, 142585.0, 135648.65625, 141736.859375, 112628.140625, 182592.375, 176258.65625, 176585.203125, 86160.484375, 169525.234375, 110569.5625, 145520.40625, 90901.3984375, 135384.421875, 112227.265625, 129112.5703125, 110354.96875, 114750.4375, 125801.78125, 120456.0703125, 96147.796875, 99691.5234375, 113601.0625, 73230.28125, 80525.3984375, 97613.3828125, 132161.25, 83832.859375, 103688.9375, 126985.3515625, 95598.34375, 83091.9375, 94966.9609375, 98953.890625, 88965.828125, 58639.234375, 116899.09375, 62797.70703125, 96244.4296875, 69455.75, 83811.171875, 65939.2421875, 91929.0625, 64128.96484375, 67794.640625, 100398.03125, 82687.8671875, 71652.3984375, 79108.203125, 77756.2734375, 63394.984375, 76422.9921875, 97784.296875, 53714.828125, 88067.9609375, 77971.1015625, 59085.65625, 60131.5546875, 69384.703125, 62681.02734375, 78167.0, 51917.0625, 82432.375, 65627.296875, 52699.015625, 70268.5703125, 50860.33984375, 46881.3359375, 74247.421875, 75268.4375, 62971.66015625, 81063.5546875, 88298.3203125, 79372.296875, 53095.91796875, 63428.42578125, 68369.7578125, 88145.1328125, 47381.4609375, 37898.19140625, 75125.625, 55185.0234375, 68068.0390625, 75655.453125, 48046.390625, 50374.25390625, 110357.96875, 55843.37109375, 56607.2421875, 51903.94921875, 67948.171875, 73290.2578125, 55991.03125, 74039.9375, 40756.875, 64083.609375, 83903.0625, 42935.9375, 69895.53125, 56562.76171875, 59385.875, 45047.87890625, 42343.96484375, 83608.5234375, 29566.564453125, 64081.515625, 61501.859375, 119756.1875, 36636.2265625, 54955.52734375, 80721.5, 25275.380859375, 69206.5546875, 39814.5625, 71081.9453125, 79471.2265625, 127844.7578125, 75196.265625, 45748.1640625, 72862.9609375, 44304.8203125, 42481.28515625, 41477.28125, 55692.8671875, 53184.015625, 75715.640625, 61111.30078125, 62411.15625, 74790.734375, 58983.9765625, 55493.7421875, 77001.0234375, 53341.4140625, 62827.8984375, 40534.39453125, 42074.05859375, 47163.75390625, 59501.9453125, 61980.23046875, 41035.5703125, 57368.7265625, 43077.9765625, 65595.90625, 93338.9375, 44062.93359375, 48816.75, 59274.08203125, 45437.9765625, 58708.57421875, 34944.55859375, 38079.234375, 93428.96875, 57702.9765625, 100257.609375, 30919.517578125, 47444.60546875, 43739.08203125, 44003.03125, 39554.734375, 55651.94140625, 38531.0234375, 81131.4140625, 40026.578125, 86828.4453125, 44204.046875, 63753.40234375, 32296.98046875, 85807.2265625, 59661.09375, 32907.03125, 40023.9296875, 70978.4140625, 53205.59375, 30235.91796875, 92670.1953125, 47990.9296875, 55060.2265625, 51858.8984375, 50735.703125, 87518.1875, 36530.51953125, 56175.7265625, 39281.58203125, 53722.77734375, 34788.5390625, 64060.171875, 72708.4609375, 105123.765625, 52300.3828125, 68332.6796875, 69925.421875, 76830.2890625, 66465.28125, 36259.1953125, 46430.859375, 69005.390625, 71049.09375, 61460.38671875, 78420.9375, 31493.49609375, 73196.8046875, 71360.390625, 61338.734375, 41588.33984375, 70474.671875, 47267.67578125, 28099.14453125, 40388.2109375, 70019.2109375, 53274.57421875, 36846.078125, 38133.7265625, 84556.109375, 43241.44140625, 51972.859375, 78379.859375, 42431.26953125, 46120.984375, 54662.76953125, 86306.875, 43477.703125, 33747.7265625, 59909.76953125, 31401.490234375, 39901.09375, 28428.671875, 92642.9453125, 39454.265625, 35675.6640625, 70773.09375, 29870.1875, 69920.703125, 58881.01171875, 34098.52734375, 68607.71875, 40544.46484375, 80497.828125, 59252.109375, 42786.50390625, 64342.59765625, 52070.34375, 35317.23046875, 100746.578125, 53285.4453125, 28463.84375, 41345.4765625, 66748.3125, 43935.8828125, 46533.2578125, 59603.68359375, 61707.046875, 33583.7265625, 49708.5859375, 54745.3671875, 43399.47265625, 50515.2265625, 39828.5078125, 73431.578125, 45115.1796875, 51114.08984375, 32210.328125, 84228.59375, 53357.71875, 28038.162109375, 84922.2578125, 40374.6796875, 39959.203125, 41097.9609375, 64862.4296875, 35467.59375, 54390.91796875, 38842.796875, 43609.9609375, 47021.1328125, 46331.76953125, 49812.1015625, 23369.0, 33119.828125, 37805.0078125, 122592.7578125, 40242.796875, 52617.9765625, 79521.34375, 56274.1015625, 40054.75, 61830.23828125, 71608.4296875, 38024.43359375, 52028.17578125, 29059.3515625, 48766.84765625, 29820.173828125, 71647.671875, 54414.96484375, 32043.9296875, 66673.03125, 22857.146484375, 44715.171875, 51605.01171875, 77928.65625, 47722.1484375, 38706.4375, 56637.30859375, 63152.96484375, 58358.4765625, 33946.0625, 44452.3671875, 63341.5078125, 77233.28125, 80690.640625, 39034.546875, 38772.8984375, 65628.484375, 42576.90234375, 64519.93359375, 65059.4296875, 35535.52734375, 28876.55859375, 51438.640625, 38144.69140625, 40248.0390625, 44374.91015625, 24348.09765625, 62727.0859375, 62841.31640625, 65918.7734375, 34342.9609375, 78590.296875, 32573.51171875, 35452.80859375, 46041.29296875, 51469.1796875, 50479.0, 66912.4921875, 47876.3671875, 43021.93359375, 78862.3203125, 45037.0, 41763.11328125, 76869.2578125, 51503.45703125, 25266.853515625, 32541.75, 45611.21484375, 62494.234375, 53901.6328125, 63032.51953125, 36230.01953125, 52178.03125, 40365.6328125, 30549.216796875, 49511.140625, 40805.13671875, 35981.51171875, 34831.8359375, 47216.2578125, 81783.0703125, 54346.8125, 40469.75390625, 40193.8828125, 44049.6171875, 37796.2890625, 33975.234375, 59039.25390625, 27594.876953125, 51903.84375, 61170.3203125, 56182.07421875, 55845.9609375, 52521.26953125, 92362.046875, 27106.26171875, 54249.2109375, 45545.796875, 35185.09765625, 49511.80078125, 28604.98046875, 56939.88671875, 66088.34375, 91128.5703125, 43207.3125, 44079.83984375, 59252.796875, 65778.390625, 37403.921875, 73656.4375, 34596.2265625, 33111.09765625, 72861.6875, 72169.0625, 45785.0859375, 60012.84375, 75479.6015625, 44615.07421875, 66452.3515625, 32437.962890625, 42637.9296875, 60049.609375, 50460.34765625, 53530.01171875, 73891.921875, 51023.65625, 60701.66796875, 63403.328125, 42075.0625, 54352.4453125, 45696.38671875, 40782.71875], "name": "default", "desc": "lr_0.01_nb_16_ld_4_b_0.001", "folder": "./saves/grid_seach/search4/lr_0.01_nb_16_ld_4_b_0.001_default_20240307-081159"}