{"nhidden": 128, "rnn_nhidden": 32, "obs_dim": 1, "latent_dim": 8, "lr": 0.001, "n_batch": 16, "beta": 1, "total_epochs_train": 50, "epochs_per_train": 5, "epochs": 50, "loss": [180561.375, 224912.1875, 189279.0625, 125402.65625, 209265.640625, 139010.875, 213905.234375, 141601.140625, 161454.890625, 214704.703125, 126507.6171875, 245763.265625, 180604.484375, 115485.2265625, 130885.9296875, 110500.3359375, 169183.625, 204428.46875, 180001.65625, 177683.796875, 142180.03125, 158512.109375, 114196.9140625, 123901.828125, 176478.0, 127611.015625, 255942.6875, 137601.640625, 136832.59375, 196744.1875, 189822.859375, 182082.9375, 95380.6875, 142490.6875, 161145.84375, 190634.078125, 198887.8125, 136406.578125, 178948.78125, 136166.765625, 170608.1875, 133200.96875, 124157.6171875, 137585.890625, 128188.078125, 163757.125, 192311.90625, 127720.1484375, 100786.203125, 139663.390625, 115451.8828125, 163908.390625, 91415.5390625, 120314.0625, 108637.4375, 159580.953125, 158628.453125, 116526.7890625, 107734.03125, 110941.9140625, 143110.953125, 93965.65625, 124021.953125, 101809.8515625, 116281.109375, 105452.078125, 173903.09375, 110359.15625, 141756.28125, 107101.890625, 138409.140625, 128227.2734375, 165693.71875, 136148.453125, 127168.859375, 107461.15625, 140182.390625, 95048.5703125, 118093.7890625, 142568.359375, 74147.96875, 133371.078125, 126204.8828125, 89563.640625, 108702.390625, 84624.046875, 137293.296875, 127310.8515625, 103419.859375, 137654.46875, 107991.7890625, 122955.5, 131443.34375, 79669.921875, 116860.7890625, 93898.984375, 97110.3359375, 161176.28125, 108262.609375, 102713.765625, 111464.7109375, 134860.328125, 146615.015625, 112806.328125, 166285.71875, 110543.21875, 174417.4375, 118868.1953125, 148699.453125, 92032.7734375, 103990.328125, 122930.96875, 103378.1328125, 122031.671875, 136418.78125, 136855.453125, 140900.421875, 108612.21875, 95316.5625, 127862.09375, 122780.2421875, 155145.375, 128315.7734375, 109103.828125, 78782.2890625, 156567.078125, 140850.796875, 91001.875, 99355.109375, 115445.4296875, 99032.5078125, 111315.859375, 158629.703125, 100296.6875, 156346.453125, 147236.65625, 103763.0078125, 95615.3984375, 125817.4765625, 93174.375, 123786.0078125, 145766.0, 114943.265625, 126344.03125, 105808.6796875, 115916.4765625, 138606.875, 109291.3125, 96326.765625, 100324.015625, 128415.515625, 114480.796875, 144774.078125, 122917.671875, 117588.6796875, 115549.09375, 101951.0, 111464.125, 123037.3671875, 101515.765625, 104102.8671875, 92578.703125, 120350.2734375, 155034.078125, 96834.7578125, 99192.921875, 94397.9765625, 107400.4375, 113419.6640625, 150442.875, 80679.734375, 122676.984375, 93840.484375, 97042.5234375, 105392.640625, 118596.28125, 151294.484375, 91385.0, 121457.9375, 99867.640625, 93061.1484375, 101756.9296875, 73836.875, 91450.4453125, 106847.5, 89065.296875, 89497.0703125, 189747.90625, 139270.75, 103120.5625, 129056.359375, 100067.765625, 98390.0078125, 88639.921875, 110668.796875, 109173.734375, 116354.6640625, 110643.453125, 91968.25, 108859.5625, 110486.640625, 89151.84375, 151005.390625, 128825.671875, 82412.078125, 82900.6875, 81626.4375, 119359.5390625, 141325.96875, 93801.6328125, 79234.640625, 136032.578125, 82422.40625, 81949.484375, 121685.5625, 107881.890625, 89337.453125, 79529.4296875, 94784.234375, 123780.546875, 104857.09375, 103035.0546875, 88130.2109375, 95339.515625, 125881.8828125, 116109.03125, 98479.3984375, 97165.4296875, 85684.765625, 95024.6953125, 117138.9296875, 98102.3203125, 93208.625, 63513.26953125, 98603.3046875, 107172.265625, 69755.8046875, 68228.75, 70916.3125, 116739.7578125, 104223.5, 95228.703125, 133888.765625, 73625.453125, 91932.328125, 81574.171875, 82271.578125, 120907.2734375, 114488.078125, 86219.671875, 104684.859375, 87684.9765625, 81815.25, 88709.859375, 65662.625, 106603.1171875, 112374.984375, 113414.0625, 74877.15625, 87829.7890625, 89838.046875, 92261.3125, 71010.1640625, 93907.34375, 90077.046875, 74927.5, 86294.71875, 69553.1015625, 103871.8828125, 100570.5390625, 77903.921875, 87450.578125, 81213.25, 109403.859375, 68672.8515625, 72007.8203125, 68829.984375, 142867.5625, 78493.8828125, 86459.640625, 79089.9765625, 67859.53125, 85151.875, 93921.25, 115686.6328125, 77767.609375, 104079.9921875, 78541.765625, 70483.3203125, 101451.125, 76367.3125, 93937.453125, 79982.3671875, 98783.40625, 91391.8828125, 85319.78125, 72059.8203125, 50142.3125, 104268.5546875, 134749.78125, 74330.0703125, 108065.015625, 80026.953125, 82775.6640625, 70370.7734375, 54625.40234375, 73463.7734375, 76992.953125, 71591.75, 92775.0078125, 77811.9375, 71006.7265625, 73102.2890625, 66276.375, 115437.703125, 75442.2578125, 60781.6953125, 48744.70703125, 66931.296875, 73556.5859375, 112367.6953125, 62658.75, 79981.6171875, 94667.203125, 54651.1640625, 117438.890625, 60804.85546875, 92031.4140625, 83294.8515625, 70917.9765625, 71121.953125, 69728.5078125, 83089.015625, 82851.4140625, 60082.35546875, 71731.5078125, 69507.7421875, 77285.421875, 69732.75, 63126.671875, 113945.1875, 54996.578125, 99949.2734375, 80286.203125, 56124.40625, 68360.5703125, 53891.13671875, 50584.265625, 71771.0078125, 53548.7890625, 84503.7734375, 84186.796875, 46652.234375, 63280.31640625, 61798.02734375, 97426.2109375, 43591.9140625, 63160.8125, 59433.125, 65304.5859375, 38635.3828125, 51398.9375, 60624.625, 54771.77734375, 68165.96875, 79153.921875, 84353.6015625, 61847.0546875, 61815.22265625, 107056.03125, 64007.6328125, 48852.4921875, 46256.9140625, 68830.734375, 85502.953125, 51819.9921875, 62085.75390625, 48226.328125, 48459.2421875, 63517.6953125, 60618.89453125, 55820.12109375, 63901.9375, 70290.546875, 53495.66015625, 70276.0546875, 67828.1328125, 30783.62109375, 33172.72265625, 58234.73046875, 62261.79296875, 72580.9921875, 78053.96875, 108357.859375, 60499.98828125, 58956.19140625, 68194.6796875, 40732.62890625, 47769.4375, 74445.4921875, 61421.56640625, 30524.03125, 50914.12890625, 77008.3125, 94314.3203125, 63117.5703125, 67640.0078125, 96487.3359375, 61871.98828125, 54088.125, 45873.265625, 57216.94921875, 38127.55859375, 66502.1640625, 99672.25, 47089.07421875, 54047.1484375, 57495.67578125, 72652.3828125, 62817.921875, 48891.12890625, 62859.19921875, 47863.7734375, 51221.2421875, 116570.9453125, 38985.2890625, 47458.2421875, 63647.30859375, 67830.078125, 39556.30859375, 42931.15625, 50139.87890625, 54804.140625, 62398.03125, 48547.6640625, 82443.4765625, 41594.34375, 47572.2578125, 41571.6484375, 82230.9921875, 52592.203125, 72151.015625, 59126.5390625, 76008.625, 47143.859375, 31831.455078125, 38845.54296875, 68298.8515625, 62641.45703125, 51236.91796875], "name": "default", "desc": "lr_0.001_nb_16_ld_8_b_1", "folder": "./saves/grid_seach/search4/lr_0.001_nb_16_ld_8_b_1_default_20240307-092619"}