{"nhidden": 128, "rnn_nhidden": 32, "obs_dim": 1, "latent_dim": 8, "lr": 0.005, "n_batch": 16, "beta": 4, "total_epochs_train": 50, "epochs_per_train": 5, "epochs": 50, "loss": [99425.484375, 187281.015625, 100847.921875, 169657.625, 160980.40625, 225437.75, 210426.90625, 193005.28125, 176249.859375, 117224.3671875, 132543.140625, 114037.640625, 205135.8125, 191445.890625, 194415.90625, 154978.1875, 144120.0, 151172.40625, 172888.1875, 119593.1640625, 140500.890625, 139651.578125, 122843.875, 151525.703125, 168090.203125, 126326.640625, 211542.9375, 110768.25, 189167.703125, 187799.375, 181842.640625, 128491.65625, 167741.5, 108891.09375, 142364.109375, 133572.78125, 132283.609375, 157646.1875, 151687.484375, 109713.453125, 180364.3125, 138583.421875, 148393.765625, 123193.203125, 130680.21875, 126619.71875, 117513.90625, 135942.3125, 99771.75, 99131.703125, 135497.671875, 164370.140625, 101320.390625, 167791.109375, 119656.15625, 104404.59375, 101083.921875, 121571.453125, 135341.140625, 92149.3203125, 162471.1875, 119133.984375, 143951.859375, 99729.1171875, 114570.1640625, 96003.578125, 110692.8671875, 101964.5703125, 113151.5703125, 144008.109375, 101580.6875, 125997.21875, 88853.2734375, 100071.0390625, 102103.703125, 93336.1484375, 119214.7890625, 111820.4921875, 109451.203125, 146228.71875, 73199.9296875, 119255.5703125, 84953.515625, 77641.90625, 101408.4453125, 70375.875, 102670.671875, 115915.8984375, 112727.6328125, 95235.828125, 94332.515625, 88541.859375, 84906.6484375, 82107.0078125, 83419.3046875, 62440.1484375, 101673.078125, 70126.6640625, 111134.171875, 101295.2109375, 76631.71875, 88188.5625, 84685.109375, 80007.375, 77111.8671875, 77040.734375, 57873.96484375, 130731.7109375, 119461.0, 67526.6484375, 84153.4140625, 92763.71875, 64687.08984375, 52868.703125, 61883.390625, 80657.5625, 82014.3359375, 82502.390625, 84104.890625, 88510.0546875, 50433.16015625, 94938.8671875, 87208.875, 77514.625, 76718.75, 63599.43359375, 58979.515625, 41144.45703125, 93285.7578125, 90118.1953125, 108351.890625, 64455.28125, 114552.265625, 79824.640625, 88507.2421875, 52013.0, 76289.7578125, 69072.1328125, 91086.0859375, 58296.8046875, 101697.6328125, 61698.51171875, 76562.453125, 85787.4296875, 73711.7734375, 49672.17578125, 94441.46875, 58083.37890625, 63720.7109375, 53288.80859375, 70303.5, 61381.3984375, 90123.8984375, 52605.9375, 74205.109375, 67442.6484375, 66476.8984375, 82240.703125, 49954.87890625, 48188.58203125, 65034.54296875, 55358.859375, 51237.59765625, 39160.4609375, 67019.359375, 81450.1328125, 126665.4140625, 31469.408203125, 62285.0, 60206.515625, 44289.27734375, 76550.5234375, 42050.94921875, 61163.9375, 69980.703125, 72559.4453125, 38765.19921875, 90246.8984375, 58028.03125, 41824.640625, 53908.8984375, 39869.87890625, 82172.890625, 76440.0625, 32768.99609375, 64288.609375, 43177.80078125, 55519.859375, 71972.953125, 43129.859375, 37229.4765625, 87426.890625, 50121.38671875, 71375.4375, 21399.89453125, 69141.03125, 59369.5546875, 42113.01953125, 56110.609375, 73884.3984375, 68267.921875, 39416.72265625, 49014.7421875, 65243.3359375, 54957.6953125, 40432.60546875, 46168.2265625, 64740.63671875, 29781.6953125, 58514.84375, 53241.796875, 100613.6875, 49406.8203125, 48834.859375, 71494.71875, 28646.23046875, 62751.17578125, 56452.4921875, 26975.951171875, 35726.78515625, 45717.6015625, 71964.734375, 87603.171875, 48880.62109375, 49738.0, 68450.890625, 71705.8359375, 33144.890625, 29439.8515625, 34781.3046875, 86042.515625, 47878.39453125, 72875.65625, 32701.87890625, 66670.953125, 77786.2265625, 44705.8828125, 60079.015625, 34222.11328125, 42558.75, 55650.875, 52024.03125, 29076.349609375, 27850.328125, 39077.67578125, 63227.95703125, 97449.8359375, 51965.8046875, 61119.640625, 40572.171875, 46221.078125, 55875.89453125, 88009.265625, 74241.53125, 21944.416015625, 48807.7109375, 50981.296875, 40071.74609375, 53773.0390625, 47284.91796875, 45032.18359375, 41286.80078125, 56321.97265625, 68148.09375, 67044.484375, 38130.578125, 40765.578125, 67533.9296875, 50908.6875, 63000.5078125, 57142.7578125, 44881.64453125, 64057.93359375, 30537.78125, 44647.84375, 43180.9296875, 44899.66015625, 80377.5703125, 51441.9609375, 23058.3359375, 42840.359375, 35389.7734375, 66413.296875, 75243.09375, 55541.90234375, 61458.9140625, 56279.46875, 68927.5234375, 40615.47265625, 79097.59375, 38579.22265625, 54225.8828125, 28553.833984375, 33935.74609375, 75975.234375, 64782.078125, 70161.3359375, 47387.3671875, 59923.52734375, 67405.6796875, 50659.79296875, 46634.94140625, 26094.708984375, 28032.494140625, 69884.8046875, 102721.5078125, 36724.1484375, 29055.423828125, 41081.93359375, 73270.6875, 35923.84765625, 69167.5234375, 47824.77734375, 49927.44921875, 61920.515625, 26332.369140625, 35562.375, 51998.765625, 28341.388671875, 84598.875, 58002.05078125, 84609.3203125, 47010.734375, 62808.50390625, 46293.94921875, 66452.8125, 43928.390625, 55707.53125, 87660.0234375, 56233.51171875, 27371.443359375, 36938.4921875, 28359.064453125, 27348.869140625, 57041.5625, 71755.0703125, 67528.2734375, 76746.0078125, 49779.4140625, 71266.375, 50014.16796875, 24627.515625, 35910.96875, 27927.6640625, 82194.9375, 100782.4375, 52423.515625, 66791.5234375, 33398.36328125, 53772.609375, 58215.15625, 53163.94921875, 62926.1640625, 37174.64453125, 70600.46875, 62094.53515625, 41950.828125, 31365.3984375, 49544.03125, 53769.2890625, 29404.5390625, 72176.2109375, 76179.703125, 72623.03125, 57554.6328125, 34638.4921875, 58946.59375, 55298.48046875, 51280.7421875, 57543.74609375, 51585.13671875, 47813.5, 31233.083984375, 73293.0078125, 51294.10546875, 18093.9375, 89683.8515625, 46268.93359375, 48662.9921875, 53512.22265625, 38060.984375, 41867.9765625, 32419.0, 56775.078125, 95669.3515625, 45180.9765625, 58690.1953125, 32811.0234375, 58083.48046875, 44128.03125, 78496.8984375, 41496.24609375, 43146.17578125, 37253.015625, 73047.359375, 46279.1796875, 45331.6640625, 62646.8828125, 53456.26953125, 36474.91796875, 50473.5625, 33499.3984375, 60648.35546875, 57015.70703125, 53273.2734375, 106233.4609375, 17363.099609375, 63096.59375, 48528.05078125, 33451.93359375, 60044.77734375, 41735.796875, 40245.27734375, 44077.859375, 89934.8203125, 37711.6171875, 55478.546875, 36375.01953125, 54218.3203125, 47362.15625, 73411.0625, 43458.65234375, 17701.27734375, 45929.09765625, 44640.7578125, 47052.77734375, 80914.3671875, 40182.2734375, 72370.53125, 51441.75, 46306.65234375, 48485.21875, 35751.8046875, 43123.18359375, 62706.92578125, 31261.962890625, 85300.5546875, 67239.234375, 54940.13671875, 24964.19921875, 66948.09375, 74997.4375, 37687.53125, 41389.91796875, 69192.296875, 39493.5, 46493.01953125, 64960.71484375, 47312.18359375, 41868.9609375], "name": "default", "desc": "lr_0.005_nb_16_ld_8_b_4", "folder": "./saves/grid_seach/search1/lr_0.005_nb_16_ld_8_b_4_default_20240213-233932"}