{"nhidden": 128, "rnn_nhidden": 32, "obs_dim": 1, "latent_dim": 1, "lr": 0.01, "n_batch": 16, "beta": 1, "total_epochs_train": 50, "epochs_per_train": 5, "epochs": 29, "loss": [138215.34375, 132033.71875, 208369.171875, 169979.875, 205328.515625, 171067.71875, 121576.078125, 207815.1875, 177142.90625, 128932.5234375, 154327.359375, 155486.515625, 134023.96875, 161456.15625, 148075.5625, 195889.5625, 142187.703125, 194667.625, 189603.328125, 207313.890625, 172378.96875, 152180.859375, 108823.8515625, 120688.53125, 143272.640625, 173907.9375, 161526.625, 155938.5625, 121401.7578125, 135090.515625, 139679.953125, 151592.828125, 224920.96875, 182520.46875, 138662.9375, 124433.484375, 121116.84375, 132545.953125, 137161.15625, 164850.421875, 212581.9375, 146431.65625, 162892.765625, 153392.671875, 159573.0625, 182313.25, 122315.78125, 166710.75, 200294.4375, 130043.1484375, 100744.140625, 180015.5625, 110952.78125, 207706.875, 118876.140625, 139782.921875, 164789.25, 186929.53125, 127851.65625, 155398.84375, 150586.203125, 196843.171875, 136617.53125, 136156.59375, 155425.875, 157240.359375, 179266.375, 185282.53125, 120366.0859375, 125232.4375, 128482.9453125, 162309.0, 232121.984375, 172615.953125, 128393.296875, 126660.1875, 152351.3125, 121332.7734375, 132432.671875, 128367.390625, 141153.90625, 216926.546875, 172428.65625, 148691.171875, 111481.5, 180568.46875, 135235.15625, 117495.9375, 122238.1015625, 120858.015625, 144437.1875, 113552.5234375, 97734.890625, 170740.546875, 145257.359375, 156949.625, 144479.8125, 176045.0625, 100890.9375, 136443.109375, 152629.90625, 139472.25, 129762.9375, 190186.640625, 130444.4921875, 103000.5390625, 124096.9921875, 217979.609375, 138444.28125, 181244.28125, 128520.21875, 149561.078125, 127195.953125, 213460.8125, 115923.9375, 127708.65625, 145031.84375, 132093.9375, 160036.640625, 132588.125, 141564.1875, 156563.171875, 148797.9375, 133256.96875, 158197.1875, 123978.90625, 146788.109375, 167147.421875, 102724.03125, 178967.046875, 155173.9375, 94263.8515625, 155043.234375, 123342.2734375, 127573.828125, 147975.5, 123406.40625, 122921.21875, 142117.078125, 166632.71875, 145090.96875, 162039.609375, 118258.890625, 79775.21875, 160854.765625, 126158.3125, 152144.75, 105325.328125, 115641.4453125, 109930.796875, 167922.5, 99965.015625, 143192.5, 138359.203125, 176215.296875, 126068.921875, 98821.0, 126982.0859375, 108440.859375, 116908.921875, 120865.3984375, 174973.078125, 96242.6328125, 157439.5, 99469.640625, 147189.53125, 157793.140625, 143855.359375, 128761.1953125, 165085.5625, 104518.0625, 123609.390625, 191587.34375, 161419.421875, 183683.890625, 236151.296875, 190154.140625, 190334.125, 226807.546875, 220822.0, 184063.484375, 171435.21875, 144637.46875, 152384.5625, 170557.171875, 141712.796875, 216081.5625, 167936.9375, 137143.03125, 157650.0, 148491.71875, 120675.84375, 143267.9375, 173568.375, 154953.9375, 263988.8125, 147621.65625, 139972.96875, 149670.828125, 138649.5, 103117.2109375, 154242.453125, 217409.375, 136005.15625, 134334.140625, 195855.765625, 187466.71875, 153085.484375, 126974.5625, 148409.453125, 144034.25, 191172.03125, 158327.828125, 194856.1875, 145130.9375, 184665.75, 117039.9453125, 181228.203125, 185328.4375, 161692.875, 152995.03125, 101727.4453125, 156003.359375, 135506.671875, 149444.640625, 192350.1875, 139641.265625, 151274.84375, 140650.625, 133539.625, 102547.3828125, 207712.921875, 122666.8125, 142923.515625, 264351.90625, 150568.6875, 167846.625, 185228.046875, 145517.71875, 154810.953125, 109805.890625, 182418.0, 188066.796875, 132886.21875, 127191.9921875, 195265.203125, 135077.953125, 161188.40625, 149691.625, 182921.140625, 121081.609375, 180849.75, 130916.6796875], "name": "default", "desc": "lr_0.01_nb_16_ld_1_b_1", "folder": "./saves/grid_seach/search3/lr_0.01_nb_16_ld_1_b_1_default_20240307-075148"}