{"nhidden": 128, "rnn_nhidden": 32, "obs_dim": 1, "latent_dim": 2, "lr": 0.001, "n_batch": 16, "beta": 4, "total_epochs_train": 50, "epochs_per_train": 5, "epochs": 50, "loss": [194984.78125, 164702.328125, 160350.171875, 143698.40625, 168330.328125, 141887.09375, 199549.1875, 195821.90625, 202371.09375, 175405.0625, 215687.5625, 206704.109375, 142756.421875, 112150.71875, 135588.34375, 154472.921875, 241392.1875, 150096.328125, 188539.5, 150817.0625, 254646.796875, 138522.703125, 225052.359375, 176594.828125, 144127.65625, 88814.390625, 127093.5078125, 105435.2734375, 159521.09375, 120621.2734375, 145248.59375, 176473.5, 126215.234375, 122637.0625, 223553.609375, 174859.515625, 133224.4375, 172346.328125, 102763.4765625, 177158.25, 185838.90625, 126809.015625, 183763.375, 132963.40625, 167511.078125, 118744.1953125, 168884.28125, 130882.59375, 130632.75, 112604.359375, 130935.8125, 136868.15625, 165871.921875, 183853.234375, 156461.0, 157657.59375, 124971.859375, 115842.3203125, 143218.0625, 110551.59375, 132102.578125, 126284.640625, 141852.8125, 101273.8359375, 128427.890625, 112672.6171875, 143207.953125, 110386.375, 145252.265625, 175338.1875, 105121.53125, 159617.125, 126012.875, 115532.328125, 148399.828125, 142320.84375, 145993.75, 100314.9453125, 135588.953125, 137642.90625, 114930.765625, 125695.421875, 119170.8984375, 131603.09375, 135367.5, 113306.703125, 97052.4375, 131293.40625, 127151.1796875, 143196.453125, 121447.4453125, 101683.078125, 109344.2109375, 106026.0078125, 141016.203125, 121327.9296875, 110010.15625, 107359.734375, 174405.3125, 112695.5703125, 91627.25, 111657.9921875, 146857.9375, 129449.5546875, 92745.859375, 134005.90625, 119656.7265625, 116043.5859375, 92670.0390625, 105557.6875, 102175.34375, 142048.78125, 100451.421875, 147931.875, 169664.9375, 139225.4375, 176934.53125, 152298.375, 151716.1875, 186696.21875, 133848.984375, 156827.109375, 163573.25, 154525.03125, 229535.140625, 179017.5, 140323.40625, 142588.359375, 179248.265625, 230889.1875, 138261.34375, 171032.953125, 190683.796875, 115282.0859375, 174921.25, 128304.0, 192995.828125, 195882.78125, 182563.125, 168736.578125, 192561.515625, 159716.59375, 125655.5234375, 184550.484375, 141218.1875, 196125.609375, 178309.921875, 179569.4375, 200414.984375, 106855.8359375, 181103.734375, 115070.0, 134432.140625, 172725.84375, 123156.078125, 119944.3671875, 165981.21875, 180068.71875, 148194.484375, 196891.25, 120192.6640625, 178919.828125, 147081.8125, 147098.78125, 164336.515625, 199087.890625, 110756.5859375, 179291.375, 104802.6875, 174739.015625, 177533.765625, 150974.265625, 152849.34375, 130720.25, 159115.25, 232254.296875, 177429.078125, 174267.578125, 172070.0, 143380.96875, 190279.890625, 208471.46875, 251468.71875, 132655.75, 184340.90625, 161983.015625, 108745.46875, 120060.078125, 173825.25, 196064.8125, 181814.5, 105645.9375, 194160.359375, 181267.78125, 169703.015625, 138150.3125, 163022.828125, 157829.9375, 217407.171875, 197265.078125, 107107.625, 174527.71875, 120947.234375, 205393.375, 155575.921875, 147856.53125, 144790.71875, 156638.1875, 144783.0625, 181304.3125, 181988.34375, 102483.0546875, 175795.359375, 154352.09375, 146781.671875, 179883.65625, 128191.984375, 136087.140625, 227073.453125, 242833.484375, 102534.4296875, 154164.984375, 123333.296875, 152095.03125, 153413.828125, 154561.90625, 239976.015625, 123100.5546875, 158186.859375, 136836.84375, 166192.703125, 120225.3046875, 119588.296875, 228426.640625, 112503.203125, 192605.4375, 143598.28125, 154336.59375, 141500.4375, 159166.8125, 145708.34375, 182471.796875, 154618.125, 143000.953125, 163048.109375, 134947.640625, 155608.9375, 142539.703125, 140176.515625, 169926.8125, 178866.359375, 135676.0, 129856.8828125, 117841.453125, 154546.015625, 112193.6796875, 129849.40625, 141242.203125, 196028.078125, 200603.34375, 93096.921875, 124405.7890625, 98648.0234375, 146294.390625, 168774.140625, 163597.359375, 156819.921875, 137586.140625, 207964.46875, 142172.484375, 199197.28125, 148952.703125, 106877.4375, 129855.609375, 137204.796875, 126474.7109375, 142070.46875, 162501.15625, 146506.65625, 134621.25, 132965.84375, 195445.25, 177910.625, 114492.5546875, 133244.984375, 92690.109375, 139644.4375, 123737.296875, 152623.625, 123281.0, 126409.2734375, 148306.71875, 148599.984375, 125355.421875, 129307.0234375, 141269.3125, 167314.953125, 148789.0, 133457.125, 125588.1640625, 111372.6328125, 151695.1875, 173008.203125, 124672.21875, 147036.96875, 123757.40625, 122600.359375, 122936.3828125, 98925.1015625, 118461.390625, 147807.390625, 178237.359375, 142308.234375, 110868.78125, 193159.703125, 140467.4375, 125049.703125, 138385.546875, 111779.34375, 136689.328125, 103899.9765625, 124001.1953125, 124029.703125, 179575.28125, 137390.8125, 174550.171875, 99543.734375, 129656.546875, 162870.734375, 127774.015625, 143752.734375, 104678.890625, 103858.765625, 104934.7421875, 119375.109375, 135702.6875, 150950.421875, 139975.328125, 121185.9609375, 136239.109375, 127756.5703125, 121087.4609375, 137202.28125, 126402.7109375, 95335.9921875, 212290.421875, 111903.71875, 139130.734375, 100753.6015625, 116406.9453125, 111984.65625, 135050.140625, 122093.7421875, 150661.671875, 149772.84375, 104687.9453125, 206665.96875, 92706.0, 115660.7578125, 97676.15625, 90841.1953125, 110323.6796875, 109140.7734375, 108041.8984375, 137751.625, 139852.75, 144632.25, 103524.296875, 113454.734375, 105985.3125, 88103.3203125, 131625.375, 122723.140625, 126038.1875, 119896.2265625, 101423.96875, 106397.984375, 119783.4453125, 127995.125, 111482.2265625, 93529.90625, 91578.7109375, 117763.9921875, 127682.046875, 106215.5859375, 135396.640625, 152476.25, 119434.421875, 119040.7578125, 119352.484375, 110069.203125, 95355.8359375, 116592.2421875, 128723.28125, 117730.515625, 125256.7265625, 103555.703125, 106647.5625, 98264.859375, 132793.734375, 94635.484375, 163498.1875, 127548.0234375, 96647.1796875, 115142.75, 123737.0859375, 155655.578125, 106488.0390625, 133980.359375, 97684.234375, 84720.8125, 92424.0, 83038.921875, 138691.3125, 113391.4453125, 143947.96875, 99643.0, 136464.109375, 93971.0, 111773.890625, 82544.8984375, 93514.6640625, 120622.359375, 115281.578125, 100272.203125, 171537.265625, 110689.2421875, 78323.3515625, 113715.9453125, 113218.296875, 87634.5, 112798.0078125, 118326.609375, 98011.4140625, 102148.921875, 131849.96875, 86001.1328125, 114147.5625, 112221.8125, 106800.546875, 99654.5390625, 117420.375, 139644.78125, 112625.296875, 136800.0, 94131.203125, 113392.6640625, 95086.828125, 87452.3125, 71241.0546875], "name": "default", "desc": "lr_0.001_nb_16_ld_2_b_4", "folder": "./saves/grid_seach/search1/lr_0.001_nb_16_ld_2_b_4_default_20240214-000608"}