{"nhidden": 128, "rnn_nhidden": 32, "obs_dim": 1, "latent_dim": 16, "lr": 0.0001, "n_batch": 16, "beta": 1, "total_epochs_train": 50, "epochs_per_train": 5, "epochs": 50, "loss": [210906.578125, 183950.671875, 228711.0625, 119571.3984375, 232479.8125, 122992.703125, 154227.578125, 227044.15625, 137993.125, 208670.34375, 123832.6171875, 210800.1875, 229157.0, 131042.125, 244479.4375, 182166.296875, 154538.0, 134815.0625, 133323.234375, 154743.71875, 169862.109375, 199309.609375, 226332.3125, 189392.90625, 111686.0625, 188214.015625, 229011.46875, 178558.359375, 220964.984375, 246761.265625, 202503.0625, 101259.3515625, 185183.609375, 174349.0625, 176385.640625, 113583.0390625, 215752.140625, 187706.15625, 157972.1875, 148837.9375, 244312.03125, 140584.25, 118534.03125, 194431.71875, 172626.125, 218264.890625, 204741.8125, 138376.78125, 227006.71875, 160402.828125, 193986.0625, 134179.25, 135515.671875, 181000.09375, 171194.609375, 163664.84375, 212754.796875, 170945.875, 143951.640625, 169131.28125, 157823.484375, 172326.609375, 219943.828125, 160979.6875, 208713.828125, 126839.734375, 154362.515625, 152758.3125, 220106.0625, 130109.0546875, 226209.4375, 151509.453125, 172373.875, 221191.375, 134059.640625, 220630.015625, 139793.703125, 153712.546875, 183419.828125, 196788.046875, 149290.21875, 138118.8125, 155315.875, 122075.5078125, 197305.0625, 192515.4375, 191929.46875, 117467.859375, 201519.09375, 193568.53125, 133487.65625, 116798.203125, 197149.71875, 161104.5625, 231209.78125, 175271.0625, 148566.15625, 247863.5, 159895.8125, 135190.9375, 160605.5, 115877.359375, 258382.015625, 189745.0625, 193793.75, 137153.03125, 219539.40625, 135585.59375, 123729.453125, 196868.953125, 165491.265625, 153395.15625, 262784.59375, 198410.640625, 154944.9375, 151001.5, 144166.234375, 133491.78125, 137472.71875, 198601.875, 176126.3125, 165772.6875, 156961.5625, 169184.8125, 180824.75, 205387.625, 181614.84375, 163181.15625, 192775.625, 122398.765625, 135294.359375, 123818.859375, 211693.25, 183303.0625, 211981.515625, 156664.265625, 251841.53125, 184532.375, 192914.5, 169789.171875, 132594.25, 130890.3671875, 135719.234375, 161088.765625, 138030.03125, 198201.8125, 90228.2421875, 231258.75, 166941.65625, 153723.25, 166491.625, 183425.625, 145829.5625, 157465.625, 182180.34375, 183942.34375, 150308.625, 190330.296875, 117023.6796875, 205212.15625, 124636.234375, 174746.03125, 153150.734375, 141174.15625, 163635.25, 169782.0625, 127687.1796875, 218313.453125, 95570.9296875, 199679.0, 191153.875, 199777.84375, 188157.078125, 173480.15625, 110885.8671875, 143643.734375, 118376.6640625, 132581.78125, 214818.171875, 192350.546875, 156095.046875, 193674.046875, 188951.875, 113318.15625, 113418.9765625, 217261.703125, 151390.28125, 173251.234375, 156122.234375, 198250.53125, 186337.09375, 156157.265625, 183503.875, 137136.25, 153365.65625, 151396.453125, 178303.9375, 115979.15625, 133907.484375, 146204.84375, 137206.171875, 141801.9375, 106627.1953125, 177622.4375, 156351.828125, 223205.859375, 163376.4375, 238468.375, 220304.46875, 132224.828125, 119745.7578125, 145656.3125, 148352.375, 103701.5234375, 85109.2734375, 159648.21875, 146424.015625, 200374.703125, 120659.328125, 121396.3984375, 176507.984375, 185359.25, 116129.953125, 143765.046875, 178521.59375, 126690.1875, 165422.375, 210350.140625, 165935.390625, 153484.796875, 133358.234375, 150819.25, 160710.0, 115096.6015625, 157718.3125, 167997.46875, 129516.921875, 169722.40625, 169164.078125, 135218.171875, 143018.21875, 116463.8984375, 146359.0625, 135727.078125, 187866.71875, 193262.53125, 122572.3671875, 146094.859375, 122794.3515625, 142313.046875, 124513.3046875, 138407.84375, 121103.6796875, 144078.65625, 126092.3359375, 154002.984375, 159137.484375, 159539.6875, 143609.4375, 162591.578125, 115175.0859375, 128478.0390625, 106984.875, 147927.625, 131031.8359375, 122830.4453125, 129498.0703125, 122490.484375, 170227.46875, 175085.515625, 154523.296875, 122596.53125, 100305.296875, 131463.390625, 133614.875, 113116.203125, 115843.0859375, 180496.375, 111698.671875, 108695.609375, 139437.21875, 145865.703125, 152234.3125, 94635.796875, 150470.296875, 126054.7265625, 130113.9453125, 117634.6796875, 119299.5234375, 121402.15625, 135715.125, 114228.109375, 117476.9375, 131344.953125, 173234.625, 138055.4375, 177366.984375, 181389.078125, 121237.078125, 191477.109375, 152491.578125, 128462.6484375, 131656.515625, 104552.4453125, 117245.7890625, 104420.5078125, 125381.4453125, 120015.875, 145256.015625, 122050.625, 83892.109375, 138442.140625, 114433.3828125, 95288.625, 144252.78125, 101738.1796875, 146392.90625, 137590.109375, 105190.25, 123742.890625, 107686.3671875, 124132.2578125, 171064.0625, 135187.421875, 129990.4140625, 113541.1171875, 102976.3671875, 152560.21875, 118695.5625, 111419.4453125, 148425.296875, 104512.5625, 119109.5546875, 126917.484375, 111242.8203125, 92579.9765625, 106466.640625, 97659.2578125, 105117.078125, 129056.390625, 143621.03125, 173011.484375, 128406.578125, 128202.09375, 139817.5, 139571.828125, 100258.9140625, 130975.4140625, 113410.703125, 112346.0546875, 112383.1484375, 112549.984375, 165998.90625, 92720.828125, 119833.859375, 103751.203125, 115698.328125, 90837.3046875, 136793.296875, 109558.4296875, 106421.953125, 104686.6796875, 117310.8359375, 127493.171875, 90429.2265625, 108449.359375, 104185.875, 100501.984375, 119628.6640625, 140283.21875, 146111.5625, 119000.265625, 103864.5703125, 83550.3046875, 126758.015625, 101130.3203125, 102298.1875, 112923.140625, 95911.609375, 131290.109375, 136525.671875, 109613.203125, 104278.2734375, 94171.390625, 100142.171875, 141386.5, 88106.53125, 126527.6796875, 113349.6640625, 119786.3203125, 91622.0859375, 115704.84375, 115994.1640625, 106047.3046875, 103238.328125, 97328.296875, 101894.78125, 152885.109375, 98451.6875, 135749.046875, 94650.859375, 100670.4140625, 91074.921875, 98113.7578125, 99904.4921875, 114522.7578125, 107206.3125, 116242.28125, 118856.59375, 99299.890625, 141348.15625, 115999.2265625, 100044.0859375, 98355.140625, 108422.0390625, 121293.15625, 115456.265625, 111420.109375, 106046.4921875, 93954.6015625, 110211.734375, 120407.984375, 120128.265625, 88509.359375, 104606.6484375, 105749.0625, 150562.453125, 105574.671875, 94391.1328125, 100651.75, 113657.1640625, 100408.203125, 90109.3359375, 103315.1171875, 102241.203125, 120192.5078125, 124066.796875, 84883.5625, 134947.671875, 112269.3203125, 116030.40625, 92046.171875, 122962.8515625, 148798.75, 85916.953125, 105919.8203125, 139141.34375, 117188.1796875, 85498.2734375, 116112.171875], "name": "default", "desc": "lr_0.0001_nb_16_ld_16_b_1", "folder": "./saves/grid_seach/search4/lr_0.0001_nb_16_ld_16_b_1_default_20240307-101404"}