{"nhidden": 128, "rnn_nhidden": 32, "obs_dim": 1, "latent_dim": 1, "lr": 0.0001, "n_batch": 16, "beta": 4, "total_epochs_train": 50, "epochs_per_train": 5, "epochs": 50, "loss": [140884.625, 209359.734375, 144676.484375, 205612.90625, 174066.515625, 193696.578125, 214773.984375, 145412.828125, 182017.1875, 124457.7421875, 134060.125, 170353.734375, 111167.40625, 170882.21875, 206024.6875, 297529.875, 183732.328125, 195107.546875, 186294.421875, 194489.09375, 205281.328125, 167427.375, 225749.78125, 117109.0625, 129019.0390625, 135126.796875, 201137.671875, 159349.5625, 113346.421875, 180763.09375, 145755.453125, 133478.71875, 185520.53125, 218699.703125, 221354.125, 229838.90625, 218730.0625, 105362.4296875, 200570.84375, 157705.5, 144715.84375, 247653.5, 245744.84375, 135451.546875, 149027.0625, 146489.40625, 124108.4140625, 153524.515625, 146651.15625, 190063.5625, 212673.75, 169890.328125, 222435.953125, 228109.53125, 209625.78125, 131013.984375, 160986.796875, 195337.625, 203146.296875, 233696.5625, 133917.3125, 109605.515625, 166163.609375, 260288.328125, 146756.359375, 205052.25, 190991.359375, 153290.640625, 196503.515625, 161501.984375, 137775.84375, 135975.59375, 155029.890625, 210299.0625, 129232.3046875, 188125.53125, 163108.890625, 160514.875, 131052.9140625, 207169.953125, 240560.609375, 195017.578125, 154861.90625, 132474.984375, 115554.015625, 267768.65625, 159916.171875, 155888.328125, 218670.421875, 177794.921875, 197902.40625, 163414.765625, 191452.9375, 173214.71875, 161091.09375, 230593.5625, 170379.28125, 178380.3125, 133713.03125, 99350.8515625, 188869.796875, 172131.90625, 199655.5625, 216719.203125, 185478.671875, 156075.8125, 253790.234375, 100279.6875, 216609.859375, 157787.0625, 116288.09375, 159451.953125, 232744.375, 160942.234375, 158492.15625, 176029.25, 147315.1875, 145013.34375, 195577.765625, 160947.328125, 120733.0, 226997.96875, 138413.453125, 260925.5625, 163677.71875, 162701.484375, 187269.265625, 110457.6171875, 164472.96875, 153591.34375, 189913.8125, 166352.5625, 198504.640625, 255335.609375, 124703.9375, 177622.109375, 210151.0625, 132051.953125, 177777.53125, 142367.046875, 150840.34375, 121420.4765625, 251828.984375, 186943.890625, 173109.40625, 144979.96875, 119381.2265625, 206833.453125, 181226.484375, 195020.0625, 177134.609375, 141159.859375, 208211.953125, 185210.0, 264707.375, 252555.109375, 116598.1328125, 193399.90625, 190182.015625, 109861.109375, 86716.4375, 173480.140625, 160504.96875, 178465.0625, 166227.5625, 163559.078125, 208845.140625, 108804.453125, 125303.328125, 271754.84375, 176172.796875, 190455.296875, 201584.5, 204308.984375, 159315.875, 104097.3125, 233091.03125, 138208.65625, 192161.9375, 130281.234375, 172417.59375, 145786.6875, 206033.421875, 184152.03125, 156948.03125, 130964.609375, 203257.984375, 158865.890625, 184165.203125, 229405.0625, 138884.8125, 151879.6875, 149406.953125, 167162.9375, 255311.515625, 165589.78125, 140564.140625, 131739.09375, 134151.34375, 203567.859375, 156545.109375, 120623.765625, 244302.25, 149162.15625, 220444.484375, 170480.859375, 132919.625, 205514.140625, 176316.609375, 201476.796875, 202785.28125, 162797.34375, 164448.859375, 84268.609375, 156956.03125, 156313.125, 133527.46875, 166414.046875, 142148.265625, 105702.203125, 179472.34375, 246956.84375, 143382.609375, 130903.8828125, 242780.4375, 165597.53125, 154069.078125, 155094.8125, 137815.296875, 172277.84375, 194615.53125, 195739.421875, 134386.875, 190332.8125, 160517.453125, 173889.328125, 232842.265625, 167255.1875, 115301.609375, 137021.890625, 159603.90625, 135190.875, 171614.90625, 200740.75, 157618.453125, 112208.703125, 167621.53125, 122093.6015625, 181615.03125, 162292.328125, 191668.078125, 118754.140625, 227656.0, 97974.328125, 110002.9921875, 188927.625, 189071.09375, 218362.78125, 108877.2890625, 146166.6875, 171415.546875, 128307.9375, 191425.1875, 127206.71875, 218148.09375, 193099.875, 109592.296875, 133631.875, 135201.453125, 191238.859375, 117427.5625, 156338.953125, 168219.828125, 187448.578125, 160876.40625, 166981.453125, 115625.765625, 122622.140625, 168248.4375, 183836.6875, 223335.21875, 113581.59375, 184736.453125, 118427.2578125, 152736.421875, 159720.5625, 99193.5, 134342.484375, 175659.65625, 196300.546875, 178710.46875, 158884.140625, 126606.390625, 138866.921875, 123501.09375, 126490.1875, 151496.703125, 153171.0625, 122783.90625, 154591.765625, 173897.890625, 151886.46875, 143433.375, 179282.46875, 176811.96875, 152064.84375, 142239.53125, 173273.78125, 143916.203125, 123260.0234375, 136555.46875, 151722.640625, 166201.5, 174072.3125, 184798.3125, 132979.625, 146615.015625, 139983.46875, 141706.546875, 176004.484375, 133851.25, 205723.71875, 148509.46875, 189512.40625, 282822.09375, 98766.6796875, 184290.75, 129730.375, 147633.53125, 140683.484375, 127405.5546875, 159820.46875, 103402.4765625, 114871.671875, 93198.375, 120806.8984375, 151107.890625, 199979.9375, 201072.109375, 149654.359375, 174116.8125, 192353.078125, 133259.34375, 148249.609375, 144571.5625, 179604.375, 207144.859375, 104278.625, 153087.78125, 188279.40625, 150413.5, 136185.03125, 172239.109375, 129327.921875, 165040.71875, 140173.953125, 250052.46875, 160270.515625, 114968.4453125, 120186.0625, 207048.859375, 142211.453125, 110494.4765625, 144978.34375, 108715.9765625, 176987.640625, 192757.8125, 171783.015625, 106674.3203125, 153887.46875, 105747.7734375, 214313.96875, 149456.34375, 118382.796875, 149941.125, 120114.453125, 201433.109375, 200623.90625, 194074.75, 120510.3125, 145353.234375, 160258.703125, 142051.3125, 108504.4140625, 200776.046875, 143147.515625, 191390.03125, 120658.3125, 118784.640625, 128310.3203125, 173365.875, 189184.234375, 157047.3125, 163077.734375, 190200.59375, 137885.921875, 179970.65625, 147957.703125, 149272.765625, 214554.1875, 139265.515625, 132248.65625, 110103.2890625, 124940.7578125, 184416.84375, 139149.71875, 125894.2421875, 167172.578125, 180245.96875, 246339.53125, 101393.984375, 124383.3125, 164687.71875, 115695.984375, 164391.484375, 124085.59375, 140041.0625, 120741.578125, 123296.4375, 201552.53125, 181274.078125, 168414.5, 134948.5, 157880.0, 132842.859375, 179761.296875, 158998.328125, 100861.265625, 125004.6484375, 120826.8515625, 231178.90625, 183134.65625, 165505.328125, 154100.765625, 144750.6875, 101930.765625, 151323.53125, 118723.234375, 134364.34375, 209873.796875, 211353.984375, 137471.84375, 118262.4921875, 142380.40625, 191100.84375, 110519.71875, 128676.8125, 132800.453125, 205726.953125, 227591.59375], "name": "default", "desc": "lr_0.0001_nb_16_ld_1_b_4", "folder": "./saves/grid_seach/search4/lr_0.0001_nb_16_ld_1_b_4_default_20240307-095356"}