{"nhidden": 128, "rnn_nhidden": 32, "obs_dim": 1, "latent_dim": 1, "lr": 0.005, "n_batch": 16, "beta": 1, "total_epochs_train": 50, "epochs_per_train": 5, "epochs": 50, "loss": [112507.59375, 151819.65625, 225667.53125, 152887.328125, 200888.328125, 137774.578125, 203577.3125, 192203.296875, 121088.0, 102505.671875, 111063.1640625, 141813.15625, 219534.125, 186484.0, 136235.78125, 205906.75, 148835.9375, 120234.2578125, 142203.046875, 197217.25, 132511.25, 124269.515625, 154904.3125, 140233.0, 233949.40625, 126172.0546875, 164206.5625, 148630.171875, 132007.28125, 155563.90625, 135797.234375, 121058.1484375, 183414.1875, 153099.515625, 195320.265625, 150933.515625, 133734.203125, 135632.703125, 191793.5625, 175132.734375, 137357.03125, 2719936256.0, 142288.984375, 192591.953125, 135593.609375, 143786.53125, 123818.25, 187888.34375, 151350.890625, 122108.75, 170385.84375, 156594.421875, 182312.921875, 199455.109375, 183913.203125, 160787.75, 163233.734375, 124313.078125, 237772.65625, 132653.28125, 162809.71875, 116655.078125, 148129.203125, 215688.15625, 182189.203125, 155086.6875, 166450.640625, 125534.9375, 159535.703125, 181497.734375, 112157.09375, 104101.46875, 128067.671875, 212520.921875, 185735.109375, 112919.671875, 131272.8125, 128059.5, 210692.84375, 156687.625, 119200.703125, 240113.71875, 114682.234375, 142170.890625, 188193.09375, 112057.8203125, 188839.28125, 111695.4453125, 156363.59375, 130408.8125, 183396.828125, 129806.6953125, 176708.828125, 131549.4375, 194452.09375, 137680.21875, 138577.859375, 167840.625, 130162.0859375, 150432.625, 135574.71875, 107375.328125, 147358.890625, 213026.390625, 128617.9375, 166990.9375, 178627.328125, 181201.4375, 144540.6875, 173147.734375, 175365.15625, 128061.4609375, 166912.453125, 148128.34375, 135989.96875, 150053.921875, 145128.03125, 158766.78125, 118426.4296875, 173504.28125, 127190.0, 270396.3125, 142799.5, 108524.6875, 151430.0, 162520.03125, 125878.375, 151755.4375, 159465.890625, 190251.03125, 129389.5, 123451.2265625, 149536.90625, 140129.875, 185993.546875, 176400.34375, 195322.578125, 171006.1875, 183067.0625, 123785.265625, 141946.515625, 118474.0390625, 149368.84375, 150833.09375, 178184.140625, 121651.3125, 143966.0625, 180899.625, 139215.46875, 158444.625, 174070.15625, 180191.859375, 138212.96875, 191089.1875, 186865.515625, 131117.828125, 104839.8984375, 248647.328125, 128698.5859375, 155900.234375, 126177.171875, 142220.34375, 146919.59375, 149210.40625, 124390.6875, 151355.96875, 138834.65625, 119984.7890625, 143717.96875, 205713.6875, 229810.609375, 199182.328125, 147844.390625, 226412.78125, 130703.453125, 131700.484375, 113528.640625, 165625.046875, 147342.453125, 142847.203125, 127737.5859375, 176104.96875, 159619.21875, 166121.09375, 113342.4453125, 166982.765625, 151611.875, 138179.65625, 183045.96875, 185879.796875, 126826.6796875, 139906.140625, 214232.28125, 123918.6875, 161145.6875, 152036.40625, 145258.84375, 113040.6484375, 155877.75, 148518.6875, 125516.2109375, 122974.9609375, 182632.359375, 185400.3125, 161972.34375, 128145.859375, 174747.8125, 152905.953125, 140642.328125, 232201.78125, 138262.328125, 125398.53125, 191298.265625, 171214.828125, 120470.5, 111991.703125, 130934.6796875, 143083.28125, 131480.421875, 150248.3125, 158671.671875, 214301.890625, 161579.15625, 161318.9375, 138953.03125, 198021.125, 153996.03125, 136966.15625, 183798.78125, 120953.0234375, 154981.1875, 171813.78125, 132731.6875, 145177.515625, 151282.375, 181674.28125, 117410.265625, 99933.8125, 127736.296875, 176609.125, 180779.140625, 110366.4765625, 241334.703125, 179382.84375, 180815.40625, 139387.71875, 172532.84375, 113185.78125, 147640.375, 160678.921875, 188897.015625, 121022.3515625, 196100.453125, 121064.015625, 154500.84375, 208838.90625, 120853.84375, 115453.203125, 161302.6875, 150649.34375, 176992.453125, 118752.7265625, 126887.4453125, 153515.703125, 127704.9140625, 246222.640625, 152332.25, 128844.703125, 183843.125, 135729.3125, 120965.375, 169462.15625, 169665.46875, 148320.046875, 176639.9375, 144227.90625, 107186.265625, 192208.296875, 138208.5, 164348.390625, 142565.09375, 160938.625, 151527.921875, 182320.25, 145794.5, 173503.125, 143444.46875, 115680.3515625, 175249.6875, 167509.46875, 135357.0625, 188820.9375, 141422.0, 132315.4375, 180826.15625, 135033.90625, 128510.0, 205067.359375, 144432.9375, 145516.203125, 163208.296875, 134155.3125, 144221.875, 172435.59375, 146894.140625, 151575.125, 205231.109375, 111346.859375, 182194.0625, 130493.5546875, 193488.984375, 132822.390625, 123751.1640625, 165502.4375, 157422.46875, 203510.765625, 213790.171875, 133200.890625, 125577.328125, 145729.125, 108724.390625, 189264.03125, 105178.9453125, 154560.625, 146180.71875, 117112.75, 137988.46875, 169632.578125, 131757.71875, 199652.203125, 189658.65625, 182831.03125, 133459.71875, 193893.90625, 154517.40625, 192124.453125, 127894.8359375, 132568.125, 135328.96875, 190735.421875, 142459.90625, 123047.46875, 138290.421875, 160629.984375, 122968.734375, 209902.796875, 145721.734375, 133067.734375, 179622.9375, 186998.34375, 132613.3125, 156603.8125, 174381.75, 171000.3125, 135185.609375, 150000.625, 195605.78125, 112701.078125, 155088.65625, 147849.390625, 91152.8515625, 167255.25, 120267.625, 152054.34375, 188470.359375, 175471.9375, 162998.78125, 155619.53125, 174127.90625, 183806.65625, 173080.65625, 110315.296875, 137272.59375, 206734.265625, 155337.09375, 159831.71875, 148742.765625, 124253.171875, 204624.8125, 165359.671875, 132391.84375, 111645.84375, 159128.3125, 113545.671875, 174425.5, 183243.0625, 122599.21875, 124168.328125, 139762.75, 181628.015625, 152466.078125, 200236.484375, 146597.21875, 142886.8125, 161087.25, 165692.5625, 162267.71875, 182631.53125, 197054.78125, 168407.671875, 97529.8828125, 165992.265625, 116833.5390625, 144809.96875, 155559.5625, 135742.21875, 195511.09375, 159002.5625, 173125.0625, 160289.65625, 182529.078125, 120973.515625, 137076.828125, 120589.578125, 166546.75, 157691.0625, 141318.859375, 154681.328125, 158042.015625, 120705.75, 165024.34375, 199633.5, 144057.265625, 99438.4140625, 153384.109375, 129992.015625, 157767.28125, 168411.828125, 191096.9375, 124045.96875, 108621.4140625, 215425.390625, 133628.84375, 268602.8125, 161011.953125, 136405.71875, 107324.65625, 157878.265625, 137149.921875, 157149.203125, 135855.71875, 102368.0703125, 145375.65625, 122974.078125, 145568.625, 165105.453125, 129644.4375, 234257.625, 162288.625, 187881.6875], "name": "default", "desc": "lr_0.005_nb_16_ld_1_b_1", "folder": "./saves/grid_seach/search1/lr_0.005_nb_16_ld_1_b_1_default_20240213-230454"}