{"nhidden": 128, "rnn_nhidden": 32, "obs_dim": 1, "latent_dim": 2, "lr": 0.01, "n_batch": 16, "beta": 4, "total_epochs_train": 1000, "epochs_per_train": 50, "epochs": 50, "loss": [98072.4140625, 97771.4765625, 85394.15625, 96849.3515625, 62738.87890625, 130684.234375, 77964.6875, 65123.81640625, 70139.1328125, 37076.703125, 49100.2265625, 46165.6640625, 42447.33203125, 37419.484375, 40654.3125, 60138.1328125, 60729.00390625, 65659.3046875, 60495.09375, 28195.90234375, 36676.40234375, 83495.6484375, 31222.177734375, 26227.71875, 27744.689453125, 31526.47265625, 57279.8203125, 17417.765625, 22664.841796875, 28348.712890625, 37688.75390625, 52358.65625, 46412.35546875, 19412.220703125, 21670.78125, 41165.8203125, 42950.60546875, 29852.478515625, 39529.203125, 39382.1171875, 12015.7275390625, 36860.0078125, 17360.14453125, 23611.900390625, 31666.875, 15871.4443359375, 28400.2890625, 18195.947265625, 9160.05078125, 7244.99755859375, 7104.8271484375, 24560.802734375, 5450.4453125, 35381.2421875, 15962.580078125, 10030.12890625, 10048.98046875, 6507.0263671875, 13554.1572265625, 26282.814453125, 9325.126953125, 11907.0185546875, 12893.3701171875, 10105.05859375, 9831.4814453125, 18495.39453125, 17853.076171875, 4579.001953125, 34297.390625, 9152.46875, 5411.154296875, 9224.2255859375, 10393.861328125, 8109.8134765625, 12012.0498046875, 7869.75439453125, 8064.70458984375, 11745.5947265625, 8180.6103515625, 3054.614990234375, 7987.7568359375, 4611.0107421875, 4537.671875, 13327.4765625, 7118.72119140625, 9644.3134765625, 7440.60888671875, 7407.4580078125, 7613.01513671875, 6645.296875, 12492.923828125, 5510.86572265625, 3913.1884765625, 3011.810546875, 7007.45068359375, 12577.2138671875, 7113.68994140625, 18341.533203125, 9788.1796875, 10950.560546875, 10134.5654296875, 6792.44970703125, 5992.353515625, 6231.00341796875, 18882.939453125, 5960.5615234375, 10262.3193359375, 10527.9775390625, 10529.015625, 15748.2099609375, 6189.322265625, 9791.990234375, 25254.44921875, 1951.4639892578125, 6746.80859375, 8790.861328125, 10460.7958984375, 6926.18017578125, 3869.85595703125, 8378.2373046875, 11438.4267578125, 14939.5302734375, 3122.7451171875, 7558.09375, 8173.7392578125, 6119.5927734375, 7417.697265625, 6200.06005859375, 3850.486572265625, 13702.03515625, 9748.1923828125, 6067.013671875, 3511.0439453125, 9127.498046875, 8705.2353515625, 6907.07177734375, 6236.3662109375, 4101.3134765625, 20111.4375, 10514.37109375, 3310.8671875, 5150.39404296875, 5746.4111328125, 5469.41357421875, 10568.6552734375, 5861.1279296875, 3465.0107421875, 2424.295654296875, 5980.2060546875, 6217.97802734375, 5504.2685546875, 10197.857421875, 5860.7939453125, 5821.78564453125, 4755.80615234375, 4423.59765625, 4040.5341796875, 7157.3427734375, 7947.69775390625, 9184.3837890625, 6688.728515625, 7060.08740234375, 11122.16796875, 8010.86767578125, 3997.382568359375, 5608.7919921875, 7892.02099609375, 1013.17919921875, 5440.544921875, 7933.123046875, 3819.8037109375, 8165.76171875, 9615.11328125, 5450.27197265625, 3935.110595703125, 2233.553466796875, 6196.32470703125, 5557.9775390625, 10731.712890625, 12304.548828125, 2400.349609375, 12524.248046875, 12295.8583984375, 8233.9638671875, 4518.5966796875, 6844.318359375, 11323.37109375, 16975.1875, 29542.681640625, 12542.0546875, 8151.00244140625, 11939.3955078125, 13480.60546875, 2818.621826171875, 14438.720703125, 4788.0029296875, 7609.6044921875, 9001.51171875, 4314.5361328125, 9242.130859375, 5819.658203125, 5048.8056640625, 3840.968017578125, 5495.99658203125, 13139.4169921875, 9849.4462890625, 6866.47998046875, 8194.078125, 4400.97119140625, 3018.93896484375, 9003.619140625, 7112.99267578125, 10445.8359375, 5878.78955078125, 6556.5634765625, 6177.470703125, 5695.42919921875, 3564.574462890625, 14617.2958984375, 4822.66650390625, 4033.516845703125, 6989.029296875, 5793.95556640625, 2866.434814453125, 6895.58251953125, 8430.5546875, 9522.0400390625, 6493.53125, 8092.8408203125, 3124.015625, 3505.717041015625, 12771.6826171875, 15627.486328125, 1883.3905029296875, 9272.6826171875, 7056.84521484375, 17323.68359375, 8045.52197265625, 1667.3585205078125, 18128.2734375, 7237.47265625, 12143.4345703125, 7721.3466796875, 10206.669921875, 5267.396484375, 7357.22216796875, 8442.7060546875, 8984.2958984375, 4882.49462890625, 1411.6556396484375, 11655.056640625, 5660.90380859375, 7198.0712890625, 10060.5546875, 5091.79296875, 4434.912109375, 2968.301025390625, 3289.38671875, 6350.5546875, 6396.34423828125, 8303.193359375, 9057.1669921875, 3606.194580078125, 5066.10986328125, 4316.81201171875, 3334.149169921875, 1524.263671875, 3258.873291015625, 5685.10595703125, 13082.91015625, 4021.6142578125, 3855.685546875, 5545.5654296875, 8845.033203125, 5405.302734375, 2329.174560546875, 10388.865234375, 7416.0419921875, 4016.45166015625, 3831.97314453125, 8625.5107421875, 8250.2744140625, 5639.89404296875, 5861.07421875, 4668.3291015625, 4876.5244140625, 4560.4287109375, 6743.416015625, 3169.443359375, 16329.7060546875, 3972.453369140625, 3842.125244140625, 6272.31787109375, 10468.5732421875, 13022.9833984375, 11484.91015625, 3623.529052734375, 3978.318359375, 7761.4130859375, 13330.6484375, 3207.3134765625, 1933.166259765625, 4378.72509765625, 10482.6259765625, 3982.20947265625, 6764.77978515625, 7066.2568359375, 6707.59130859375, 3610.990966796875, 4142.9833984375, 1472.060302734375, 15442.771484375, 3455.577880859375, 9433.224609375, 4817.06787109375, 5256.07470703125, 5709.8134765625, 6649.8388671875, 9482.8330078125, 5101.53466796875, 4892.42431640625, 4932.23779296875, 14520.546875, 7322.03271484375, 10680.0625, 12282.1923828125, 2459.570556640625, 8553.9384765625, 6529.72802734375, 6532.4677734375, 6841.64501953125, 7509.2529296875, 9304.712890625, 6297.34375, 9686.2333984375, 2873.1962890625, 4123.26171875, 5039.28515625, 5200.76220703125, 5327.611328125, 7461.6689453125, 4099.18505859375, 8748.5263671875, 2247.853271484375, 3585.541259765625, 6037.37548828125, 9957.9873046875, 5483.5361328125, 6184.34814453125, 4375.2255859375, 5161.72509765625, 6278.568359375, 4081.515625, 7038.72021484375, 6985.9501953125, 4110.5771484375, 4283.45703125, 4410.201171875, 13148.423828125, 1692.09423828125, 2171.91650390625, 3127.71142578125, 6205.966796875, 7013.4609375, 9657.1083984375, 5301.4462890625, 3491.33447265625, 4322.91796875, 8630.1923828125, 3578.08837890625, 2442.7685546875, 4620.9755859375, 6480.03466796875, 8665.2080078125, 2817.564453125, 5113.99365234375, 5554.35546875, 6868.1044921875, 1841.1727294921875, 6122.9111328125, 7047.42529296875, 12378.9384765625, 7026.53076171875, 7307.58251953125, 6557.94970703125, 4276.421875, 5944.74169921875, 6891.61767578125, 7114.59619140625, 4487.806640625, 4764.12646484375, 6327.310546875, 5076.08251953125, 7404.6083984375, 6124.28076171875, 5987.14990234375, 5403.1923828125, 5681.974609375, 5174.25390625, 4213.552734375, 4676.931640625, 3590.260986328125, 8736.61328125, 7845.9765625, 5270.82666015625, 7672.10693359375, 7335.89404296875, 5869.5966796875, 7762.51416015625, 4404.875, 8503.7607421875, 1492.712158203125, 6697.314453125, 3558.97119140625, 2852.582275390625, 15758.7099609375, 3639.888427734375, 6346.787109375, 4540.26416015625, 5423.388671875, 2867.59765625, 7502.20751953125, 4564.568359375, 1869.82861328125, 11858.599609375, 7392.75830078125, 4492.4052734375, 3137.12109375, 4458.138671875, 4978.09326171875, 3942.74853515625, 2858.341796875, 8145.2451171875, 7830.11474609375, 4300.73193359375, 6984.5888671875, 2926.6494140625, 2266.52197265625, 11716.271484375, 4430.2109375, 6860.552734375, 6939.9912109375, 9635.107421875, 7940.06787109375, 7946.3369140625, 6867.826171875, 4414.994140625, 3216.47119140625, 2366.28271484375, 7040.4306640625], "name": "default", "desc": "default run", "folder": "./saves/dynamic_run_default_20240226-153351"}