{"nhidden": 128, "rnn_nhidden": 32, "obs_dim": 1, "latent_dim": 1, "lr": 0.0005, "n_batch": 16, "beta": 2, "total_epochs_train": 50, "epochs_per_train": 5, "epochs": 50, "loss": [104323.6328125, 178921.90625, 145977.453125, 194669.765625, 167318.125, 200918.25, 171208.828125, 175478.09375, 213903.09375, 256989.421875, 207973.265625, 245809.03125, 152443.546875, 169501.765625, 135219.078125, 144713.15625, 114153.6796875, 170424.234375, 115178.875, 155543.21875, 190789.1875, 170022.5, 223087.640625, 157470.96875, 193074.015625, 159196.515625, 194602.515625, 141697.484375, 186609.21875, 197330.421875, 115746.453125, 154653.796875, 139792.484375, 201934.71875, 199203.15625, 198675.84375, 210425.25, 153057.546875, 190720.484375, 167869.46875, 163705.734375, 144635.53125, 147305.5625, 167547.453125, 164497.3125, 172964.8125, 126787.9375, 180658.6875, 144667.40625, 119298.234375, 191621.71875, 180432.75, 215554.765625, 126755.921875, 156472.53125, 214357.671875, 164282.21875, 87848.2734375, 124108.109375, 114327.8515625, 177642.46875, 177991.671875, 152689.640625, 124672.484375, 180921.78125, 249583.453125, 180447.546875, 112586.546875, 147681.765625, 165163.65625, 112440.1015625, 144519.84375, 132401.84375, 142521.34375, 124632.46875, 225339.84375, 144384.90625, 182100.65625, 115458.25, 145983.359375, 160098.53125, 219380.8125, 173166.84375, 159529.453125, 123621.5546875, 141181.640625, 131595.875, 167625.8125, 145907.609375, 144620.46875, 125852.703125, 136967.0, 113000.125, 138649.15625, 149344.453125, 156064.890625, 163829.546875, 136327.859375, 258584.375, 205087.875, 132787.140625, 149234.9375, 157132.34375, 115734.96875, 158458.84375, 128860.7578125, 145454.5, 184538.34375, 184431.765625, 182914.96875, 137319.953125, 139552.5, 153427.8125, 92973.796875, 165266.84375, 136128.984375, 146306.703125, 128654.8046875, 152128.125, 173875.03125, 197914.859375, 116341.375, 133433.734375, 136138.21875, 192234.75, 152349.46875, 177411.484375, 159631.65625, 157894.609375, 113786.2734375, 159463.90625, 182410.6875, 131501.734375, 152613.140625, 133872.828125, 149431.90625, 182199.671875, 122113.515625, 119203.390625, 124200.65625, 156946.8125, 214305.5625, 195226.015625, 119679.7265625, 102342.359375, 206130.453125, 144930.203125, 171728.234375, 107664.0703125, 140240.484375, 167968.203125, 173953.015625, 171495.875, 105821.546875, 108595.765625, 165797.75, 157677.734375, 149451.3125, 129853.59375, 191515.703125, 199783.15625, 159447.203125, 175821.25, 8844477.0, 159812.5625, 134617.65625, 112831.7578125, 136715.921875, 154225.9375, 136288.59375, 90835.7578125, 157721.8125, 216972.75, 133198.0625, 133972.25, 150410.578125, 147094.59375, 187818.59375, 159051.40625, 109645.4140625, 176422.59375, 119550.3359375, 126637.0625, 123652.4296875, 188887.46875, 138198.46875, 233219.75, 132140.828125, 161287.75, 132642.578125, 176895.046875, 180501.1875, 149960.71875, 195538.125, 142520.734375, 133772.046875, 153314.953125, 131104.375, 174505.1875, 108113.5078125, 124925.515625, 128224.0625, 127730.609375, 186638.640625, 206880.96875, 134483.390625, 198174.28125, 162743.96875, 164339.6875, 175019.09375, 113023.953125, 156439.890625, 109323.890625, 154412.921875, 207072.03125, 155048.359375, 229046.625, 136648.34375, 137808.328125, 137386.75, 147815.328125, 125834.109375, 142964.234375, 151028.6875, 179773.21875, 187691.46875, 154817.453125, 157674.90625, 164979.6875, 129397.4375, 143037.09375, 135053.0, 99309.578125, 193577.0, 164271.390625, 115455.4140625, 143027.71875, 131504.453125, 119121.640625, 168594.875, 155511.9375, 218947.875, 171027.859375, 185437.875, 127963.796875, 157085.015625, 139128.125, 138157.625, 218121.03125, 175915.359375, 96991.1171875, 121541.78125, 134439.84375, 174819.546875, 175885.875, 144841.8125, 136799.78125, 140801.09375, 153581.078125, 101606.9140625, 156329.6875, 222089.34375, 108192.3984375, 175669.8125, 99537.25, 193478.671875, 168957.25, 172993.65625, 110114.5625, 104354.6875, 156995.984375, 149523.0625, 187555.625, 138741.140625, 139253.09375, 105189.984375, 234273.734375, 144730.328125, 121710.609375, 116230.6484375, 112733.5234375, 148532.0625, 128185.984375, 177885.296875, 151452.1875, 106326.2109375, 194515.71875, 213574.3125, 143079.1875, 109548.5703125, 187548.9375, 189827.15625, 135548.296875, 143302.1875, 173369.3125, 155636.109375, 125833.828125, 174117.03125, 200110.21875, 135504.140625, 167095.75, 113225.6328125, 160938.78125, 136494.375, 151569.078125, 120159.9609375, 128626.140625, 126952.0703125, 137538.1875, 114859.4609375, 208973.203125, 149681.6875, 168214.234375, 260233.046875, 100087.140625, 152866.078125, 189565.828125, 151847.3125, 142113.109375, 179586.53125, 126359.828125, 182002.984375, 141027.28125, 109146.4375, 184155.09375, 173091.65625, 158506.515625, 188609.21875, 137741.375, 188010.359375, 124489.8671875, 98768.859375, 132780.0, 141471.25, 194499.625, 166255.53125, 173826.921875, 159013.359375, 154846.34375, 164284.125, 139101.328125, 100055.171875, 149487.453125, 129721.828125, 133502.78125, 180682.078125, 93818.234375, 164024.078125, 159583.5, 187424.671875, 189210.640625, 122511.109375, 117099.875, 171200.4375, 191112.796875, 139034.34375, 181383.125, 125964.6640625, 170913.71875, 153147.71875, 182096.296875, 175691.4375, 170590.40625, 130929.453125, 124704.9140625, 129398.9921875, 142046.875, 173941.0625, 169150.609375, 174250.59375, 160258.390625, 143520.21875, 170638.328125, 137526.421875, 192472.375, 169401.4375, 147012.578125, 103492.46875, 161654.875, 126530.6484375, 160424.09375, 138440.96875, 138577.96875, 136647.1875, 185413.640625, 196075.96875, 149467.328125, 112573.3515625, 213268.84375, 195612.921875, 156025.578125, 186887.359375, 117022.671875, 148324.84375, 126147.5, 140761.375, 95184.984375, 143335.078125, 108418.859375, 158181.59375, 190239.375, 145578.28125, 206253.03125, 159341.859375, 152108.75, 148667.75, 126773.671875, 175727.296875, 144700.375, 157987.28125, 137930.78125, 140906.703125, 171011.0, 165713.1875, 150215.4375, 144519.765625, 188491.484375, 143883.3125, 120493.015625, 147370.46875, 162467.28125, 133312.828125, 184362.734375, 136211.78125, 180571.25, 134697.4375, 167190.765625, 194133.4375, 129879.75, 161070.140625, 131887.34375, 157474.3125, 112958.84375, 176655.140625, 171553.890625, 150569.28125, 123771.1015625, 135253.859375, 169622.828125, 134169.46875, 217220.375, 155428.671875, 130188.8984375, 140874.40625, 175401.75, 144466.28125, 117188.546875, 155258.921875, 140216.21875, 171247.03125], "name": "default", "desc": "lr_0.0005_nb_16_ld_1_b_2", "folder": "./saves/grid_seach/search1/lr_0.0005_nb_16_ld_1_b_2_default_20240214-003813"}