{"nhidden": 128, "rnn_nhidden": 32, "obs_dim": 1, "latent_dim": 2, "lr": 0.0001, "n_batch": 16, "beta": 0.5, "total_epochs_train": 50, "epochs_per_train": 5, "epochs": 50, "loss": [279173.28125, 203642.828125, 117142.734375, 139315.984375, 161709.53125, 152984.671875, 175435.4375, 240974.265625, 112031.0703125, 157568.5, 166614.234375, 204196.765625, 200073.84375, 194245.46875, 156986.75, 183308.484375, 169798.03125, 147756.15625, 215627.84375, 172120.53125, 140872.84375, 233332.703125, 147015.28125, 189707.46875, 147761.65625, 132850.0, 220713.96875, 200560.484375, 225538.734375, 259162.5, 168797.15625, 190906.171875, 161415.171875, 144407.078125, 111951.125, 124826.3125, 109591.3984375, 145447.40625, 122630.015625, 228026.828125, 231376.859375, 215718.65625, 189905.6875, 176607.59375, 170586.59375, 168534.46875, 189065.5625, 112576.9375, 136909.796875, 184419.875, 113363.5859375, 183010.5, 172737.09375, 248069.609375, 158667.21875, 230301.265625, 162655.296875, 185716.875, 162030.25, 100633.0078125, 210005.03125, 159926.0, 181047.609375, 156040.375, 151704.71875, 152991.265625, 211816.890625, 143815.28125, 240079.578125, 159424.25, 206908.828125, 135286.9375, 106385.4765625, 130909.9453125, 236437.71875, 211013.375, 144246.234375, 240686.828125, 91408.0625, 206187.03125, 169816.15625, 185551.375, 189397.09375, 145229.109375, 154809.953125, 223470.78125, 207440.359375, 181020.359375, 121401.640625, 94490.734375, 207350.6875, 182956.65625, 183465.6875, 185842.09375, 151984.53125, 154594.359375, 177117.609375, 156305.796875, 142478.53125, 136794.640625, 175190.640625, 174540.421875, 128651.7578125, 191161.921875, 186992.125, 183249.65625, 161405.796875, 154115.125, 201034.78125, 168150.859375, 126426.8984375, 225329.875, 144005.515625, 146156.203125, 167462.984375, 151193.96875, 102174.703125, 166404.296875, 201161.6875, 163779.75, 181683.859375, 133297.453125, 165309.765625, 175678.453125, 159103.078125, 140894.109375, 225463.21875, 91751.5546875, 144682.1875, 192200.5625, 165296.375, 173433.546875, 177841.3125, 150705.328125, 148232.890625, 151198.078125, 220768.90625, 141256.796875, 160536.65625, 95409.1875, 140178.890625, 137883.0625, 148247.953125, 227586.265625, 141777.9375, 180777.0625, 162604.703125, 204042.859375, 216608.671875, 187502.71875, 118541.2109375, 139974.8125, 147247.3125, 214130.5625, 170954.1875, 159689.640625, 134674.546875, 157256.0625, 140375.015625, 113069.84375, 189083.59375, 173545.171875, 141379.4375, 184696.4375, 145328.15625, 229532.65625, 159226.9375, 193900.125, 169955.890625, 99154.140625, 146433.28125, 113888.2109375, 178749.453125, 174160.59375, 178438.734375, 185428.53125, 135415.859375, 142967.53125, 141315.21875, 192891.578125, 142519.6875, 117359.625, 221274.09375, 209113.40625, 155546.765625, 138397.578125, 139927.5625, 161324.875, 135391.0625, 152117.78125, 197647.0, 117846.609375, 155915.28125, 166845.0, 134593.671875, 151786.625, 122658.296875, 202623.25, 136252.65625, 189184.328125, 142043.671875, 149473.375, 121248.578125, 182753.046875, 201929.28125, 145223.890625, 114652.109375, 174151.625, 130678.9296875, 180690.8125, 131522.125, 137988.953125, 173217.453125, 144083.21875, 152648.140625, 141652.5625, 141789.203125, 156424.734375, 165583.5, 174199.84375, 124370.1171875, 189741.796875, 124312.109375, 150462.890625, 104830.0546875, 164938.9375, 150121.265625, 149828.34375, 149600.0, 131440.875, 148807.140625, 115344.5546875, 158632.34375, 124246.359375, 159132.984375, 121078.1171875, 104277.0, 131063.265625, 91171.7734375, 150857.34375, 211671.09375, 145589.46875, 120830.953125, 135366.421875, 157707.640625, 111579.6796875, 155005.953125, 165662.171875, 125066.1328125, 121071.03125, 180913.171875, 101676.453125, 128034.1171875, 149094.0625, 169133.65625, 118053.6640625, 118666.140625, 173780.03125, 105191.1640625, 138735.21875, 114452.4765625, 115628.8046875, 139390.75, 146953.0625, 111782.5859375, 133377.71875, 163741.53125, 150692.9375, 150538.84375, 103765.9140625, 117721.8203125, 120722.421875, 193090.96875, 102183.703125, 122278.40625, 128015.4375, 112456.96875, 170302.3125, 125752.609375, 117210.546875, 142523.09375, 115407.921875, 112269.1015625, 161006.921875, 95313.40625, 135361.71875, 127846.109375, 141908.6875, 100621.84375, 134640.28125, 110310.484375, 159429.25, 161410.859375, 126470.0390625, 107802.390625, 113757.9765625, 136012.8125, 116598.6953125, 145788.78125, 145454.0, 171086.203125, 117038.53125, 114807.140625, 103144.6171875, 113388.609375, 113755.6796875, 127133.15625, 142504.96875, 128775.3984375, 114116.6171875, 116316.46875, 114873.3671875, 151146.46875, 106728.6953125, 84943.0625, 97606.9765625, 107709.890625, 111342.9609375, 128511.578125, 114719.484375, 112724.203125, 126881.9453125, 137105.609375, 112123.921875, 108033.578125, 124320.109375, 150918.265625, 137156.375, 94370.2421875, 97181.0078125, 128379.9375, 112556.3125, 116084.1640625, 79168.9375, 120722.078125, 154759.703125, 132696.640625, 115937.9140625, 92830.890625, 134178.3125, 125685.0078125, 96635.96875, 119459.9765625, 109988.15625, 121503.9765625, 109060.8203125, 109210.28125, 102562.9140625, 185837.578125, 109954.0703125, 182901.46875, 143496.453125, 116684.09375, 149763.25, 113589.7890625, 149150.234375, 155635.96875, 118949.8125, 109423.3984375, 104723.5703125, 120625.65625, 158762.359375, 141134.984375, 140754.734375, 123459.625, 104768.0546875, 98580.703125, 128319.0859375, 143827.53125, 201417.90625, 126934.0625, 124356.671875, 114590.21875, 132510.40625, 126276.8515625, 132990.140625, 99922.8828125, 89521.4765625, 132196.65625, 144331.484375, 139349.796875, 135323.59375, 151176.140625, 123276.921875, 116278.84375, 104500.875, 103461.9375, 128789.359375, 115611.46875, 111328.859375, 153069.46875, 105019.6875, 89728.984375, 111454.453125, 112301.109375, 187840.59375, 124337.203125, 126326.8046875, 140074.265625, 121314.6484375, 109414.15625, 132048.015625, 147176.59375, 93677.90625, 87177.6640625, 103021.953125, 133718.34375, 145633.46875, 106696.0, 160527.734375, 93138.8203125, 114394.359375, 104433.8515625, 93687.5078125, 162557.296875, 103484.03125, 116890.78125, 103730.28125, 110298.09375, 95698.8046875, 127406.1484375, 142032.46875, 89555.3046875, 125254.5625, 120418.0078125, 100499.953125, 142538.265625, 95505.4765625, 136134.75, 122861.7421875, 110444.0703125, 106980.9296875, 152316.90625, 147223.40625, 121356.390625, 93762.984375, 126228.84375, 101781.15625, 85396.328125, 126166.7265625, 100994.171875, 100972.6875, 124371.2578125, 109419.6015625, 94503.421875, 148841.25, 102612.484375, 101575.9296875, 123525.2109375, 127069.375], "name": "default", "desc": "lr_0.0001_nb_16_ld_2_b_0.5", "folder": "./saves/grid_seach/search1/lr_0.0001_nb_16_ld_2_b_0.5_default_20240214-011524"}