{"nhidden": 128, "rnn_nhidden": 32, "obs_dim": 1, "latent_dim": 16, "lr": 0.0005, "n_batch": 16, "beta": 0.001, "total_epochs_train": 50, "epochs_per_train": 5, "epochs": 50, "loss": [147313.296875, 138813.140625, 253426.71875, 183811.28125, 153543.1875, 250279.921875, 104623.125, 200406.59375, 168592.09375, 245829.984375, 143828.25, 159787.859375, 131377.53125, 219309.96875, 223892.515625, 174954.078125, 122042.828125, 161964.84375, 167067.28125, 175591.8125, 131690.03125, 157212.375, 163055.984375, 203062.3125, 152501.015625, 146000.6875, 250006.0, 215390.203125, 142609.5, 136976.046875, 183842.75, 207389.140625, 129851.6015625, 126687.171875, 190632.796875, 187446.359375, 158434.28125, 111613.8046875, 148153.734375, 170316.28125, 229356.125, 209999.953125, 137000.34375, 117665.7109375, 227267.46875, 225346.921875, 100803.515625, 172432.65625, 122906.953125, 147407.5625, 136312.375, 201785.203125, 119222.375, 225589.890625, 119462.125, 137771.03125, 105637.890625, 208853.28125, 190253.125, 198810.90625, 164638.40625, 158732.3125, 166240.5625, 131960.265625, 128889.015625, 210542.5, 182018.3125, 145442.0625, 124258.640625, 158694.46875, 139264.71875, 122039.9140625, 151686.265625, 121376.2265625, 149519.296875, 166391.140625, 119603.6015625, 115167.65625, 161153.75, 125722.546875, 113793.1875, 118048.28125, 108201.65625, 120197.109375, 157182.390625, 104153.046875, 133039.25, 155911.921875, 104284.1484375, 141355.953125, 95022.421875, 122940.109375, 133475.1875, 108113.03125, 116668.1015625, 117461.0546875, 171227.796875, 103462.921875, 105655.7890625, 125507.109375, 106131.3125, 100829.328125, 94566.96875, 179460.25, 93242.203125, 144178.359375, 103454.671875, 109800.8125, 115529.3671875, 136743.40625, 83124.671875, 104149.71875, 103974.453125, 117417.28125, 97268.46875, 147791.28125, 134809.65625, 134472.34375, 154295.21875, 94589.9375, 100331.3046875, 116827.9375, 101483.5859375, 105250.765625, 124315.046875, 95087.53125, 102181.8046875, 153019.90625, 113102.4296875, 102621.6953125, 93144.828125, 101110.03125, 102695.6171875, 87946.390625, 100385.5390625, 98960.3671875, 100845.8828125, 79777.5625, 142927.546875, 127620.15625, 93213.3515625, 123572.3828125, 148339.6875, 109154.5078125, 137416.828125, 118039.625, 106640.171875, 87789.0, 122670.203125, 85286.9921875, 119872.390625, 110173.546875, 93100.890625, 86328.0078125, 101949.7109375, 94020.1328125, 84773.1484375, 116441.3984375, 133771.375, 102106.5625, 118665.5703125, 138474.0, 116103.5703125, 121424.875, 116573.5625, 105608.453125, 95770.7578125, 90754.1015625, 89280.578125, 113860.421875, 89805.96875, 115215.578125, 85844.125, 91993.0859375, 82952.46875, 123712.5078125, 85193.5078125, 97021.015625, 83596.390625, 186150.546875, 130399.171875, 113900.390625, 87559.84375, 85116.4375, 99134.5, 107183.6171875, 99658.234375, 86891.375, 86169.515625, 103045.203125, 101826.1796875, 90086.734375, 96628.890625, 129591.2578125, 88772.453125, 84537.703125, 86658.78125, 112537.1171875, 104867.6015625, 80772.8125, 106783.484375, 111372.0, 84212.6875, 91774.8984375, 91872.515625, 106425.3203125, 90368.140625, 96538.0234375, 90855.2421875, 89387.0703125, 103419.65625, 116829.96875, 84519.421875, 72509.59375, 84383.1015625, 118937.140625, 66813.125, 87219.59375, 127333.5, 90453.453125, 83370.5, 80821.8125, 93066.78125, 123814.5390625, 116810.7109375, 88757.65625, 100940.7734375, 89177.5390625, 94006.21875, 97941.578125, 105245.5234375, 79491.3984375, 129587.28125, 82168.1875, 93927.28125, 99621.03125, 87641.2890625, 81055.015625, 90681.4765625, 93513.59375, 95894.421875, 83338.0, 97650.3671875, 91010.4140625, 105126.328125, 88786.59375, 79633.390625, 84436.0859375, 114270.203125, 89801.1015625, 81484.90625, 89901.5625, 73579.546875, 88874.953125, 95040.1171875, 86632.765625, 104009.125, 78205.0546875, 92113.1171875, 80684.5625, 90732.5859375, 81318.0390625, 84458.875, 91404.0234375, 75272.6015625, 79643.140625, 100387.859375, 101019.0, 71214.6640625, 99381.890625, 91512.84375, 89448.2265625, 88620.640625, 72571.609375, 85695.046875, 89804.328125, 90157.6015625, 77388.8203125, 81953.703125, 75520.8828125, 96686.0625, 90558.96875, 72442.5625, 84561.515625, 64554.45703125, 89486.046875, 100398.3515625, 79456.7421875, 71287.96875, 70110.21875, 79209.8828125, 81449.1953125, 71238.875, 71095.8984375, 116749.828125, 98950.140625, 84627.7734375, 96993.5, 73492.5, 74291.6328125, 95958.7421875, 73255.7578125, 86784.4296875, 122142.0390625, 84006.78125, 76751.453125, 102451.5234375, 103927.2890625, 93250.328125, 76716.3984375, 78709.4609375, 82898.8984375, 60640.91796875, 72605.5546875, 59189.328125, 67997.28125, 70411.6875, 79224.3671875, 64768.89453125, 68974.546875, 75014.453125, 98541.984375, 73153.3671875, 85546.84375, 90163.96875, 63103.90625, 76370.1015625, 76046.8359375, 86539.71875, 76870.734375, 60236.109375, 90612.5703125, 66343.328125, 70160.953125, 76956.59375, 74970.59375, 88318.984375, 85291.859375, 55716.01171875, 57080.48828125, 101906.5234375, 63121.34375, 72941.6328125, 61819.4765625, 83158.8359375, 64150.6796875, 83747.203125, 67114.8984375, 93882.3359375, 59028.9296875, 58687.8203125, 87548.8671875, 68846.59375, 64663.1484375, 89250.71875, 72513.890625, 67479.4140625, 60633.625, 64832.73046875, 99108.78125, 70532.3125, 58920.2578125, 57828.24609375, 86055.984375, 68950.1328125, 82402.796875, 99774.6796875, 98249.2109375, 62717.3671875, 69975.4453125, 76066.6328125, 68310.6484375, 105131.578125, 63772.9453125, 74747.5625, 68271.8125, 91789.421875, 55185.78125, 107819.71875, 89014.03125, 73068.6015625, 72036.34375, 67689.3125, 71408.546875, 82482.46875, 62333.02734375, 64363.0, 78036.4765625, 64666.328125, 90158.8046875, 91507.8828125, 102833.59375, 67565.7734375, 110290.265625, 91577.3671875, 96518.5, 105670.4765625, 115728.5390625, 124746.6796875, 156881.4375, 105913.9921875, 116204.890625, 118230.359375, 202419.640625, 124016.4921875, 99161.46875, 96614.6328125, 108313.8125, 98012.0078125, 85004.046875, 62272.203125, 73452.8671875, 72498.40625, 109127.7109375, 76377.921875, 100456.640625, 75338.3671875, 93098.21875, 88355.6328125, 114313.7890625, 73881.8046875, 63999.796875, 94540.03125, 75727.4609375, 90496.8515625, 107758.21875, 70399.6796875, 78655.1796875, 89067.0546875, 81078.9921875, 71385.0234375, 95723.484375, 87296.140625, 107616.6171875, 67369.546875, 82572.7109375, 73066.6484375, 77009.75, 57751.98046875, 72326.046875, 89006.3984375, 83896.9609375, 84352.21875, 65419.7890625, 68104.34375, 57343.2734375, 66460.8203125, 75661.4296875, 70934.15625, 55270.80078125], "name": "default", "desc": "lr_0.0005_nb_16_ld_16_b_0.001", "folder": "./saves/grid_seach/search1/lr_0.0005_nb_16_ld_16_b_0.001_default_20240214-010330"}