{"nhidden": 128, "rnn_nhidden": 32, "obs_dim": 1, "latent_dim": 2, "lr": 0.01, "n_batch": 16, "beta": 1, "total_epochs_train": 50, "epochs_per_train": 5, "epochs": 50, "loss": [158005.59375, 194942.65625, 185346.40625, 145359.8125, 193030.15625, 122019.7734375, 104206.015625, 213780.125, 146752.1875, 162058.96875, 116347.25, 136682.546875, 178329.75, 146728.84375, 140455.265625, 147442.78125, 169274.0, 165908.40625, 173406.90625, 144456.28125, 132293.96875, 97347.984375, 118480.4453125, 115050.5625, 155829.53125, 227264.484375, 141006.453125, 126773.21875, 119208.0625, 178844.125, 162295.125, 145608.296875, 167183.234375, 106560.3828125, 112707.828125, 133262.265625, 123515.7109375, 133678.4375, 112474.7734375, 157265.40625, 150513.171875, 125871.046875, 132162.078125, 97730.4921875, 95499.5703125, 150088.59375, 87474.1484375, 119224.7734375, 148581.71875, 98306.2421875, 106671.2890625, 106253.2890625, 85882.125, 100527.3046875, 77472.8828125, 114383.359375, 147883.875, 87157.7734375, 121131.390625, 128488.015625, 88699.234375, 75360.3125, 78201.8359375, 81139.8515625, 108903.90625, 147453.765625, 97227.328125, 76327.3984375, 77798.96875, 100690.640625, 136658.6875, 125850.6796875, 90387.484375, 135633.203125, 95267.7734375, 99911.2578125, 72525.046875, 78997.546875, 141900.28125, 100099.15625, 94049.859375, 87627.828125, 78609.09375, 90027.390625, 56725.7578125, 126321.5625, 71677.890625, 67086.515625, 133680.5625, 103745.515625, 113897.078125, 100297.0390625, 95401.3671875, 49551.30078125, 108414.421875, 87157.3125, 118841.96875, 70526.953125, 103668.28125, 83858.6171875, 69603.171875, 100559.6484375, 81932.84375, 115331.6640625, 112588.46875, 54617.984375, 54186.7109375, 96653.1796875, 73224.015625, 118185.90625, 82817.296875, 59876.328125, 73802.0078125, 88424.703125, 64426.734375, 63889.7421875, 56049.84375, 99329.671875, 76570.640625, 49652.98828125, 75575.1953125, 76538.4296875, 77079.4921875, 56192.046875, 53064.8203125, 44775.34375, 95158.8359375, 65194.671875, 68090.0, 53595.0625, 54407.875, 48362.4609375, 115090.1796875, 43797.546875, 86671.59375, 83675.734375, 44836.94921875, 63427.515625, 58219.51171875, 117541.53125, 49908.29296875, 52894.1171875, 62118.3046875, 60377.6015625, 68790.15625, 77976.078125, 64916.0859375, 40867.8671875, 59202.12890625, 70645.0625, 101060.7109375, 45168.8125, 72057.9375, 55585.20703125, 49200.875, 61879.0703125, 45630.109375, 103993.7421875, 47498.62109375, 45463.71484375, 67264.78125, 63083.14453125, 84115.921875, 85248.7890625, 130010.2265625, 65295.89453125, 86694.4453125, 67791.34375, 106549.03125, 121525.3671875, 80404.3125, 104608.5625, 95228.390625, 57711.59765625, 79949.1640625, 69125.0234375, 114182.359375, 40257.6328125, 67716.96875, 59997.33984375, 56553.046875, 49798.81640625, 63214.3046875, 70300.2578125, 88955.1875, 54036.21484375, 89787.625, 69930.53125, 44694.34765625, 34523.625, 69424.78125, 79466.953125, 39276.16796875, 50575.796875, 61632.953125, 68480.0234375, 92188.96875, 75108.546875, 56447.3515625, 45189.12890625, 30371.6484375, 50013.52734375, 40025.0703125, 75505.203125, 90539.9375, 56317.02734375, 65452.51171875, 80585.3828125, 63733.48046875, 117896.765625, 47715.90234375, 49877.28515625, 67268.9453125, 43382.47265625, 41523.01171875, 37548.08984375, 65884.796875, 42567.85546875, 62493.421875, 51143.6015625, 26707.23828125, 124241.765625, 36124.80859375, 37833.83984375, 67804.3984375, 83993.171875, 43676.84375, 82907.484375, 33530.71875, 61945.6875, 41098.3984375, 57500.89453125, 31078.154296875, 51354.8515625, 76204.6484375, 31049.111328125, 41457.16015625, 51507.140625, 38457.03125, 62174.94140625, 78292.9375, 47933.421875, 43295.25, 48236.6484375, 37018.19921875, 35518.54296875, 66399.15625, 38216.3203125, 54759.3046875, 81048.75, 39342.19140625, 83919.953125, 68570.4140625, 56851.05859375, 30459.541015625, 46342.1328125, 68374.046875, 50739.140625, 48673.08984375, 38791.796875, 48005.46484375, 73083.5546875, 61922.546875, 49327.4921875, 57445.51953125, 41688.07421875, 38354.125, 61777.32421875, 43154.73828125, 56382.9140625, 31267.94140625, 53106.203125, 28269.75, 84142.1171875, 29015.654296875, 46218.4296875, 58035.296875, 62843.953125, 69289.109375, 63989.71875, 62394.94140625, 57140.0234375, 64085.21484375, 31501.169921875, 61184.53515625, 45177.12890625, 39785.546875, 57062.9765625, 61002.8359375, 41055.95703125, 80045.6875, 29848.927734375, 87817.3203125, 48279.03515625, 43413.44140625, 41863.421875, 57462.4375, 32045.71484375, 35685.78125, 79954.8671875, 64025.328125, 93775.5625, 23239.69921875, 44395.3046875, 71990.171875, 37815.046875, 49000.16796875, 57545.61328125, 58609.5703125, 38825.50390625, 43114.3125, 59723.02734375, 53990.8984375, 52838.70703125, 36295.05078125, 55130.76171875, 59071.83984375, 84576.6015625, 56393.3671875, 49062.44140625, 47907.40234375, 29287.68359375, 48252.1953125, 60034.6875, 41404.109375, 47355.59765625, 50179.19921875, 40035.5234375, 55435.2890625, 50001.2421875, 105853.0859375, 50666.609375, 46512.18359375, 39563.5234375, 68973.671875, 59378.3828125, 43773.5234375, 42934.703125, 36586.74609375, 58384.98046875, 54889.7421875, 55691.6796875, 64111.9609375, 105097.078125, 39272.5234375, 47073.0859375, 50271.8203125, 22720.982421875, 52096.1875, 41249.08984375, 36536.609375, 59186.5859375, 59897.41796875, 48154.609375, 77952.71875, 62039.48046875, 57777.34375, 32002.533203125, 55782.41015625, 29680.53125, 38162.34765625, 54233.59375, 47405.5, 61274.953125, 51819.859375, 28451.796875, 62531.203125, 46511.515625, 51063.87109375, 57323.9375, 40659.109375, 66459.8125, 67917.9765625, 38383.23828125, 53236.4765625, 39068.671875, 41996.0859375, 34644.06640625, 50477.3828125, 37453.26953125, 41497.80859375, 55856.80078125, 31285.98046875, 45345.1796875, 88824.578125, 31719.63671875, 66499.484375, 58098.91015625, 53236.703125, 25737.625, 45444.546875, 80407.8125, 64334.09375, 65090.8203125, 38613.7421875, 52860.6015625, 38581.6484375, 64036.03125, 67323.7109375, 46259.81640625, 61907.58984375, 45095.77734375, 58115.27734375, 58057.5078125, 42365.30859375, 48948.38671875, 62564.4453125, 72356.21875, 51238.0859375, 31871.376953125, 38288.7265625, 37438.109375, 56632.25390625, 67448.1328125, 66888.953125, 41031.1015625, 69011.4765625, 34910.34375, 42755.07421875, 26963.873046875, 55753.3515625, 66944.0546875, 94074.515625, 36785.265625, 47161.91796875, 52854.76953125, 81100.8359375, 65398.3984375, 66881.609375, 62099.7578125, 65567.703125, 28339.509765625, 41171.91015625, 69742.921875, 88530.09375, 24976.50390625, 100239.640625, 84775.234375, 42711.734375, 39340.56640625, 70460.6171875, 78512.6328125, 61549.94921875, 55656.0625, 88417.953125, 30370.404296875, 42676.76171875, 27832.880859375, 66963.828125, 37497.390625], "name": "default", "desc": "lr_0.01_nb_16_ld_2_b_1", "folder": "./saves/grid_seach/search4/lr_0.01_nb_16_ld_2_b_1_default_20240307-080521"}