{"nhidden": 128, "rnn_nhidden": 32, "obs_dim": 1, "latent_dim": 8, "lr": 0.0001, "n_batch": 16, "beta": 1, "total_epochs_train": 50, "epochs_per_train": 5, "epochs": 50, "loss": [203087.46875, 146138.46875, 165755.765625, 155754.265625, 188347.25, 172991.453125, 131961.875, 194026.890625, 152293.265625, 250098.796875, 171052.125, 214731.71875, 113397.8125, 180975.46875, 142623.171875, 164877.59375, 136323.703125, 193830.953125, 212480.3125, 137685.0, 172128.8125, 173447.6875, 135813.375, 182914.546875, 196935.671875, 132234.78125, 217167.390625, 120745.421875, 135658.0625, 242327.015625, 102307.5390625, 186979.46875, 170246.203125, 171312.203125, 149922.625, 239868.296875, 150664.0, 140662.84375, 198429.734375, 171145.578125, 168408.140625, 196654.625, 140995.90625, 252226.4375, 134603.859375, 239837.828125, 111652.2421875, 152691.34375, 217189.875, 193273.40625, 152623.375, 210398.9375, 121509.0, 155140.0, 170043.375, 122135.890625, 166455.75, 186952.796875, 187700.375, 171780.4375, 143337.03125, 195682.453125, 215806.84375, 173855.4375, 124813.53125, 155471.25, 173554.078125, 182181.125, 207754.15625, 212381.921875, 158482.859375, 169322.09375, 131188.5625, 185582.671875, 175213.109375, 144702.59375, 196599.484375, 199160.859375, 204603.140625, 177918.328125, 137348.65625, 141522.5625, 165986.421875, 168389.984375, 143784.984375, 137123.6875, 145565.421875, 189275.671875, 244620.84375, 199781.859375, 160350.484375, 183957.84375, 199676.578125, 200702.484375, 149489.40625, 170201.671875, 168549.9375, 155226.78125, 96536.5234375, 110946.421875, 211667.6875, 174874.75, 175139.71875, 121694.0625, 161804.046875, 252126.28125, 140090.84375, 177200.9375, 159469.765625, 152362.03125, 216913.296875, 145905.328125, 174553.015625, 201382.4375, 151785.734375, 135828.625, 166664.28125, 139048.640625, 239302.109375, 144969.890625, 210756.5625, 140860.625, 207358.703125, 163006.796875, 182923.578125, 115700.375, 209218.328125, 171655.75, 202877.578125, 213638.59375, 87169.046875, 176231.0625, 124445.1796875, 163857.78125, 167321.1875, 129481.0859375, 193917.0625, 141275.625, 167849.421875, 172161.703125, 198484.5625, 99608.4453125, 138630.359375, 166520.296875, 204062.46875, 176915.625, 120144.1640625, 188904.359375, 134639.890625, 143483.28125, 170149.671875, 170129.28125, 190700.1875, 167945.78125, 116626.515625, 208826.0, 165154.25, 132586.953125, 160114.515625, 167078.359375, 174297.8125, 126012.65625, 152981.6875, 205028.96875, 128210.78125, 133657.0625, 177935.765625, 149349.71875, 179549.0625, 143997.40625, 201886.53125, 111905.125, 185252.125, 130145.0546875, 145960.78125, 104874.3671875, 249997.90625, 136333.375, 221744.46875, 149244.390625, 142987.875, 167544.234375, 195611.796875, 142311.125, 207498.5, 195881.5, 128192.2578125, 111201.578125, 168914.890625, 201153.46875, 141835.640625, 106811.2890625, 162167.265625, 106087.6875, 237741.875, 174293.96875, 172373.703125, 128556.09375, 158113.90625, 139199.28125, 184317.671875, 130111.421875, 158589.0625, 146743.625, 127364.3515625, 259108.046875, 113698.25, 144769.328125, 178979.453125, 186275.71875, 156252.796875, 87298.2109375, 157453.75, 204890.46875, 184169.875, 110245.9921875, 186348.96875, 190467.703125, 145208.828125, 132245.859375, 161628.328125, 119404.8359375, 128601.2421875, 181793.5, 149264.890625, 157146.75, 127475.25, 180048.125, 135288.84375, 110765.0078125, 161433.84375, 138935.484375, 152418.5, 159514.9375, 139258.375, 114619.84375, 82697.890625, 170401.921875, 139541.71875, 142484.75, 124765.59375, 139600.46875, 190958.0, 119585.421875, 146623.796875, 83626.0625, 204370.875, 176117.84375, 126407.40625, 119700.84375, 160478.828125, 109019.140625, 182961.59375, 94531.203125, 123511.1875, 114084.1484375, 131138.640625, 108005.796875, 168194.21875, 117002.265625, 166697.1875, 150107.640625, 122745.015625, 147031.90625, 127323.5390625, 132672.671875, 122728.21875, 116830.171875, 129951.6640625, 129541.671875, 156426.53125, 133264.390625, 130391.59375, 113789.8203125, 115268.265625, 123516.4609375, 79968.5625, 161773.140625, 133792.71875, 97246.5390625, 86917.53125, 120375.671875, 148927.53125, 114444.4453125, 116774.8203125, 171980.796875, 129106.4609375, 108117.140625, 108123.28125, 108136.7421875, 124752.8359375, 112160.3359375, 117973.28125, 130335.359375, 127627.03125, 118139.1875, 145240.90625, 106191.375, 98729.34375, 121231.203125, 105728.890625, 143880.5625, 108411.3984375, 119392.7578125, 125327.8828125, 129109.9765625, 92062.5234375, 130857.859375, 123942.328125, 122496.453125, 107322.484375, 104936.6640625, 144533.40625, 95186.015625, 100229.453125, 120903.40625, 105771.3671875, 114233.9609375, 116191.640625, 92082.3125, 100216.03125, 149129.96875, 111076.65625, 132004.671875, 109551.546875, 124826.453125, 87320.796875, 102212.53125, 136950.875, 138138.5, 113652.046875, 105628.796875, 104163.140625, 130375.2890625, 97604.2109375, 146017.59375, 111797.390625, 79400.5703125, 110398.375, 108767.3125, 140706.9375, 84890.0, 112769.921875, 95886.421875, 117514.21875, 81982.25, 119919.609375, 135043.359375, 86050.2421875, 101504.515625, 192058.8125, 104533.328125, 102909.6171875, 121789.25, 87460.84375, 119043.4296875, 115123.15625, 131011.3359375, 85608.546875, 144532.734375, 106460.4765625, 113632.5859375, 111183.5546875, 87927.921875, 112723.78125, 117762.2578125, 132261.828125, 118501.4140625, 87014.265625, 106945.0859375, 117834.3984375, 96068.8046875, 103494.578125, 94910.75, 123308.9765625, 122988.3125, 129548.703125, 93032.421875, 104633.5234375, 123191.9296875, 132834.09375, 115337.875, 105058.8203125, 101600.359375, 91717.1171875, 101558.0078125, 95047.875, 143428.3125, 95581.75, 99465.421875, 120177.1796875, 77617.296875, 145916.34375, 125291.390625, 111221.6796875, 93359.078125, 105788.3203125, 126390.9296875, 93242.34375, 104319.5703125, 106451.1640625, 108936.5625, 115268.921875, 122599.5078125, 122315.0625, 151748.453125, 119305.71875, 102065.890625, 132891.125, 94895.546875, 93001.5078125, 107691.4375, 106532.3515625, 104462.0, 145717.625, 82501.5234375, 91834.6328125, 109546.875, 107222.703125, 115752.6875, 111601.671875, 108182.84375, 94209.640625, 76989.3046875, 94440.9921875, 96206.1875, 137363.1875, 104137.1640625, 109335.265625, 97761.328125, 115293.53125, 106541.5625, 102233.5703125, 97616.7265625, 105182.3125, 119868.765625, 112253.546875, 121940.3515625, 101795.8203125, 94712.84375, 130154.1953125, 131578.5625, 105452.1328125, 102153.8515625, 90278.7890625, 124211.203125, 108827.9375, 109583.6640625, 86541.8125, 84882.0546875], "name": "default", "desc": "lr_0.0001_nb_16_ld_8_b_1", "folder": "./saves/grid_seach/search1/lr_0.0001_nb_16_ld_8_b_1_default_20240214-012604"}