{"nhidden": 128, "rnn_nhidden": 32, "obs_dim": 1, "latent_dim": 2, "lr": 0.01, "n_batch": 16, "beta": 0.5, "total_epochs_train": 50, "epochs_per_train": 5, "epochs": 50, "loss": [168106.265625, 203306.921875, 243372.6875, 175678.609375, 215942.0625, 151523.71875, 156000.796875, 131586.71875, 148829.421875, 204732.125, 111066.96875, 213516.21875, 193570.0, 151623.625, 151253.984375, 140769.953125, 183193.40625, 189558.546875, 224520.359375, 144203.734375, 141132.484375, 108645.234375, 109858.21875, 170086.59375, 223231.171875, 165585.375, 134393.859375, 168429.59375, 157554.140625, 164645.234375, 134930.046875, 185059.28125, 186463.765625, 114425.8125, 126026.0546875, 161802.359375, 133231.71875, 153139.296875, 103284.9453125, 194853.09375, 184009.859375, 116046.9296875, 185775.125, 190335.1875, 149960.65625, 120091.6171875, 122145.5078125, 180795.15625, 148262.5625, 119643.6953125, 217075.40625, 148186.625, 211277.96875, 147296.59375, 167487.109375, 106031.796875, 128936.71875, 140516.9375, 167967.359375, 135418.15625, 171693.125, 170493.421875, 135090.21875, 134878.984375, 156045.46875, 114435.0390625, 171454.140625, 166859.28125, 124987.2421875, 124009.5859375, 145122.5, 156262.125, 116210.375, 170346.421875, 149556.5, 118062.7578125, 165891.8125, 106608.2890625, 180495.078125, 144344.34375, 401172.875, 99231.109375, 159741.296875, 160356.9375, 187420.078125, 139433.859375, 163885.6875, 177235.1875, 161810.9375, 139217.265625, 148902.84375, 196603.703125, 145331.96875, 166293.453125, 195833.625, 147517.125, 144610.75, 183754.453125, 101777.5859375, 202049.328125, 205317.40625, 142916.09375, 124404.015625, 127541.3203125, 206138.40625, 114037.6953125, 103678.375, 202473.328125, 176200.53125, 214397.140625, 206424.953125, 152807.0, 123291.203125, 122081.0859375, 137894.96875, 112112.3125, 141992.6875, 142134.71875, 150909.21875, 164891.140625, 137708.890625, 136228.125, 129563.9375, 154409.375, 161731.09375, 193666.796875, 138293.75, 167049.59375, 116096.9765625, 150173.90625, 143433.453125, 170407.34375, 189187.296875, 128041.484375, 198167.453125, 224794.078125, 144971.53125, 119793.640625, 112469.2265625, 169243.3125, 128715.875, 147922.609375, 138757.703125, 235917.515625, 151283.0, 111918.9140625, 175070.78125, 147579.0, 149548.5625, 182432.703125, 150169.546875, 169254.578125, 163223.3125, 126778.015625, 185667.34375, 130743.7734375, 139914.828125, 142766.75, 157087.671875, 142463.765625, 151348.3125, 220259.65625, 170113.4375, 153292.0625, 113172.921875, 179080.03125, 190770.703125, 136789.25, 160181.046875, 124262.46875, 160572.53125, 121348.3203125, 126443.6484375, 177728.734375, 144290.515625, 171193.515625, 173598.796875, 189634.71875, 139875.875, 155135.46875, 194656.40625, 159455.0625, 112495.15625, 170062.703125, 147339.15625, 141732.84375, 159114.796875, 141559.5625, 147151.890625, 138639.015625, 171905.0, 134982.4375, 169725.3125, 137970.296875, 129779.6171875, 137855.0625, 243747.25, 107826.1328125, 162438.4375, 167823.34375, 214159.0625, 126456.2109375, 126225.734375, 115692.4375, 156983.125, 122190.046875, 174300.625, 151862.03125, 128207.1875, 134862.53125, 144123.796875, 134655.78125, 153005.4375, 156133.953125, 208103.328125, 137120.625, 150914.03125, 158023.6875, 185165.890625, 129776.515625, 147223.796875, 156283.96875, 146152.09375, 121914.84375, 140027.109375, 162254.90625, 122596.6796875, 153614.859375, 148048.453125, 123200.3515625, 213121.03125, 180263.125, 133862.671875, 145352.578125, 187550.765625, 125528.53125, 160698.5625, 194316.828125, 124684.2734375, 175710.96875, 173743.484375, 124186.4140625, 125344.125, 118732.90625, 173714.203125, 161449.375, 138471.578125, 219963.890625, 168243.0, 132102.390625, 138912.3125, 115859.3828125, 148850.578125, 203049.65625, 142439.453125, 156992.84375, 134478.5, 193618.875, 117906.5390625, 125846.640625, 137799.171875, 134691.078125, 162908.6875, 142545.78125, 215684.0, 149665.15625, 135241.21875, 140054.84375, 108616.71875, 124185.109375, 93919.3984375, 125428.640625, 147397.765625, 123956.9453125, 137164.59375, 172065.203125, 157073.25, 104735.625, 216873.765625, 129652.2421875, 154963.0625, 149833.90625, 110082.5, 187559.921875, 155443.96875, 107213.140625, 137859.53125, 172891.046875, 161123.46875, 156133.40625, 108170.265625, 112681.015625, 154606.671875, 156622.265625, 113850.15625, 100257.7421875, 193165.453125, 115015.3515625, 176484.375, 139076.3125, 134475.796875, 123490.96875, 153929.4375, 192930.796875, 131218.359375, 192451.703125, 143365.734375, 160311.59375, 181325.3125, 147253.703125, 141015.15625, 127635.8203125, 138939.9375, 134918.6875, 176586.3125, 169391.21875, 164853.734375, 207539.46875, 131264.703125, 123152.125, 202002.953125, 115231.5234375, 150035.34375, 125643.046875, 149714.28125, 186850.03125, 141859.046875, 119984.09375, 150730.84375, 166112.203125, 159789.59375, 145740.75, 164544.5625, 138920.46875, 152222.84375, 151794.15625, 180916.734375, 161490.875, 172184.328125, 131838.25, 136660.828125, 116961.3671875, 144505.953125, 116187.109375, 170209.296875, 117035.90625, 196043.0, 99810.296875, 156360.796875, 205324.953125, 123878.921875, 159968.8125, 178866.265625, 101230.984375, 128240.0625, 182399.046875, 97920.640625, 169039.828125, 144513.15625, 138717.21875, 115471.421875, 168398.46875, 95949.046875, 132059.25, 128955.4453125, 199453.9375, 123443.28125, 151152.546875, 128887.0, 120802.40625, 114857.921875, 162889.140625, 91574.71875, 155808.03125, 99111.1796875, 171350.609375, 114929.3671875, 156908.3125, 127676.7421875, 109775.7578125, 141939.078125, 144301.921875, 138543.84375, 143201.359375, 102270.71875, 155772.03125, 113063.9609375, 101430.5234375, 118150.265625, 156253.09375, 99426.703125, 140119.09375, 156400.1875, 126169.5859375, 122482.3984375, 91354.546875, 77596.5625, 402636.96875, 164137.015625, 156088.3125, 217849.875, 203239.25, 182363.984375, 225121.78125, 169537.15625, 161395.921875, 229474.671875, 131703.359375, 164785.609375, 139070.71875, 139252.6875, 212973.609375, 163489.4375, 203720.828125, 142866.78125, 176989.53125, 150610.453125, 143719.84375, 136561.625, 183947.40625, 137289.6875, 174382.84375, 162148.46875, 207717.765625, 132620.5625, 145075.828125, 133990.296875, 118992.0859375, 207739.28125, 162586.171875, 183682.8125, 123026.96875, 200835.578125, 169668.875, 105973.78125, 148863.578125, 149898.1875, 140329.859375, 143951.171875, 133022.484375, 223213.9375, 139192.390625, 164593.640625, 166192.796875, 166206.9375, 194184.046875, 119981.65625, 121575.1875, 170921.203125, 174853.515625], "name": "default", "desc": "lr_0.01_nb_16_ld_2_b_0.5", "folder": "./saves/grid_seach/search1/lr_0.01_nb_16_ld_2_b_0.5_default_20240213-221831"}