{"nhidden": 128, "rnn_nhidden": 32, "obs_dim": 1, "latent_dim": 2, "lr": 0.0001, "n_batch": 16, "beta": 0.001, "total_epochs_train": 50, "epochs_per_train": 5, "epochs": 50, "loss": [200623.734375, 153839.0, 136600.0625, 172131.75, 186797.28125, 142395.5, 212230.59375, 161261.515625, 232278.703125, 191621.015625, 232972.5625, 169064.71875, 167223.6875, 151809.578125, 231792.09375, 146749.671875, 175798.953125, 138539.109375, 127420.875, 171011.71875, 209227.8125, 237998.90625, 175043.703125, 157141.5625, 170901.296875, 138425.984375, 150734.84375, 169407.265625, 271514.3125, 178653.1875, 200992.046875, 151179.4375, 163110.625, 135322.0625, 177646.6875, 147634.125, 229596.28125, 173687.3125, 123338.8515625, 115911.8046875, 229939.453125, 131458.46875, 206190.1875, 173947.09375, 171364.84375, 130371.578125, 146177.15625, 178629.078125, 182005.015625, 227443.9375, 162823.625, 207731.859375, 181856.203125, 149081.921875, 141500.4375, 238846.59375, 159854.25, 140568.84375, 153197.890625, 136122.828125, 171977.453125, 254550.8125, 156764.796875, 202458.625, 248649.28125, 165881.125, 114709.9921875, 175362.03125, 137057.75, 145440.921875, 220991.234375, 146086.28125, 173806.140625, 170870.859375, 125114.921875, 126985.671875, 226930.046875, 193607.125, 153157.5625, 148163.375, 216670.890625, 145342.875, 211732.578125, 130338.3125, 137307.78125, 155477.765625, 210850.859375, 259742.5, 139169.609375, 135781.25, 186876.4375, 179927.1875, 159112.640625, 159298.078125, 140665.28125, 124820.9765625, 186971.671875, 154999.15625, 235822.84375, 180924.28125, 183969.28125, 145409.25, 153705.296875, 172249.90625, 150115.140625, 139274.59375, 187911.6875, 170209.53125, 154869.828125, 194145.375, 182059.46875, 203425.5, 188191.59375, 121504.8359375, 139182.203125, 209775.859375, 137826.765625, 130241.875, 180133.09375, 191518.640625, 220442.25, 151074.9375, 106316.484375, 128018.6875, 146697.796875, 239389.4375, 104062.7421875, 147466.359375, 224381.9375, 157972.765625, 175850.890625, 161013.90625, 169725.90625, 177615.828125, 110086.125, 160678.703125, 117518.25, 170274.109375, 269536.53125, 164471.9375, 136746.375, 157919.21875, 132392.125, 189040.640625, 127631.359375, 159873.515625, 260551.90625, 164889.765625, 150482.03125, 182555.0625, 114950.296875, 146448.9375, 157983.84375, 195082.53125, 160752.921875, 103151.8203125, 145047.0, 140142.859375, 223839.546875, 175671.8125, 184956.75, 144678.5625, 117967.53125, 139654.4375, 140045.78125, 244780.59375, 253376.453125, 174665.953125, 138051.65625, 137582.90625, 116359.546875, 130370.359375, 189469.578125, 245672.21875, 118067.890625, 145655.140625, 127407.109375, 188733.34375, 134205.984375, 139442.921875, 141402.90625, 183855.59375, 162773.015625, 191045.875, 147499.828125, 135127.65625, 103961.9609375, 168645.796875, 201753.203125, 143621.28125, 165711.0, 127562.0, 196491.296875, 121630.578125, 170097.09375, 144000.703125, 168289.21875, 201687.71875, 175007.75, 147756.5625, 128867.453125, 191518.46875, 135582.84375, 120652.296875, 171698.0625, 171811.765625, 187769.1875, 176385.90625, 170336.0625, 116366.8671875, 130629.5234375, 171303.03125, 140989.09375, 145574.453125, 200138.046875, 127638.7109375, 172626.3125, 150651.3125, 183343.5625, 94361.703125, 147981.3125, 135366.3125, 148161.71875, 142657.125, 202543.4375, 185431.25, 107515.4921875, 119438.3046875, 138458.71875, 181747.4375, 204272.0, 135381.921875, 139381.546875, 151944.109375, 130066.453125, 135092.703125, 168587.578125, 127934.84375, 139247.53125, 164285.765625, 177910.328125, 128110.9765625, 167146.9375, 153068.921875, 112912.78125, 138998.28125, 146101.015625, 146961.5, 160539.328125, 167554.875, 136082.625, 142389.71875, 132071.03125, 139186.59375, 126142.5234375, 208419.71875, 192924.0, 128649.5546875, 164255.671875, 99829.9765625, 91083.6796875, 130004.0625, 143278.84375, 119370.71875, 122189.84375, 125948.75, 178152.484375, 143623.8125, 144227.640625, 122145.5625, 129914.4609375, 187287.765625, 104261.578125, 127162.5234375, 137207.1875, 164233.578125, 95906.796875, 104886.3984375, 181677.59375, 119318.1875, 145025.59375, 107567.1875, 155260.0, 100290.3671875, 140744.703125, 130287.078125, 106825.421875, 201222.9375, 149376.9375, 200457.828125, 124421.2265625, 143520.65625, 152595.875, 128499.8359375, 87082.7578125, 96091.3203125, 110341.6015625, 119719.1640625, 161723.109375, 167598.296875, 99560.453125, 117095.6953125, 161460.28125, 118363.09375, 131876.65625, 102387.125, 162249.171875, 115897.3125, 144156.265625, 129207.9609375, 182809.78125, 128325.1015625, 107302.953125, 110390.7578125, 126372.8828125, 115997.828125, 135198.609375, 138534.953125, 192742.078125, 109042.5390625, 131068.84375, 121277.4140625, 114793.96875, 118579.25, 124493.140625, 135436.796875, 128562.984375, 163602.890625, 102899.3828125, 141424.921875, 129394.6875, 116696.9609375, 110283.578125, 131579.0, 147604.40625, 119782.8359375, 153280.6875, 113690.0546875, 117699.734375, 121842.6015625, 155126.984375, 106391.828125, 128916.328125, 144061.78125, 112745.6328125, 116461.09375, 164777.5625, 117208.546875, 131813.359375, 133092.15625, 134895.53125, 92072.390625, 138115.3125, 150560.15625, 120853.671875, 167490.390625, 132795.546875, 137930.765625, 146469.921875, 90358.3671875, 117740.1953125, 150177.6875, 100643.8203125, 112683.96875, 130642.84375, 132705.09375, 118192.3203125, 148231.875, 116269.1171875, 113284.8203125, 106317.40625, 133748.765625, 103971.2265625, 119923.7421875, 150684.546875, 136855.15625, 115536.0, 132753.6875, 143415.125, 147781.96875, 114794.234375, 131324.4375, 119773.9296875, 140686.875, 130619.0078125, 105234.2421875, 109838.4453125, 107845.6875, 121469.4296875, 183304.96875, 94683.8515625, 123719.65625, 107377.15625, 172146.0625, 125717.3125, 100334.96875, 158843.71875, 94186.4765625, 140433.875, 140758.484375, 107273.828125, 118835.8125, 105300.8359375, 156431.265625, 115826.9453125, 149745.78125, 101754.015625, 149662.453125, 126114.8125, 142045.578125, 114062.125, 95253.546875, 98520.796875, 130339.40625, 144671.875, 144669.375, 99850.15625, 119323.7109375, 155396.046875, 109357.09375, 139144.03125, 104289.859375, 117421.6484375, 115149.0390625, 125929.1640625, 139004.96875, 120132.734375, 133349.03125, 139521.34375, 106473.09375, 123516.3984375, 120148.2578125, 138691.75, 133443.125, 151583.46875, 111329.25, 144971.390625, 105544.84375, 132418.4375, 122324.328125, 102254.5234375, 130923.984375, 135759.78125, 120561.9921875, 129268.09375, 119319.828125, 106060.9375, 128245.640625, 144050.828125, 115557.078125], "name": "default", "desc": "lr_0.0001_nb_16_ld_2_b_0.001", "folder": "./saves/grid_seach/search4/lr_0.0001_nb_16_ld_2_b_0.001_default_20240307-095439"}