{"nhidden": 128, "rnn_nhidden": 32, "obs_dim": 1, "latent_dim": 8, "lr": 0.005, "n_batch": 16, "beta": 1, "total_epochs_train": 50, "epochs_per_train": 5, "epochs": 50, "loss": [138101.0, 172809.0625, 140428.4375, 200287.9375, 137447.65625, 219300.140625, 175198.625, 190191.5, 123728.453125, 153334.875, 121628.046875, 209033.71875, 194377.71875, 126955.4296875, 147581.078125, 100303.8046875, 208741.90625, 126713.6015625, 114332.5078125, 156657.109375, 138757.90625, 152686.484375, 137613.90625, 135878.28125, 131853.140625, 130815.15625, 138241.625, 146834.078125, 122367.5234375, 125113.1328125, 135528.125, 119727.7578125, 127026.9453125, 107439.828125, 149392.875, 173930.875, 127907.078125, 128936.5859375, 112165.5625, 129558.0859375, 137874.0, 164614.875, 149234.359375, 131583.78125, 76520.6015625, 150987.46875, 93086.4921875, 86710.0625, 140848.375, 132779.0625, 113396.765625, 138873.546875, 131787.125, 165272.171875, 105151.5078125, 103497.1640625, 110495.5703125, 119526.1875, 141927.15625, 139707.09375, 137552.65625, 94686.453125, 123578.25, 125305.9140625, 92440.2265625, 138037.1875, 102019.4453125, 118705.78125, 136046.0625, 99428.9140625, 116073.0546875, 91915.40625, 108972.921875, 106859.671875, 116828.4609375, 103737.6953125, 124037.0625, 102679.2109375, 75969.265625, 104264.53125, 111828.4921875, 166661.84375, 78758.5, 93961.6328125, 87523.9921875, 93617.578125, 90171.265625, 97502.5, 115409.1015625, 105386.671875, 106433.859375, 90758.2421875, 133237.96875, 94777.5234375, 109861.578125, 80290.453125, 96418.0, 82864.09375, 96880.28125, 92754.078125, 106503.109375, 66388.8125, 91261.140625, 156413.984375, 90322.6640625, 69591.6015625, 75772.78125, 112067.75, 65608.9609375, 82714.78125, 72604.8828125, 88925.6875, 63403.1875, 83209.8828125, 137742.53125, 110643.6015625, 80745.078125, 65549.1640625, 112112.796875, 87065.0234375, 55603.2890625, 94765.265625, 83731.0546875, 86521.484375, 78888.9765625, 82863.0703125, 69753.15625, 93420.6640625, 66124.8671875, 67252.7421875, 69132.140625, 66899.734375, 69314.265625, 87597.53125, 45128.28515625, 63750.25390625, 54022.10546875, 108031.296875, 87437.75, 86682.4140625, 82179.140625, 65341.6484375, 40603.0859375, 65289.63671875, 139542.125, 60843.75390625, 46274.40234375, 57892.9375, 90000.734375, 74015.7578125, 77168.5859375, 68962.5703125, 50234.234375, 72404.25, 52225.671875, 82337.6484375, 60851.3828125, 57992.0234375, 53396.54296875, 75661.4375, 77151.890625, 42355.99609375, 43535.87109375, 57680.21484375, 54052.60546875, 81205.796875, 44236.140625, 78597.59375, 55161.98046875, 37141.9296875, 76622.046875, 43433.06640625, 52067.1015625, 61356.390625, 78806.8984375, 82528.65625, 47363.58203125, 47368.56640625, 71208.9921875, 69377.703125, 69039.75, 31598.40234375, 60303.80859375, 68748.078125, 51921.59765625, 61156.44140625, 45916.65234375, 56068.82421875, 60843.1640625, 74101.390625, 51076.63671875, 63564.5, 44639.01953125, 49139.00390625, 48028.49609375, 33557.375, 66162.46875, 53921.1015625, 66929.296875, 111773.9375, 62847.765625, 59344.20703125, 78589.0625, 153484.359375, 52160.30859375, 68642.875, 81878.8671875, 95439.3125, 48979.26171875, 84702.203125, 60154.7734375, 58087.51953125, 78930.78125, 46883.7890625, 106208.796875, 40456.609375, 95117.609375, 33935.25390625, 79848.7890625, 63688.3046875, 98562.8671875, 41370.63671875, 52971.5546875, 38633.78125, 66239.6875, 38498.296875, 55628.0078125, 68980.703125, 129251.875, 53896.50390625, 59359.06640625, 55748.703125, 66871.46875, 48810.2734375, 52129.2265625, 84468.953125, 40107.93359375, 97824.671875, 55925.80078125, 70264.25, 49316.484375, 39184.84765625, 51338.4453125, 37279.65234375, 52568.33984375, 55581.984375, 57555.578125, 50565.93359375, 47539.7890625, 39099.95703125, 107868.734375, 32381.572265625, 46240.33984375, 50483.44140625, 79813.75, 46546.62890625, 33018.42578125, 50246.32421875, 78267.5, 45351.765625, 54219.78125, 32080.03515625, 38755.45703125, 122534.484375, 29157.02734375, 46780.47265625, 54214.92578125, 70222.6484375, 41575.98046875, 36794.1796875, 47240.046875, 75546.796875, 23490.591796875, 53302.27734375, 49079.75390625, 75465.0, 45676.44921875, 42151.4296875, 41604.31640625, 47525.6953125, 62026.12109375, 66180.390625, 76004.859375, 39896.93359375, 57413.1328125, 39348.5703125, 45797.69140625, 33652.2109375, 42544.98046875, 30667.6875, 17927.490234375, 39426.265625, 63216.7890625, 72702.4921875, 37123.21875, 88446.296875, 72334.3046875, 35369.3515625, 47880.5078125, 53711.921875, 37185.99609375, 34564.21875, 57431.4375, 31448.779296875, 51200.8671875, 72699.265625, 24858.0703125, 77334.078125, 33093.92578125, 53141.6484375, 38692.140625, 63604.0859375, 50312.69140625, 66082.125, 47410.8203125, 82976.9375, 44438.1171875, 51476.0, 40766.97265625, 24948.1640625, 59649.625, 36859.51953125, 58302.78125, 57794.6796875, 37865.796875, 41829.4765625, 60552.30078125, 32221.08984375, 55359.171875, 61405.8515625, 72997.1484375, 34953.3828125, 72977.578125, 94269.9765625, 62040.68359375, 53187.3984375, 47058.03125, 41193.2578125, 39550.2890625, 48660.3359375, 40383.99609375, 27888.798828125, 73274.3828125, 31832.54296875, 53967.2109375, 61818.57421875, 55261.21484375, 68638.0859375, 58677.140625, 41617.3046875, 47254.2578125, 54597.640625, 38841.69140625, 48940.87890625, 43690.96875, 78446.5546875, 32770.91015625, 39320.64453125, 99825.1015625, 55386.73046875, 57609.76171875, 60433.59765625, 80334.5234375, 52547.91796875, 47611.046875, 32752.421875, 38664.7578125, 115379.0078125, 40496.203125, 64612.76953125, 106523.7734375, 29291.392578125, 43541.8359375, 60056.40234375, 79866.9765625, 57166.21484375, 33415.2265625, 53002.96484375, 43099.41015625, 39683.140625, 76150.15625, 44383.46875, 71870.7734375, 47349.015625, 39986.37109375, 61955.27734375, 64754.90234375, 73171.109375, 34269.203125, 34987.44921875, 40605.4765625, 37599.0390625, 89233.96875, 29610.41015625, 67307.0078125, 59207.265625, 40238.57421875, 28407.94140625, 40634.9140625, 52362.265625, 53060.7265625, 25970.052734375, 71880.5546875, 83301.28125, 42348.0859375, 67194.5625, 64562.125, 51398.25, 44576.59765625, 40520.07421875, 33716.03515625, 40313.234375, 66140.6484375, 65476.85546875, 35114.54296875, 36181.0078125, 45987.28515625, 39327.625, 40167.0546875, 41357.6171875, 87616.0, 52975.44140625, 79179.3046875, 51117.21875, 76262.15625, 32416.986328125, 87137.234375, 32804.82421875, 28514.525390625, 42539.41015625, 45083.97265625, 58284.0234375, 34875.43359375, 62524.5, 29160.984375, 23033.125, 66337.8671875, 43369.0234375, 60925.5390625, 91763.09375, 38370.26953125, 51897.53515625, 52498.33203125, 39555.4453125, 43993.25390625, 68233.640625, 64974.9453125, 34430.48828125, 73178.7265625, 42730.296875], "name": "default", "desc": "lr_0.005_nb_16_ld_8_b_1", "folder": "./saves/grid_seach/search1/lr_0.005_nb_16_ld_8_b_1_default_20240213-233516"}