{"nhidden": 128, "rnn_nhidden": 32, "obs_dim": 1, "latent_dim": 2, "lr": 0.0005, "n_batch": 16, "beta": 1, "total_epochs_train": 50, "epochs_per_train": 5, "epochs": 50, "loss": [145854.59375, 157390.96875, 185658.40625, 193503.03125, 159473.25, 197171.59375, 156264.6875, 132511.28125, 187047.546875, 179800.1875, 125033.4609375, 152233.09375, 254921.421875, 155614.703125, 226746.59375, 127956.1171875, 101114.828125, 215978.0, 131285.515625, 153957.796875, 219860.109375, 155385.90625, 179359.703125, 143381.359375, 155584.328125, 189368.734375, 199778.390625, 200955.46875, 178602.6875, 144464.875, 141951.53125, 185349.015625, 168280.453125, 186924.640625, 138085.453125, 133428.421875, 162524.859375, 155077.015625, 137440.0625, 174315.34375, 206995.203125, 175969.28125, 135125.421875, 168643.09375, 119618.140625, 156707.609375, 132330.359375, 197749.546875, 159973.765625, 136598.796875, 156648.171875, 138813.09375, 160572.15625, 207369.9375, 177466.75, 149085.625, 169140.125, 170541.296875, 146446.625, 121942.9375, 181522.328125, 122896.234375, 157680.5625, 123860.546875, 143599.15625, 124679.2421875, 168496.09375, 197965.59375, 134385.625, 96502.875, 177457.65625, 172881.8125, 129827.140625, 172477.484375, 162102.328125, 132175.8125, 106085.5859375, 209304.40625, 137155.65625, 103290.0625, 97561.890625, 106696.484375, 114586.9609375, 115572.984375, 144291.21875, 136166.328125, 154939.15625, 171783.625, 145264.09375, 119959.3515625, 101870.6171875, 155037.21875, 148845.515625, 95592.671875, 111586.21875, 147788.109375, 105386.296875, 188056.78125, 140831.875, 111598.5, 134519.75, 118677.4296875, 156425.75, 117606.7265625, 129761.671875, 109018.484375, 115286.75, 171761.8125, 103540.171875, 141444.734375, 149152.640625, 109459.6171875, 154631.75, 141224.015625, 110309.2890625, 107502.2265625, 139035.421875, 141868.96875, 162617.46875, 116577.765625, 113414.5625, 104986.328125, 106970.1796875, 154895.3125, 127070.1171875, 91579.828125, 127542.421875, 124552.6953125, 131292.96875, 116317.90625, 116426.6328125, 169806.71875, 96423.484375, 127244.0859375, 115952.96875, 107035.828125, 123971.3359375, 91650.765625, 132123.40625, 156283.09375, 148527.921875, 108990.78125, 112304.828125, 133347.4375, 159629.390625, 108845.28125, 131135.9375, 103242.375, 124123.6953125, 118010.6875, 94484.71875, 120314.1875, 134027.765625, 151790.25, 113042.1796875, 93790.9765625, 144916.375, 112538.484375, 137194.59375, 98777.21875, 107959.0390625, 127137.328125, 109745.0, 97003.3125, 140599.421875, 98570.046875, 105499.4609375, 135241.03125, 149952.203125, 147797.34375, 86405.96875, 108412.1796875, 98604.25, 117868.40625, 126045.6640625, 99531.6328125, 113371.703125, 133374.8125, 145187.0, 97942.0625, 113486.609375, 133808.921875, 98085.171875, 103905.2109375, 84974.8828125, 128915.3125, 134886.75, 112990.9921875, 126522.703125, 103740.859375, 148263.203125, 114983.6015625, 118848.9453125, 101561.703125, 132985.3125, 115840.140625, 87949.421875, 98494.671875, 111456.40625, 96850.171875, 79255.0, 125873.921875, 157527.953125, 104155.3515625, 104190.8203125, 132609.03125, 103870.796875, 119723.734375, 112165.5, 100674.1640625, 90052.109375, 91062.3125, 145737.28125, 114823.96875, 117004.6171875, 124801.0859375, 99301.1328125, 96550.1875, 123932.4921875, 94656.8125, 119753.8203125, 130787.84375, 115041.9609375, 93407.34375, 102249.1875, 108734.84375, 102394.875, 123511.25, 95431.7734375, 107471.1328125, 104572.875, 147379.90625, 106301.2578125, 88247.96875, 101155.8984375, 98538.6015625, 125085.859375, 86881.4453125, 119522.6015625, 134356.0625, 92210.46875, 109655.03125, 99774.015625, 105527.7265625, 93882.90625, 147896.625, 91770.9140625, 130045.59375, 88541.203125, 93988.5625, 118885.078125, 96437.375, 96589.25, 93048.5390625, 87742.3125, 122354.0, 95684.8828125, 116791.1015625, 90137.75, 140665.0625, 88675.125, 113444.015625, 102675.7109375, 92917.875, 133088.640625, 91746.0390625, 82994.9765625, 117476.59375, 96439.671875, 87181.078125, 98292.1484375, 88450.6328125, 127987.078125, 138282.875, 74028.703125, 78062.34375, 81160.8046875, 112835.1640625, 103131.671875, 138625.25, 86496.8203125, 89968.6640625, 97654.2578125, 92330.40625, 104357.7734375, 81996.6640625, 82480.34375, 101422.984375, 108494.03125, 87806.375, 76311.765625, 116032.4375, 90779.25, 110462.03125, 108171.8359375, 81976.4140625, 112302.4296875, 78679.6171875, 87546.21875, 80818.65625, 99999.421875, 99148.859375, 70529.125, 80142.578125, 87775.984375, 170056.03125, 89830.53125, 105992.5546875, 111248.5234375, 79981.15625, 80715.4140625, 122012.078125, 105641.4296875, 71617.0859375, 84986.1171875, 104407.09375, 103688.890625, 93779.234375, 96508.5859375, 90294.59375, 72084.3046875, 145590.4375, 66939.71875, 82670.75, 79641.59375, 74480.5625, 86928.359375, 114353.7421875, 90143.875, 77499.7890625, 76113.96875, 102695.90625, 105758.296875, 104186.8125, 99466.609375, 69983.0390625, 71407.609375, 95753.5546875, 78136.859375, 93201.3046875, 84797.734375, 94354.453125, 96449.34375, 120646.171875, 87324.828125, 81880.2890625, 60959.79296875, 71392.1171875, 84219.9765625, 87473.3046875, 104225.734375, 72825.828125, 101455.421875, 73108.8125, 93028.703125, 110197.875, 82722.9765625, 82491.2890625, 62786.6875, 96098.5234375, 74466.984375, 84248.4375, 68820.2890625, 104394.8125, 85547.265625, 72120.328125, 110501.1171875, 64419.77734375, 70796.9609375, 80637.3125, 87680.4375, 62890.44140625, 62321.16796875, 64806.43359375, 86688.7421875, 79604.5703125, 105457.4453125, 104355.25, 93343.4296875, 56949.4609375, 85456.3828125, 76385.1484375, 60547.078125, 80096.28125, 66469.78125, 67673.1328125, 111966.75, 80437.34375, 56529.81640625, 66292.421875, 114722.171875, 54690.03125, 67137.5546875, 113150.140625, 65295.82421875, 88277.1875, 93623.484375, 110906.2734375, 72810.2578125, 76633.8515625, 86416.2734375, 80421.8828125, 69144.5234375, 70408.8203125, 65799.7421875, 81827.7109375, 74348.8125, 59683.67578125, 131200.109375, 60340.3359375, 72586.859375, 58553.76171875, 65375.8359375, 76565.453125, 72526.390625, 90974.28125, 100024.2734375, 54150.96875, 85125.1328125, 65500.25390625, 47581.8046875, 64933.86328125, 73889.4921875, 108266.2421875, 64681.40625, 70386.2265625, 53117.7578125, 79731.9921875, 82711.28125, 54923.0703125, 64039.37109375, 80818.8125, 44663.1171875, 43873.390625, 77036.5703125, 57468.51953125, 94224.53125, 88859.1796875, 78569.5390625, 76568.953125, 61072.64453125, 73006.765625, 71322.7109375, 45896.421875, 53209.92578125, 88624.515625, 70506.2421875, 53522.4140625, 65061.0234375, 95700.9140625], "name": "default", "desc": "lr_0.0005_nb_16_ld_2_b_1", "folder": "./saves/grid_seach/search1/lr_0.0005_nb_16_ld_2_b_1_default_20240214-004316"}