{"nhidden": 128, "rnn_nhidden": 32, "obs_dim": 1, "latent_dim": 8, "lr": 0.01, "n_batch": 16, "beta": 0.001, "total_epochs_train": 50, "epochs_per_train": 5, "epochs": 50, "loss": [156029.125, 267694.09375, 145370.84375, 138959.875, 139243.15625, 189628.546875, 126916.0703125, 216953.03125, 157671.890625, 155047.046875, 240483.265625, 130009.828125, 124508.5, 128225.9765625, 141687.859375, 170829.546875, 185868.078125, 153496.9375, 187869.03125, 139802.890625, 100503.7109375, 126194.1796875, 154727.5625, 164016.125, 203147.0625, 167011.703125, 185470.515625, 166573.0, 135776.796875, 170630.96875, 183644.703125, 219765.359375, 142153.90625, 123109.7109375, 111623.1875, 116767.78125, 148162.515625, 133757.875, 122503.21875, 121628.375, 120195.4453125, 201240.234375, 159282.59375, 196086.890625, 171855.890625, 128547.3203125, 177220.890625, 158183.921875, 136931.90625, 108622.0234375, 177919.203125, 149340.421875, 158038.609375, 219682.15625, 150777.46875, 147168.125, 136763.59375, 121317.8046875, 109894.78125, 222117.5, 123284.6328125, 224545.265625, 145831.578125, 207949.75, 133220.5625, 138803.625, 137985.4375, 133935.296875, 121202.734375, 166070.09375, 184313.28125, 131391.0625, 178941.578125, 148673.796875, 124922.078125, 126936.421875, 127087.4140625, 182843.421875, 117295.890625, 146731.78125, 128113.21875, 119176.671875, 139053.53125, 93775.140625, 172566.765625, 100666.921875, 103361.578125, 97692.0546875, 156773.59375, 139123.46875, 127672.75, 116730.6015625, 137737.828125, 85265.328125, 117385.4296875, 109946.6796875, 97499.8125, 93498.4296875, 137191.859375, 103276.078125, 86590.5703125, 91983.2890625, 147932.359375, 91798.4140625, 103804.953125, 83560.9296875, 128001.21875, 84891.53125, 93948.5859375, 58151.01171875, 82218.171875, 103033.5, 71422.484375, 77573.6875, 108700.03125, 133879.890625, 227319.25, 209286.015625, 161178.828125, 92699.8203125, 185211.03125, 184809.796875, 136324.140625, 82995.4921875, 119316.015625, 101235.03125, 161549.375, 127507.359375, 74344.6484375, 87558.625, 112238.5859375, 108788.4765625, 119656.0234375, 116622.09375, 92407.6875, 157190.328125, 113397.0078125, 91165.8203125, 78013.5546875, 98212.3046875, 99113.28125, 77699.2734375, 89219.3671875, 98454.9921875, 86425.71875, 77213.515625, 109992.109375, 124444.578125, 65344.859375, 84974.53125, 74735.640625, 103516.625, 67908.6328125, 113112.734375, 90002.625, 60007.1953125, 77899.578125, 59954.50390625, 145099.703125, 55675.5234375, 69804.1796875, 68228.34375, 54443.0625, 140900.6875, 52394.87890625, 57909.515625, 62084.4609375, 62596.2109375, 69439.234375, 82444.015625, 72651.15625, 55957.66796875, 87794.7890625, 78013.703125, 97833.28125, 41516.421875, 70674.609375, 62342.5546875, 57709.875, 67168.7421875, 85689.671875, 72906.4921875, 55457.55078125, 76957.78125, 92126.296875, 62476.5703125, 73612.421875, 61096.0390625, 37239.75390625, 81618.4375, 78351.359375, 64969.05078125, 48725.609375, 47308.7578125, 57635.140625, 47142.8046875, 101527.328125, 86524.3203125, 49245.2265625, 130060.7890625, 58792.87890625, 102520.921875, 50100.95703125, 88484.53125, 105359.34375, 65585.9375, 46816.37890625, 101103.5859375, 61369.45703125, 111576.8359375, 43668.69140625, 61610.21875, 113327.578125, 57997.55078125, 82172.3515625, 68292.4296875, 58349.1640625, 32624.341796875, 56026.62890625, 65026.62890625, 90086.640625, 52788.30859375, 109254.765625, 95573.9765625, 55085.41015625, 67114.359375, 52927.0546875, 83511.8203125, 47540.98828125, 40927.62109375, 67048.9921875, 71105.2109375, 24376.779296875, 36982.86328125, 86446.953125, 42782.66015625, 48843.91015625, 30987.705078125, 41793.98828125, 43171.2578125, 59502.44140625, 42743.828125, 60389.6875, 38491.421875, 69687.265625, 65172.61328125, 61622.37890625, 46007.765625, 41428.5859375, 60860.93359375, 47192.18359375, 43327.29296875, 30452.65234375, 37516.2421875, 65628.0546875, 35007.3359375, 65584.71875, 53274.8671875, 104765.671875, 39244.6640625, 40746.734375, 68384.1015625, 83241.1171875, 32463.1875, 36454.484375, 55347.6015625, 29978.193359375, 81710.2890625, 38080.55078125, 54909.34375, 33033.4609375, 82493.9375, 48466.5703125, 19782.740234375, 45439.15625, 41279.65625, 105682.390625, 68716.609375, 56923.3203125, 48027.15625, 70362.9921875, 65820.1796875, 31831.697265625, 45331.5, 41652.43359375, 48025.265625, 62448.88671875, 53873.30859375, 75682.3203125, 57604.23046875, 63246.31640625, 25807.25390625, 115148.328125, 40287.6640625, 53107.30859375, 41136.80859375, 44222.3359375, 51374.02734375, 57119.76953125, 32869.49609375, 47457.609375, 91745.9296875, 70394.46875, 37633.77734375, 36616.48046875, 74404.9375, 38663.66015625, 52722.3046875, 69217.953125, 42070.3046875, 71922.53125, 42479.5390625, 30140.443359375, 73101.203125, 35940.6328125, 79741.84375, 58739.8203125, 38702.4921875, 27812.169921875, 52340.41015625, 49294.26953125, 61763.4453125, 52685.75, 38839.625, 53175.85546875, 36008.9296875, 28468.43359375, 52924.91796875, 27946.47265625, 46223.04296875, 49929.03125, 74009.296875, 102335.796875, 44355.640625, 71400.3984375, 54475.54296875, 49266.8203125, 56869.65234375, 53075.9296875, 68111.03125, 50854.421875, 40285.578125, 55737.2109375, 45575.6953125, 38188.953125, 22628.708984375, 69516.6015625, 72171.25, 80417.7265625, 59760.796875, 48692.36328125, 78458.75, 54890.3046875, 45359.7265625, 73164.625, 46258.46484375, 39629.5390625, 44999.109375, 49616.859375, 56120.82421875, 51127.765625, 39138.4296875, 59577.6953125, 57379.7265625, 102588.765625, 54807.39453125, 47646.56640625, 49427.4921875, 65363.16015625, 55131.3828125, 50194.6328125, 75562.59375, 78707.578125, 32363.837890625, 53480.9921875, 62358.34375, 51464.46875, 41293.359375, 63368.140625, 62594.99609375, 51448.984375, 32159.09375, 55146.8203125, 71333.3203125, 35800.40234375, 37853.4609375, 54464.96484375, 31282.19921875, 44393.51171875, 55559.1640625, 67792.0, 64249.03125, 96848.6015625, 44376.8046875, 38145.0078125, 62607.3046875, 81545.1796875, 35561.6953125, 43585.73828125, 58138.69140625, 48142.4453125, 49061.69921875, 40969.6484375, 56777.10546875, 50547.1796875, 42130.6328125, 67642.703125, 73111.8515625, 40833.12890625, 32362.44140625, 44023.984375, 69090.65625, 51895.73046875, 24702.35546875, 35062.390625, 88680.5546875, 47308.19140625, 46990.5234375, 35328.90625, 38487.1796875, 38690.9140625, 74421.515625, 37276.54296875, 53923.59375, 55215.45703125, 38612.1328125, 32912.953125, 46775.6796875, 50703.68359375, 49995.48828125, 59721.23828125, 80076.796875, 26744.544921875, 68655.609375, 71776.125, 35604.296875, 43426.9140625, 51704.2578125, 96249.78125, 37222.08203125, 27697.564453125, 39282.12890625, 40500.34375, 73138.1953125, 41674.69140625, 63872.5078125, 45113.33984375, 40738.125, 40505.21875, 26518.1484375], "name": "default", "desc": "lr_0.01_nb_16_ld_8_b_0.001", "folder": "./saves/grid_seach/search4/lr_0.01_nb_16_ld_8_b_0.001_default_20240307-082228"}