{"nhidden": 128, "rnn_nhidden": 32, "obs_dim": 1, "latent_dim": 16, "lr": 0.01, "n_batch": 16, "beta": 1.0, "total_epochs_train": 1000, "epochs_per_train": 50, "epochs": 50, "loss": [48061.703125, 82478.25, 80060.703125, 80119.3828125, 111215.453125, 122045.2109375, 116598.65625, 77778.8984375, 25638.533203125, 54889.234375, 30230.28515625, 36244.44921875, 61265.453125, 87431.15625, 31046.755859375, 38959.453125, 18400.5703125, 18445.521484375, 37822.8203125, 34101.87109375, 10328.94140625, 22901.814453125, 5305.76025390625, 6294.5078125, 15463.7666015625, 21017.7421875, 8930.2119140625, 23403.3203125, 16336.5361328125, 7371.5869140625, 9532.4267578125, 9949.8876953125, 15011.3095703125, 5297.26953125, 10045.8779296875, 12009.564453125, 4238.64453125, 9332.431640625, 12058.18359375, 7027.69921875, 13380.1396484375, 5936.96044921875, 9583.96875, 15383.2783203125, 5831.1953125, 9820.2080078125, 6751.455078125, 6852.54443359375, 9138.861328125, 8103.47607421875, 3482.29150390625, 12476.083984375, 4660.10986328125, 4744.5927734375, 3957.861572265625, 11137.046875, 6294.2548828125, 7317.22314453125, 11549.7783203125, 7428.42578125, 8935.2685546875, 14029.1171875, 12114.8955078125, 31192.47265625, 6834.83740234375, 36626.0078125, 9254.7021484375, 3126.83056640625, 10372.69140625, 15308.728515625, 6087.498046875, 13274.43359375, 11080.15234375, 10222.015625, 12125.498046875, 12545.458984375, 12882.7001953125, 3413.7236328125, 9479.6455078125, 5531.3076171875, 3989.6103515625, 6645.19384765625, 5613.154296875, 7142.4248046875, 6448.54296875, 7276.78125, 6194.81396484375, 5297.03662109375, 6104.43115234375, 14173.9921875, 1715.4146728515625, 16935.466796875, 6818.6259765625, 6308.0234375, 12832.7294921875, 8753.99609375, 1889.7349853515625, 5472.59375, 13490.7060546875, 9070.49609375, 7208.9267578125, 5966.2255859375, 10659.5712890625, 9260.2412109375, 4345.9326171875, 12325.5791015625, 1603.736083984375, 9106.6630859375, 4330.099609375, 11740.0888671875, 4398.35498046875, 11160.755859375, 7959.4404296875, 6144.71923828125, 3345.765869140625, 1911.2347412109375, 5420.23681640625, 5377.17431640625, 9262.2890625, 10989.6015625, 9044.9072265625, 8507.97265625, 3108.526611328125, 6651.24169921875, 2550.496337890625, 6438.96142578125, 11223.8935546875, 3233.94677734375, 5903.0498046875, 7556.10009765625, 4392.794921875, 6787.3017578125, 6497.8232421875, 10490.892578125, 10002.916015625, 2182.070068359375, 3422.9931640625, 8007.46630859375, 7230.61376953125, 5036.95751953125, 4755.9892578125, 9289.6728515625, 2577.54931640625, 7214.4931640625, 2922.96533203125, 4261.787109375, 10708.4248046875, 7907.8203125, 5818.3818359375, 2390.42333984375, 7068.11083984375, 3803.25634765625, 6540.24951171875, 7073.646484375, 4045.347412109375, 5361.09033203125, 4465.4140625, 5217.025390625, 2676.325927734375, 10629.4267578125, 12276.1669921875, 4456.2607421875, 11321.212890625, 5397.7548828125, 10647.0087890625, 10698.8359375, 5686.53173828125, 5683.6474609375, 3889.477294921875, 2569.95361328125, 4899.265625, 6424.328125, 9049.0283203125, 7693.0302734375, 2497.052490234375, 4658.884765625, 10034.0263671875, 7173.5966796875, 4556.60888671875, 3623.541015625, 6134.26171875, 2786.9365234375, 8260.2021484375, 6321.31689453125, 6318.6982421875, 7477.38330078125, 4015.873779296875, 3550.958251953125, 4414.11376953125, 5305.93212890625, 12107.7470703125, 6101.78515625, 6344.55615234375, 2917.754150390625, 3536.4794921875, 6806.5869140625, 7514.0361328125, 6587.048828125, 9230.3955078125, 7056.66259765625, 4294.4873046875, 6256.0185546875, 6292.4072265625, 5237.9140625, 16079.0478515625, 12355.58203125, 3259.247802734375, 4861.88232421875, 7924.87353515625, 13877.11328125, 4660.04150390625, 8195.529296875, 14953.2705078125, 3264.319580078125, 7457.689453125, 5535.4912109375, 4529.2978515625, 18128.45703125, 6029.00244140625, 3121.1875, 2746.452392578125, 4920.22412109375, 16527.626953125, 5953.8408203125, 3966.916015625, 2095.34912109375, 8941.095703125, 6340.39892578125, 3518.904052734375, 4617.47216796875, 4409.60400390625, 8651.873046875, 7616.24462890625, 3185.625732421875, 4762.58251953125, 3657.025146484375, 6270.2822265625, 3684.489501953125, 3553.9296875, 5021.599609375, 16372.806640625, 5115.46435546875, 3211.297607421875, 7355.5234375, 5070.201171875, 6726.3857421875, 3071.9560546875, 5787.529296875, 12083.810546875, 14024.0595703125, 1563.1517333984375, 2607.304443359375, 7566.66064453125, 7999.82666015625, 1917.18994140625, 1495.04052734375, 14213.4375, 6428.1787109375, 3528.039794921875, 6071.83447265625, 6968.6572265625, 7264.55078125, 5218.623046875, 9275.640625, 6673.810546875, 3259.46142578125, 9154.6298828125, 6988.85205078125, 6717.662109375, 6435.4697265625, 1869.84033203125, 3330.3798828125, 9240.3388671875, 9377.3671875, 2147.57470703125, 11200.4609375, 14228.025390625, 13956.0302734375, 13544.6064453125, 12060.609375, 12589.08203125, 10791.18359375, 6340.91748046875, 14589.775390625, 6513.0888671875, 17419.46875, 15444.478515625, 2433.850341796875, 5897.9775390625, 2332.476318359375, 10986.826171875, 9113.75390625, 13761.0810546875, 7078.82177734375, 5337.32080078125, 2759.13720703125, 8917.826171875, 13584.8046875, 11126.8837890625, 11153.5400390625, 11236.279296875, 3273.23291015625, 7127.6376953125, 3538.89892578125, 1767.117919921875, 9762.4404296875, 8360.0732421875, 2225.944580078125, 5179.59326171875, 8187.2744140625, 2205.7734375, 1654.517822265625, 4930.0224609375, 9187.5615234375, 6965.04052734375, 5608.89697265625, 2003.818115234375, 5166.31884765625, 7426.44140625, 5363.88818359375, 8039.89111328125, 4718.8779296875, 2872.495849609375, 6577.44287109375, 7682.77392578125, 3188.570068359375, 5721.11767578125, 3216.89013671875, 2769.878662109375, 7704.54541015625, 9859.9677734375, 3563.521728515625, 4611.45361328125, 4125.1376953125, 5553.50341796875, 4921.24072265625, 8511.2451171875, 2108.154296875, 4502.33349609375, 9854.6474609375, 2832.188720703125, 1851.5263671875, 9100.412109375, 1417.3487548828125, 6994.44189453125, 5047.896484375, 7152.67529296875, 5339.00048828125, 7331.93798828125, 4290.408203125, 11687.6123046875, 3777.89208984375, 3256.908447265625, 10201.216796875, 11500.0888671875, 12741.9091796875, 9090.958984375, 6016.08740234375, 8530.177734375, 4280.0625, 4167.6328125, 3926.13134765625, 10201.7587890625, 13602.9228515625, 2696.6513671875, 4440.31689453125, 4157.56298828125, 2843.1708984375, 5018.08154296875, 8515.5791015625, 6728.978515625, 4684.490234375, 3512.763916015625, 7927.744140625, 5017.744140625, 6022.66015625, 2333.216064453125, 8727.255859375, 4658.31884765625, 11505.0771484375, 3845.0966796875, 7043.72021484375, 4564.91748046875, 4619.93359375, 5941.578125, 1606.6939697265625, 11350.033203125, 794.6705932617188, 7238.7216796875, 2939.49169921875, 7911.486328125, 7380.119140625, 8042.99951171875, 6384.0947265625, 2867.96533203125, 6840.462890625, 7887.15234375, 18018.40234375, 1962.38916015625, 7795.796875, 14467.06640625, 7704.88427734375, 4831.931640625, 1695.12890625, 4804.6552734375, 1867.419189453125, 5729.49658203125, 11382.12109375, 9486.31640625, 3034.114990234375, 6480.810546875, 6006.51708984375, 7140.81640625, 6964.44873046875, 3032.92529296875, 8588.2412109375, 3014.80810546875, 12540.4404296875, 5710.3134765625, 13206.935546875, 3916.33740234375, 6073.9091796875, 5135.46484375, 6535.849609375, 6299.66650390625, 5140.33740234375, 2506.56884765625, 2252.244873046875, 5317.1962890625, 6325.57275390625, 6200.1435546875, 10557.365234375, 8046.6904296875, 12443.384765625, 7696.515625, 2465.193603515625, 5396.2978515625, 12043.8466796875, 13367.974609375, 5959.35546875, 7932.337890625, 9330.3896484375, 6292.54736328125, 5768.50048828125, 6244.0458984375, 6221.77392578125, 8169.40771484375, 4228.0458984375, 5420.31787109375, 3804.06591796875], "name": "default", "desc": "default run", "folder": "./saves/dynamic_run_default_20240305-084823"}