{"nhidden": 128, "rnn_nhidden": 32, "obs_dim": 1, "latent_dim": 4, "lr": 0.005, "n_batch": 16, "beta": 0.5, "total_epochs_train": 50, "epochs_per_train": 5, "epochs": 50, "loss": [207753.328125, 179471.171875, 151493.046875, 155374.78125, 152328.15625, 179433.25, 142388.015625, 189171.4375, 149952.84375, 143583.203125, 169489.015625, 159562.625, 141724.1875, 216555.875, 165895.6875, 114541.515625, 167515.0625, 140754.453125, 152460.21875, 177797.34375, 121737.90625, 160893.4375, 191794.453125, 197173.75, 106943.46875, 124608.546875, 127268.203125, 145208.96875, 155967.453125, 221071.8125, 138380.40625, 164045.34375, 89487.8515625, 169869.125, 149245.40625, 115202.3671875, 169811.171875, 177875.53125, 140527.71875, 112494.0546875, 115016.6015625, 125632.890625, 116611.875, 140391.765625, 115049.15625, 150447.21875, 136679.34375, 119400.3203125, 115713.1015625, 160378.484375, 129342.484375, 116940.453125, 163099.359375, 103628.4140625, 155550.296875, 136237.0, 108535.1796875, 142954.671875, 146472.875, 107206.7734375, 131091.953125, 103365.234375, 101834.171875, 109900.90625, 107698.3125, 125512.953125, 134330.671875, 103744.9921875, 125476.828125, 158393.0625, 88965.2578125, 103012.921875, 97651.6640625, 118082.2265625, 142887.109375, 95222.3125, 125448.078125, 123217.4140625, 82026.234375, 96596.8359375, 91334.375, 141777.40625, 108990.3828125, 100089.8984375, 138114.0625, 89405.1875, 97359.03125, 101162.484375, 68651.6875, 75253.796875, 113919.890625, 85329.03125, 106394.125, 83327.5390625, 80369.9140625, 67723.15625, 110134.25, 80522.1015625, 89692.5234375, 74264.828125, 103257.4453125, 76993.6484375, 94022.09375, 73539.7421875, 72244.2734375, 103708.4296875, 68793.9140625, 125046.546875, 95340.8046875, 114012.2265625, 67567.1328125, 86924.8671875, 91551.3984375, 72498.3359375, 88271.3046875, 67041.7734375, 131092.890625, 99547.3671875, 66223.6328125, 77426.9296875, 73197.9453125, 60713.59765625, 100109.3828125, 73931.5625, 62620.66796875, 109280.84375, 96921.796875, 86497.8125, 70810.6875, 71871.671875, 66419.171875, 99136.9609375, 78890.3359375, 70770.640625, 63557.62109375, 66718.625, 64652.10546875, 59096.140625, 78069.8359375, 125419.5625, 80486.484375, 79977.1640625, 88871.9296875, 59405.06640625, 64823.9921875, 110649.640625, 58520.40625, 111674.09375, 66557.125, 61963.953125, 70847.0546875, 59317.69140625, 80851.7578125, 74153.796875, 40800.9453125, 70849.828125, 63384.48828125, 103327.1953125, 48926.640625, 57298.7265625, 58650.12890625, 75404.8125, 87047.9765625, 65095.296875, 50776.31640625, 65204.875, 114340.5546875, 62728.7578125, 83858.453125, 47214.7421875, 47910.0625, 63228.984375, 41403.03515625, 65038.8359375, 50140.0078125, 39182.57421875, 50821.40234375, 57200.52734375, 107155.125, 49416.4765625, 50677.5, 93470.515625, 73321.0546875, 56396.03515625, 77077.5546875, 55288.21484375, 52051.75390625, 63064.15625, 60754.7421875, 83287.203125, 41030.34765625, 84176.2734375, 47963.921875, 31550.6796875, 84905.2265625, 63916.3203125, 44788.3203125, 52979.48828125, 83770.875, 67782.1328125, 35356.1796875, 74551.65625, 88369.09375, 62833.9765625, 55820.515625, 45751.546875, 72409.171875, 61566.53125, 39708.02734375, 43545.0546875, 49137.046875, 43293.4296875, 93577.875, 61931.8828125, 92589.25, 44481.73828125, 88565.0703125, 52242.40234375, 64555.06640625, 77627.890625, 30864.146484375, 47213.55859375, 53846.0234375, 52221.9453125, 38787.875, 84003.2109375, 48480.65625, 37819.6875, 59665.1796875, 53172.0625, 47979.3671875, 59574.09765625, 62276.18359375, 58242.421875, 72821.328125, 120486.9609375, 42656.828125, 52340.7578125, 27221.1171875, 45903.79296875, 52342.53125, 77017.953125, 44950.9453125, 72437.484375, 56685.39453125, 43295.3515625, 105083.15625, 54308.51171875, 36603.86328125, 59979.5078125, 28025.9921875, 46586.5859375, 76081.328125, 77266.25, 40548.9921875, 36720.45703125, 33716.00390625, 56401.66796875, 62484.1015625, 59016.72265625, 71809.765625, 43664.8671875, 26122.90234375, 51365.125, 30208.669921875, 71642.3359375, 70138.2734375, 57806.38671875, 38850.53515625, 56630.73046875, 45938.0078125, 67242.234375, 60878.1875, 35686.5703125, 37615.08203125, 32637.1171875, 39278.80078125, 75123.15625, 75400.953125, 63443.88671875, 63402.66796875, 43852.96875, 35407.0234375, 28925.34375, 61715.03515625, 43668.80859375, 35832.77734375, 50899.20703125, 41697.26171875, 53733.8515625, 67311.34375, 27257.25390625, 76909.125, 77819.9296875, 28331.90625, 64566.2109375, 33919.046875, 45720.03125, 67057.359375, 59863.2265625, 89115.8359375, 40526.828125, 32709.98046875, 68733.0703125, 62034.0, 45678.9921875, 36988.54296875, 46038.49609375, 27514.521484375, 64927.46484375, 105575.65625, 44016.2109375, 40344.77734375, 63212.73828125, 50840.546875, 65843.1484375, 76036.921875, 36959.80078125, 39924.1640625, 36218.875, 48407.13671875, 55157.3828125, 72700.4375, 63425.8203125, 18697.85546875, 61121.1796875, 82021.6875, 45354.4921875, 43789.66796875, 56015.30859375, 52043.0390625, 46302.703125, 71509.96875, 54615.9140625, 55189.078125, 43093.34765625, 43225.77734375, 62656.25390625, 34137.33984375, 74482.796875, 67620.6796875, 58749.12109375, 30034.685546875, 43021.91015625, 41168.3359375, 54975.40625, 64361.78125, 55313.359375, 43284.203125, 39381.59375, 76673.84375, 27532.27734375, 97138.0, 36896.91796875, 45783.8984375, 61698.40625, 57156.921875, 63700.70703125, 43061.2109375, 21934.65625, 36585.59375, 44791.5625, 77963.65625, 50988.6484375, 88557.2578125, 64124.38671875, 30221.462890625, 54090.4921875, 52313.62890625, 35960.078125, 67202.984375, 35187.46484375, 43937.49609375, 46574.1875, 75018.578125, 55476.30859375, 51371.55078125, 62302.4453125, 99040.828125, 57864.9609375, 62813.7890625, 76551.703125, 70176.75, 31015.591796875, 50336.4140625, 28035.484375, 40800.0703125, 99808.328125, 64230.66796875, 71496.6953125, 37434.98828125, 65655.96875, 33973.3671875, 60137.3203125, 54060.69921875, 38489.8515625, 38510.2265625, 82113.546875, 35295.46484375, 76589.2109375, 28551.486328125, 74600.9296875, 48950.07421875, 68836.21875, 35833.09375, 55076.88671875, 44246.453125, 52389.1640625, 33002.171875, 57711.625, 39492.1640625, 40229.24609375, 59197.39453125, 128056.1328125, 83560.1640625, 27920.919921875, 35674.421875, 84407.2890625, 43928.90234375, 45319.51953125, 45151.109375, 53682.3203125, 35515.6796875, 58967.15625, 43933.609375, 33773.52734375, 36190.73046875, 78302.0, 65062.58984375, 30072.201171875, 50083.01171875, 67591.4375, 43460.95703125, 62605.17578125, 30585.4296875, 34150.5859375, 28416.111328125, 58714.0390625, 57277.796875, 86203.375, 75977.3203125, 41292.6796875, 40704.41796875, 66225.8359375, 82457.625, 47386.765625, 38126.6875, 63824.6328125, 42994.3203125, 53933.4296875], "name": "default", "desc": "lr_0.005_nb_16_ld_4_b_0.5", "folder": "./saves/grid_seach/search1/lr_0.005_nb_16_ld_4_b_0.5_default_20240213-232236"}