{"nhidden": 128, "rnn_nhidden": 32, "obs_dim": 1, "latent_dim": 4, "lr": 0.01, "n_batch": 16, "beta": 1, "total_epochs_train": 50, "epochs_per_train": 5, "epochs": 50, "loss": [152362.734375, 156066.0, 222785.140625, 146636.578125, 158587.046875, 188774.34375, 176081.328125, 149926.171875, 168381.578125, 166141.15625, 190311.21875, 177439.78125, 140780.296875, 146516.640625, 148477.34375, 141190.46875, 158898.796875, 154403.25, 128875.4140625, 120886.671875, 176177.546875, 161353.140625, 163842.390625, 129437.0, 156101.625, 204939.578125, 101398.5, 148475.75, 154446.21875, 138282.390625, 104506.546875, 129197.3359375, 119748.15625, 170130.203125, 120555.53125, 146134.515625, 120891.75, 146563.46875, 111254.109375, 139163.515625, 120608.546875, 114983.34375, 122564.171875, 121231.5, 164949.328125, 147470.125, 111652.921875, 130170.828125, 106255.90625, 96558.7265625, 119709.671875, 126417.9375, 120955.1796875, 99117.203125, 129952.6796875, 97960.8125, 87110.109375, 99647.953125, 90569.0859375, 87258.4375, 101055.953125, 118884.6875, 101553.140625, 80434.2265625, 92851.5546875, 158787.453125, 234282.09375, 108130.2265625, 123007.6640625, 155940.046875, 189705.921875, 128541.203125, 97789.1640625, 165700.078125, 132325.84375, 145327.71875, 121272.125, 171076.359375, 152620.421875, 100608.921875, 130178.640625, 109888.8046875, 121285.375, 135239.71875, 103283.4140625, 101953.46875, 144597.828125, 104558.5, 80275.7421875, 86502.46875, 75639.390625, 132942.390625, 75406.484375, 84512.71875, 106869.328125, 79702.03125, 123879.1171875, 90904.1953125, 79988.296875, 77401.8046875, 81696.5546875, 76441.0703125, 91722.6328125, 68149.140625, 67479.25, 85216.0859375, 108907.40625, 112650.2265625, 102850.34375, 96907.0390625, 81702.3046875, 99572.6015625, 92918.671875, 84503.4296875, 72330.8046875, 115954.5625, 92974.6875, 112471.515625, 91684.9609375, 147167.171875, 60591.88671875, 92328.421875, 86243.578125, 89046.578125, 92682.609375, 47720.1171875, 54668.47265625, 70774.421875, 88336.515625, 75225.5546875, 68484.921875, 86383.90625, 64657.359375, 120996.9453125, 63242.83203125, 87338.359375, 97786.1328125, 71100.5546875, 59426.82421875, 80764.2109375, 75957.578125, 83309.734375, 83472.6953125, 57407.80078125, 71165.03125, 92002.1796875, 45528.6328125, 95711.296875, 54806.4609375, 80090.5, 62258.7109375, 83463.453125, 73107.65625, 110495.25, 57152.109375, 61135.0625, 54303.3046875, 58659.328125, 97224.0546875, 56700.34375, 40185.91015625, 83571.53125, 60846.44921875, 73636.1015625, 66113.9765625, 49579.5, 62948.78515625, 37737.390625, 97815.953125, 70273.3828125, 81478.8125, 91384.953125, 71467.765625, 37800.84375, 69689.0, 26260.716796875, 69536.6875, 46626.1328125, 57207.17578125, 55495.91796875, 59754.46875, 40128.21875, 38581.9140625, 125529.4921875, 58168.9765625, 45666.3984375, 44493.5234375, 53637.96875, 84232.890625, 67659.5546875, 84202.8125, 27633.857421875, 36015.87890625, 64284.80078125, 39018.0546875, 67201.625, 93148.4921875, 120410.796875, 47370.76953125, 56624.2109375, 44026.66015625, 45327.8515625, 86814.3515625, 63388.234375, 47077.89453125, 36965.5625, 88342.546875, 62015.51953125, 44247.828125, 46111.48828125, 63477.14453125, 52356.17578125, 52809.26953125, 45124.5859375, 72141.921875, 44735.02734375, 57121.71484375, 80671.921875, 57599.8671875, 43447.5859375, 45204.765625, 84051.015625, 35052.8828125, 68501.9375, 22234.365234375, 80531.21875, 74717.21875, 71302.9296875, 38233.3984375, 71408.515625, 185119.21875, 197530.109375, 169903.40625, 220950.953125, 184849.421875, 123258.8125, 201840.5, 111565.828125, 168732.03125, 121394.6015625, 139838.859375, 183583.4375, 172789.8125, 154387.3125, 133924.375, 178610.203125, 120222.4921875, 141296.3125, 148487.875, 217025.5, 114300.125, 196107.03125, 156493.28125, 112298.71875, 146332.1875, 146581.875, 177182.671875, 140160.34375, 164577.75, 210218.140625, 108964.5859375, 118859.515625, 285251.90625, 157058.125, 112178.015625, 132968.359375, 152351.4375, 119723.234375, 135637.03125, 160726.859375, 143743.671875, 134398.5625, 115592.375, 132196.765625, 203637.21875, 121979.25, 105050.9921875, 168756.4375, 154048.96875, 131658.203125, 112505.3515625, 135616.25, 119638.015625, 110272.8125, 154470.5, 114622.953125, 135288.359375, 111500.7421875, 125821.7890625, 116729.6875, 105184.0, 91482.375, 119562.7421875, 128847.984375, 104226.8203125, 119250.8828125, 124776.1640625, 167092.4375, 108049.125, 103669.3984375, 107086.7578125, 142382.515625, 117449.9140625, 80530.71875, 111681.9609375, 100626.234375, 100150.6953125, 102153.1171875, 91795.7109375, 123669.796875, 103743.9765625, 92201.171875, 69700.953125, 156065.4375, 99513.9375, 108034.859375, 85748.703125, 96857.6640625, 65223.17578125, 76650.8984375, 146508.59375, 82929.53125, 103529.84375, 79256.4296875, 64497.671875, 74641.96875, 66521.921875, 116951.40625, 89859.515625, 73112.4296875, 98178.8125, 79065.5, 80236.3203125, 80357.078125, 88151.921875, 71057.6796875, 116184.375, 64629.625, 100637.3984375, 66477.25, 74881.3515625, 69378.4765625, 87278.046875, 88761.6015625, 94795.59375, 55509.46484375, 62611.8828125, 69308.3515625, 94296.203125, 50156.984375, 60888.171875, 62720.0, 58561.8515625, 61887.7890625, 79423.265625, 95764.5078125, 64266.78125, 112945.78125, 85942.546875, 75021.421875, 76945.3984375, 67442.6484375, 91700.890625, 73246.015625, 40116.296875, 120674.7265625, 65307.328125, 87551.921875, 47846.0078125, 55682.046875, 54441.24609375, 72936.3828125, 40602.80859375, 37942.13671875, 106674.4453125, 117279.40625, 54701.02734375, 80549.015625, 53191.4375, 55553.046875, 85929.28125, 69278.3203125, 87757.4140625, 54893.1015625, 72729.203125, 92908.46875, 57335.19921875, 40771.48828125, 82686.078125, 46269.140625, 50844.546875, 42649.0, 53565.609375, 77538.546875, 98978.9921875, 57631.53125, 81243.046875, 29638.8359375, 58082.796875, 47502.55859375, 73789.4453125, 94127.703125, 35126.44140625, 46638.62109375, 43197.65234375, 41563.3046875, 19550.744140625, 39039.26953125, 83460.859375, 68317.3125, 56501.5, 48406.1171875, 80769.7734375, 43135.73828125, 54751.1875, 54670.1796875, 36741.7578125, 53884.546875, 61916.109375, 65256.0625, 32419.935546875, 62727.1484375, 49995.33984375, 38903.9921875, 62500.83203125, 68765.28125, 80700.546875, 72796.2265625, 56598.75, 56833.45703125, 103685.5859375, 50193.70703125, 97499.0546875, 51061.7421875, 52487.015625, 34410.43359375, 57908.9609375, 52154.71484375, 86619.2265625, 42201.734375, 69133.8203125, 70603.6328125, 50586.53515625, 34620.66796875, 61276.08203125, 23982.65234375, 46170.16796875, 71306.453125, 54854.81640625, 49684.69921875], "name": "default", "desc": "lr_0.01_nb_16_ld_4_b_1", "folder": "./saves/grid_seach/search4/lr_0.01_nb_16_ld_4_b_1_default_20240307-081530"}