{"nhidden": 128, "rnn_nhidden": 32, "obs_dim": 1, "latent_dim": 8, "lr": 0.001, "n_batch": 16, "beta": 0.001, "total_epochs_train": 10, "epochs_per_train": 5, "epochs": 10, "loss": [260577.75, 134455.90625, 278303.5, 166044.0, 131778.3125, 127123.90625, 141491.90625, 182788.921875, 122160.609375, 187563.0, 191622.515625, 176554.671875, 168645.859375, 147348.140625, 152371.453125, 149738.28125, 153485.5, 180407.3125, 285688.78125, 130017.328125, 124943.90625, 128044.9765625, 103299.15625, 183895.046875, 129430.1171875, 210556.4375, 157930.21875, 143555.734375, 199585.40625, 102264.8515625, 124866.578125, 227800.90625, 162967.28125, 175009.765625, 152495.546875, 149906.84375, 153274.84375, 162087.078125, 143565.84375, 166887.734375, 118620.859375, 115972.0546875, 126836.5859375, 130358.59375, 195773.109375, 104899.1796875, 142565.46875, 125604.296875, 135311.828125, 117026.6953125, 141716.6875, 152940.15625, 105523.0078125, 147741.96875, 136218.6875, 140156.234375, 209283.515625, 165376.0625, 133947.09375, 129296.4765625, 124121.9140625, 124239.7734375, 126435.7421875, 146595.125, 129573.4375, 128221.109375, 111844.328125, 197026.171875, 87830.671875, 156947.46875, 119271.9609375, 145675.75, 131976.71875, 144463.28125, 95599.2421875, 117476.59375, 203829.953125, 93940.140625, 141261.484375, 140227.34375, 115753.859375, 103645.84375, 106453.4140625, 119062.96875, 160796.046875, 158991.984375, 98999.65625, 100458.65625, 155271.5625, 156035.4375], "name": "default", "desc": "default run", "folder": "./saves/default_run_default_20240307-061927"}