{"nhidden": 128, "rnn_nhidden": 32, "obs_dim": 1, "latent_dim": 2, "lr": 0.0001, "n_batch": 16, "beta": 4, "total_epochs_train": 50, "epochs_per_train": 5, "epochs": 50, "loss": [218928.25, 159141.875, 206554.953125, 131066.515625, 146668.921875, 150363.5, 245460.859375, 150146.734375, 197542.6875, 149581.390625, 127068.28125, 244437.9375, 218483.234375, 157496.765625, 173195.515625, 216241.140625, 145276.296875, 152627.5, 193967.171875, 175273.96875, 157273.390625, 187427.421875, 160450.359375, 207504.71875, 144175.5, 207231.109375, 137304.640625, 220054.625, 196412.71875, 152292.125, 111668.6484375, 157612.828125, 212514.921875, 196121.875, 110111.4765625, 182706.5, 108744.8359375, 125109.515625, 246228.828125, 198471.21875, 143490.640625, 119330.4375, 154601.53125, 202794.75, 217754.65625, 172894.84375, 169603.765625, 170671.109375, 137334.234375, 279237.875, 121985.796875, 151391.75, 160356.703125, 203077.6875, 164661.140625, 155843.3125, 210434.734375, 153761.140625, 134571.25, 154195.890625, 156944.78125, 143497.875, 237230.15625, 125831.78125, 144268.90625, 173376.96875, 153486.734375, 192101.65625, 232088.34375, 183158.984375, 129940.515625, 187114.203125, 230193.796875, 161850.53125, 131221.109375, 198020.96875, 151090.75, 202194.46875, 124642.875, 118010.75, 137681.6875, 117853.7265625, 165725.296875, 171329.125, 143215.484375, 157514.5625, 134320.640625, 160660.921875, 248783.609375, 123767.265625, 130655.7421875, 239614.0625, 147353.53125, 149727.34375, 199914.9375, 138541.71875, 132974.8125, 203159.703125, 132962.640625, 170142.1875, 142576.25, 149897.84375, 142789.984375, 209087.515625, 193107.9375, 122414.3984375, 189778.5, 206184.875, 244694.8125, 104358.0390625, 149618.8125, 196778.78125, 207154.671875, 139253.71875, 157444.0, 123556.40625, 144419.5, 135828.90625, 169194.40625, 149442.4375, 228805.078125, 147883.03125, 123848.953125, 180199.71875, 160545.234375, 133567.84375, 218865.5, 126687.1171875, 172325.8125, 146732.359375, 163055.109375, 150631.125, 136183.78125, 174475.140625, 152336.546875, 105726.7421875, 163344.390625, 176306.65625, 189831.484375, 180281.0625, 111308.40625, 161395.53125, 176561.140625, 161304.859375, 192662.375, 129652.640625, 172752.984375, 160290.03125, 214294.015625, 141916.140625, 142027.703125, 141299.359375, 149398.03125, 215325.9375, 265353.03125, 116327.875, 160208.609375, 129370.8671875, 155036.984375, 149481.15625, 109003.515625, 121343.546875, 196490.625, 211981.8125, 127951.0078125, 159518.40625, 143291.25, 147296.8125, 87242.578125, 135449.53125, 150588.21875, 176833.171875, 83451.484375, 182884.09375, 111317.8125, 235721.265625, 145311.9375, 131734.21875, 122254.28125, 130531.34375, 117003.0078125, 130045.5078125, 173493.3125, 99714.046875, 197526.0, 106152.7578125, 123059.609375, 118833.234375, 143675.5, 115391.171875, 184430.703125, 132882.03125, 129371.09375, 112454.5, 115885.046875, 179003.125, 140182.8125, 135224.171875, 115275.140625, 105327.84375, 140670.71875, 158728.046875, 121054.0859375, 121966.8515625, 165396.28125, 135016.9375, 134211.671875, 118062.9375, 141542.71875, 121848.296875, 131276.1875, 152140.4375, 136780.03125, 111756.15625, 115276.796875, 170288.46875, 114065.9375, 107278.5546875, 116177.6484375, 159263.296875, 136031.0, 134608.671875, 120789.28125, 109087.546875, 141552.546875, 117291.390625, 137645.71875, 103391.875, 130690.953125, 155900.21875, 94938.84375, 151856.09375, 128331.6796875, 135125.46875, 119829.15625, 143309.5625, 92228.9765625, 120320.6015625, 112655.8125, 138905.578125, 129911.109375, 118442.5390625, 178638.15625, 98923.9375, 155156.671875, 153849.421875, 105399.578125, 148936.46875, 121442.9609375, 101964.03125, 131416.03125, 127203.328125, 121529.75, 134078.59375, 123348.4609375, 146384.421875, 113531.8671875, 131602.609375, 108905.109375, 123973.21875, 126072.421875, 116840.9921875, 140741.15625, 126775.2890625, 137729.21875, 117381.3828125, 142723.890625, 99407.5390625, 146360.53125, 108176.1796875, 131052.2890625, 103470.796875, 102021.4375, 107959.921875, 149746.015625, 137657.359375, 112691.3359375, 149586.703125, 115301.0390625, 106740.1328125, 107599.34375, 126276.625, 115091.859375, 98109.5546875, 163041.6875, 116729.1640625, 112609.90625, 169175.8125, 112221.7109375, 100091.2734375, 98924.0546875, 133453.28125, 130208.7890625, 107507.359375, 152703.296875, 115334.875, 156392.296875, 137897.09375, 105760.109375, 144192.28125, 162937.859375, 118715.453125, 119868.2265625, 90826.5859375, 119743.359375, 130032.6796875, 103686.140625, 93155.828125, 148144.546875, 88250.9453125, 131338.4375, 111658.3984375, 207408.21875, 125692.1796875, 105672.78125, 159535.640625, 112373.265625, 107455.0546875, 107036.515625, 113946.96875, 117055.296875, 98878.0, 102166.9921875, 164140.609375, 108858.78125, 138550.9375, 145770.15625, 127638.703125, 150579.828125, 115094.375, 109255.1953125, 99207.546875, 126102.109375, 100177.421875, 94148.328125, 141944.984375, 145782.765625, 148767.1875, 102094.671875, 126097.203125, 125200.5, 128872.125, 105919.140625, 118729.40625, 147698.703125, 116618.9375, 128641.34375, 124930.5625, 95286.96875, 154834.765625, 106629.28125, 147100.9375, 153169.484375, 104467.9921875, 143036.53125, 126733.5703125, 102870.7734375, 97562.0703125, 110605.3125, 104960.625, 98671.296875, 113080.3515625, 114909.7109375, 156563.375, 127968.5859375, 141758.984375, 153020.28125, 106533.65625, 94808.140625, 140718.109375, 130060.046875, 102166.84375, 120419.7578125, 121671.2734375, 123625.609375, 116662.6328125, 110485.578125, 124654.2421875, 114565.1875, 98009.8671875, 123074.375, 122125.6953125, 127489.453125, 128100.7890625, 130277.453125, 140267.046875, 110214.375, 98082.53125, 145567.59375, 109117.96875, 97680.4609375, 97029.4609375, 160383.109375, 116850.3125, 117878.265625, 126634.7578125, 143574.125, 113390.96875, 101872.8671875, 105040.96875, 121170.453125, 125005.5234375, 113142.1953125, 124041.203125, 119088.5078125, 125951.9921875, 156968.5625, 91070.875, 84845.7734375, 119281.6015625, 111521.7890625, 124620.5, 143850.921875, 103822.8984375, 123023.0, 141398.078125, 118347.3828125, 97727.890625, 141447.84375, 110392.1015625, 115851.7734375, 112794.921875, 97005.546875, 131055.8359375, 104443.734375, 124541.40625, 112382.046875, 181228.625, 89561.1484375, 108926.96875, 138584.40625, 101994.1484375, 108564.84375, 92543.4921875, 123284.765625, 118617.6171875, 169431.59375, 122464.8046875, 89271.609375, 145471.203125, 107881.1484375, 108166.109375, 114383.2265625, 162058.859375, 112850.0234375, 106824.8828125, 104493.734375, 141135.390625, 105817.0, 124455.34375], "name": "default", "desc": "lr_0.0001_nb_16_ld_2_b_4", "folder": "./saves/grid_seach/search4/lr_0.0001_nb_16_ld_2_b_4_default_20240307-095703"}