{"nhidden": 128, "rnn_nhidden": 32, "obs_dim": 1, "latent_dim": 1, "lr": 0.01, "n_batch": 16, "beta": 2, "total_epochs_train": 50, "epochs_per_train": 5, "epochs": 50, "loss": [162742.390625, 116298.421875, 206071.390625, 461861.5625, 176780.984375, 195601.796875, 115096.734375, 155068.71875, 127901.921875, 118778.921875, 172889.03125, 165442.296875, 156281.453125, 140976.859375, 222479.90625, 143992.84375, 156834.453125, 275373.375, 167213.40625, 185581.234375, 172361.484375, 149897.046875, 142657.875, 123688.484375, 179122.25, 233852.328125, 176851.953125, 137937.375, 182186.296875, 143838.828125, 171135.0, 124197.8203125, 202906.84375, 188166.421875, 123737.9765625, 181343.296875, 136346.65625, 198321.875, 119956.5234375, 160056.53125, 228282.703125, 130366.84375, 137944.828125, 176531.984375, 143491.40625, 163951.328125, 175138.0, 98371.109375, 131469.90625, 148762.234375, 176424.40625, 228778.515625, 133061.296875, 141726.078125, 149749.25, 158311.375, 150995.921875, 200166.5, 127678.875, 142983.34375, 173144.65625, 143073.75, 173039.375, 142432.015625, 181724.40625, 189323.484375, 123931.3203125, 161435.421875, 131741.953125, 148084.78125, 183633.046875, 141102.625, 150386.75, 195131.9375, 201094.328125, 163906.296875, 138357.09375, 94480.59375, 172018.921875, 146408.578125, 139146.9375, 129766.6171875, 135860.546875, 183327.953125, 120713.0625, 141506.875, 172644.15625, 193876.875, 137501.6875, 203905.34375, 147248.5625, 106924.6171875, 143065.0625, 173763.8125, 162692.328125, 129661.953125, 183473.5, 194738.03125, 144804.21875, 160558.828125, 165036.640625, 179872.296875, 149591.1875, 183193.296875, 147425.0625, 116312.609375, 175294.5625, 124961.484375, 172483.359375, 191396.96875, 107605.2421875, 184121.5625, 176819.28125, 154758.515625, 139380.734375, 130566.4921875, 133247.203125, 142335.0625, 139195.890625, 179059.5625, 146685.984375, 202140.625, 137202.4375, 161918.75, 165329.703125, 114468.1640625, 143973.546875, 143317.15625, 136118.890625, 168216.6875, 148423.0, 193127.859375, 141132.0, 127862.0859375, 159992.21875, 117500.3125, 155249.90625, 164960.828125, 131290.015625, 211671.703125, 138314.6875, 163484.484375, 135642.140625, 130595.0703125, 122453.9375, 201756.109375, 179893.71875, 182841.65625, 151779.34375, 108229.3359375, 135516.859375, 117534.21875, 166558.4375, 166365.171875, 159006.625, 160692.359375, 113072.2265625, 177309.5625, 97737.8828125, 193665.4375, 132869.203125, 206268.125, 133148.0625, 189451.28125, 160328.5625, 143740.46875, 114574.9609375, 197368.953125, 139897.578125, 188250.390625, 143076.125, 176354.3125, 190980.53125, 148362.46875, 181270.375, 139217.4375, 137297.21875, 94430.484375, 198574.84375, 116919.1171875, 206609.734375, 107850.5390625, 149625.359375, 133925.125, 122196.109375, 129154.140625, 191414.359375, 187792.640625, 134777.625, 168898.109375, 197866.3125, 105408.796875, 160754.640625, 168207.3125, 113734.640625, 152291.953125, 154169.4375, 112365.484375, 183071.265625, 129320.578125, 127385.90625, 109394.578125, 166872.390625, 156393.875, 153621.765625, 108593.609375, 177117.4375, 154584.140625, 152002.828125, 128990.53125, 120804.9609375, 160029.28125, 150834.84375, 198526.359375, 171824.6875, 115864.03125, 142803.53125, 176339.21875, 136819.703125, 215137.796875, 140879.4375, 107016.625, 181267.421875, 148997.140625, 155639.921875, 178356.671875, 181836.3125, 129530.171875, 111729.6640625, 143616.421875, 139999.296875, 180190.65625, 183453.40625, 169048.6875, 163359.171875, 168820.203125, 142069.890625, 133547.703125, 172971.984375, 168501.59375, 133116.96875, 144731.6875, 182977.03125, 180492.96875, 112325.40625, 151437.6875, 127794.765625, 151570.359375, 202921.484375, 191680.234375, 121884.1484375, 152526.0, 174125.0, 149325.5625, 124303.609375, 139659.78125, 93510.8359375, 199486.75, 150213.328125, 185770.578125, 143640.140625, 204027.34375, 133878.765625, 164672.328125, 181992.421875, 127665.671875, 139637.28125, 116217.546875, 190715.90625, 144470.53125, 209266.8125, 217250.359375, 168042.03125, 120874.3046875, 129214.65625, 137602.9375, 137653.59375, 100744.734375, 182774.5625, 134943.59375, 156798.3125, 137064.59375, 145345.578125, 159909.25, 154465.609375, 214060.4375, 154254.28125, 127233.515625, 150514.578125, 114844.953125, 185464.609375, 195978.953125, 200938.765625, 158348.953125, 117855.2109375, 122211.8828125, 105166.0859375, 157350.4375, 159784.0625, 169962.75, 131104.296875, 184300.953125, 119267.6484375, 173552.859375, 151826.484375, 129695.796875, 170562.25, 159611.484375, 150344.875, 175645.671875, 115684.2421875, 144727.640625, 109082.109375, 159005.578125, 157231.40625, 152379.84375, 141379.0625, 128058.2578125, 162926.984375, 107387.2265625, 152361.359375, 186291.515625, 131002.15625, 162286.390625, 166087.65625, 138804.6875, 135779.953125, 161724.0625, 171874.53125, 142209.796875, 174648.21875, 180726.828125, 105689.1640625, 220375.828125, 150315.578125, 162774.09375, 178850.9375, 121696.703125, 148040.953125, 148281.96875, 115884.0625, 127445.734375, 190263.40625, 140023.359375, 123252.984375, 159956.03125, 144266.34375, 143917.8125, 130034.53125, 194555.90625, 146673.90625, 152753.1875, 132247.921875, 186938.140625, 145692.25, 109136.8828125, 144673.15625, 134559.390625, 208473.5625, 158444.890625, 137210.96875, 142668.046875, 200007.296875, 125643.8125, 227619.703125, 123306.375, 111979.0859375, 144325.71875, 157966.40625, 137558.734375, 175405.8125, 138277.828125, 153417.25, 149885.109375, 169270.65625, 138855.9375, 142776.09375, 127393.859375, 250258.09375, 130338.75, 128874.4375, 102047.171875, 88555.5078125, 156241.90625, 175152.328125, 134912.09375, 123328.4375, 145548.078125, 115514.3671875, 203501.8125, 170390.0625, 112928.0859375, 155584.015625, 144313.53125, 130515.34375, 119296.71875, 134019.359375, 115797.46875, 121339.3671875, 176815.296875, 198540.4375, 136440.546875, 140512.40625, 96172.4296875, 153668.0, 191026.4375, 138886.515625, 85572.640625, 109164.671875, 91948.5703125, 129432.046875, 197305.375, 158387.71875, 121545.90625, 103496.4921875, 119925.3515625, 194776.703125, 134911.625, 153700.875, 89566.1171875, 147943.875, 150952.015625, 119307.7578125, 105763.09375, 138456.703125, 137224.53125, 129118.765625, 151947.671875, 124736.0546875, 133881.1875, 124266.390625, 154770.296875, 124977.8046875, 94418.28125, 136400.40625, 124391.6015625, 185070.0, 117008.1875, 104383.2421875, 117755.125, 163495.453125, 135875.71875, 128143.1328125, 174045.328125, 115934.6796875, 99981.8125, 168259.125, 131794.375, 102344.0, 137455.546875], "name": "default", "desc": "lr_0.01_nb_16_ld_1_b_2", "folder": "./saves/grid_seach/search1/lr_0.01_nb_16_ld_1_b_2_default_20240213-221327"}