{"nhidden": 128, "rnn_nhidden": 32, "obs_dim": 1, "latent_dim": 8, "lr": 0.001, "n_batch": 16, "beta": 4, "total_epochs_train": 50, "epochs_per_train": 5, "epochs": 50, "loss": [214283.375, 169248.875, 207383.96875, 112337.640625, 218712.125, 116995.453125, 134647.125, 124059.6484375, 163465.3125, 166884.46875, 93289.2265625, 126132.546875, 173912.40625, 180281.34375, 180424.46875, 276413.78125, 144860.765625, 165831.703125, 222931.34375, 184900.640625, 132289.609375, 184898.78125, 134938.21875, 171307.1875, 139197.703125, 97869.1953125, 175860.6875, 136107.84375, 121300.8046875, 142207.5625, 230617.390625, 124965.28125, 171385.453125, 208133.90625, 140643.0625, 112838.21875, 187593.203125, 117152.1171875, 141916.40625, 146936.265625, 137224.65625, 113463.1015625, 130808.203125, 135210.875, 168845.3125, 116805.3984375, 164338.5, 170402.265625, 130252.84375, 129468.5546875, 123211.6015625, 160801.296875, 117787.8984375, 112760.7734375, 123696.765625, 153480.5, 113249.3046875, 158789.59375, 136584.859375, 107271.5625, 133447.984375, 130052.375, 120428.921875, 96669.28125, 103610.078125, 103620.4453125, 98201.1484375, 114143.734375, 176478.0625, 175848.53125, 123598.09375, 149073.28125, 127188.2734375, 112949.953125, 149440.390625, 126551.90625, 105503.59375, 117671.796875, 122028.546875, 165076.984375, 134991.25, 93042.3359375, 99044.9375, 138962.90625, 126163.75, 122264.671875, 129621.6875, 155429.21875, 99763.328125, 140422.640625, 124944.2578125, 117430.515625, 126244.5078125, 152573.90625, 109795.234375, 106651.765625, 112645.015625, 121453.359375, 141703.4375, 105453.78125, 94575.0, 117008.5546875, 132928.359375, 108673.2421875, 125217.5, 145382.171875, 110043.828125, 104738.1875, 93155.21875, 129197.8125, 105510.390625, 142440.578125, 136964.328125, 90481.09375, 132147.328125, 96991.8203125, 128684.703125, 101621.875, 100527.21875, 139687.75, 106273.703125, 126406.0, 83734.3671875, 180987.1875, 108228.140625, 103542.1640625, 115012.84375, 90178.59375, 97242.9375, 97569.8515625, 105518.1953125, 129462.7265625, 103090.15625, 120047.171875, 158388.0, 113350.5390625, 128724.796875, 98610.1875, 125643.46875, 103535.4296875, 97629.640625, 137229.3125, 95762.6875, 92828.234375, 88477.6796875, 143666.15625, 122444.109375, 102396.59375, 94030.265625, 103202.78125, 83566.2109375, 138044.890625, 89313.484375, 127449.921875, 114693.8671875, 91947.109375, 96986.1796875, 96563.15625, 81315.6875, 102552.9375, 81480.703125, 126252.0625, 104735.9609375, 89627.125, 109561.96875, 115570.890625, 85998.0546875, 96651.4765625, 109154.78125, 116206.765625, 70739.6953125, 76229.171875, 86055.65625, 79546.3828125, 79843.453125, 122580.078125, 82226.28125, 116627.03125, 153137.84375, 79774.34375, 81248.078125, 78448.1015625, 80313.859375, 68481.640625, 141914.875, 85220.421875, 82321.921875, 121883.953125, 125689.7890625, 103487.0546875, 94928.5, 98922.140625, 89072.7109375, 71904.4609375, 93742.6875, 115560.3046875, 96249.1875, 75754.7578125, 117271.328125, 85957.1953125, 102809.484375, 87565.6796875, 83338.265625, 92424.6796875, 61759.62890625, 67631.125, 104862.15625, 73316.2265625, 78245.25, 136037.96875, 82798.1875, 102041.515625, 99170.1875, 81273.3515625, 87081.6484375, 65084.140625, 97438.671875, 69134.8984375, 97159.4921875, 91312.203125, 101472.7578125, 65881.6640625, 91648.3203125, 111675.9375, 63769.0859375, 80296.4375, 74920.703125, 82094.6015625, 77245.28125, 95967.1640625, 114076.8984375, 64466.984375, 85199.6796875, 91697.390625, 64244.87109375, 86098.6484375, 127717.890625, 91593.90625, 67971.234375, 91213.2421875, 75220.7109375, 72534.90625, 77972.6328125, 95745.2421875, 93742.53125, 83522.328125, 68820.9921875, 76414.25, 62628.53125, 114112.265625, 60647.83984375, 65143.1875, 107735.2890625, 69460.0390625, 96374.1484375, 78581.8203125, 52779.578125, 63256.90234375, 67454.796875, 81525.2265625, 74530.375, 77326.1875, 89950.796875, 47785.7421875, 53910.765625, 98395.7421875, 67127.90625, 51870.45703125, 99465.828125, 74000.3984375, 124727.6484375, 100069.2890625, 77274.03125, 108433.953125, 58428.3125, 57506.46875, 65221.47265625, 114615.03125, 75332.7578125, 57547.58984375, 104484.0234375, 77511.34375, 51787.66796875, 71073.0546875, 56001.8125, 85119.40625, 97088.3203125, 75598.3203125, 71750.921875, 104881.4921875, 67230.109375, 92874.578125, 49014.12890625, 60233.234375, 58263.80859375, 42951.0546875, 77765.9765625, 84991.171875, 51291.95703125, 81362.96875, 44561.828125, 44013.12890625, 53347.4296875, 84223.9375, 102658.6796875, 54537.328125, 91781.8046875, 72557.40625, 67379.9453125, 55365.25, 40528.1875, 46468.171875, 107799.203125, 59970.5078125, 46318.95703125, 61653.03515625, 43866.0234375, 53121.26171875, 72561.46875, 43405.15625, 62517.0546875, 79117.3125, 66057.84375, 90153.125, 44693.5625, 73827.6953125, 48795.03515625, 42629.73046875, 44995.9375, 65278.25390625, 96784.78125, 76980.140625, 60238.80859375, 40387.47265625, 41499.14453125, 75682.3828125, 95919.859375, 93400.7578125, 66211.2265625, 54230.171875, 35251.04296875, 50348.8671875, 49293.890625, 79484.7421875, 57029.484375, 73046.234375, 68437.75, 40249.9453125, 69682.78125, 41588.703125, 48404.19921875, 67575.796875, 42193.359375, 62497.890625, 87061.7265625, 61682.10546875, 33262.703125, 45911.2890625, 51284.02734375, 59344.75, 32652.2109375, 91755.2734375, 39789.88671875, 52643.78515625, 46165.37890625, 83701.859375, 38367.625, 63321.515625, 50008.10546875, 52636.7421875, 30964.06640625, 46088.3984375, 70114.8203125, 41480.23046875, 69767.75, 36548.69921875, 76631.421875, 79038.203125, 36297.66015625, 53306.8828125, 89497.3984375, 55663.52734375, 42576.6171875, 75287.9453125, 84778.9296875, 35589.70703125, 63187.9765625, 62576.93359375, 37840.9609375, 52576.12890625, 54129.5625, 57481.05078125, 31678.330078125, 72738.078125, 39527.80078125, 91590.125, 47988.26953125, 69618.8203125, 33515.77734375, 65305.40625, 42824.34765625, 82333.15625, 52396.28125, 70749.6953125, 54839.15625, 61165.63671875, 82624.484375, 71685.1953125, 55647.359375, 69439.3359375, 29730.3515625, 36742.85546875, 52447.0, 67795.25, 59530.75, 64152.953125, 59015.10546875, 37597.0546875, 57180.6015625, 61979.0703125, 57687.6875, 51104.12109375, 69110.4765625, 71977.5390625, 54134.46875, 73981.65625, 54270.65234375, 50949.33984375, 50865.69140625, 55413.22265625, 30605.482421875, 62219.421875, 34686.33984375, 42656.09765625, 61951.078125, 78829.234375, 65096.8203125, 50562.19140625, 44094.53125, 34992.8125, 85993.15625, 59031.9296875, 78346.984375, 43191.18359375, 40622.421875, 80408.5078125, 46582.60546875, 54941.1015625, 36606.7265625, 73612.4375], "name": "default", "desc": "lr_0.001_nb_16_ld_8_b_4", "folder": "./saves/grid_seach/search1/lr_0.001_nb_16_ld_8_b_4_default_20240214-002419"}