{"nhidden": 128, "rnn_nhidden": 32, "obs_dim": 1, "latent_dim": 2, "lr": 0.0001, "n_batch": 16, "beta": 2, "total_epochs_train": 50, "epochs_per_train": 5, "epochs": 50, "loss": [195796.421875, 165698.15625, 151040.140625, 232753.34375, 164713.75, 193258.484375, 177382.953125, 107972.65625, 204040.859375, 185876.140625, 183818.125, 101122.2734375, 191278.03125, 189810.921875, 169201.546875, 227376.5, 157920.75, 184478.1875, 212110.09375, 175084.609375, 164815.0, 149967.09375, 198140.5625, 195505.25, 133081.484375, 186990.640625, 130984.75, 272324.8125, 168585.6875, 124970.7578125, 169312.3125, 156787.296875, 180740.28125, 150184.25, 172148.671875, 146597.015625, 141575.046875, 153221.9375, 213467.859375, 281584.0, 170434.734375, 117383.5390625, 200794.5625, 145468.53125, 141585.421875, 271372.8125, 165799.484375, 210677.0, 128360.03125, 152884.1875, 106104.6328125, 198676.203125, 158649.671875, 160704.265625, 119089.9375, 198467.71875, 244746.109375, 135777.0625, 175130.5625, 205630.96875, 129703.6328125, 151953.890625, 182209.046875, 206619.78125, 164469.5, 204715.15625, 99720.109375, 112227.8203125, 123672.4140625, 221406.5, 271910.0625, 129402.4921875, 175244.09375, 172179.71875, 111073.390625, 173704.71875, 282213.375, 107660.359375, 178728.0, 184498.515625, 161889.8125, 237172.828125, 116252.2421875, 242383.15625, 155058.78125, 155002.3125, 155019.109375, 149796.546875, 132350.03125, 199949.125, 117990.8515625, 237241.34375, 136795.921875, 182857.125, 173320.234375, 172866.5625, 172633.453125, 160187.875, 167679.5625, 167660.421875, 225375.703125, 146443.046875, 90495.640625, 218532.4375, 158175.421875, 189019.3125, 138251.1875, 164949.015625, 180603.515625, 157491.859375, 145197.703125, 179899.75, 135009.71875, 234891.0, 181177.046875, 160060.4375, 116428.28125, 173118.234375, 123634.3046875, 207093.5, 125443.9453125, 190581.078125, 230658.421875, 113657.6171875, 187913.71875, 171150.5625, 195855.15625, 165373.640625, 177236.046875, 123885.890625, 225568.96875, 159106.453125, 102669.0703125, 154139.609375, 136930.078125, 149436.578125, 144212.640625, 169616.15625, 118577.125, 207734.640625, 214605.4375, 172830.609375, 157988.84375, 129880.6015625, 125576.1796875, 160193.453125, 230133.875, 147850.609375, 113812.7421875, 229565.796875, 191210.859375, 154743.15625, 155996.296875, 207087.96875, 234305.75, 175270.421875, 148453.21875, 133857.0625, 116307.828125, 164791.609375, 163135.640625, 129306.3828125, 121367.2421875, 166837.734375, 248438.890625, 239220.25, 117245.421875, 108449.078125, 165516.859375, 141888.09375, 160604.109375, 122629.4609375, 168834.640625, 191803.671875, 133339.46875, 179095.859375, 163759.515625, 183481.875, 139518.65625, 188979.859375, 237777.765625, 173060.71875, 177677.671875, 116287.65625, 183394.0625, 219515.53125, 107539.8828125, 109751.1328125, 151005.078125, 181917.140625, 141691.421875, 154276.859375, 149838.9375, 202260.328125, 164007.359375, 126963.0625, 118029.671875, 197050.3125, 197501.59375, 129657.828125, 207220.421875, 96140.203125, 143669.875, 175549.21875, 128449.046875, 180452.71875, 134087.875, 123699.578125, 115203.375, 162058.984375, 152263.640625, 142981.109375, 176946.875, 142173.1875, 205719.09375, 168381.4375, 130728.9140625, 121805.859375, 186175.40625, 123567.671875, 195711.8125, 146270.046875, 128278.4609375, 120358.890625, 190294.640625, 169325.359375, 122953.8828125, 203987.90625, 123911.9921875, 143696.703125, 135496.6875, 160588.828125, 124649.421875, 149325.5, 148224.171875, 111424.9609375, 127359.703125, 133785.890625, 195005.859375, 155468.3125, 106004.96875, 145844.78125, 128013.640625, 162011.5, 164484.484375, 96630.265625, 123164.96875, 98878.7421875, 164018.6875, 163031.59375, 139996.78125, 136378.296875, 156095.59375, 134980.875, 121121.515625, 112266.4765625, 140095.34375, 164883.6875, 149847.859375, 123720.4921875, 125981.2265625, 116831.9375, 101253.78125, 149740.1875, 172646.484375, 138495.296875, 150425.515625, 120180.953125, 110016.84375, 148834.84375, 98553.2421875, 144461.4375, 130230.640625, 114090.59375, 122018.0, 168513.625, 136554.203125, 162998.28125, 131119.90625, 134690.765625, 116025.140625, 121520.703125, 164115.90625, 108059.9609375, 123091.5859375, 140184.484375, 131912.765625, 123375.2734375, 136429.515625, 109524.1875, 120394.0234375, 147896.03125, 91930.9375, 133325.484375, 110796.6953125, 182726.0625, 114588.703125, 111660.09375, 109032.421875, 121957.09375, 141363.71875, 164449.625, 135431.140625, 123379.6640625, 109792.6328125, 124761.1484375, 110513.859375, 152451.15625, 127721.6953125, 114205.171875, 129175.2109375, 143248.640625, 103191.515625, 153530.46875, 132529.8125, 105836.640625, 143332.84375, 107547.59375, 109190.1953125, 139797.921875, 142240.96875, 143874.59375, 106140.140625, 125211.109375, 134065.5, 140466.9375, 124301.953125, 121610.625, 145804.5, 139791.234375, 108254.9765625, 123271.5390625, 104222.6875, 164601.9375, 146817.9375, 119373.0625, 126429.828125, 138221.140625, 91577.65625, 127666.546875, 113244.859375, 119620.015625, 175592.90625, 93204.6875, 132611.125, 115744.5, 136628.59375, 117568.0859375, 131679.203125, 118452.0859375, 120448.0546875, 136229.703125, 114042.296875, 145033.734375, 110754.546875, 141066.765625, 113780.21875, 127531.25, 135783.15625, 100153.9375, 125399.328125, 110795.9453125, 118900.796875, 122504.421875, 145100.9375, 114192.7109375, 148186.375, 116642.875, 110885.8984375, 117446.734375, 160249.09375, 114832.0, 102254.109375, 115546.0625, 129098.59375, 130414.5546875, 138862.015625, 118895.0546875, 126358.15625, 131080.96875, 99309.4921875, 102767.015625, 149679.640625, 134241.34375, 164869.71875, 109795.8125, 95705.9609375, 120058.953125, 129143.3046875, 159030.03125, 128121.6015625, 100845.046875, 120747.875, 95697.6640625, 131976.96875, 127378.015625, 131339.421875, 161085.34375, 126638.96875, 128904.8125, 103475.140625, 133255.515625, 104054.421875, 120368.6484375, 104237.875, 116979.109375, 104543.0390625, 141068.59375, 101373.078125, 124521.921875, 124637.4140625, 118861.203125, 196848.890625, 103175.1484375, 111299.1875, 127877.8515625, 91011.4296875, 98832.15625, 169504.15625, 99880.7421875, 132573.109375, 97569.25, 167132.5625, 155115.0625, 93046.75, 114871.0, 112852.0078125, 112305.34375, 138192.453125, 100569.3359375, 145405.921875, 130787.6796875, 127342.75, 88869.1171875, 144728.84375, 137112.375, 115015.3359375, 119791.6484375, 125673.640625, 108851.765625, 110768.453125, 127791.40625, 124942.0390625, 107010.5078125, 103922.53125, 103496.4296875, 164755.78125, 110007.9453125, 128031.9765625, 107870.9375], "name": "default", "desc": "lr_0.0001_nb_16_ld_2_b_2", "folder": "./saves/grid_seach/search1/lr_0.0001_nb_16_ld_2_b_2_default_20240214-011722"}