{"nhidden": 128, "rnn_nhidden": 32, "obs_dim": 1, "latent_dim": 8, "lr": 0.001, "n_batch": 16, "beta": 0.001, "total_epochs_train": 10, "epochs_per_train": 5, "epochs": 10, "loss": [217151.109375, 164545.484375, 161513.953125, 106981.625, 298005.75, 166724.609375, 146925.578125, 136806.390625, 162473.28125, 155785.34375, 147399.15625, 225387.03125, 72212.25, 99444.7109375, 183215.59375, 179556.40625, 219491.03125, 235464.578125, 145356.6875, 200898.984375, 113674.609375, 187850.90625, 173443.765625, 156378.671875, 212076.140625, 96351.3515625, 192269.796875, 167997.078125, 132569.1875, 165006.125, 149226.03125, 179248.953125, 212251.078125, 113896.4140625, 118037.609375, 165621.296875, 195569.46875, 142154.53125, 109199.9453125, 132108.875, 160958.703125, 101854.9453125, 104687.484375, 211419.734375, 158228.90625, 112094.3359375, 137182.390625, 154294.8125, 161459.78125, 111102.2109375, 118405.1640625, 132643.015625, 165917.6875, 165468.078125, 155122.15625, 114525.9453125, 137093.3125, 147279.796875, 143694.15625, 98072.796875, 112268.390625, 135639.828125, 137808.984375, 124485.015625, 110288.265625, 122626.34375, 172159.390625, 109655.5546875, 170712.46875, 125652.453125, 114528.3984375, 127262.7109375, 120700.5234375, 176935.984375, 113984.859375, 132709.46875, 114672.71875, 120582.296875, 108447.46875, 129911.140625, 105042.171875, 116604.9375, 123231.4140625, 121413.34375, 109603.4140625, 102100.859375, 129212.4296875, 145514.65625, 109522.25, 147865.9375], "name": "default", "desc": "default run", "folder": "./saves/default_run_default_20240307-062114"}