{"nhidden": 128, "rnn_nhidden": 32, "obs_dim": 1, "latent_dim": 4, "lr": 0.0005, "n_batch": 16, "beta": 4, "total_epochs_train": 50, "epochs_per_train": 5, "epochs": 50, "loss": [186198.125, 126551.5625, 194475.96875, 197617.984375, 154064.6875, 109581.8046875, 174267.328125, 138443.796875, 224939.265625, 204470.6875, 146691.90625, 129327.9921875, 173614.21875, 223603.875, 216299.46875, 151588.1875, 99216.6875, 183534.34375, 286971.0625, 113185.859375, 156490.828125, 178129.40625, 183332.84375, 131507.96875, 136950.96875, 159032.8125, 170312.96875, 149803.140625, 194734.71875, 136259.203125, 216897.140625, 149825.0625, 153583.328125, 132004.4375, 138253.140625, 220220.953125, 116704.1875, 200844.171875, 172363.390625, 227663.328125, 215816.0, 138359.40625, 152214.84375, 120226.578125, 115036.7421875, 167423.421875, 131261.828125, 185417.375, 149682.546875, 191962.59375, 140248.90625, 133629.0625, 125441.8125, 204552.84375, 92043.078125, 127322.5859375, 185642.5, 169473.09375, 163397.0, 160069.640625, 187940.546875, 202702.515625, 103698.453125, 116311.421875, 142307.609375, 128407.3984375, 124065.1015625, 152144.90625, 196174.859375, 171089.421875, 132984.0625, 176274.203125, 137585.984375, 121605.8359375, 144394.140625, 157917.984375, 140311.78125, 134888.28125, 152104.046875, 127344.078125, 158662.53125, 111824.8125, 106503.359375, 153670.6875, 126094.203125, 166708.203125, 155675.6875, 140486.171875, 142906.28125, 123816.6796875, 167698.359375, 137466.625, 104569.21875, 138632.046875, 130675.1953125, 136738.71875, 126629.40625, 162431.1875, 101824.90625, 144676.875, 143211.109375, 127252.8984375, 121449.8671875, 124987.875, 116829.109375, 112373.359375, 122296.046875, 145411.515625, 133409.28125, 132498.71875, 107636.265625, 99332.2890625, 110338.28125, 105876.2578125, 157961.84375, 150427.203125, 174685.53125, 141781.0, 138029.484375, 121114.078125, 133536.390625, 125075.640625, 99841.7890625, 123893.390625, 143290.15625, 124793.78125, 110548.96875, 153210.03125, 154382.3125, 96065.4609375, 162595.78125, 117548.2890625, 134082.09375, 116812.1875, 91171.8984375, 134533.609375, 104901.21875, 136069.890625, 128481.3984375, 102682.3125, 106710.734375, 95396.453125, 131254.78125, 160430.625, 134106.59375, 117096.4765625, 115860.6640625, 123720.6171875, 112006.34375, 119684.890625, 152318.765625, 109504.1015625, 103097.65625, 120540.21875, 102058.109375, 89925.171875, 146540.078125, 148522.75, 95207.109375, 122256.7421875, 100915.484375, 140664.890625, 137554.328125, 128457.9296875, 115591.28125, 99422.5625, 109080.890625, 163802.265625, 124269.8671875, 87927.96875, 109529.5859375, 114653.3359375, 136257.015625, 108100.375, 132870.8125, 104034.46875, 104244.5390625, 92012.0859375, 150563.53125, 123827.828125, 88741.328125, 87083.59375, 137405.078125, 111644.375, 116031.8671875, 179434.4375, 104535.59375, 118443.390625, 108071.609375, 140854.921875, 120912.859375, 110616.9921875, 113358.140625, 95682.2421875, 99898.34375, 129291.328125, 120267.0546875, 99647.84375, 146734.5625, 131740.671875, 77056.4296875, 131343.8125, 103578.5234375, 100579.125, 100509.359375, 105187.859375, 118940.5, 88498.203125, 94424.7109375, 113520.296875, 166376.0625, 130147.78125, 97476.78125, 87328.78125, 102984.5625, 101656.7578125, 112553.4375, 85825.90625, 106017.171875, 114663.21875, 111518.65625, 89638.8671875, 121737.1640625, 90650.515625, 92368.125, 98863.5, 94393.2421875, 101452.296875, 114434.0625, 91688.78125, 76936.359375, 123626.90625, 83226.4375, 109361.8125, 95783.2734375, 150547.296875, 90205.140625, 87552.1796875, 97747.75, 76782.9296875, 88798.75, 123247.0703125, 93364.65625, 102889.8125, 119713.421875, 100336.109375, 91276.0625, 145717.546875, 97756.59375, 101449.6015625, 115488.8046875, 103824.4765625, 81905.65625, 132641.8125, 121719.4375, 98943.046875, 130927.140625, 134607.046875, 75470.1015625, 87771.8984375, 107473.84375, 88291.6328125, 82961.84375, 123534.6015625, 105762.484375, 122109.921875, 102953.953125, 90124.96875, 115326.6328125, 120582.0, 94360.8046875, 84402.5625, 93777.9765625, 111797.875, 136647.203125, 134515.5, 102478.4921875, 79611.4609375, 97700.140625, 126781.65625, 89000.6015625, 103901.8515625, 109131.921875, 77609.6953125, 89965.890625, 89672.015625, 131619.5625, 86188.96875, 80075.3671875, 72776.8515625, 79795.0625, 132118.84375, 106457.828125, 96636.171875, 107650.28125, 118272.4140625, 81268.5625, 86198.5625, 78287.828125, 110489.1171875, 73216.65625, 116808.171875, 83530.8671875, 100110.5625, 99851.453125, 92379.5625, 86416.4609375, 70443.90625, 82778.078125, 86335.1328125, 93770.3828125, 128971.078125, 83532.9140625, 103626.265625, 105692.234375, 88157.640625, 74849.375, 98901.296875, 116869.5078125, 97964.3671875, 105620.953125, 85332.8203125, 85798.046875, 72605.203125, 90276.09375, 120179.2578125, 108817.90625, 99648.1484375, 83365.0, 74015.421875, 62684.38671875, 68337.375, 99990.0390625, 87617.921875, 109961.21875, 106732.71875, 85875.234375, 77060.3046875, 73306.796875, 124491.75, 86913.7734375, 68887.96875, 67135.1171875, 112968.796875, 80433.9765625, 88660.1328125, 70178.796875, 85154.9765625, 75828.125, 107386.1875, 82212.8671875, 67769.09375, 72049.4609375, 98864.0703125, 90029.671875, 103603.8046875, 116588.25, 76403.90625, 68363.3515625, 71438.234375, 66797.46875, 117192.90625, 65368.29296875, 65191.52734375, 64748.06640625, 64432.05859375, 112263.421875, 66851.703125, 110038.4765625, 90045.15625, 123774.890625, 72432.21875, 61194.828125, 76197.34375, 105690.234375, 74597.5234375, 59885.6015625, 66773.671875, 83429.4140625, 76806.7421875, 104375.2734375, 69335.703125, 122611.6328125, 58980.921875, 61458.42578125, 72438.4765625, 64788.65625, 72949.6875, 68621.3671875, 68733.3359375, 62982.8828125, 55141.1015625, 66082.9609375, 86781.4453125, 73853.0703125, 83194.0234375, 90203.203125, 91475.859375, 79364.8125, 94871.5078125, 73016.375, 83653.96875, 59486.17578125, 53344.09765625, 65587.5625, 66702.4453125, 94626.734375, 69335.25, 72622.953125, 88082.7578125, 57789.35546875, 56473.2109375, 78693.015625, 56917.87890625, 57711.5078125, 72368.1953125, 92907.265625, 81272.5, 84248.65625, 62852.3203125, 60080.625, 79581.90625, 66101.3125, 44052.4140625, 64181.78125, 74501.828125, 46658.46875, 89614.5625, 66363.9921875, 86184.3046875, 58792.140625, 115071.0390625, 59397.60546875, 83162.296875, 38951.10546875, 85721.9375, 63207.4375, 95809.1171875, 68670.125, 56394.796875, 74561.046875, 71468.7109375, 43643.4375, 70466.9765625, 67234.390625, 93659.765625, 43985.45703125, 60318.609375, 70091.1796875, 76424.4609375], "name": "default", "desc": "lr_0.0005_nb_16_ld_4_b_4", "folder": "./saves/grid_seach/search1/lr_0.0005_nb_16_ld_4_b_4_default_20240214-005449"}