{"nhidden": 128, "rnn_nhidden": 32, "obs_dim": 1, "latent_dim": 1, "lr": 0.01, "n_batch": 16, "beta": 4, "total_epochs_train": 50, "epochs_per_train": 5, "epochs": 50, "loss": [172356.40625, 224618.90625, 138402.34375, 180415.59375, 168939.046875, 187727.796875, 122437.2265625, 229641.890625, 188965.453125, 155601.375, 198398.4375, 155044.734375, 116246.9765625, 191719.796875, 190557.421875, 196083.71875, 160312.34375, 118318.9609375, 158722.0625, 223549.296875, 102016.5, 219247.90625, 119139.453125, 132284.09375, 142081.375, 163729.390625, 124203.203125, 165642.453125, 141925.640625, 157986.890625, 137131.9375, 172940.84375, 165345.25, 174210.109375, 121231.265625, 135572.484375, 131808.015625, 108540.4375, 128076.5234375, 191368.515625, 163369.09375, 113483.453125, 289017.40625, 140579.5, 150923.125, 127705.265625, 165449.71875, 97300.8984375, 162113.796875, 225118.65625, 137556.1875, 122138.7578125, 134233.359375, 207159.0, 107005.8671875, 146674.890625, 191495.046875, 205004.5, 116308.0390625, 159944.453125, 174828.015625, 126542.21875, 115670.71875, 156636.9375, 143747.71875, 204644.15625, 113222.6484375, 110341.96875, 158698.921875, 128423.875, 148572.90625, 225982.09375, 151387.234375, 102317.265625, 163254.125, 153258.484375, 145260.03125, 176156.265625, 146178.921875, 104840.640625, 173345.421875, 178802.75, 148383.90625, 145324.25, 145968.5, 138205.234375, 157111.234375, 165919.84375, 149502.375, 116535.6484375, 123126.28125, 179432.1875, 114285.3515625, 190826.296875, 191144.609375, 125061.0, 100843.453125, 156062.1875, 123846.78125, 127908.859375, 162212.453125, 118217.3828125, 146833.4375, 139378.640625, 135660.671875, 213625.859375, 168080.375, 180886.375, 123182.8828125, 178175.96875, 155611.71875, 199191.46875, 105927.6875, 171646.296875, 160527.15625, 142749.046875, 152996.40625, 119207.1171875, 133767.59375, 141556.96875, 111163.1015625, 151629.4375, 150583.6875, 179225.703125, 205419.671875, 140747.8125, 161104.375, 187624.84375, 188350.359375, 153357.9375, 121524.59375, 155431.0625, 155255.453125, 114880.0, 109946.15625, 106404.46875, 168059.15625, 159144.78125, 115559.1484375, 125018.0703125, 141227.125, 170408.5625, 182821.828125, 196271.5, 162607.265625, 152983.8125, 107247.65625, 174121.765625, 178582.328125, 123296.8359375, 123380.09375, 118193.46875, 193752.75, 148144.421875, 165899.734375, 98831.453125, 126784.7109375, 144729.375, 107941.53125, 169750.078125, 178286.984375, 125819.3046875, 114189.484375, 95142.3984375, 125616.0859375, 112023.484375, 145313.234375, 146034.46875, 194785.84375, 210056.78125, 179211.28125, 140289.859375, 132535.265625, 104150.5, 153928.59375, 140100.5625, 186469.421875, 141703.03125, 123970.7265625, 144755.296875, 143266.875, 126848.3515625, 128801.03125, 124092.65625, 160916.578125, 113819.9296875, 181774.96875, 163666.21875, 143155.578125, 179636.1875, 127204.1953125, 118559.2734375, 153737.96875, 175463.515625, 111488.28125, 116642.609375, 162399.765625, 134373.953125, 107140.1875, 147456.859375, 96793.3515625, 115506.65625, 168305.65625, 134410.5, 160546.296875, 168935.484375, 122522.1875, 133016.375, 168516.15625, 115965.59375, 111084.75, 105771.5234375, 121304.3359375, 198933.703125, 123030.59375, 161259.875, 111527.890625, 141751.9375, 132972.484375, 122486.5, 174644.46875, 173716.140625, 103339.390625, 183264.90625, 102299.53125, 172373.40625, 140487.75, 127096.5625, 121509.2734375, 182204.84375, 196864.140625, 98567.4921875, 113240.5078125, 165788.390625, 155129.328125, 117703.6328125, 182922.171875, 151694.1875, 169829.78125, 129186.1328125, 185598.53125, 172700.15625, 155704.5, 152784.859375, 185847.671875, 119337.0859375, 137122.828125, 152627.125, 165365.625, 240864.84375, 163619.125, 159225.09375, 116794.140625, 183524.09375, 134154.453125, 168203.828125, 181886.703125, 141415.671875, 195837.078125, 123061.1875, 174821.265625, 176080.234375, 146799.671875, 135230.46875, 119735.71875, 120750.875, 151840.5625, 217820.921875, 162692.96875, 159511.4375, 133664.5, 151807.5625, 193120.0625, 146326.375, 118337.5546875, 200256.46875, 150822.96875, 162849.96875, 114259.390625, 143272.296875, 124790.59375, 151184.0, 166110.515625, 123381.46875, 155118.109375, 200841.625, 148148.546875, 180208.875, 132976.078125, 125652.171875, 131735.890625, 146050.625, 204526.078125, 156468.03125, 135206.859375, 197981.140625, 159449.5, 118802.40625, 163920.625, 121562.484375, 212088.03125, 128061.3984375, 214591.328125, 170838.203125, 131786.34375, 129058.6484375, 154242.625, 171347.53125, 207563.28125, 112661.53125, 190595.921875, 126007.5703125, 152111.328125, 140488.5625, 133187.34375, 130968.6875, 219150.21875, 132740.484375, 191921.375, 177251.359375, 153105.53125, 144201.484375, 126989.734375, 117277.8671875, 147962.578125, 124960.109375, 165729.671875, 140849.78125, 193247.71875, 164400.96875, 130450.921875, 130611.125, 154111.015625, 158788.96875, 171170.8125, 214407.46875, 138582.84375, 143263.8125, 108123.9921875, 159760.78125, 141380.890625, 158295.78125, 197571.90625, 169119.21875, 151853.984375, 120023.84375, 132660.65625, 199199.375, 182363.796875, 123175.875, 129081.078125, 146790.578125, 120793.703125, 217290.21875, 141703.25, 134632.203125, 144790.65625, 184725.390625, 158339.8125, 133261.703125, 121433.9765625, 160658.796875, 142095.1875, 197079.0, 148012.890625, 99242.734375, 175565.28125, 162870.125, 179695.90625, 162485.890625, 114195.1484375, 142813.953125, 166434.4375, 151337.0, 203314.828125, 141549.15625, 179360.96875, 133541.046875, 218238.453125, 130884.0859375, 139627.96875, 144078.171875, 139459.640625, 196828.15625, 127956.265625, 172128.296875, 145800.265625, 129018.2734375, 122360.7421875, 174942.734375, 141441.03125, 217289.71875, 136336.59375, 164610.78125, 176711.90625, 138570.328125, 133970.046875, 106082.59375, 174241.25, 137550.078125, 169584.28125, 178746.8125, 163609.421875, 171312.671875, 179756.09375, 165278.9375, 173439.71875, 162511.9375, 163254.15625, 163638.796875, 171975.203125, 113428.890625, 139203.53125, 122527.1171875, 236411.796875, 143992.96875, 129546.796875, 174493.25, 91956.8515625, 200532.609375, 158988.34375, 123992.046875, 152318.140625, 141773.453125, 104443.296875, 157613.03125, 142332.421875, 128340.265625, 215972.15625, 198481.125, 117259.2109375, 166477.296875, 148102.171875, 118971.6953125, 269083.15625, 165752.140625, 127197.1640625, 155033.328125, 120443.265625, 115544.9140625, 161882.40625, 175184.8125, 128357.390625, 180855.546875, 136995.1875, 159081.65625, 108376.4296875, 141884.8125, 201289.265625, 153831.09375], "name": "default", "desc": "lr_0.01_nb_16_ld_1_b_4", "folder": "./saves/grid_seach/search4/lr_0.01_nb_16_ld_1_b_4_default_20240307-080023"}