{"nhidden": 128, "rnn_nhidden": 32, "obs_dim": 1, "latent_dim": 16, "lr": 0.001, "n_batch": 16, "beta": 2.0, "total_epochs_train": 100, "epochs_per_train": 2, "epochs": 5, "loss": [0, 53.13365173339844, 93.14087677001953, 86.00027465820312, 99.30318450927734, 121.2716064453125, 57.954410552978516, 58.65761184692383, 106.63484954833984, 132.0684051513672, 90.19808197021484, 53.20899963378906, 86.78658294677734, 86.93511199951172, 48.820526123046875, 27.350250244140625, 75.9510498046875, 31.144405364990234, 25.969451904296875, 12.118505477905273, 44.99494934082031, 64.65220642089844, 92.14588165283203, 39.72256088256836, 79.48834991455078, 93.94261169433594, 35.996768951416016, 15.351526260375977, 38.989505767822266, 35.20444869995117, 17.42778778076172, 7.745080471038818, 79.22948455810547, 16.1937198638916, 54.66151428222656, 28.30175018310547, 84.58844757080078, 17.76520538330078, 92.68665313720703, 53.56242752075195, 35.82004165649414, 31.543668746948242, 56.582847595214844, 31.628934860229492, 22.879602432250977, 88.93136596679688, 113.14704895019531, 72.80583190917969, 40.629730224609375, 52.706687927246094, 33.6663818359375, 42.928619384765625, 45.22366714477539, 78.32048034667969, 5.602038860321045, 77.7863998413086, 51.13607406616211, 82.93034362792969, 32.03883743286133, 50.29039001464844, 61.72507858276367, 34.24829864501953, 42.84626770019531, 85.77642059326172, 41.74585723876953, 17.300153732299805, 27.41126251220703, 50.44289016723633, 41.242897033691406, 74.26409149169922, 46.54725646972656, 35.579307556152344, 60.530189514160156, 40.41438674926758, 57.40264892578125, 43.64073181152344, 65.55609893798828, 27.80889892578125, 19.761430740356445, 66.7437744140625, 17.160749435424805, 39.74234390258789, 45.82965087890625, 58.36367416381836, 39.87453079223633, 33.35824203491211, 55.16790771484375, 41.058353424072266, 56.268035888671875, 66.5103530883789, 62.2456169128418, 38.317264556884766, 37.147743225097656, 36.956886291503906, 50.11172103881836, 57.9888801574707, 69.81693267822266, 30.48978042602539, 54.87464141845703, 22.51605796813965, 37.16693115234375, 63.867977142333984, 63.41291427612305, 44.25432205200195, 42.27680206298828, -9.31576919555664, 105.98359680175781, 66.27183532714844, 98.25248718261719, 65.05422973632812, 48.352455139160156, 34.210811614990234, 34.90089797973633, 57.38182067871094, 32.02641296386719, 69.42047119140625, 36.20044708251953, 52.09379577636719, 54.27029800415039, 48.78884506225586, 39.39150619506836, 52.35603332519531, 9.411611557006836, 55.77909851074219, 45.049617767333984, 55.218101501464844, 20.204866409301758, 23.531692504882812, 79.41717529296875, 72.24424743652344, 42.52073287963867, 30.6196346282959, 62.57646560668945, 13.985055923461914, 22.92149543762207, 68.49536895751953, 91.78970336914062, 16.626996994018555, 49.07633590698242, 12.899698257446289, 49.41963195800781, 37.787437438964844, 29.370643615722656, 26.94219207763672, 63.19750213623047, 47.34137725830078, 39.70399856567383, 85.53958129882812, 35.49681091308594, 13.34775161743164, 56.62099075317383, 53.16913604736328, 44.31911087036133, 63.215049743652344, 39.429054260253906, 34.450408935546875, 20.692623138427734, 42.98368835449219, 38.235321044921875, 32.93694305419922, 37.89828872680664, 18.7935848236084, 102.3325424194336, 52.244873046875, 53.30680847167969, 44.0362663269043, 35.73352813720703, 46.69795227050781, 44.99763107299805, 17.38101577758789, 42.52361297607422, 43.93781661987305, 52.53230285644531, 20.364429473876953, 40.88856887817383, 42.28508377075195, 51.09239959716797, 11.72415542602539, 18.85675621032715, 28.95661735534668, 79.14846801757812, 31.32309341430664, 64.68952941894531, 78.22541046142578, 46.17816162109375, 43.19894790649414, 85.76979064941406, 31.974323272705078, 64.62833404541016, 49.31763458251953, 35.31254577636719, 47.859798431396484, 43.16596603393555, 55.81242752075195, 51.720394134521484, 29.71683120727539, 33.80998992919922, 50.4632682800293, 37.159664154052734, 43.371036529541016, 51.94561767578125, 52.686370849609375, 37.973976135253906, 47.43705368041992, 72.92671203613281, 39.66121292114258, 34.388912200927734, 96.46484375, 49.943790435791016, 48.11699295043945, 57.94489669799805, 6.644104480743408, 28.577770233154297, 28.115589141845703, 48.9075813293457, 46.690162658691406, 41.07957458496094, 22.461803436279297, 45.05287170410156, 32.50617599487305, 10.846147537231445, 65.83870697021484, 42.70962905883789, 54.654441833496094, 7.9642133712768555, 48.9176139831543, 40.34311294555664, 39.35983657836914, 71.12932586669922, 107.91368103027344, 72.388916015625, 38.29763412475586, 64.94320678710938, 33.85285186767578, 64.32318878173828, 38.29924774169922, 69.93528747558594, 75.51725769042969, 19.988338470458984, 45.86559295654297, 45.47065353393555, 32.10355758666992, 32.79386901855469, 12.965864181518555, 43.796634674072266, 4.8193159103393555, 17.762102127075195, 50.35533905029297, 55.85915756225586, 46.50498580932617, 46.62504959106445, 25.91168212890625, 95.17147827148438, 23.03180694580078, 47.95668411254883, 29.56210708618164],