{"nhidden": 128, "rnn_nhidden": 32, "obs_dim": 1, "latent_dim": 8, "lr": 0.001, "n_batch": 16, "beta": 0.001, "total_epochs_train": 50, "epochs_per_train": 5, "epochs": 50, "loss": [156222.375, 216635.796875, 185622.78125, 202033.671875, 139281.640625, 190413.75, 171952.578125, 145123.203125, 172048.578125, 164911.96875, 161229.265625, 142791.453125, 198377.71875, 162976.578125, 141202.4375, 162681.6875, 176400.796875, 162779.03125, 103182.6328125, 162387.9375, 189651.15625, 134504.390625, 162153.96875, 133949.34375, 159648.46875, 187503.421875, 214432.5, 151152.703125, 270820.75, 116888.6875, 156537.25, 161677.59375, 120230.1640625, 136767.21875, 94967.6484375, 156689.28125, 115170.453125, 121285.7421875, 199840.546875, 147152.09375, 143047.125, 94647.046875, 164463.421875, 127268.453125, 163206.140625, 148208.625, 142122.15625, 97463.171875, 161920.578125, 135333.546875, 105479.9296875, 170394.96875, 134710.5, 136388.75, 147569.46875, 210014.578125, 109266.6875, 112941.59375, 134818.3125, 91700.921875, 127470.7265625, 126530.40625, 147570.375, 140495.625, 117184.578125, 166767.96875, 138205.125, 134497.75, 133302.765625, 125331.328125, 98541.0625, 134033.953125, 155309.25, 139306.8125, 120299.7578125, 141265.328125, 105438.359375, 138502.71875, 129965.2734375, 103044.1484375, 133219.5, 130891.203125, 105911.09375, 95298.375, 117211.484375, 107070.046875, 106311.3359375, 161022.6875, 149732.421875, 127354.5, 104747.3828125, 117727.796875, 146212.015625, 115824.078125, 127565.2421875, 182782.296875, 97186.9375, 117354.875, 123929.078125, 96302.8203125, 151110.71875, 122983.984375, 107558.2109375, 102955.6484375, 107689.9140625, 140317.984375, 92640.484375, 151116.890625, 148267.46875, 143455.71875, 138837.046875, 92812.15625, 107976.859375, 130286.1484375, 111988.3515625, 82751.765625, 103757.40625, 95913.1796875, 93294.8359375, 135071.421875, 94197.328125, 87285.75, 147437.046875, 136066.640625, 122871.6875, 111934.9765625, 115583.96875, 95862.6328125, 144923.71875, 98668.25, 136485.546875, 104780.046875, 87378.5625, 99152.640625, 130869.953125, 134088.0, 110366.953125, 108551.484375, 95044.8671875, 115281.7734375, 144474.921875, 85763.9296875, 104004.2734375, 88792.390625, 102603.8125, 105424.984375, 89581.3046875, 113721.109375, 152220.921875, 122905.6875, 120453.75, 84896.6953125, 92313.3984375, 110077.7578125, 101945.1484375, 106926.78125, 144120.9375, 90994.2578125, 82344.3984375, 109935.359375, 90208.265625, 122759.53125, 103630.296875, 102684.9453125, 82484.953125, 105694.1484375, 91834.40625, 91106.421875, 95914.484375, 123173.3125, 80205.859375, 92710.0625, 68590.71875, 90072.390625, 90172.0234375, 98670.375, 71459.484375, 110870.109375, 137301.375, 121338.84375, 113349.1484375, 137941.453125, 88506.703125, 73407.71875, 92894.8359375, 103367.46875, 113755.9375, 98458.1640625, 78719.5546875, 97478.15625, 108762.625, 76370.953125, 116384.359375, 135206.96875, 69041.9921875, 88940.75, 69505.734375, 94470.8359375, 86694.015625, 83587.1796875, 76342.28125, 76827.484375, 72115.640625, 85191.9453125, 100063.3515625, 110141.4453125, 122095.6875, 93637.21875, 107214.9375, 82205.0703125, 67084.375, 76350.9765625, 65387.7265625, 85159.1953125, 134650.203125, 94435.234375, 77298.640625, 82693.375, 82461.609375, 95508.6796875, 68986.71875, 74948.609375, 105450.78125, 91017.34375, 67811.640625, 90185.9375, 77836.2734375, 75053.609375, 97847.21875, 75685.0703125, 95856.125, 59751.78125, 73681.078125, 95669.6796875, 94228.78125, 78532.5703125, 111222.8671875, 74521.21875, 67945.5078125, 103883.171875, 65900.1796875, 59908.34765625, 60650.0859375, 48299.8828125, 90968.0078125, 75511.21875, 96363.0625, 64804.203125, 71452.9296875, 56646.53515625, 113381.6796875, 100551.5, 90532.8515625, 90622.3046875, 65606.25, 125232.8046875, 51174.46484375, 74019.875, 75157.6484375, 69819.4375, 65722.0078125, 55582.06640625, 66505.6484375, 105832.359375, 62768.640625, 80703.1328125, 58113.3125, 64024.23828125, 77678.75, 80631.71875, 58823.26953125, 67364.6015625, 97976.125, 66675.7578125, 91262.0859375, 40371.7578125, 95464.1484375, 46852.9765625, 73377.84375, 47915.046875, 112245.0, 57466.5625, 60435.83984375, 63875.109375, 68027.234375, 65535.96875, 89703.140625, 46460.22265625, 52458.046875, 89781.7734375, 69244.703125, 60216.03125, 40289.07421875, 67686.9296875, 43839.95703125, 120349.7109375, 39120.16015625, 60900.4453125, 81486.3828125, 119120.6484375, 73376.9375, 54113.40625, 58359.00390625, 70461.2265625, 56577.8125, 86014.296875, 40290.45703125, 105973.78125, 129964.6328125, 50019.33203125, 65848.7734375, 58500.10546875, 39630.046875, 57679.953125, 76152.5, 62759.25, 72591.71875, 52311.8828125, 38911.50390625, 48839.66796875, 54292.6640625, 116518.28125, 49213.44140625, 91726.25, 74600.2421875, 47584.13671875, 92935.109375, 81176.9140625, 70542.859375, 56173.14453125, 67298.2734375, 51975.4921875, 53430.0859375, 68005.8515625, 30466.71875, 60463.90234375, 92174.9375, 48882.1953125, 68297.7109375, 47358.953125, 79579.734375, 66246.9765625, 71862.015625, 76331.140625, 49966.97265625, 54613.109375, 85320.4296875, 63709.47265625, 88650.0625, 35257.625, 32328.892578125, 65542.921875, 60466.00390625, 59440.46484375, 70459.46875, 40774.828125, 70941.59375, 50205.78515625, 45972.546875, 95716.3359375, 53766.19921875, 55598.25, 65397.3203125, 70995.515625, 50628.390625, 58239.06640625, 62845.203125, 86071.0234375, 32548.296875, 76658.8046875, 80048.15625, 53780.03515625, 50923.65625, 76754.9140625, 35708.3984375, 73130.796875, 38517.4765625, 43678.30859375, 50236.5625, 42030.23046875, 53897.6171875, 33511.296875, 62477.58984375, 80279.7421875, 68310.5625, 93443.1640625, 35056.59375, 44588.29296875, 42890.375, 71941.953125, 60752.24609375, 67013.953125, 57111.91796875, 61195.484375, 61658.15625, 44102.15625, 46751.30859375, 40548.23046875, 65571.515625, 41728.34765625, 90720.1875, 78354.4140625, 79180.9296875, 46515.97265625, 43969.3125, 57309.5234375, 42144.78515625, 50359.65625, 68169.65625, 92874.5234375, 98313.1953125, 37714.2109375, 49982.3125, 31223.82421875, 55674.9296875, 57907.35546875, 38900.87890625, 59497.1328125, 79417.1953125, 78689.3515625, 35449.19140625, 43132.65625, 52032.01171875, 58417.8515625, 54913.37109375, 62958.80859375, 30874.04296875, 77257.96875, 73553.359375, 53852.5234375, 55454.671875, 61373.3046875, 61510.54296875, 53894.65234375, 43475.83984375, 48494.82421875, 65890.8671875, 56751.265625, 39750.78515625, 58452.93359375, 76042.6015625, 79733.8203125, 68662.5234375, 55508.2578125, 32376.44140625, 49114.625, 41731.1875, 74146.78125, 51058.703125, 46748.7109375], "name": "default", "desc": "lr_0.001_nb_16_ld_8_b_0.001", "folder": "./saves/grid_seach/search1/lr_0.001_nb_16_ld_8_b_0.001_default_20240214-001735"}