{"nhidden": 128, "rnn_nhidden": 32, "obs_dim": 1, "latent_dim": 4, "lr": 0.01, "n_batch": 16, "beta": 1, "total_epochs_train": 50, "epochs_per_train": 5, "epochs": 50, "loss": [166926.859375, 147190.34375, 134847.375, 269707.375, 166767.234375, 147710.984375, 161243.53125, 186747.78125, 105588.7265625, 107379.875, 121720.734375, 144886.25, 490818.0, 127760.203125, 136123.828125, 164572.578125, 179447.1875, 149293.625, 192686.109375, 148577.75, 146557.90625, 116463.484375, 141203.46875, 195473.46875, 140631.734375, 126601.9765625, 139543.53125, 147976.9375, 171855.125, 158849.90625, 149434.53125, 130240.0234375, 155630.28125, 110690.1953125, 187020.75, 127969.53125, 141842.09375, 155599.546875, 252453.5625, 181350.34375, 119874.84375, 119884.5, 123911.2265625, 108796.3125, 158567.6875, 158736.765625, 182200.125, 96205.390625, 130705.328125, 156012.359375, 122562.6015625, 116184.6640625, 150325.453125, 123326.6953125, 113357.9140625, 107738.65625, 118280.734375, 108833.296875, 193477.609375, 85291.109375, 139593.40625, 116662.21875, 160195.25, 104595.9921875, 116996.0546875, 103994.9375, 139726.34375, 116365.125, 112682.0859375, 111070.234375, 100017.765625, 124552.375, 99804.828125, 97136.71875, 142315.21875, 122548.1015625, 89569.65625, 81630.4453125, 139948.15625, 91470.9921875, 110716.0859375, 94946.3828125, 85837.796875, 100751.0859375, 96974.53125, 101386.078125, 138248.90625, 98092.2734375, 103055.5859375, 119481.3046875, 129363.0546875, 71936.59375, 85443.1328125, 124715.15625, 86055.734375, 77746.0546875, 103017.9140625, 71635.78125, 79413.921875, 75997.15625, 95333.109375, 119896.109375, 88155.984375, 68401.578125, 77549.1875, 121280.015625, 68273.328125, 108707.7734375, 80831.40625, 53957.0234375, 104248.640625, 60060.67578125, 78841.578125, 104636.140625, 73891.0703125, 111491.1015625, 103152.1640625, 99063.7265625, 72195.7265625, 66887.984375, 70745.1171875, 69768.671875, 62710.484375, 73583.78125, 88529.171875, 97669.3359375, 97491.875, 90065.90625, 65703.9375, 84264.3515625, 65322.23046875, 85258.953125, 81158.6875, 96977.5703125, 89474.4609375, 147556.609375, 60244.2109375, 111634.1015625, 60580.29296875, 72817.9609375, 83242.3828125, 81620.765625, 71057.40625, 52948.7734375, 71405.0, 68161.5390625, 70284.140625, 71119.2265625, 69952.84375, 87729.421875, 48465.06640625, 67129.125, 89941.0234375, 56175.53125, 50872.98828125, 72979.140625, 60524.36328125, 75085.0703125, 64889.84765625, 34280.015625, 104314.046875, 79803.25, 62646.3515625, 73771.078125, 66813.9296875, 80355.5, 68456.453125, 54536.2265625, 63860.60546875, 39153.6796875, 75225.09375, 73254.515625, 82081.265625, 113201.4609375, 42537.03125, 62799.83984375, 53741.05078125, 52700.25390625, 44662.91796875, 68543.28125, 94714.296875, 94561.0703125, 57730.828125, 62849.23046875, 20359.857421875, 91668.9453125, 29502.970703125, 74060.2734375, 55014.109375, 66114.234375, 39840.3828125, 36411.9765625, 44587.2890625, 81359.875, 38706.609375, 41991.0078125, 55365.24609375, 45693.2265625, 69231.625, 76277.4375, 88752.15625, 48005.81640625, 42192.0859375, 38237.7890625, 49735.33203125, 46693.59765625, 43220.796875, 47761.3046875, 36839.671875, 43142.2734375, 64734.01171875, 47054.28125, 78608.4375, 65418.53125, 34773.1171875, 57759.03125, 94918.4375, 62084.8515625, 46469.69921875, 42688.8984375, 73642.28125, 54237.3203125, 62756.9765625, 43278.6015625, 39120.01953125, 76437.8828125, 22824.767578125, 32968.40625, 38558.30859375, 46545.63671875, 54699.546875, 59707.46875, 69817.1875, 60068.24609375, 90251.6328125, 65439.32421875, 60122.18359375, 59477.67578125, 33024.81640625, 48276.67578125, 56392.203125, 43474.87890625, 36761.53515625, 43697.8125, 48355.75390625, 65584.296875, 92751.703125, 32843.640625, 80624.6875, 38945.7734375, 42406.13671875, 61732.3515625, 49427.6953125, 42148.51953125, 42884.67578125, 66005.765625, 48877.6796875, 69827.3671875, 78815.484375, 56811.8359375, 43401.671875, 57554.5234375, 79692.21875, 60337.609375, 45082.42578125, 54309.71875, 21349.3984375, 33996.62109375, 80007.8203125, 90979.328125, 66212.734375, 72547.65625, 70154.421875, 48840.77734375, 60551.96484375, 54269.21484375, 52073.20703125, 37707.765625, 33133.109375, 74463.046875, 83678.4140625, 30577.734375, 54891.96484375, 59910.0, 81417.265625, 48312.8828125, 69940.8671875, 63440.1953125, 51999.0234375, 42177.3203125, 46715.17578125, 56644.734375, 28581.7734375, 46799.9453125, 42884.546875, 53157.9609375, 94744.2890625, 80157.640625, 60838.890625, 33743.0, 46621.85546875, 38048.4296875, 28861.890625, 53788.72265625, 55647.65234375, 86526.078125, 26567.671875, 71819.640625, 75082.46875, 49024.92578125, 67963.796875, 55984.7578125, 45016.6953125, 32772.46484375, 62190.4921875, 45532.01171875, 38465.98046875, 37386.6640625, 50292.39453125, 69394.9765625, 50538.109375, 36262.33203125, 74377.3984375, 98430.1171875, 69593.1875, 75221.625, 22100.306640625, 41820.0078125, 50032.390625, 36638.203125, 53622.375, 58456.3515625, 48727.078125, 69327.8359375, 36500.41796875, 108209.8828125, 82432.9375, 41509.3203125, 76354.296875, 62718.34375, 39299.8203125, 46130.60546875, 50551.8984375, 65635.0703125, 66696.1875, 37812.51171875, 38144.10546875, 81763.84375, 71497.390625, 42066.42578125, 55683.81640625, 63950.5, 49401.4375, 51363.921875, 54182.5859375, 45042.43359375, 81976.1328125, 69321.46875, 46016.57421875, 31717.060546875, 51449.42578125, 38306.63671875, 47238.8203125, 80465.234375, 43959.14453125, 59457.14453125, 36341.828125, 69992.0390625, 94122.53125, 47145.69921875, 46828.7421875, 60052.7421875, 77626.8359375, 39356.0390625, 60207.17578125, 34151.56640625, 46421.53515625, 54168.22265625, 55867.08984375, 63976.26171875, 31630.65234375, 85048.0, 79683.359375, 67154.90625, 31443.6796875, 45559.8671875, 52512.79296875, 48310.81640625, 37031.1015625, 60255.74609375, 62718.1640625, 62932.66796875, 29755.8125, 32807.20703125, 70588.234375, 64277.8046875, 30701.119140625, 85303.3828125, 33066.7578125, 42593.484375, 39174.70703125, 82446.5625, 55100.07421875, 63109.109375, 48200.734375, 46889.5546875, 74841.90625, 48540.421875, 56434.89453125, 45887.51171875, 52870.17578125, 43736.265625, 53718.8125, 90561.4296875, 52099.90234375, 77820.84375, 38435.86328125, 40025.140625, 56413.14453125, 43533.515625, 93077.9453125, 31218.125, 32597.6015625, 60014.88671875, 45229.28515625, 44418.8515625, 55536.76953125, 63626.46484375, 68306.5703125, 52777.05078125, 41751.26953125, 42283.8984375, 62327.02734375, 80202.71875, 73987.34375, 30019.03125, 55164.05078125, 57416.44921875, 49889.984375, 53781.99609375, 42527.2890625, 64107.35546875, 43687.875, 40184.47265625, 36838.4921875, 78794.796875, 57533.09375, 78199.609375, 26770.1875, 35295.828125], "name": "default", "desc": "lr_0.01_nb_16_ld_4_b_1", "folder": "./saves/grid_seach/search1/lr_0.01_nb_16_ld_4_b_1_default_20240213-223215"}