{"nhidden": 128, "rnn_nhidden": 32, "obs_dim": 1, "latent_dim": 16, "lr": 0.0001, "n_batch": 16, "beta": 4, "total_epochs_train": 50, "epochs_per_train": 5, "epochs": 50, "loss": [168492.0625, 181878.515625, 146604.640625, 196009.359375, 138804.640625, 170847.265625, 230451.375, 139950.828125, 187953.21875, 145048.984375, 204336.359375, 144328.421875, 167850.65625, 200650.40625, 244587.390625, 100839.5, 203384.890625, 191958.53125, 164379.96875, 206220.78125, 183544.921875, 149753.5625, 211877.4375, 227315.203125, 174431.921875, 144244.5, 143489.921875, 180590.578125, 194436.15625, 121477.4375, 138936.34375, 181741.671875, 182584.671875, 174832.28125, 171902.34375, 225038.28125, 149659.859375, 148907.78125, 225889.875, 152052.3125, 210947.5625, 168627.4375, 133845.234375, 225440.953125, 170953.234375, 115383.171875, 164332.25, 243792.96875, 144354.28125, 162742.546875, 201000.796875, 193528.859375, 158695.203125, 209876.328125, 161924.859375, 137378.953125, 238465.765625, 161767.0, 214310.875, 129298.0234375, 152745.53125, 198597.625, 185529.46875, 246769.171875, 144122.734375, 223520.0, 146404.546875, 229728.515625, 128160.984375, 182700.09375, 132265.125, 112084.1015625, 170446.671875, 168140.4375, 211214.921875, 166929.65625, 172930.59375, 131138.59375, 137963.421875, 244842.765625, 139132.46875, 201122.125, 149838.546875, 118112.0234375, 221275.21875, 153752.328125, 114958.015625, 179086.625, 106086.03125, 258153.40625, 141612.796875, 178781.828125, 134309.0, 221303.859375, 136393.59375, 145214.921875, 172439.546875, 272138.21875, 151954.90625, 203087.40625, 205361.359375, 171920.453125, 156992.625, 127439.28125, 204412.359375, 127605.34375, 203809.203125, 160616.90625, 183532.484375, 234862.609375, 181369.625, 101087.9921875, 106719.8515625, 158455.6875, 241923.4375, 87161.1796875, 218901.28125, 181910.796875, 154892.25, 119268.75, 195655.578125, 175615.546875, 214507.96875, 124755.015625, 180907.703125, 159235.171875, 152105.203125, 177997.015625, 144456.765625, 174663.5625, 166325.46875, 225897.234375, 185599.078125, 149280.609375, 128162.734375, 146188.90625, 205889.609375, 136500.34375, 131607.953125, 238515.65625, 204574.640625, 117938.5859375, 138425.875, 163099.46875, 230920.625, 144422.84375, 124252.8984375, 197851.171875, 123528.6796875, 207480.1875, 220910.890625, 143840.921875, 117526.015625, 205429.828125, 113345.6640625, 121618.96875, 178029.328125, 152048.4375, 251196.53125, 95170.453125, 172974.515625, 193298.65625, 117265.921875, 171643.5625, 253496.21875, 110154.1015625, 152295.328125, 173444.28125, 168866.875, 122664.578125, 191494.71875, 118885.4140625, 212305.15625, 127256.3203125, 241053.078125, 165662.234375, 110021.109375, 171391.90625, 122546.75, 156359.0, 168504.625, 144830.875, 267105.0, 157175.25, 122312.1484375, 115271.78125, 134085.09375, 164858.28125, 145763.921875, 140937.421875, 195237.734375, 120112.671875, 132160.859375, 136570.4375, 193838.21875, 116482.046875, 178189.328125, 186991.84375, 143334.203125, 183517.171875, 89052.296875, 182358.4375, 140973.421875, 149198.9375, 184205.28125, 149260.765625, 152206.59375, 180646.203125, 183890.78125, 95337.828125, 207037.1875, 123501.96875, 133002.328125, 138834.5625, 169186.78125, 111834.9453125, 135348.25, 143161.359375, 156854.265625, 140810.703125, 161909.015625, 114238.6796875, 127662.71875, 158139.078125, 127506.875, 104943.0703125, 141296.359375, 142277.0, 163545.78125, 138138.109375, 158568.234375, 138272.046875, 109686.140625, 112100.3046875, 145308.96875, 147989.96875, 129880.921875, 98680.5390625, 83780.9453125, 124538.28125, 120719.671875, 170725.1875, 138839.625, 110009.921875, 147890.671875, 118830.640625, 131414.734375, 123153.890625, 102512.71875, 163913.65625, 107544.7109375, 133320.65625, 130788.78125, 145327.96875, 104942.6796875, 114154.375, 126580.0703125, 125356.203125, 107193.203125, 91042.9765625, 152311.296875, 117607.015625, 118029.3984375, 131460.15625, 102020.09375, 118845.140625, 92346.421875, 108389.796875, 172055.6875, 126330.5859375, 104117.859375, 129962.03125, 105831.5234375, 77767.609375, 131710.25, 137650.03125, 144029.265625, 132110.765625, 102766.5625, 128441.7890625, 122919.640625, 162839.65625, 95969.828125, 104088.9453125, 131204.46875, 109677.3671875, 83839.7578125, 91322.359375, 104596.3671875, 118433.6484375, 95581.421875, 153903.625, 83077.78125, 132641.25, 128245.7109375, 110726.6875, 121881.8828125, 99518.0859375, 110046.265625, 127624.40625, 99184.484375, 124896.25, 108958.703125, 111229.90625, 96971.421875, 114323.03125, 133482.21875, 112704.203125, 124352.25, 109475.7421875, 92507.609375, 137952.453125, 94635.90625, 94246.0859375, 114131.015625, 134717.421875, 91855.40625, 121971.9609375, 113576.15625, 108159.6875, 138337.21875, 80967.390625, 112772.515625, 113480.140625, 102580.125, 138877.015625, 110472.109375, 96149.9765625, 125776.9765625, 87990.59375, 91931.4765625, 136451.53125, 97665.7265625, 91034.0546875, 141565.1875, 114518.1875, 95641.109375, 114353.90625, 108550.5625, 107245.8515625, 96147.203125, 135326.5, 113733.578125, 93597.0078125, 106487.3671875, 117560.4609375, 95126.515625, 161594.40625, 94564.484375, 121112.484375, 109054.578125, 96656.25, 98794.0390625, 101323.015625, 111955.4921875, 129077.125, 87373.015625, 132429.109375, 128071.7578125, 89541.5625, 80979.859375, 96076.890625, 109596.7734375, 116615.640625, 101417.1640625, 139087.609375, 95112.46875, 129457.546875, 127996.359375, 94116.0703125, 118112.0703125, 132707.359375, 101039.828125, 91513.3515625, 103909.890625, 106710.1953125, 123611.765625, 112690.796875, 102159.4140625, 111829.328125, 112425.7265625, 106298.7890625, 126092.3359375, 106037.03125, 83572.3046875, 119107.0859375, 91922.8984375, 103834.9140625, 110430.609375, 101995.09375, 103297.6484375, 109512.984375, 104662.8046875, 97955.296875, 122962.046875, 138796.515625, 97095.625, 91598.90625, 107332.4609375, 135531.171875, 95587.046875, 92986.4765625, 131660.40625, 103603.28125, 94461.8984375, 103576.4765625, 81564.9609375, 127153.734375, 116784.734375, 97195.53125, 103511.7734375, 140580.0625, 97251.5, 93075.4765625, 100148.390625, 106406.0625, 84309.375, 92948.359375, 102643.921875, 94673.9375, 145037.8125, 93507.8125, 151593.421875, 129372.9375, 126234.3515625, 76622.375, 95232.109375, 121300.9453125, 108341.890625, 93941.3671875, 105999.953125, 106581.640625, 79724.21875, 124475.8046875, 100444.21875, 109949.4140625, 95077.265625, 100471.4296875, 113506.0703125, 106474.953125, 113368.359375, 112481.5859375, 88766.640625, 84209.8828125, 112475.171875, 133489.28125, 99612.90625, 126213.9375, 117466.75, 81082.5078125], "name": "default", "desc": "lr_0.0001_nb_16_ld_16_b_4", "folder": "./saves/grid_seach/search1/lr_0.0001_nb_16_ld_16_b_4_default_20240214-013214"}