{"nhidden": 128, "rnn_nhidden": 32, "obs_dim": 1, "latent_dim": 2, "lr": 0.005, "n_batch": 16, "beta": 0.001, "total_epochs_train": 50, "epochs_per_train": 5, "epochs": 50, "loss": [109154.140625, 176171.84375, 231281.34375, 200487.546875, 166143.609375, 111992.921875, 176648.0, 181416.859375, 157008.953125, 139175.75, 155290.71875, 116097.3203125, 195186.828125, 155258.59375, 109990.7890625, 219285.3125, 115280.234375, 182405.234375, 191115.8125, 446030.4375, 149852.296875, 115486.5390625, 162678.046875, 146360.5625, 130900.6875, 204110.53125, 141094.53125, 135989.59375, 145536.640625, 115250.484375, 209666.9375, 171853.28125, 161001.703125, 185490.984375, 81968.1171875, 181511.25, 167701.109375, 133051.0, 113566.765625, 208543.046875, 153273.4375, 164257.328125, 204505.53125, 154515.9375, 102034.2734375, 126288.8828125, 188976.28125, 159940.453125, 178277.4375, 126950.5, 149218.109375, 154255.09375, 152169.328125, 160259.3125, 155017.84375, 124866.71875, 202358.734375, 127194.3671875, 152235.625, 126810.078125, 190900.734375, 172975.03125, 129787.390625, 145859.671875, 137879.34375, 176880.78125, 82142.703125, 125105.65625, 208351.15625, 164319.25, 235734.890625, 121933.6953125, 187150.375, 196409.71875, 139931.4375, 164228.6875, 156847.28125, 108903.65625, 131592.078125, 144791.65625, 156544.65625, 128020.046875, 154161.234375, 122853.53125, 163682.546875, 147822.03125, 146212.96875, 153692.671875, 125272.9140625, 223388.921875, 156739.40625, 176041.9375, 132583.96875, 148767.328125, 113185.671875, 188527.96875, 216086.75, 139692.828125, 152130.34375, 159472.34375, 131749.25, 119237.71875, 210161.03125, 125503.359375, 123957.9375, 213493.53125, 178678.625, 154741.859375, 163341.9375, 156999.703125, 135440.703125, 207312.609375, 154313.78125, 167820.59375, 117853.046875, 167875.09375, 142547.5, 203676.734375, 160482.875, 127467.9375, 146390.25, 145335.859375, 116579.375, 186776.71875, 147249.03125, 161687.53125, 186199.96875, 140249.34375, 133760.0, 181886.0625, 176311.03125, 112635.0, 190906.265625, 124272.4375, 142959.953125, 176241.375, 209944.75, 122540.1796875, 149834.0625, 156591.59375, 135956.859375, 144099.734375, 146593.59375, 147274.3125, 173567.734375, 129958.1875, 137231.59375, 133566.421875, 197410.78125, 151279.703125, 191396.046875, 158418.03125, 135314.71875, 129997.984375, 116143.09375, 135404.1875, 122763.875, 220472.046875, 133371.5625, 169255.09375, 165553.59375, 165485.03125, 182314.890625, 163276.03125, 131002.734375, 149573.375, 143102.34375, 194043.59375, 143239.609375, 129035.4765625, 156304.34375, 163809.609375, 154376.5625, 123068.1875, 168532.078125, 194214.625, 147265.3125, 118987.4609375, 148012.359375, 148973.5625, 123004.3515625, 182966.40625, 114607.0234375, 143753.640625, 152041.09375, 187433.15625, 198397.3125, 171261.3125, 98463.9609375, 106415.1953125, 120517.3046875, 136820.125, 151044.6875, 152080.46875, 174476.84375, 256890.9375, 153997.375, 151876.90625, 167060.53125, 175021.953125, 112130.3984375, 160546.203125, 168687.96875, 142232.96875, 174532.75, 132016.59375, 118782.0234375, 160445.03125, 177956.03125, 106536.90625, 112871.125, 156959.59375, 212922.78125, 144384.65625, 187790.4375, 112603.09375, 168748.609375, 125055.6796875, 148675.71875, 189142.4375, 128704.515625, 148338.328125, 161410.65625, 128715.265625, 155609.390625, 157766.546875, 132933.140625, 133884.765625, 137408.171875, 156170.875, 123165.5703125, 250903.09375, 182559.96875, 108868.515625, 135167.640625, 174956.828125, 228740.28125, 135203.515625, 161114.78125, 122584.75, 132386.953125, 105372.75, 175575.046875, 172142.234375, 139144.96875, 100711.84375, 157166.765625, 126200.859375, 183209.71875, 184158.296875, 116088.9453125, 180167.203125, 139549.78125, 155157.28125, 173556.21875, 175408.171875, 130989.8203125, 169631.765625, 165771.40625, 101409.234375, 131447.453125, 136503.09375, 126740.0625, 139041.53125, 145108.765625, 132617.375, 143613.84375, 104167.25, 158682.171875, 126575.875, 113819.296875, 151392.9375, 140117.765625, 123049.4296875, 110510.0390625, 151440.546875, 87555.5390625, 96068.71875, 78114.453125, 134391.8125, 125046.265625, 127212.4296875, 135939.515625, 99792.359375, 94956.46875, 100362.9375, 105170.203125, 78058.515625, 112372.90625, 117135.328125, 118364.609375, 103076.28125, 86772.765625, 146755.25, 91125.5625, 125208.625, 74280.28125, 96739.6015625, 131278.59375, 131678.171875, 82083.609375, 90818.90625, 99317.2265625, 81352.78125, 99595.015625, 75505.5, 80592.625, 71707.28125, 82715.1328125, 99766.671875, 98826.8984375, 118711.4296875, 126673.40625, 111924.34375, 100217.3828125, 115243.0, 128954.6796875, 72415.78125, 83458.9453125, 90435.828125, 92184.515625, 91911.5078125, 139003.75, 61117.7265625, 103173.875, 81013.6015625, 90793.59375, 133975.15625, 96222.1328125, 68538.25, 74462.84375, 70103.0546875, 81539.1640625, 113443.5546875, 99773.8203125, 67909.8203125, 101290.7734375, 85374.6328125, 65693.578125, 94974.4765625, 81224.484375, 90241.5546875, 148851.671875, 86144.28125, 75465.3984375, 72009.453125, 72756.25, 70197.6875, 65440.3515625, 74968.5234375, 69715.7578125, 61286.8671875, 88653.5, 85786.3515625, 107963.2578125, 125787.3984375, 71378.59375, 76307.4296875, 80155.234375, 59000.0859375, 119046.921875, 87636.8828125, 60233.2578125, 75499.40625, 65793.3125, 78804.1484375, 62994.31640625, 128010.359375, 50697.625, 93710.71875, 71404.4921875, 87773.5390625, 109121.25, 78450.8203125, 69276.15625, 52983.74609375, 68514.1953125, 69935.46875, 88456.3515625, 134532.6875, 57517.30078125, 69058.2421875, 94595.453125, 56890.92578125, 70055.2890625, 58413.546875, 56359.1171875, 108486.9453125, 54058.47265625, 80400.1484375, 64285.08984375, 68374.359375, 58368.859375, 93996.234375, 64009.7734375, 78769.359375, 103810.7578125, 76882.2578125, 87409.0546875, 76108.375, 59270.60546875, 69068.6484375, 84311.8046875, 52821.3515625, 61171.8515625, 57743.4140625, 61967.1171875, 79747.25, 50932.74609375, 58708.66796875, 86551.765625, 92890.8125, 60512.8125, 83302.78125, 92023.875, 92563.9765625, 53987.4453125, 57438.640625, 63611.3984375, 53967.66015625, 79203.640625, 59120.41015625, 69879.8984375, 88109.0390625, 65189.7421875, 48003.14453125, 97716.875, 52935.43359375, 83507.4921875, 40550.2734375, 54338.59375, 61201.57421875, 53067.14453125, 63246.296875, 66800.796875, 67182.25, 71004.796875, 36249.84375, 85449.0625, 53489.46875, 77179.8515625, 64708.48046875, 76720.59375, 65203.4609375, 54585.25, 87435.984375, 103744.375, 45987.55078125, 95425.2734375, 87508.015625], "name": "default", "desc": "lr_0.005_nb_16_ld_2_b_0.001", "folder": "./saves/grid_seach/search1/lr_0.005_nb_16_ld_2_b_0.001_default_20240213-230944"}