{"nhidden": 128, "rnn_nhidden": 32, "obs_dim": 1, "latent_dim": 2, "lr": 0.001, "n_batch": 16, "beta": 1, "total_epochs_train": 50, "epochs_per_train": 5, "epochs": 50, "loss": [211967.828125, 150233.171875, 196292.53125, 99377.78125, 144188.34375, 169218.34375, 150594.53125, 250980.09375, 189495.796875, 151826.765625, 201537.875, 169513.984375, 222692.03125, 215075.21875, 173340.15625, 137657.03125, 135824.046875, 101968.78125, 154749.25, 140382.875, 206610.203125, 104983.4140625, 195673.46875, 136919.046875, 246551.90625, 129556.765625, 152635.578125, 214769.8125, 165190.1875, 114540.5078125, 227353.640625, 122912.109375, 130412.5078125, 127198.109375, 171903.734375, 140396.96875, 185387.203125, 205955.09375, 173703.21875, 96854.34375, 134216.015625, 136692.375, 121085.6640625, 145030.3125, 116172.640625, 124598.8828125, 125440.5, 109744.640625, 127642.171875, 158032.28125, 154075.703125, 145002.59375, 110508.546875, 126329.4453125, 107770.0625, 135772.765625, 100884.6953125, 128713.7734375, 127449.0859375, 140526.515625, 139708.03125, 129018.8203125, 149217.984375, 132975.96875, 158316.484375, 111180.3359375, 122138.7890625, 116871.5703125, 123025.984375, 126988.59375, 110768.71875, 155258.6875, 145568.984375, 120617.1796875, 98708.8984375, 121409.328125, 132068.8125, 132579.53125, 112079.5625, 165473.796875, 122356.1953125, 108252.390625, 100230.40625, 117308.46875, 128370.828125, 92431.3125, 114648.4140625, 123203.765625, 208870.984375, 120651.328125, 151203.953125, 134519.5, 121718.203125, 109451.75, 95378.9921875, 114449.9921875, 158663.828125, 102801.359375, 140238.875, 129038.765625, 104556.609375, 141782.65625, 159692.671875, 107179.109375, 123372.5859375, 104115.5, 89349.1328125, 102082.1015625, 199469.71875, 107086.8515625, 97388.9765625, 107048.515625, 97222.375, 113356.0, 111158.078125, 110368.453125, 126753.3125, 152076.109375, 129218.0390625, 115679.3125, 96078.5078125, 118568.171875, 106355.9921875, 117809.609375, 95662.2890625, 91274.34375, 115495.46875, 80460.3046875, 101434.8515625, 110745.890625, 112088.640625, 143137.171875, 101937.71875, 120713.1953125, 114551.0546875, 76029.90625, 164814.359375, 93957.1484375, 93702.75, 97436.90625, 106564.15625, 88904.59375, 116194.546875, 124746.8125, 109867.609375, 91716.640625, 95583.4453125, 133077.109375, 77946.734375, 113640.953125, 115424.3828125, 96879.53125, 101015.859375, 103618.0, 103805.796875, 107176.5546875, 77413.171875, 71964.8046875, 84234.2421875, 76237.4140625, 131629.46875, 153902.71875, 77676.1796875, 126005.53125, 116657.484375, 82620.34375, 122510.25, 71363.984375, 73990.859375, 134801.46875, 83937.5703125, 103525.15625, 76017.5078125, 87644.40625, 91034.453125, 75133.6640625, 117022.9296875, 114645.625, 109508.6640625, 83361.671875, 71372.8828125, 111308.0703125, 104117.1171875, 183011.453125, 67017.3203125, 89266.203125, 88700.953125, 72746.0234375, 82630.875, 99236.328125, 65718.015625, 84280.7109375, 91555.1875, 111368.296875, 83324.09375, 82587.6796875, 119395.7421875, 85398.8984375, 75665.734375, 111626.6484375, 76204.8671875, 75348.640625, 119791.9296875, 80846.125, 74115.96875, 84255.7421875, 99258.5, 73546.984375, 123471.4296875, 90951.0, 63735.7421875, 78820.0703125, 58844.52734375, 93065.265625, 74862.25, 117489.5859375, 89653.0234375, 111272.8046875, 83929.921875, 89697.3515625, 94868.1328125, 90440.015625, 87439.6015625, 62674.21484375, 62900.2265625, 58893.59765625, 150276.4375, 99555.8828125, 57062.1875, 70158.4453125, 66020.4296875, 84315.90625, 87400.2109375, 93065.765625, 71571.6796875, 68439.9765625, 90677.265625, 134483.1875, 58032.58984375, 73156.1796875, 65006.01953125, 71182.984375, 87378.0546875, 64457.65625, 89110.21875, 76128.453125, 92805.7578125, 93159.90625, 59292.359375, 71062.1171875, 97405.4765625, 66226.75, 59347.63671875, 75866.0390625, 104510.1953125, 71930.5625, 100570.9921875, 119200.1953125, 67597.9765625, 73706.8125, 63232.37109375, 70827.7421875, 96911.2109375, 67058.4453125, 107984.2734375, 88852.7734375, 66197.875, 81667.125, 55473.234375, 65144.55078125, 108776.09375, 87454.265625, 101211.0859375, 73951.90625, 81676.90625, 69399.75, 59826.69140625, 79896.09375, 69394.625, 42356.6171875, 119660.0859375, 63846.96875, 114251.3359375, 90729.5703125, 70758.5078125, 98327.640625, 57884.11328125, 56296.95703125, 57472.328125, 102196.765625, 73278.984375, 93137.0703125, 100550.7109375, 73115.3125, 58838.5, 63027.96484375, 54096.03515625, 77109.953125, 71478.7578125, 127641.390625, 66993.6484375, 55098.89453125, 56818.34375, 71861.234375, 61995.27734375, 72420.734375, 73859.53125, 76196.109375, 78907.046875, 53737.609375, 83029.3828125, 69616.1015625, 58548.09765625, 54460.12890625, 70594.3671875, 78283.234375, 50178.5, 44023.6953125, 76713.171875, 67694.6953125, 79431.4609375, 46614.296875, 64918.37890625, 86782.703125, 65160.3046875, 82431.4140625, 43613.15234375, 53309.33984375, 49093.1875, 85804.9296875, 63955.0390625, 65772.3203125, 85874.2421875, 58738.953125, 94128.171875, 54647.49609375, 63510.6015625, 63553.609375, 55460.0234375, 74780.7265625, 51548.00390625, 55472.82421875, 59274.203125, 31987.5703125, 56976.6328125, 49137.09375, 96717.953125, 37926.08984375, 80821.296875, 61911.2890625, 52169.609375, 30815.142578125, 42996.5859375, 48378.74609375, 83970.6328125, 86581.78125, 62741.80078125, 43342.5703125, 57122.984375, 65013.171875, 39549.2109375, 53132.26171875, 53039.0390625, 56797.5625, 91589.5, 70218.8515625, 38313.4140625, 66755.71875, 62287.421875, 55770.37890625, 53727.31640625, 51052.61328125, 40380.1875, 42405.22265625, 48715.30078125, 36796.75390625, 100879.71875, 100915.328125, 71461.1953125, 31822.421875, 75911.84375, 44632.80078125, 66351.1953125, 55650.984375, 75399.03125, 27951.7265625, 70733.8125, 45743.7578125, 73075.6796875, 47415.9453125, 97454.8984375, 44915.03125, 56881.2890625, 63852.73046875, 71242.078125, 63689.3984375, 62036.78515625, 65828.8671875, 57962.9609375, 54760.66796875, 58821.30859375, 28394.078125, 41516.30078125, 60435.53515625, 150744.59375, 55913.4375, 56238.421875, 49669.21484375, 98387.703125, 80882.859375, 53241.00390625, 45430.9765625, 42987.38671875, 70453.1875, 48609.73828125, 69921.90625, 93395.140625, 52425.99609375, 42332.54296875, 63761.9765625, 33788.8515625, 47835.59375, 51177.46875, 64357.77734375, 26622.48046875, 47829.609375, 50728.34375, 53010.91796875, 71730.7578125, 62975.43359375, 42793.3984375, 70673.9765625, 49478.19140625, 38867.671875, 40049.17578125, 51657.9375, 57427.078125, 68700.453125, 63775.46875, 75277.0625, 47879.4453125, 52808.16796875, 48553.3046875, 66685.984375, 63321.08203125, 70438.1484375, 37269.1640625, 67344.890625, 41547.20703125, 46135.0078125], "name": "default", "desc": "lr_0.001_nb_16_ld_2_b_1", "folder": "./saves/grid_seach/search1/lr_0.001_nb_16_ld_2_b_1_default_20240214-000129"}