{"nhidden": 128, "rnn_nhidden": 32, "obs_dim": 1, "latent_dim": 8, "lr": 0.005, "n_batch": 16, "beta": 2, "total_epochs_train": 50, "epochs_per_train": 5, "epochs": 50, "loss": [146838.578125, 181740.78125, 121134.5078125, 121999.8515625, 198135.25, 218728.65625, 131033.390625, 156580.875, 222857.171875, 210411.625, 230049.59375, 132562.703125, 147488.0625, 181718.21875, 124735.6953125, 109296.5625, 153895.96875, 126838.1875, 111760.515625, 158196.15625, 97398.28125, 141164.453125, 126382.890625, 139709.34375, 150748.234375, 153827.296875, 117019.3125, 145226.03125, 103118.53125, 132495.171875, 101905.234375, 132570.3125, 176893.015625, 121497.71875, 164153.734375, 108073.1171875, 132464.921875, 112693.0625, 131612.03125, 102063.609375, 99296.8515625, 101720.421875, 115037.7890625, 93426.6953125, 109310.2890625, 158117.765625, 114517.9375, 110316.8125, 87088.2421875, 133503.75, 65224.359375, 90969.7109375, 80675.234375, 66184.9140625, 103181.1796875, 82009.2265625, 84900.53125, 101192.2421875, 67871.359375, 94972.5546875, 99847.53125, 106798.5703125, 71199.1171875, 114191.78125, 83281.4296875, 86838.3046875, 71012.3359375, 64393.41796875, 93957.796875, 73353.3828125, 85143.2421875, 60157.76953125, 97375.0703125, 82590.8125, 91253.65625, 63493.5, 92767.8359375, 63162.0546875, 57046.95703125, 108615.1875, 61029.09375, 103383.90625, 63439.73046875, 63759.8359375, 62528.53515625, 58263.76171875, 56262.359375, 58524.2421875, 60464.0234375, 66065.59375, 61066.0, 58071.5234375, 60735.15625, 94407.6171875, 57302.578125, 69638.78125, 56215.515625, 52212.7890625, 77800.7734375, 68802.7421875, 105635.4140625, 49540.40625, 57147.90625, 60923.8203125, 46311.1171875, 71676.359375, 54189.0390625, 64836.75, 55888.2578125, 50498.66796875, 103188.625, 66592.578125, 93634.7734375, 81689.046875, 87906.9765625, 61358.3359375, 53474.1796875, 79406.1640625, 95151.125, 173965.84375, 58313.8046875, 56922.921875, 85674.8125, 88245.3984375, 49141.15234375, 62116.140625, 66491.5234375, 50394.19921875, 50946.30078125, 60486.94140625, 104234.2421875, 74218.484375, 109915.4296875, 62024.5703125, 32154.078125, 38736.97265625, 72790.34375, 53381.23828125, 43847.93359375, 69630.125, 41662.6171875, 42936.41015625, 55577.1953125, 103107.875, 83630.6328125, 57403.703125, 43725.7421875, 60003.8671875, 47609.8125, 32539.4140625, 58734.08984375, 44368.375, 52720.40625, 92432.625, 102766.3203125, 40380.20703125, 38889.79296875, 34421.91796875, 55228.7578125, 40958.19140625, 37421.859375, 60720.04296875, 102795.6640625, 34048.79296875, 52002.921875, 49493.4140625, 38672.46484375, 44512.0234375, 67940.015625, 63629.0, 46391.0703125, 31842.177734375, 41201.0078125, 60520.92578125, 58911.51953125, 43595.8046875, 50255.9296875, 92070.234375, 57371.92578125, 64475.5546875, 81486.9140625, 53007.6640625, 68665.171875, 51317.34375, 68840.1328125, 29493.158203125, 50350.7421875, 66136.03125, 55840.9140625, 75350.9921875, 63577.125, 63952.8984375, 34993.80078125, 40704.1875, 41356.55078125, 64777.1171875, 63523.47265625, 38749.484375, 30572.8671875, 64646.78515625, 42214.109375, 75454.9375, 39312.625, 79809.234375, 98547.0, 33098.33984375, 32296.32421875, 79674.4609375, 68241.5, 36651.8828125, 36023.83984375, 74755.875, 75849.890625, 47466.21875, 55171.15234375, 39871.28125, 71969.625, 35282.76171875, 69989.0390625, 68919.1015625, 69834.21875, 21854.802734375, 58186.6953125, 33381.625, 56019.8203125, 37402.47265625, 88433.015625, 55388.109375, 43685.5625, 93615.484375, 49541.73828125, 25339.439453125, 37208.4296875, 37347.38671875, 54574.41796875, 26025.00390625, 64892.8359375, 31618.40234375, 82208.515625, 49726.8125, 45103.19921875, 69141.3828125, 29778.03125, 71817.6796875, 51242.0390625, 65779.640625, 53869.359375, 58183.30078125, 47830.81640625, 58987.09375, 46383.640625, 23748.41015625, 72175.265625, 30707.38671875, 97314.890625, 50922.73046875, 55980.46875, 43187.609375, 58968.26171875, 32883.9140625, 39232.8125, 58584.12109375, 46864.0, 38782.62890625, 54566.8828125, 47341.62890625, 67957.8515625, 58293.60546875, 35430.69921875, 33890.53125, 71100.2109375, 72543.046875, 37927.8125, 61479.73046875, 55706.046875, 58882.90625, 35477.83984375, 36336.72265625, 40738.87109375, 62935.20703125, 34676.8203125, 38973.59375, 75023.6328125, 69578.6484375, 32463.24609375, 80713.421875, 67765.03125, 41519.5546875, 35424.22265625, 73824.0859375, 30855.220703125, 83692.0625, 40069.12109375, 49574.39453125, 48961.95703125, 59009.90625, 56834.3515625, 60496.9609375, 53777.671875, 42397.125, 54554.390625, 57215.03515625, 31620.89453125, 90314.5, 27945.890625, 42478.453125, 66717.265625, 63231.2578125, 48270.5546875, 47109.703125, 68021.421875, 29778.576171875, 48516.5234375, 50115.7734375, 29033.0078125, 58977.72265625, 68591.890625, 39462.3515625, 38587.2421875, 34960.484375, 52946.5625, 52086.29296875, 37441.0625, 58218.58203125, 55386.0234375, 49145.09375, 72609.828125, 33206.4453125, 48832.76953125, 62535.6171875, 56915.12890625, 37390.2421875, 57809.40625, 55549.078125, 30812.05859375, 35707.35546875, 68405.1328125, 40366.23046875, 24962.541015625, 42836.37890625, 67055.2890625, 72496.46875, 20566.490234375, 46135.375, 41608.484375, 81533.7578125, 43291.890625, 74117.6015625, 47071.48828125, 47567.265625, 38542.8671875, 52774.8046875, 52024.796875, 45437.2421875, 51161.5234375, 49478.703125, 31517.87109375, 86600.2265625, 27827.7890625, 51483.578125, 53290.390625, 37803.41796875, 65257.8671875, 47402.22265625, 43340.02734375, 91959.7578125, 31072.703125, 41875.6484375, 43869.0546875, 56734.1953125, 54422.42578125, 56911.69140625, 69419.140625, 64208.79296875, 21665.435546875, 66987.9453125, 31851.05859375, 30114.408203125, 38977.5234375, 84710.2890625, 26266.0390625, 47932.58203125, 51013.875, 63365.4765625, 47463.8046875, 70550.484375, 19712.1796875, 43123.75390625, 64551.66796875, 61814.71875, 48247.7421875, 27574.05078125, 46794.46484375, 71353.2890625, 31795.3671875, 45091.4609375, 52193.09765625, 74447.0859375, 60871.4140625, 36963.48046875, 29693.93359375, 46329.6796875, 32524.087890625, 74215.109375, 46594.671875, 48094.97265625, 55198.36328125, 88570.6953125, 50882.19140625, 53164.40625, 80599.0546875, 43867.58203125, 34731.8359375, 36467.390625, 49590.7109375, 55368.859375, 26814.365234375, 55424.765625, 33510.69140625, 79195.8125, 99463.8828125, 43172.2734375, 41308.6484375, 65312.8203125, 37383.33203125, 65521.625, 58445.70703125, 33139.21484375, 42838.94921875, 43387.0234375, 87492.234375, 52941.5390625, 35513.4609375, 41527.10546875, 40489.33984375, 75046.703125, 28907.3671875, 53396.515625, 67671.8515625, 103497.296875, 39689.796875, 53747.41796875, 62380.07421875, 35801.546875, 40660.125, 56420.04296875, 82875.328125, 34291.375, 55418.1875, 30799.048828125], "name": "default", "desc": "lr_0.005_nb_16_ld_8_b_2", "folder": "./saves/grid_seach/search1/lr_0.005_nb_16_ld_8_b_2_default_20240213-233727"}