{"nhidden": 128, "rnn_nhidden": 32, "obs_dim": 1, "latent_dim": 8, "lr": 0.01, "n_batch": 16, "beta": 2, "total_epochs_train": 50, "epochs_per_train": 5, "epochs": 50, "loss": [250166.375, 132447.21875, 149676.0, 169390.015625, 130747.140625, 156929.953125, 156884.5625, 175280.59375, 161555.9375, 169390.546875, 137936.5, 151784.15625, 131922.578125, 158183.8125, 258134.9375, 120922.1328125, 177668.0, 119230.9375, 170702.640625, 204851.609375, 149396.4375, 204877.453125, 122863.7890625, 138322.546875, 243659.859375, 103119.8359375, 137624.09375, 127509.7734375, 190724.03125, 139691.71875, 143072.6875, 116351.6171875, 148876.171875, 223367.484375, 159758.671875, 139465.625, 123178.8984375, 139906.046875, 118910.296875, 173995.53125, 134618.09375, 137235.859375, 134823.609375, 172167.609375, 165222.3125, 149252.609375, 98076.046875, 122360.390625, 161002.625, 100678.8046875, 162299.34375, 130422.4921875, 127095.3203125, 162703.9375, 110615.765625, 111840.296875, 115025.734375, 140666.53125, 117471.4140625, 125908.140625, 101373.796875, 134438.75, 158659.078125, 103263.1796875, 125957.0390625, 148451.765625, 126960.515625, 94553.0546875, 141400.171875, 109403.296875, 101110.359375, 111750.796875, 90875.8359375, 136666.90625, 76762.109375, 104074.6953125, 104121.3203125, 157273.484375, 98491.171875, 81031.359375, 130166.4140625, 105168.3671875, 123200.8359375, 69891.203125, 113568.0078125, 122720.8671875, 66434.046875, 90385.203125, 84539.84375, 65382.69921875, 86778.09375, 107729.203125, 106957.84375, 117381.421875, 95254.0625, 97006.546875, 63536.73828125, 67705.8984375, 100898.203125, 81602.8671875, 65534.14453125, 78490.296875, 77905.09375, 81318.2578125, 66846.15625, 77059.0234375, 101295.625, 83080.859375, 63802.44140625, 65010.3828125, 62272.9375, 77974.125, 88911.9921875, 87097.1796875, 67261.8046875, 64962.75, 81769.796875, 73280.6640625, 51698.42578125, 71805.578125, 83956.578125, 112513.4453125, 92084.390625, 62407.3984375, 59272.57421875, 88669.3203125, 85605.609375, 64803.515625, 118652.2421875, 67144.109375, 66547.921875, 42524.5, 81067.828125, 72694.046875, 50228.0859375, 73718.2265625, 58751.12890625, 86875.453125, 80779.7109375, 46033.7109375, 88725.515625, 69793.984375, 57649.06640625, 83536.8828125, 75932.1796875, 66614.078125, 47849.92578125, 75416.8359375, 53307.7734375, 70289.3515625, 58585.62890625, 62024.28515625, 59594.4609375, 74690.078125, 34469.91796875, 40586.19140625, 108468.5078125, 86158.0703125, 41873.26171875, 92628.4375, 46040.54296875, 73886.4609375, 88916.5, 69629.8984375, 69599.046875, 82492.3828125, 52898.76171875, 68437.75, 46188.0546875, 66247.8125, 75243.59375, 61937.16796875, 88164.3203125, 73294.75, 36685.73046875, 80972.2109375, 46536.265625, 95346.0234375, 65015.76953125, 41366.66015625, 112695.078125, 58068.51953125, 64450.6953125, 63672.0625, 68313.171875, 45246.52734375, 49964.5546875, 49571.921875, 40621.8125, 29742.10546875, 40577.1484375, 52097.578125, 49808.49609375, 40204.89453125, 24616.619140625, 79648.984375, 90746.96875, 75422.9375, 36784.84375, 61936.23046875, 72518.203125, 53003.05859375, 71391.28125, 29444.861328125, 49515.9921875, 30541.931640625, 74145.0625, 70618.75, 70105.0078125, 49971.28125, 84814.9765625, 47903.58203125, 35377.6171875, 94345.234375, 40766.54296875, 70653.109375, 50046.01171875, 52329.203125, 58797.984375, 44848.953125, 75508.359375, 67231.3828125, 36264.234375, 88042.5, 73206.7734375, 34117.734375, 40885.94921875, 62529.16796875, 74268.015625, 30062.759765625, 72266.8515625, 69540.015625, 34334.3203125, 68475.125, 65575.609375, 59897.97265625, 57495.8359375, 42464.421875, 74805.0390625, 46731.5859375, 27167.59765625, 81839.8359375, 31645.857421875, 77686.1875, 42129.6875, 90783.96875, 72939.203125, 35334.2421875, 31652.771484375, 38544.0625, 39093.65234375, 45491.4375, 47839.4921875, 63645.77734375, 50895.7421875, 62587.0546875, 41725.65625, 35206.9921875, 46066.2265625, 33441.72265625, 85199.8125, 42624.5, 34015.015625, 37305.0390625, 71685.1953125, 89955.015625, 48023.26171875, 52457.1484375, 60484.94921875, 47065.0234375, 48151.1875, 42778.5703125, 72438.046875, 59709.3984375, 44331.84765625, 64900.35546875, 75596.609375, 58803.7109375, 33174.953125, 53105.515625, 43911.61328125, 74283.5703125, 29936.748046875, 44168.90625, 31788.53125, 76281.609375, 46618.1328125, 60202.671875, 65804.890625, 60482.12890625, 45278.70703125, 54896.5390625, 31393.302734375, 24507.998046875, 62694.375, 38139.859375, 88573.1484375, 71125.6484375, 55573.12109375, 58559.328125, 37651.13671875, 47795.03125, 49063.359375, 36526.58203125, 55803.734375, 46620.05859375, 45399.265625, 45353.16796875, 22852.060546875, 27074.560546875, 55712.21875, 58704.75, 58737.4921875, 44112.4140625, 103972.2734375, 43195.6796875, 85467.78125, 54447.546875, 52212.96875, 43964.98046875, 54233.20703125, 32955.8203125, 73598.734375, 50973.77734375, 52567.56640625, 56856.90234375, 75393.8984375, 63639.0703125, 77423.234375, 65015.5, 57799.71875, 25067.615234375, 37438.6953125, 65810.5703125, 44671.77734375, 34776.7890625, 41556.4609375, 43419.5234375, 50862.55078125, 46233.2421875, 124973.0703125, 39141.640625, 49537.9296875, 72122.8828125, 57776.1171875, 54168.2890625, 35649.46484375, 59928.86328125, 33518.78125, 60029.79296875, 53970.421875, 43252.703125, 112239.5390625, 35105.86328125, 60010.05859375, 46042.3671875, 27147.052734375, 45600.4609375, 89821.4296875, 27886.99609375, 29110.5625, 73812.3046875, 38367.03515625, 73869.578125, 32788.5859375, 41820.86328125, 45199.140625, 58591.234375, 64583.984375, 51252.50390625, 39327.5703125, 47815.81640625, 74109.2578125, 62337.7265625, 58945.56640625, 63048.71484375, 32015.50390625, 56418.32421875, 48228.96484375, 49214.7578125, 73591.765625, 78720.46875, 64765.5546875, 39578.578125, 44178.90625, 39541.15625, 64236.484375, 38071.8515625, 51491.7109375, 75492.015625, 38362.21875, 92728.4921875, 46689.171875, 72271.375, 56934.08203125, 42641.01171875, 55637.2890625, 31892.07421875, 44969.91796875, 105950.5703125, 30234.92578125, 52654.25390625, 78140.90625, 34228.9140625, 48753.75390625, 51359.56640625, 63484.58984375, 55756.07421875, 44095.44921875, 76785.9375, 54375.9765625, 63333.9375, 39964.3671875, 24150.73046875, 36625.36328125, 59527.65625, 54392.875, 97232.796875, 34405.73046875, 69604.0234375, 71264.125, 29837.880859375, 24225.02734375, 20346.40234375, 53800.640625, 46935.35546875, 40006.796875, 19994.60546875, 75679.59375, 69180.21875, 40521.01953125, 73580.7890625, 45193.6328125, 55675.69921875, 59249.1484375, 69601.7265625, 66029.4609375, 52467.3828125, 63568.3046875, 26642.6640625, 27254.951171875, 54452.015625, 50941.6953125, 36708.4296875, 63761.171875, 57573.12890625, 32452.4140625, 73798.28125, 48915.59765625, 66813.2890625], "name": "default", "desc": "lr_0.01_nb_16_ld_8_b_2", "folder": "./saves/grid_seach/search1/lr_0.01_nb_16_ld_8_b_2_default_20240213-224608"}