{"nhidden": 128, "rnn_nhidden": 32, "obs_dim": 1, "latent_dim": 2, "lr": 0.0001, "n_batch": 16, "beta": 0.001, "total_epochs_train": 50, "epochs_per_train": 5, "epochs": 50, "loss": [143225.09375, 119058.7890625, 256851.9375, 203660.640625, 145990.203125, 165299.53125, 120890.09375, 225521.03125, 213106.25, 210073.09375, 173223.234375, 222313.375, 176111.21875, 182773.0625, 127789.90625, 142057.515625, 167189.015625, 123104.9296875, 207557.453125, 235358.59375, 162812.3125, 202757.484375, 118155.484375, 166355.59375, 161606.375, 164585.625, 136057.453125, 192991.625, 222339.40625, 156946.421875, 202640.203125, 135837.328125, 155448.25, 197817.59375, 137591.46875, 178751.546875, 126617.0390625, 179713.65625, 172531.0625, 171319.15625, 259121.921875, 122740.7421875, 168147.578125, 187567.109375, 151398.90625, 239997.59375, 196983.578125, 161793.984375, 140380.75, 176076.703125, 162195.921875, 116692.8515625, 215531.21875, 137744.0625, 163347.3125, 170155.6875, 149311.71875, 174423.1875, 226754.5625, 172712.65625, 135688.765625, 170917.296875, 140488.625, 143259.46875, 132633.609375, 109275.328125, 178002.96875, 183871.515625, 216145.890625, 241194.65625, 192207.25, 129967.6875, 159984.015625, 201484.703125, 144221.28125, 125901.6171875, 145421.921875, 171132.203125, 153105.4375, 221151.640625, 221466.28125, 131443.03125, 223225.359375, 106915.8671875, 133297.578125, 170319.96875, 182758.53125, 228186.34375, 202244.671875, 167536.21875, 108643.1484375, 209283.078125, 107252.15625, 222078.03125, 189524.15625, 142063.46875, 185267.640625, 185118.59375, 116221.34375, 157844.0625, 124269.625, 183369.546875, 177671.03125, 147947.171875, 161804.46875, 115182.015625, 140203.03125, 308308.25, 185296.65625, 157842.796875, 214967.59375, 170429.9375, 138247.265625, 120026.09375, 143512.40625, 144484.21875, 199543.5, 167183.421875, 134720.140625, 193505.65625, 150518.03125, 217049.59375, 107762.4140625, 135814.484375, 214589.828125, 186527.03125, 190687.015625, 137048.875, 162195.765625, 110554.9453125, 182881.890625, 151136.0625, 160012.15625, 185284.546875, 187015.09375, 208677.78125, 146151.546875, 258050.171875, 155200.390625, 108625.1328125, 153063.03125, 200728.5, 105248.40625, 150155.203125, 106294.7890625, 166180.328125, 183476.484375, 162081.640625, 231952.1875, 168758.5625, 166492.40625, 144573.53125, 156416.34375, 155015.5625, 140529.171875, 85374.8046875, 162624.359375, 185150.21875, 117834.8984375, 219660.390625, 173229.09375, 211950.8125, 174021.453125, 150863.265625, 165500.140625, 194755.15625, 158669.34375, 160878.0625, 92636.984375, 161631.140625, 191805.3125, 132801.015625, 161092.5625, 166189.5625, 202103.421875, 141080.0625, 133501.265625, 149513.375, 194062.375, 172416.203125, 125375.296875, 235174.765625, 107846.875, 216518.125, 141612.75, 158039.3125, 169236.546875, 145238.421875, 145592.28125, 128463.765625, 105023.5703125, 182347.703125, 211115.1875, 134673.078125, 153277.328125, 159257.9375, 131251.203125, 194441.890625, 158888.765625, 137280.984375, 191675.03125, 117866.0, 116206.46875, 148686.875, 151271.21875, 202463.75, 142246.875, 126560.0625, 202375.5625, 108559.828125, 202715.171875, 142293.921875, 156399.9375, 111074.6796875, 161529.15625, 171787.65625, 168598.46875, 131429.203125, 116576.734375, 134026.78125, 220259.71875, 120306.65625, 144645.78125, 118041.09375, 192342.0625, 137119.9375, 129960.7265625, 144144.375, 108323.265625, 149804.5625, 121825.53125, 177763.796875, 131362.546875, 152467.6875, 149567.34375, 106337.9375, 107518.390625, 162292.84375, 139202.828125, 128010.765625, 105842.21875, 166366.703125, 161321.921875, 160260.90625, 141234.3125, 144519.0, 198257.359375, 116943.28125, 109301.8359375, 125170.484375, 138523.90625, 127179.53125, 164137.15625, 112895.4765625, 212218.28125, 115923.2109375, 129216.40625, 98619.6796875, 140097.46875, 160609.65625, 95094.140625, 115294.625, 137884.734375, 129679.8984375, 138147.859375, 142788.40625, 132857.375, 101193.109375, 148709.6875, 133488.46875, 138261.71875, 171292.96875, 106784.5078125, 111087.0390625, 161638.6875, 131326.40625, 173473.109375, 112224.5234375, 100653.390625, 114354.109375, 157918.109375, 153634.0, 114747.2734375, 158083.046875, 108646.578125, 140839.046875, 138916.765625, 109092.46875, 135028.265625, 121607.0859375, 126836.53125, 137174.703125, 106572.3203125, 119217.75, 127303.2734375, 140408.875, 139641.59375, 100268.1796875, 123819.046875, 146498.53125, 120925.75, 105537.015625, 112987.859375, 130535.453125, 129302.375, 190398.78125, 136109.140625, 132043.984375, 105098.171875, 145782.21875, 150739.125, 115851.4453125, 136668.140625, 116594.84375, 120132.515625, 136361.90625, 175635.109375, 124938.4453125, 101804.09375, 145620.625, 118710.578125, 106293.84375, 146573.375, 106592.609375, 155766.15625, 111408.15625, 126024.9140625, 143718.296875, 111615.703125, 149060.40625, 127585.8125, 124499.203125, 108310.703125, 118185.4765625, 114785.4921875, 124475.59375, 123019.390625, 110534.859375, 156772.1875, 124253.34375, 124806.15625, 136030.421875, 150973.46875, 138251.515625, 153815.5625, 119451.109375, 106776.359375, 135282.265625, 118108.375, 132584.21875, 104725.5078125, 131553.046875, 143274.78125, 95628.625, 95843.953125, 137030.546875, 116299.8671875, 100866.6171875, 169022.8125, 147640.40625, 160917.015625, 144134.296875, 103079.2421875, 116435.515625, 139807.0625, 145165.140625, 101916.6171875, 120086.59375, 102734.3203125, 148474.921875, 147801.328125, 124550.875, 101128.9609375, 108232.7578125, 131467.0, 130576.6875, 108219.609375, 131426.3125, 123483.4296875, 156538.796875, 143630.140625, 115294.109375, 123703.0, 100431.8671875, 142792.390625, 107484.015625, 114804.3359375, 135034.96875, 117638.4140625, 139856.3125, 124699.6484375, 106798.234375, 129878.6015625, 125715.140625, 130730.796875, 105215.296875, 119118.8125, 121054.8359375, 112315.9375, 95953.375, 153029.0625, 138568.625, 105357.7734375, 124132.6796875, 137854.875, 127911.28125, 91466.2734375, 118494.6796875, 123679.6875, 111981.203125, 159373.46875, 142598.265625, 104041.21875, 118278.5546875, 116019.3046875, 126858.6328125, 98438.5625, 131803.015625, 107202.3515625, 160293.515625, 118487.09375, 127102.46875, 135273.359375, 125548.6953125, 104092.5859375, 122479.6015625, 147796.96875, 114614.2578125, 100388.8125, 135073.09375, 120757.71875, 121683.71875, 136718.8125, 145342.09375, 102995.1875, 130235.5, 100479.59375, 115517.0859375, 145199.203125, 124711.34375, 109609.46875, 144359.984375, 139964.625, 138818.84375, 108082.484375, 105677.078125, 106701.0859375, 117393.7578125, 113284.5, 109948.9609375], "name": "default", "desc": "lr_0.0001_nb_16_ld_2_b_0.001", "folder": "./saves/grid_seach/search1/lr_0.0001_nb_16_ld_2_b_0.001_default_20240214-011427"}