{"nhidden": 128, "rnn_nhidden": 32, "obs_dim": 1, "latent_dim": 1, "lr": 0.01, "n_batch": 16, "beta": 0.001, "total_epochs_train": 50, "epochs_per_train": 5, "epochs": 30, "loss": [261991.28125, 156676.03125, 150144.859375, 124414.359375, 247060.40625, 158746.265625, 104377.375, 143320.96875, 183364.03125, 141322.609375, 112841.1640625, 94297.0, 181309.703125, 179803.375, 221873.96875, 140356.359375, 157769.625, 184042.390625, 169174.703125, 153127.359375, 178326.875, 147467.484375, 171769.0625, 121152.4296875, 103167.5625, 140548.65625, 148742.484375, 314493.1875, 135922.09375, 200997.796875, 124320.828125, 141031.234375, 154669.46875, 106310.25, 212632.84375, 162109.3125, 178561.71875, 153749.796875, 121581.140625, 188199.25, 182354.46875, 139793.8125, 123501.4375, 110244.6796875, 213492.265625, 161166.3125, 163146.734375, 146197.796875, 142579.828125, 135652.34375, 158243.28125, 144550.4375, 169652.796875, 112342.9375, 141296.53125, 143104.46875, 220964.9375, 175172.0625, 153081.75, 224221.1875, 108767.859375, 100883.6484375, 130380.1328125, 154642.3125, 143859.328125, 126937.03125, 155594.71875, 207592.078125, 178249.125, 150724.1875, 177251.875, 124029.3046875, 136062.78125, 184124.28125, 145663.15625, 184117.875, 172017.40625, 178518.21875, 123413.5390625, 105935.9296875, 165757.546875, 126255.8125, 138809.015625, 230021.5625, 135623.4375, 157869.921875, 155393.09375, 165885.625, 157856.28125, 146910.5, 173640.75, 181089.125, 105921.953125, 140353.734375, 142036.90625, 187094.890625, 143629.1875, 129854.7890625, 177385.015625, 213309.265625, 116681.4921875, 183570.75, 156544.9375, 127892.0703125, 220485.78125, 149129.375, 121376.28125, 127825.8359375, 177265.421875, 180263.4375, 116390.2890625, 123603.96875, 169516.5625, 139990.875, 159569.875, 173843.328125, 162195.984375, 181185.109375, 109699.1328125, 159814.265625, 205007.3125, 164225.21875, 117832.34375, 113774.90625, 184932.28125, 149790.140625, 199087.890625, 158289.046875, 143022.15625, 136688.84375, 151253.171875, 160092.6875, 200313.9375, 117889.796875, 116593.9296875, 151587.875, 124513.8515625, 106810.796875, 138889.078125, 170627.71875, 143266.21875, 206697.015625, 200858.078125, 164503.5625, 126186.734375, 134736.625, 204848.359375, 133691.390625, 130607.65625, 181903.921875, 154632.46875, 187624.8125, 105277.3515625, 165140.75, 207202.9375, 114166.15625, 179136.703125, 155265.46875, 143048.6875, 174125.75, 134163.28125, 127441.0390625, 144860.578125, 173629.765625, 159500.75, 123355.109375, 107840.90625, 187016.3125, 145948.890625, 184381.203125, 175993.71875, 144716.625, 162603.125, 181343.078125, 171446.5, 121004.5078125, 135705.453125, 186338.21875, 152066.3125, 146565.578125, 152125.40625, 130815.953125, 161839.6875, 114132.84375, 223218.65625, 219887.078125, 113130.21875, 116406.4375, 147530.046875, 113105.8203125, 140169.875, 164171.09375, 133394.625, 150069.78125, 192370.328125, 149896.625, 190214.890625, 154084.84375, 129193.34375, 95926.2265625, 121032.4375, 219492.171875, 167546.59375, 219080.734375, 111688.6796875, 158846.140625, 131248.59375, 171884.53125, 151579.09375, 104620.453125, 176135.375, 202280.65625, 125242.5, 141738.515625, 116483.4765625, 152638.1875, 166323.40625, 154953.390625, 108275.4921875, 131119.578125, 128260.90625, 140809.203125, 177374.09375, 144866.515625, 147767.4375, 92907.171875, 148300.90625, 116620.484375, 140097.8125, 133493.0, 169832.9375, 167503.640625, 204445.8125, 159092.3125, 163590.1875, 127596.2890625, 167848.875, 162445.625, 156707.671875, 127179.171875, 141490.96875, 188814.875, 136484.0625, 144298.0, 122247.0703125, 146507.390625, 144514.0625, 140179.421875, 145870.1875, 222251.40625, 146378.234375, 131401.859375, 121181.5703125, 142963.53125, 153193.3125, 138348.234375, 143057.28125, 192604.328125, 134345.953125, 117596.46875, 144995.40625, 166836.265625, 221763.6875, 144318.359375, 155817.03125, 102067.046875, 114113.0703125, 148803.890625, 142572.1875, 111940.2890625], "name": "default", "desc": "lr_0.01_nb_16_ld_1_b_0.001", "folder": "./saves/grid_seach/search4/lr_0.01_nb_16_ld_1_b_0.001_default_20240307-075321"}