{"nhidden": 128, "rnn_nhidden": 32, "obs_dim": 1, "latent_dim": 1, "lr": 0.0001, "n_batch": 16, "beta": 0.5, "total_epochs_train": 50, "epochs_per_train": 5, "epochs": 50, "loss": [186761.359375, 193081.6875, 189028.171875, 166535.75, 156812.40625, 174836.65625, 181824.6875, 226083.25, 139289.625, 183632.78125, 218625.84375, 169057.0625, 191011.65625, 117765.0, 204410.296875, 128554.15625, 169876.53125, 224488.59375, 152843.890625, 218463.25, 162235.203125, 134165.640625, 130806.890625, 163222.328125, 201873.78125, 184194.921875, 236181.40625, 206612.140625, 152295.28125, 212046.578125, 152188.34375, 185855.75, 167201.453125, 200218.125, 130070.765625, 166906.15625, 172711.640625, 200091.9375, 213893.3125, 170130.578125, 159949.34375, 111418.5703125, 144241.46875, 232924.65625, 178662.390625, 179461.609375, 189843.734375, 107980.90625, 146464.984375, 223506.203125, 170302.265625, 194081.6875, 133807.828125, 225378.015625, 126592.96875, 196587.984375, 136754.375, 140934.328125, 232775.8125, 205555.265625, 206636.5625, 164000.65625, 143498.25, 197718.921875, 120167.2734375, 154449.015625, 177135.375, 224997.15625, 152165.46875, 155200.734375, 178771.5625, 149056.984375, 153144.984375, 156045.875, 130777.7734375, 164307.90625, 116532.6484375, 176157.234375, 172164.265625, 183498.265625, 179672.109375, 194861.5, 133893.4375, 186128.671875, 203071.8125, 118905.640625, 170628.015625, 159071.34375, 197794.875, 177378.75, 217786.28125, 211996.453125, 124207.875, 131049.234375, 199843.203125, 164328.625, 190111.75, 160059.75, 116331.359375, 209200.28125, 164275.328125, 148260.828125, 145837.1875, 215531.5, 121007.40625, 125249.109375, 219557.9375, 128010.3359375, 198000.9375, 169159.546875, 177766.03125, 167350.328125, 116465.921875, 178664.828125, 138975.34375, 135963.015625, 203501.453125, 151416.84375, 212169.703125, 106539.9921875, 176825.109375, 143495.078125, 182393.21875, 168839.09375, 186684.53125, 150238.640625, 176580.90625, 155461.640625, 202704.640625, 162038.84375, 205614.5625, 192505.875, 126425.015625, 131800.03125, 108929.640625, 152116.546875, 139582.78125, 155733.125, 99730.6875, 136618.171875, 202731.546875, 171067.53125, 147208.96875, 248912.9375, 185761.28125, 157538.671875, 174887.109375, 185924.15625, 154035.46875, 137888.703125, 136205.546875, 196509.671875, 114818.09375, 180864.515625, 118635.9375, 135293.90625, 159961.015625, 242350.125, 147648.328125, 130963.921875, 132948.25, 189483.953125, 140009.90625, 199099.84375, 137667.46875, 148479.828125, 157129.328125, 186314.828125, 111424.609375, 149279.828125, 165597.71875, 141368.53125, 162897.359375, 231639.46875, 163278.6875, 151442.84375, 107907.8125, 132307.859375, 201782.46875, 145275.59375, 140568.96875, 246489.078125, 98235.609375, 184198.53125, 148842.703125, 100110.25, 216526.15625, 195900.71875, 100496.9375, 148312.0625, 188002.546875, 159283.3125, 145248.21875, 185105.28125, 167694.75, 148212.609375, 130097.734375, 158638.3125, 160291.375, 103597.9609375, 238760.90625, 109306.0234375, 135991.0625, 177095.875, 132626.0625, 165077.375, 162660.859375, 153901.171875, 150587.078125, 160318.421875, 113742.421875, 122184.078125, 169680.609375, 104361.53125, 202939.75, 223923.296875, 149603.890625, 164215.875, 131069.7109375, 201859.796875, 200963.0625, 158116.515625, 136054.890625, 101278.71875, 132789.59375, 167918.625, 109485.453125, 173279.703125, 205100.046875, 151077.6875, 159329.96875, 117388.5, 171592.109375, 129675.7578125, 223983.9375, 188902.265625, 144611.5625, 164681.0625, 143347.0, 99614.640625, 149043.359375, 138583.078125, 148611.765625, 164340.390625, 194768.140625, 140351.359375, 115533.4140625, 153363.0, 143704.796875, 173586.53125, 146979.4375, 154606.265625, 121723.71875, 167235.796875, 135838.0625, 131211.015625, 146021.765625, 159889.875, 224003.515625, 119253.5546875, 169209.5, 125526.7578125, 150962.53125, 145554.78125, 150459.90625, 113618.8828125, 157720.265625, 145697.1875, 237439.890625, 144688.84375, 147425.75, 128112.09375, 237429.53125, 197781.8125, 146466.078125, 120677.1953125, 174092.625, 158006.765625, 98066.4140625, 179645.09375, 104898.96875, 163534.359375, 123117.5859375, 110676.9375, 205675.375, 175130.0625, 140172.984375, 139863.65625, 173350.296875, 150957.90625, 113369.3671875, 195153.375, 146667.78125, 178360.859375, 172276.453125, 120623.6875, 109477.734375, 182203.4375, 120215.28125, 150613.734375, 191085.640625, 133133.5625, 184428.15625, 148795.90625, 137762.4375, 132622.46875, 187678.203125, 135734.09375, 128609.9296875, 161822.984375, 190216.21875, 220470.0, 95174.359375, 134155.09375, 155305.75, 148830.71875, 132038.703125, 179680.34375, 160489.15625, 210183.4375, 131926.859375, 134772.09375, 132087.0, 133416.625, 134863.875, 133373.21875, 158714.46875, 142988.984375, 162136.59375, 159107.4375, 173835.125, 173815.921875, 155286.84375, 155524.125, 127645.0, 179299.8125, 129251.59375, 133788.609375, 169321.9375, 137190.15625, 182490.234375, 190890.3125, 207564.65625, 161945.390625, 121316.4140625, 173615.390625, 124561.4296875, 171083.53125, 147743.03125, 160768.28125, 111332.046875, 125530.921875, 199344.375, 147090.53125, 168613.75, 137822.546875, 172889.640625, 113387.1328125, 149584.859375, 127056.546875, 126127.046875, 154239.671875, 145978.765625, 167037.765625, 149329.1875, 158995.421875, 111844.6796875, 129814.515625, 224906.09375, 153371.09375, 172002.46875, 121508.5625, 176423.265625, 146797.5625, 165618.484375, 147790.203125, 164581.265625, 139797.0, 154054.59375, 90466.796875, 214515.515625, 144716.859375, 152716.546875, 180959.453125, 125773.421875, 137959.6875, 197224.109375, 151189.21875, 135807.65625, 181900.703125, 133744.5625, 167553.8125, 201083.8125, 161958.21875, 118949.1328125, 150998.125, 155744.953125, 141298.234375, 185071.453125, 207598.25, 98597.0234375, 129425.9921875, 133730.390625, 157264.796875, 184710.515625, 174434.515625, 124139.828125, 115224.34375, 124608.859375, 158775.703125, 169171.8125, 137871.703125, 175570.984375, 161662.78125, 208002.328125, 161479.828125, 177559.65625, 174556.921875, 162215.515625, 118179.796875, 116804.625, 110835.921875, 149548.96875, 198043.703125, 161649.375, 154325.0625, 131597.15625, 137149.59375, 173996.1875, 155766.921875, 111383.09375, 122237.5390625, 112865.75, 162491.203125, 174708.0625, 171673.5, 130758.7890625, 155621.59375, 173364.734375, 131466.0625, 167235.75, 192027.0, 110349.671875, 167520.484375, 197237.75, 108247.59375, 218391.15625, 118024.828125, 161794.796875, 113240.234375], "name": "default", "desc": "lr_0.0001_nb_16_ld_1_b_0.5", "folder": "./saves/grid_seach/search1/lr_0.0001_nb_16_ld_1_b_0.5_default_20240214-011137"}