{"nhidden": 128, "rnn_nhidden": 32, "obs_dim": 1, "latent_dim": 1, "lr": 0.01, "n_batch": 16, "beta": 0.001, "total_epochs_train": 50, "epochs_per_train": 5, "epochs": 30, "loss": [160908.671875, 145089.796875, 189254.0625, 184544.03125, 154974.9375, 143156.234375, 195730.953125, 348314.53125, 134739.4375, 114213.828125, 159304.078125, 148517.4375, 167105.671875, 189722.90625, 150941.578125, 131669.015625, 228410.03125, 166071.4375, 202563.828125, 206488.953125, 113751.8203125, 162892.984375, 179532.453125, 148966.359375, 134414.609375, 154719.34375, 160993.53125, 152857.90625, 124888.6640625, 100908.6484375, 162521.375, 184936.96875, 137257.25, 137062.6875, 138636.46875, 232827.0625, 160202.0, 118127.53125, 121958.8359375, 147293.234375, 204161.5625, 142231.484375, 204394.78125, 130332.796875, 189887.09375, 140517.25, 159481.453125, 147158.78125, 165507.3125, 181812.59375, 115312.828125, 166396.84375, 190626.96875, 133530.171875, 128803.1875, 166778.34375, 146750.234375, 130909.59375, 124212.1484375, 177093.78125, 200239.71875, 180779.625, 146946.5625, 225432.234375, 141768.828125, 149278.453125, 165536.09375, 186791.96875, 115292.6171875, 123824.4296875, 154374.65625, 119385.9921875, 115526.546875, 153365.15625, 152699.234375, 199716.765625, 173355.078125, 147863.125, 161092.90625, 124005.609375, 132190.265625, 158973.453125, 143901.296875, 127250.375, 141220.65625, 139370.5625, 228471.9375, 145256.953125, 164154.9375, 159327.109375, 140138.09375, 147286.09375, 183657.03125, 130045.4375, 173453.21875, 140307.0625, 151954.109375, 132535.46875, 181772.328125, 146248.859375, 178249.421875, 204098.765625, 113294.21875, 138161.484375, 139990.625, 149524.78125, 177093.234375, 166345.984375, 163250.1875, 127798.078125, 185164.640625, 111667.8046875, 133058.203125, 199322.859375, 121115.2109375, 127523.09375, 194987.34375, 119033.15625, 163720.25, 146354.140625, 151181.171875, 145871.625, 130460.3203125, 288967.46875, 122495.7578125, 129385.046875, 133349.21875, 193443.625, 178804.359375, 170859.546875, 118647.71875, 136724.984375, 110490.75, 144404.796875, 206058.765625, 135944.375, 196051.765625, 157683.46875, 172468.96875, 233244.78125, 116070.578125, 172980.296875, 121938.65625, 113405.8828125, 157688.796875, 182187.390625, 132979.875, 130760.59375, 127088.34375, 162419.203125, 200374.921875, 151679.875, 153996.96875, 129114.734375, 168819.0625, 177225.515625, 130054.5546875, 154889.046875, 159600.71875, 172575.328125, 175526.546875, 135906.59375, 184971.75, 160796.640625, 101733.40625, 210918.234375, 143460.046875, 155353.984375, 119833.5, 173247.59375, 169542.015625, 146566.296875, 174006.65625, 164150.84375, 117060.8359375, 199322.84375, 146455.53125, 150958.390625, 156801.5, 126988.84375, 159449.5625, 147234.015625, 125997.453125, 206902.671875, 145910.359375, 151466.09375, 168182.96875, 134876.0625, 158200.546875, 144288.109375, 138522.796875, 161673.046875, 154402.296875, 190178.546875, 135806.640625, 147819.515625, 115834.1015625, 200047.015625, 124581.7265625, 123429.671875, 149218.890625, 133440.6875, 224233.0625, 156785.328125, 149274.5625, 107585.296875, 178426.25, 166595.6875, 148268.8125, 136465.046875, 142966.390625, 157010.546875, 132940.046875, 226697.796875, 129419.453125, 118114.1875, 144032.8125, 150895.46875, 145583.09375, 180553.046875, 90757.453125, 160679.46875, 137448.3125, 141737.75, 116096.8203125, 181160.671875, 149110.953125, 175129.421875, 115912.296875, 155465.53125, 121406.71875, 143920.25, 118969.109375, 131340.40625, 150913.90625, 197325.15625, 144931.03125, 131021.9765625, 170032.8125, 195886.5625, 124059.921875, 112869.8125, 88415.4375, 161704.71875, 153914.921875, 160429.34375, 106439.703125, 159052.75, 172676.234375, 109915.8203125, 189696.84375, 93380.734375, 113391.65625, 110842.390625, 176536.515625, 162803.015625, 115568.546875, 127740.1171875, 108126.125, 118833.90625, 140678.46875, 111394.0390625, 97072.671875, 139844.328125, 105820.078125, 165317.90625, 156713.359375, 87456.4921875, 167030.09375, 164426.328125], "name": "default", "desc": "lr_0.01_nb_16_ld_1_b_0.001", "folder": "./saves/grid_seach/search3/lr_0.01_nb_16_ld_1_b_0.001_default_20240307-075028"}