{"nhidden": 128, "rnn_nhidden": 32, "obs_dim": 1, "latent_dim": 16, "lr": 0.008858667904100823, "n_batch": 16, "beta": 4, "total_epochs_train": 1000, "epochs_per_train": 50, "epochs": 100, "loss": [129941.6015625, 80508.71875, 56510.3046875, 144452.765625, 70588.578125, 101589.3828125, 82903.7421875, 38378.9453125, 45167.83203125, 26655.0625, 69652.5078125, 34379.98046875, 30408.9921875, 23904.111328125, 29957.681640625, 21081.232421875, 25150.447265625, 7561.17822265625, 12211.869140625, 7309.10302734375, 4108.92822265625, 18890.77734375, 9822.9091796875, 9114.8193359375, 13255.974609375, 9585.990234375, 27977.33203125, 12184.6376953125, 8208.9033203125, 11094.251953125, 17734.21484375, 9527.4873046875, 9992.5615234375, 6795.77001953125, 8320.064453125, 6314.8154296875, 8327.5068359375, 12597.974609375, 2870.57666015625, 14720.486328125, 11498.5234375, 6850.80126953125, 6524.8486328125, 10863.0048828125, 8318.99609375, 6757.0634765625, 5609.076171875, 5384.57861328125, 5151.7294921875, 4452.77978515625, 5150.455078125, 9591.5908203125, 9792.1533203125, 7082.1279296875, 10403.5517578125, 7640.50927734375, 6089.21435546875, 21042.076171875, 23800.62890625, 4720.587890625, 8634.7646484375, 10544.0302734375, 12538.2666015625, 8474.4072265625, 6013.2470703125, 27971.033203125, 19249.345703125, 17082.716796875, 4935.23486328125, 8387.6708984375, 13084.353515625, 14668.453125, 10094.0029296875, 5116.916015625, 9906.9619140625, 7016.1318359375, 8522.2724609375, 9005.8251953125, 9105.7138671875, 6630.1533203125, 6637.4765625, 5415.45458984375, 5546.1865234375, 8307.126953125, 8932.9404296875, 12749.072265625, 5138.63671875, 4936.43603515625, 8535.21484375, 8136.0859375, 3669.3974609375, 1949.93017578125, 12663.5546875, 9782.8271484375, 8416.9150390625, 6395.52685546875, 15235.1435546875, 6386.80859375, 5873.4521484375, 13891.5390625, 12691.3798828125, 7076.58154296875, 4411.75146484375, 21131.77734375, 10731.814453125, 10290.19140625, 13367.3935546875, 8660.9697265625, 11572.5146484375, 7440.8720703125, 10714.0, 12541.5439453125, 11218.2548828125, 11853.919921875, 6950.4609375, 5833.13427734375, 5266.2470703125, 9684.2998046875, 6509.67529296875, 9479.3017578125, 10809.44921875, 4743.16162109375, 5537.3056640625, 11098.953125, 6103.11181640625, 6901.9248046875, 9850.0302734375, 9329.4482421875, 6828.09130859375, 9114.0400390625, 11724.150390625, 5732.982421875, 1903.1943359375, 15407.13671875, 9007.5146484375, 8245.4599609375, 4192.5517578125, 7140.11328125, 4729.61865234375, 9994.845703125, 9624.3388671875, 8019.48974609375, 5920.794921875, 5303.392578125, 1733.9967041015625, 7384.75830078125, 6000.59521484375, 4748.57373046875, 6644.94482421875, 7439.60888671875, 6048.30615234375, 7328.21484375, 4809.74267578125, 4022.85791015625, 4070.853515625, 6136.1982421875, 8070.8779296875, 3286.087158203125, 6349.21337890625, 9679.2451171875, 9709.9765625, 5611.0546875, 9216.0810546875, 9885.3623046875, 7552.150390625, 5097.78564453125, 4464.04150390625, 3926.11376953125, 1804.0611572265625, 4407.3701171875, 12490.65625, 11785.1103515625, 7035.5361328125, 2198.682861328125, 7572.51318359375, 6553.2861328125, 6372.27978515625, 2916.66064453125, 4915.3671875, 3359.328369140625, 6663.556640625, 8309.5751953125, 6824.41357421875, 5920.6611328125, 4272.1787109375, 7151.66943359375, 11833.828125, 3518.14599609375, 11739.2890625, 9611.4833984375, 12236.046875, 4868.7470703125, 2449.53173828125, 6956.89794921875, 7690.18994140625, 7300.61328125, 2783.673095703125, 5738.1669921875, 3765.123779296875, 5473.58203125, 9828.62109375, 6242.44287109375, 13595.6904296875, 10344.7607421875, 5802.8173828125, 2558.518798828125, 6272.5751953125, 13943.2236328125, 3409.81201171875, 10201.15234375, 3880.62548828125, 9405.84765625, 5435.04248046875, 11271.90234375, 11540.9931640625, 6389.56787109375, 3284.58642578125, 5929.02587890625, 4924.302734375, 5685.8427734375, 5003.86669921875, 9280.984375, 11388.251953125, 8636.0322265625, 6666.80322265625, 12857.935546875, 5029.638671875, 8295.2958984375, 5747.0810546875, 2751.96142578125, 4609.54345703125, 4556.2275390625, 9186.5517578125, 1675.599853515625, 3293.3369140625, 7640.15478515625, 10850.2119140625, 2829.281494140625, 7213.765625, 4436.05029296875, 3842.616943359375, 3282.23193359375, 7559.0732421875, 4929.10009765625, 5376.3212890625, 6216.15625, 9619.6376953125, 5410.1494140625, 7982.24365234375, 5821.9462890625, 10852.7607421875, 3519.640869140625, 7544.37158203125, 10926.9873046875, 4894.8173828125, 3858.62451171875, 7366.1689453125, 3305.31640625, 6111.08935546875, 3722.52783203125, 6419.5888671875, 5824.2822265625, 3240.17236328125, 4085.71630859375, 12467.4609375, 1603.4923095703125, 5997.9189453125, 3790.314208984375, 3207.77734375, 14674.0947265625, 3107.363525390625, 3809.681884765625, 3195.14111328125, 5058.93408203125, 9299.7392578125, 6531.81982421875, 4825.958984375, 6002.98193359375, 9890.2578125, 5171.6416015625, 6464.333984375, 4075.44970703125, 6091.0, 8175.306640625, 3275.72021484375, 5878.08984375, 5318.974609375, 11718.328125, 11483.6044921875, 8500.9208984375, 4939.208984375, 6704.3837890625, 5915.82275390625, 7838.69873046875, 6031.7119140625, 4198.505859375, 2519.915283203125, 5153.87939453125, 6080.580078125, 7271.15380859375, 4997.98828125, 2905.170166015625, 5348.61474609375, 7164.71484375, 8451.666015625, 11860.6474609375, 3819.9326171875, 6214.40478515625, 3751.748291015625, 4633.53369140625, 7547.873046875, 3442.294189453125, 12826.91796875, 7192.2685546875, 7914.9580078125, 4446.3037109375, 9807.8798828125, 6737.888671875, 4712.05029296875, 6021.72412109375, 20941.49609375, 11939.337890625, 3549.585205078125, 8221.1533203125, 12100.2001953125, 5995.720703125, 13236.5126953125, 6970.4052734375, 11584.8310546875, 4688.9267578125, 5068.58056640625, 2507.102783203125, 7518.52490234375, 6477.45849609375, 4338.4169921875, 5555.2685546875, 6880.8583984375, 8481.529296875, 3916.81396484375, 5667.18896484375, 7928.876953125, 6603.23828125, 6421.4775390625, 5962.697265625, 11534.24609375, 5058.86181640625, 7133.81884765625, 4097.25, 5649.4501953125, 3268.665283203125, 7258.384765625, 6823.66357421875, 6830.5341796875, 9588.7470703125, 4138.3125, 12323.1513671875, 8643.55859375, 8127.0390625, 7665.8828125, 12712.501953125, 9561.662109375, 10399.955078125, 16891.1875, 9945.6337890625, 19551.013671875, 4066.18408203125, 8841.111328125, 4803.60595703125, 10015.15234375, 12428.3779296875, 4986.59912109375, 5712.576171875, 6220.7568359375, 22988.2578125, 6728.0625, 6799.95068359375, 5132.515625, 4679.36376953125, 11338.2275390625, 6019.30029296875, 9259.8701171875, 4310.16064453125, 4924.361328125, 2486.50341796875, 6376.43798828125, 3516.10107421875, 9420.1796875, 5687.423828125, 3995.492431640625, 7518.06103515625, 4357.771484375, 8030.9189453125, 9171.35546875, 2377.632080078125, 7608.89404296875, 3189.875244140625, 6532.234375, 5669.91796875, 13496.0087890625, 4833.9560546875, 6692.5986328125, 6336.32275390625, 4334.24951171875, 4706.6328125, 3609.89404296875, 1568.1160888671875, 13959.6220703125, 12360.94921875, 3399.882568359375, 9540.8583984375, 20488.00390625, 6148.95068359375, 4038.054931640625, 1636.0361328125, 35981.9296875, 5710.48291015625, 7534.5986328125, 8905.5439453125, 9408.2099609375, 10018.345703125, 6393.9345703125, 6781.43408203125, 7104.33203125, 4797.73876953125, 11393.916015625, 10551.962890625, 6419.35009765625, 6993.21630859375, 9737.1640625, 12481.32421875, 3937.893310546875, 2342.18603515625, 8593.3515625, 3881.963623046875, 2201.588134765625, 5791.3251953125, 10509.501953125, 11506.255859375, 4471.43701171875, 6589.150390625, 5237.1513671875, 7105.93115234375, 4147.66015625, 5245.857421875, 4825.826171875, 8338.1904296875, 5633.28369140625, 4427.4189453125, 5326.58447265625, 14128.0537109375, 8384.923828125, 9591.5419921875, 5064.5712890625, 12371.6728515625, 1422.9716796875, 4584.34619140625, 4613.7587890625, 2313.06884765625, 11433.677734375, 3574.679443359375, 4095.98828125, 