{"nhidden": 128, "rnn_nhidden": 32, "obs_dim": 1, "latent_dim": 1, "lr": 0.005, "n_batch": 16, "beta": 4, "total_epochs_train": 50, "epochs_per_train": 5, "epochs": 50, "loss": [193210.15625, 184623.421875, 180281.890625, 127540.2265625, 181368.6875, 137276.71875, 155589.234375, 147589.640625, 164386.9375, 126500.078125, 155514.96875, 182589.1875, 113159.2578125, 231305.328125, 194329.34375, 106574.84375, 126809.7109375, 134262.9375, 184422.78125, 121841.515625, 157451.46875, 127045.6640625, 192088.4375, 133696.0, 174044.734375, 159487.515625, 124842.890625, 114505.078125, 150341.328125, 151189.921875, 206608.875, 211917.203125, 127317.8359375, 161740.984375, 148079.03125, 117636.2734375, 175047.109375, 224092.828125, 143891.96875, 178907.25, 164002.75, 152214.390625, 121901.9609375, 123330.640625, 90459.65625, 120711.8984375, 125423.40625, 117659.40625, 138134.375, 148730.8125, 142690.828125, 140134.984375, 293242.96875, 170234.25, 137991.5, 110217.34375, 114931.6875, 174220.421875, 155723.03125, 151936.78125, 169437.296875, 160656.5625, 173385.453125, 128960.328125, 145870.859375, 154420.140625, 107031.5859375, 174231.25, 136152.921875, 176435.15625, 168567.34375, 184788.75, 141735.765625, 148686.25, 130778.921875, 260185.78125, 163990.546875, 139981.359375, 97907.078125, 157864.015625, 111052.828125, 122986.640625, 117136.453125, 180352.859375, 155564.4375, 107620.7421875, 177081.890625, 140595.84375, 150518.9375, 177648.4375, 137850.0625, 125622.640625, 140923.953125, 108533.0078125, 161198.84375, 167575.28125, 116207.140625, 198634.828125, 167120.875, 145226.21875, 92273.2265625, 161660.78125, 120568.5390625, 148826.484375, 137494.796875, 205199.71875, 132642.4375, 143415.015625, 97404.234375, 145161.328125, 106527.8203125, 155982.34375, 116416.59375, 182485.109375, 144647.453125, 182143.5, 113275.390625, 168103.359375, 97256.40625, 130901.171875, 191908.59375, 129540.40625, 169532.578125, 80448.7421875, 114811.40625, 139115.21875, 194195.59375, 96621.59375, 157018.03125, 143175.0625, 157732.71875, 110817.4375, 117778.0, 147311.140625, 106711.59375, 97298.7421875, 163677.046875, 151046.828125, 102603.4453125, 81624.7109375, 198027.9375, 127296.34375, 165228.15625, 145573.65625, 126728.9921875, 169779.96875, 100453.4296875, 107546.953125, 102864.078125, 119134.78125, 137579.640625, 205140.96875, 155710.40625, 133630.296875, 127135.375, 125067.3359375, 124494.8984375, 140907.78125, 115159.09375, 120961.2421875, 158305.078125, 128423.5234375, 100673.03125, 134417.53125, 97734.78125, 136522.65625, 127281.25, 124967.1953125, 102625.2109375, 185168.984375, 160179.921875, 184794.484375, 111970.765625, 105557.078125, 133048.796875, 104359.578125, 121979.484375, 149481.421875, 150610.578125, 99326.9375, 183723.171875, 248209.734375, 236887.34375, 248741.78125, 228375.03125, 257219.03125, 169847.78125, 227972.375, 157173.65625, 176594.0625, 891107.9375, 230207.34375, 156627.796875, 145952.984375, 163827.4375, 178679.03125, 143270.359375, 261957.125, 169037.09375, 170341.015625, 294493.40625, 297014.8125, 204697.984375, 180514.265625, 165395.53125, 228974.53125, 250978.375, 258485.0625, 195334.84375, 180675.375, 216935.4375, 203256.28125, 172308.296875, 223293.59375, 229916.140625, 182513.640625, 199947.328125, 222095.15625, 276225.65625, 194469.375, 152190.328125, 172776.796875, 183005.171875, 159661.640625, 195394.34375, 219129.5, 149736.21875, 214476.25, 154590.078125, 250992.921875, 145579.515625, 166230.125, 139953.46875, 152611.96875, 168244.265625, 180625.84375, 147859.40625, 137398.1875, 161245.90625, 199243.25, 184437.46875, 177810.0, 177400.4375, 110480.5625, 154713.4375, 146300.328125, 122748.046875, 204914.5, 185442.265625, 152894.75, 276592.75, 145903.625, 154588.71875, 120450.3203125, 160938.21875, 149612.0, 146954.859375, 133189.46875, 142619.53125, 247505.734375, 216034.953125, 134509.125, 130983.84375, 195876.046875, 166311.546875, 175543.0625, 179826.4375, 147449.453125, 154791.96875, 152409.34375, 99795.71875, 206516.296875, 177244.140625, 150178.734375, 156537.28125, 210408.640625, 146173.34375, 138913.25, 147700.625, 129896.40625, 124944.4921875, 147529.46875, 184981.859375, 159359.71875, 185729.03125, 151027.96875, 141512.203125, 163935.71875, 147477.796875, 172691.15625, 173507.734375, 143173.796875, 127474.6953125, 120112.421875, 151620.171875, 212105.125, 159548.0625, 122958.921875, 190208.21875, 166896.46875, 139715.03125, 140736.828125, 154979.71875, 166014.96875, 160629.671875, 164522.90625, 178492.90625, 147363.0625, 162803.625, 126603.5859375, 168742.109375, 117980.75, 152632.4375, 183561.25, 164733.125, 145569.796875, 149062.03125, 156158.171875, 156018.953125, 126543.234375, 152959.359375, 143733.34375, 175191.625, 168612.90625, 119380.234375, 119841.2265625, 167547.453125, 125038.546875, 150375.9375, 149009.71875, 145597.265625, 218850.4375, 194445.875, 105660.5625, 152887.5625, 139835.921875, 190873.75, 176416.15625, 266561.125, 124695.90625, 118577.03125, 137591.0625, 187509.0625, 121261.6953125, 113488.453125, 238961.078125, 145932.78125, 124348.96875, 197569.21875, 125921.796875, 167075.03125, 175138.109375, 123487.859375, 201483.296875, 152635.4375, 163073.0625, 121947.890625, 130448.1171875, 151910.78125, 179584.828125, 151823.046875, 178439.3125, 162462.21875, 193120.296875, 170558.46875, 138266.890625, 163076.5, 132842.671875, 124911.4765625, 155438.921875, 154980.625, 235747.265625, 111805.0, 162932.71875, 139772.453125, 137134.515625, 162001.796875, 143128.3125, 118591.1328125, 130027.6171875, 167546.5625, 187135.46875, 207400.4375, 101284.453125, 168370.625, 132478.625, 150705.25, 114904.96875, 197179.703125, 187289.125, 143213.25, 122887.8046875, 150022.9375, 142003.09375, 172051.421875, 134384.28125, 113580.6015625, 180735.171875, 141600.90625, 116327.109375, 154595.375, 215155.078125, 134074.78125, 173478.703125, 163711.5, 138753.859375, 148455.0, 158424.125, 189194.25, 129034.65625, 157993.390625, 120053.46875, 181835.265625, 189280.75, 166195.140625, 138130.921875, 181885.265625, 144165.71875, 135008.890625, 172184.6875, 178843.09375, 163297.9375, 138545.5, 131095.46875, 142227.984375, 99438.4375, 158224.5, 130242.125, 150061.375, 193216.578125, 237878.21875, 158787.78125, 138636.59375, 147736.53125, 120674.0234375, 220091.3125, 128315.8671875, 147036.234375, 185735.34375, 177113.1875, 158132.90625, 153678.390625, 233935.875, 109111.3125, 143322.90625, 152143.109375, 129194.4375, 142319.84375, 171492.75, 168146.46875], "name": "default", "desc": "lr_0.005_nb_16_ld_1_b_4", "folder": "./saves/grid_seach/search1/lr_0.005_nb_16_ld_1_b_4_default_20240213-230844"}