{"nhidden": 128, "rnn_nhidden": 32, "obs_dim": 1, "latent_dim": 16, "lr": 0.01, "n_batch": 16, "beta": 1.0, "total_epochs_train": 1000, "epochs_per_train": 50, "epochs": 50, "loss": [103745.484375, 68151.6875, 47590.390625, 81038.875, 97769.484375, 107945.875, 80738.3046875, 83710.984375, 132074.125, 58609.5390625, 110576.765625, 91955.8828125, 63548.3515625, 80255.1875, 36567.74609375, 39262.1640625, 52106.01171875, 57876.8515625, 17331.501953125, 25581.51953125, 31526.466796875, 11483.1455078125, 24562.447265625, 50644.93359375, 20310.671875, 23749.80078125, 21613.130859375, 26688.36328125, 15809.025390625, 10408.5361328125, 5713.8037109375, 24972.583984375, 14067.80078125, 26903.421875, 10627.5966796875, 15532.330078125, 15510.6015625, 47605.61328125, 30203.353515625, 29963.259765625, 6801.369140625, 8167.62353515625, 13068.6796875, 23998.3828125, 12448.421875, 8157.462890625, 13232.365234375, 8179.67578125, 5685.0927734375, 9668.369140625, 14790.2216796875, 13191.0146484375, 7515.0146484375, 18336.046875, 15151.263671875, 19062.103515625, 7300.373046875, 4000.392333984375, 8534.9091796875, 27989.97265625, 11443.9365234375, 4767.1396484375, 7602.95458984375, 9888.6962890625, 12020.34765625, 4507.6982421875, 5896.52880859375, 15710.794921875, 7775.86328125, 11637.3056640625, 12737.2783203125, 14891.8251953125, 7871.01513671875, 10585.7412109375, 13373.6279296875, 11081.326171875, 5503.419921875, 6973.73779296875, 5391.73583984375, 7474.58740234375, 10226.2109375, 8585.3125, 5478.9892578125, 4775.48779296875, 12504.5654296875, 5927.27197265625, 7840.033203125, 9814.1474609375, 13365.904296875, 4931.50390625, 5054.56494140625, 8679.2041015625, 11730.361328125, 7747.37451171875, 2636.8583984375, 10905.8671875, 14818.5927734375, 3504.415771484375, 4889.4228515625, 2962.97705078125, 13726.341796875, 4230.99951171875, 2142.7890625, 10178.8798828125, 9496.3740234375, 21458.8515625, 13845.9296875, 7626.7109375, 14619.900390625, 18310.763671875, 4421.6103515625, 10658.693359375, 9820.3466796875, 29231.845703125, 9105.4521484375, 5170.9091796875, 8211.546875, 7941.51904296875, 16995.103515625, 8146.2890625, 5610.74609375, 5795.23046875, 3664.499755859375, 19852.892578125, 11414.3193359375, 9669.2255859375, 9935.4287109375, 5336.353515625, 14973.2138671875, 9171.51171875, 2490.94775390625, 8475.6181640625, 7171.2197265625, 13018.603515625, 2566.112060546875, 6143.38037109375, 8272.0068359375, 7224.60693359375, 11461.5322265625, 7862.0888671875, 4626.2900390625, 9036.0712890625, 5100.509765625, 3026.220458984375, 6400.64892578125, 16422.76953125, 6681.6162109375, 5342.80322265625, 3540.806640625, 13991.8818359375, 7322.7802734375, 7118.0703125, 3366.122802734375, 3318.89599609375, 5655.00634765625, 11701.6162109375, 6610.837890625, 18886.57421875, 4406.65576171875, 7731.6748046875, 10856.642578125, 6435.9833984375, 8146.8701171875, 5041.60009765625, 6939.666015625, 7705.37841796875, 7723.2138671875, 4930.783203125, 5972.064453125, 13298.5703125, 4485.16162109375, 8155.4951171875, 1574.595458984375, 6116.40283203125, 2591.48779296875, 9301.0048828125, 11329.4443359375, 7023.88671875, 5703.37255859375, 10096.232421875, 6677.69189453125, 6691.78564453125, 8535.896484375, 4470.19921875, 8255.8095703125, 5382.4970703125, 10258.18359375, 3155.110107421875, 5183.32861328125, 3144.840576171875, 3067.30712890625, 5121.48876953125, 6609.77392578125, 4701.1767578125, 8304.673828125, 5153.4892578125, 9056.5673828125, 3711.956298828125, 4174.09912109375, 9342.560546875, 6146.6865234375, 2496.360107421875, 7608.96923828125, 2282.1240234375, 4690.75634765625, 3178.97998046875, 5606.33544921875, 6421.1103515625, 4230.68017578125, 10817.791015625, 5053.44970703125, 5037.24072265625, 4549.01904296875, 6822.994140625, 5369.46630859375, 4553.8271484375, 9679.78125, 6641.93408203125, 6319.0263671875, 4512.73583984375, 3418.904541015625, 2127.299072265625, 10172.90234375, 4919.15869140625, 4855.71875, 6343.42626953125, 7685.998046875, 8127.51171875, 4926.0302734375, 3843.24609375, 4286.35107421875, 17923.06640625, 10533.599609375, 3720.16162109375, 10885.466796875, 9852.8173828125, 8769.7548828125, 6114.6875, 10933.69140625, 4398.89404296875, 6284.85595703125, 5576.01171875, 17255.255859375, 5397.2802734375, 7077.51220703125, 8111.98193359375, 7578.568359375, 6454.30029296875, 8290.0712890625, 3702.36572265625, 5222.91650390625, 5623.10546875, 7292.7392578125, 7797.61181640625, 11394.6357421875, 3033.520751953125, 4001.30322265625, 8748.5009765625, 7906.056640625, 16221.8515625, 12969.779296875, 7515.78369140625, 8113.9248046875, 7083.3515625, 6240.33837890625, 6602.51513671875, 6258.0048828125, 8088.87841796875, 5555.6884765625, 4807.708984375, 4436.8603515625, 4239.50390625, 11466.8828125, 5112.634765625, 2443.32958984375, 7027.96240234375, 6287.39501953125, 14217.7607421875, 13350.01953125, 6949.20263671875, 11624.8974609375, 10636.11328125, 6998.3984375, 5352.75927734375, 12115.8515625, 8010.9150390625, 7610.94970703125, 7469.9013671875, 9263.2109375, 3079.530029296875, 2885.184814453125, 1828.76123046875, 2818.98828125, 10541.1064453125, 13425.8525390625, 8314.3740234375, 4264.65673828125, 4581.33203125, 7095.8388671875, 8761.3486328125, 1460.484619140625, 5036.7626953125, 4426.77880859375, 7428.20556640625, 7412.443359375, 7803.1787109375, 6119.244140625, 7687.03369140625, 10434.765625, 5186.06884765625, 2734.339111328125, 3321.7783203125, 8581.09375, 5072.1328125, 3808.5107421875, 2137.3837890625, 3238.12109375, 12308.11328125, 4636.568359375, 9551.640625, 2223.43603515625, 12192.6259765625, 6707.02734375, 2061.70751953125, 3033.698974609375, 5638.849609375, 7365.02001953125, 6165.896484375, 7061.29541015625, 6811.09130859375, 9167.5615234375, 7890.943359375, 2875.857421875, 3477.7900390625, 3000.218994140625, 1953.0777587890625, 6964.93896484375, 6139.6953125, 8205.0869140625, 11991.3037109375, 12020.1533203125, 7332.58447265625, 5342.52099609375, 7001.8291015625, 6753.8486328125, 6508.6337890625, 7784.37744140625, 5672.2021484375, 10151.8515625, 5027.6845703125, 3917.40673828125, 4098.974609375, 3364.66796875, 6111.7763671875, 3965.6787109375, 6062.10546875, 10861.8037109375, 15094.82421875, 11027.544921875, 4616.0595703125, 8414.3203125, 7240.630859375, 9963.44921875, 6442.42236328125, 12032.591796875, 4115.0888671875, 1656.69873046875, 5608.09326171875, 3147.527587890625, 8323.6337890625, 3969.35546875, 7819.3984375, 8243.494140625, 4411.29931640625, 3718.147705078125, 8501.7041015625, 6543.27294921875, 7271.3232421875, 4845.42822265625, 6287.3779296875, 11241.5634765625, 4397.12060546875, 4389.4658203125, 2563.633056640625, 1929.668701171875, 7759.1533203125, 23433.224609375, 12600.5595703125, 6692.794921875, 2980.1376953125, 4474.3212890625, 3240.20849609375, 3298.5087890625, 6860.79736328125, 9569.16796875, 11334.4560546875, 4812.63671875, 4882.79052734375, 9458.9931640625, 6958.05126953125, 7585.65625, 1918.046875, 7119.205078125, 14392.3720703125, 6674.59814453125, 5454.5615234375, 8341.4384765625, 12462.87109375, 8695.7900390625, 8344.0078125, 3269.01953125, 4622.90478515625, 2722.634765625, 5169.919921875, 8582.7265625, 12630.712890625, 5187.30126953125, 5944.3212890625, 5286.90673828125, 4006.31494140625, 3773.02978515625, 1205.68359375, 8473.904296875, 6667.24072265625, 6189.17822265625, 2550.229736328125, 3673.43603515625, 5968.52587890625, 15663.7587890625, 7952.419921875, 5921.18603515625, 5401.23681640625, 3376.994140625, 19329.326171875, 3031.26025390625, 6178.1181640625, 6450.00146484375, 5083.43115234375, 7244.4296875, 5393.2158203125, 5954.09130859375, 3918.38671875, 4400.50146484375, 5495.1884765625, 4260.7783203125, 6558.92822265625, 5312.16552734375, 4303.86376953125, 2992.68603515625, 9847.1005859375], "name": "default", "desc": "default run", "folder": "./saves/dynamic_run_default_20240304-093140"}