{"nhidden": 128, "rnn_nhidden": 32, "obs_dim": 1, "latent_dim": 8, "lr": 0.001, "n_batch": 16, "beta": 0.001, "total_epochs_train": 50, "epochs_per_train": 5, "epochs": 50, "loss": [201247.0625, 189220.09375, 274859.9375, 221043.875, 86784.4921875, 186827.984375, 169825.125, 136202.65625, 124760.9375, 119703.015625, 280817.125, 211556.3125, 130195.0234375, 111393.46875, 122215.3046875, 112798.28125, 152747.8125, 267420.1875, 194723.875, 162989.890625, 138548.03125, 212648.265625, 110208.140625, 134236.6875, 234092.71875, 125265.3203125, 148133.171875, 108289.875, 137515.4375, 171960.53125, 151612.109375, 114049.3203125, 317884.8125, 134915.78125, 153040.75, 155297.78125, 159159.421875, 155263.828125, 135658.171875, 102270.796875, 154023.515625, 204958.921875, 97153.4453125, 156196.09375, 138227.84375, 142396.5, 140454.453125, 126439.4375, 139408.640625, 147140.84375, 120188.046875, 121442.6875, 102606.7421875, 129797.5390625, 120565.6796875, 146898.96875, 106779.8515625, 158841.109375, 116524.8203125, 169676.703125, 146929.421875, 101692.171875, 92484.703125, 148258.90625, 154949.640625, 117311.3046875, 113360.453125, 114629.84375, 115163.828125, 134974.75, 111180.796875, 145689.65625, 132030.140625, 153361.96875, 121109.0859375, 112873.53125, 126621.953125, 115099.2734375, 94009.609375, 127289.421875, 105675.125, 145089.546875, 82803.15625, 148200.453125, 96483.515625, 117820.1796875, 99322.9375, 119511.4375, 111528.84375, 115845.25, 131823.734375, 129713.4296875, 117106.0546875, 96174.6953125, 106758.3203125, 115940.84375, 99969.328125, 102483.21875, 119661.0546875, 80430.734375, 110876.234375, 106069.5859375, 116484.796875, 94099.0, 117073.3359375, 137287.3125, 103607.7109375, 119839.0703125, 107606.484375, 95282.078125, 142507.0625, 92836.15625, 149453.015625, 105884.5625, 96123.9453125, 119820.6171875, 91315.3984375, 88391.8984375, 124945.296875, 92169.546875, 103800.6796875, 118670.015625, 101814.234375, 102147.3671875, 110681.7421875, 123224.3359375, 118629.8515625, 95944.46875, 93689.765625, 116110.15625, 117435.375, 98153.6953125, 106689.921875, 107909.2265625, 82898.96875, 81125.296875, 92393.2109375, 100743.765625, 152806.03125, 129227.28125, 94394.984375, 96166.2734375, 98255.046875, 98994.8828125, 96402.2109375, 70797.890625, 100883.953125, 129605.5859375, 131083.6875, 108965.1796875, 107400.9296875, 96290.1875, 99604.421875, 100471.25, 97817.0625, 133888.421875, 129274.71875, 115622.75, 104621.3359375, 118355.171875, 97750.2890625, 84139.203125, 122650.015625, 102893.65625, 119757.6484375, 120017.859375, 87656.3515625, 102363.3046875, 93050.2578125, 83740.2421875, 69154.2265625, 136775.953125, 97819.875, 75352.515625, 81076.1640625, 102033.2109375, 112025.2734375, 87801.53125, 86943.515625, 68018.796875, 96381.6171875, 85036.359375, 95751.2109375, 85766.6875, 83527.8125, 114966.203125, 95413.5390625, 73237.9609375, 100470.0390625, 103181.9375, 74985.578125, 82984.9140625, 81254.046875, 69604.2265625, 65787.5390625, 127554.0703125, 113216.515625, 106360.578125, 79745.5546875, 98945.640625, 89761.96875, 88701.09375, 108638.859375, 66515.546875, 108529.2734375, 89760.2734375, 111814.375, 120831.4921875, 85032.15625, 104006.34375, 106719.84375, 106966.5625, 109003.953125, 93204.546875, 89209.109375, 82434.3125, 119600.71875, 76516.7578125, 131729.125, 95028.5390625, 83896.21875, 149590.546875, 88927.9921875, 103286.296875, 103482.625, 85811.140625, 88899.2265625, 82749.7578125, 62909.3984375, 99132.6875, 82218.9140625, 88478.21875, 108120.125, 96943.890625, 70216.9296875, 96975.140625, 95662.6875, 91581.0, 101703.3359375, 92238.7734375, 71582.2109375, 92559.0, 80487.171875, 80839.8359375, 83481.8125, 95690.4609375, 63585.4453125, 67653.2890625, 128819.484375, 79770.609375, 81616.4140625, 81130.1875, 95650.296875, 73303.2578125, 67592.8984375, 73837.46875, 83511.0390625, 69317.015625, 76195.828125, 77756.5859375, 85603.828125, 86834.7265625, 78675.765625, 71798.546875, 95848.15625, 65473.8359375, 73638.171875, 100043.6796875, 68024.984375, 66436.2109375, 68919.4921875, 70887.5859375, 94473.2421875, 71074.1953125, 77734.1953125, 62502.546875, 91795.3671875, 62540.546875, 98419.34375, 60090.1328125, 96864.859375, 75337.171875, 67785.6328125, 77670.25, 60655.8828125, 60217.6328125, 70702.2109375, 104240.265625, 69588.1171875, 60821.125, 77046.2421875, 92464.3125, 91774.921875, 77131.3125, 70581.1015625, 69389.3359375, 64247.23046875, 70413.953125, 79102.6875, 83820.484375, 78058.640625, 74842.0859375, 85332.453125, 59881.95703125, 96415.7421875, 59309.9140625, 56984.3515625, 64775.6484375, 79376.71875, 56207.890625, 75627.578125, 89125.3828125, 66487.2578125, 94890.5625, 56840.90234375, 60143.9453125, 63529.80078125, 52748.16796875, 84623.59375, 80483.703125, 70240.09375, 63948.45703125, 71186.6640625, 81108.4375, 62056.8125, 63192.15625, 80876.140625, 82203.0234375, 56854.36328125, 88078.328125, 72565.515625, 79190.828125, 68460.796875, 72019.796875, 80577.0546875, 67714.28125, 89230.125, 59393.8515625, 72636.5546875, 52348.796875, 64744.7734375, 83456.15625, 68213.15625, 53498.48046875, 74914.3515625, 63405.1328125, 84395.484375, 71917.015625, 55731.68359375, 54287.0078125, 65412.56640625, 77119.34375, 46340.54296875, 62919.28515625, 72245.7734375, 47583.0390625, 81637.4296875, 52476.9765625, 46865.96875, 68015.7421875, 56588.51953125, 62909.71875, 60003.71875, 48510.25, 66628.59375, 60525.78515625, 55577.20703125, 60123.296875, 49858.9609375, 45820.09375, 40687.87109375, 72344.0625, 49819.66796875, 64440.6171875, 57741.50390625, 60255.69140625, 47010.4375, 63909.96875, 48379.62109375, 51668.44140625, 57172.51953125, 57426.078125, 80872.53125, 46525.109375, 50897.4765625, 44924.36328125, 60729.1875, 83094.203125, 54042.046875, 41057.17578125, 45445.49609375, 33373.09375, 67249.78125, 53193.0390625, 41024.02734375, 58974.5703125, 43687.83203125, 39060.1875, 53724.078125, 44421.65234375, 59886.59765625, 54462.6953125, 39489.453125, 54033.21484375, 53745.75390625, 52917.109375, 38045.1328125, 43182.625, 95857.3125, 73023.9375, 45714.70703125, 61844.125, 51677.17578125, 83846.7734375, 40715.73828125, 51204.5, 44411.70703125, 57103.24609375, 56165.87890625, 52550.078125, 64571.99609375, 56285.453125, 39539.19140625, 31489.177734375, 51935.34375, 61259.41015625, 52625.30859375, 45151.4921875, 47220.59765625, 63245.01953125, 40545.33203125, 62109.31640625, 43250.33984375, 38423.19140625, 36042.19921875, 84555.765625, 38377.078125, 54485.7109375, 61155.6640625, 50948.109375, 46371.33984375, 37595.7109375, 54982.26171875, 28100.541015625, 36937.52734375, 33060.70703125, 40218.64453125, 92987.2109375, 76424.5078125, 43469.7890625], "name": "default", "desc": "lr_0.001_nb_16_ld_8_b_0.001", "folder": "./saves/grid_seach/search4/lr_0.001_nb_16_ld_8_b_0.001_default_20240307-092220"}