{"nhidden": 128, "rnn_nhidden": 32, "obs_dim": 1, "latent_dim": 2, "lr": 0.01, "n_batch": 16, "beta": 0.01, "total_epochs_train": 400, "epochs_per_train": 50, "epochs": 100, "loss": [150998.71875, 142857.09375, 135436.546875, 64292.07421875, 38860.5, 86321.9921875, 90423.6171875, 56964.75, 29653.9296875, 33764.04296875, 128718.4375, 33564.44921875, 30595.94140625, 19255.197265625, 12697.9189453125, 27718.26171875, 24058.677734375, 17416.41015625, 24313.716796875, 12267.1767578125, 22724.267578125, 15668.591796875, 17809.822265625, 4783.84521484375, 8735.0498046875, 9639.04296875, 24301.494140625, 9207.98046875, 6224.623046875, 10147.1904296875, 25482.97265625, 12817.603515625, 9896.583984375, 13674.400390625, 5413.94091796875, 27140.517578125, 12060.58203125, 12114.052734375, 7278.6328125, 11471.5751953125, 13976.064453125, 9634.490234375, 1858.36962890625, 10596.4873046875, 27473.033203125, 18873.671875, 7334.67138671875, 17307.400390625, 14325.6201171875, 12983.650390625, 7602.43212890625, 9680.9462890625, 12038.23046875, 13560.5126953125, 1436.9381103515625, 6740.365234375, 19564.927734375, 7357.0556640625, 6382.9658203125, 13371.546875, 10943.2744140625, 11221.1904296875, 7141.5537109375, 4863.6826171875, 9156.779296875, 23360.994140625, 10025.53515625, 6245.935546875, 5819.65380859375, 10579.3720703125, 16041.5966796875, 9246.8857421875, 5062.61767578125, 5859.4697265625, 3770.063720703125, 7743.681640625, 5112.8857421875, 16925.19921875, 7186.40673828125, 6672.703125, 11006.4697265625, 10252.4833984375, 17273.34765625, 13884.443359375, 2659.185546875, 12417.162109375, 13186.232421875, 2596.76171875, 4915.6650390625, 4349.5390625, 9499.724609375, 4354.091796875, 5987.6953125, 2526.066162109375, 6111.962890625, 11762.0859375, 10734.30078125, 8195.0263671875, 3722.265380859375, 5051.48876953125, 3200.51318359375, 8420.201171875, 6944.0234375, 5430.87353515625, 7016.24267578125, 9641.947265625, 5848.197265625, 5948.0185546875, 6006.884765625, 3636.544921875, 10877.904296875, 7461.9033203125, 7227.49658203125, 3685.60400390625, 4617.18115234375, 5101.56298828125, 2533.43896484375, 2471.791015625, 7621.58642578125, 9093.6796875, 10798.0537109375, 4579.09375, 4946.96875, 13258.677734375, 9034.29296875, 5354.37158203125, 8771.3359375, 7884.75830078125, 3223.319580078125, 17164.384765625, 6192.96826171875, 4725.31005859375, 7162.740234375, 6711.5966796875, 2814.865966796875, 3777.811767578125, 1175.42724609375, 3565.87744140625, 5080.935546875, 6062.7421875, 13949.3818359375, 8896.857421875, 9116.173828125, 8563.9345703125, 8103.26611328125, 7083.41748046875, 4913.8056640625, 7634.982421875, 2329.905029296875, 12347.9970703125, 15017.09765625, 6698.4658203125, 9755.2236328125, 4366.1171875, 10052.33203125, 11653.6630859375, 7976.13916015625, 1459.4698486328125, 5942.29248046875, 19765.31640625, 22592.75, 10730.3935546875, 2879.057861328125, 3252.843017578125, 8712.625, 6820.79541015625, 12564.33984375, 5707.1826171875, 8037.00341796875, 18262.86328125, 12868.3076171875, 16714.365234375, 16042.583984375, 6965.22998046875, 8756.962890625, 14070.90625, 12071.1142578125, 8763.1220703125, 2969.49365234375, 9166.2587890625, 12009.478515625, 17171.330078125, 15119.6943359375, 7810.7080078125, 2663.981201171875, 8671.92578125, 10139.625, 8842.5869140625, 9521.392578125, 4339.98876953125, 10865.7568359375, 10744.9755859375, 10331.546875, 1909.8798828125, 4950.49267578125, 7913.54833984375, 7539.9794921875, 6689.7294921875, 6094.3271484375, 9741.48828125, 8800.9326171875, 5481.5673828125, 5655.41015625, 5839.53466796875, 12098.7353515625, 5156.0419921875, 7909.814453125, 7688.85546875, 3457.453125, 4265.42529296875, 3340.880859375, 9873.140625, 6078.9365234375, 8814.6787109375, 2273.310791015625, 10099.8701171875, 7946.927734375, 9300.4609375, 5587.28759765625, 6308.02880859375, 5524.1826171875, 5078.61279296875, 1116.706298828125, 1125.9205322265625, 14040.623046875, 9440.93359375, 5152.5966796875, 5918.2060546875, 9141.8984375, 5566.46044921875, 7679.6845703125, 4879.5390625, 12859.2939453125, 3857.646240234375, 6190.87548828125, 7201.998046875, 7454.12744140625, 6027.91259765625, 2284.503173828125, 1694.1610107421875, 10398.2880859375, 8343.275390625, 6094.810546875, 2646.5859375, 9581.3837890625, 6281.43603515625, 9084.6884765625, 4795.20263671875, 10084.6005859375, 11253.2333984375, 10507.1875, 6453.4794921875, 10890.677734375, 7007.185546875, 6110.89404296875, 7577.46044921875, 4916.55517578125, 2939.534423828125, 2987.993408203125, 13382.8466796875, 9597.8623046875, 2773.174072265625, 8365.09765625, 4987.4541015625, 3617.265869140625, 10261.5576171875, 8612.677734375, 7663.62890625, 5066.7294921875, 3370.612060546875, 7509.3115234375, 8856.9794921875, 9948.7001953125, 8355.8759765625, 3378.47119140625, 6654.056640625, 8635.4052734375, 7354.55712890625, 2866.41650390625, 5754.623046875, 6201.7373046875, 2479.336669921875, 3771.36376953125, 3145.797607421875, 7927.31982421875, 5172.3408203125, 10534.939453125, 5225.5693359375, 6443.9091796875, 7503.7265625, 4993.1767578125, 4797.78125, 5291.58544921875, 7410.7568359375, 3434.03955078125, 2023.9736328125, 3683.136474609375, 3356.774169921875, 5361.791015625, 3892.936767578125, 7060.59619140625, 4064.03515625, 9526.640625, 11047.9345703125, 3766.42724609375, 4212.3232421875, 1383.800537109375, 7194.9228515625, 5180.8466796875, 3697.90576171875, 6616.76025390625, 5521.21240234375, 6770.0146484375, 5634.38330078125, 9602.2880859375, 7768.904296875, 5279.74267578125, 6096.11767578125, 5437.00537109375, 6122.06884765625, 4496.1484375, 10245.529296875, 2742.83837890625, 2147.238525390625, 4401.3984375, 7652.234375, 3909.475830078125, 5685.8505859375, 5823.70703125, 7015.0888671875, 7257.74169921875, 3085.77978515625, 5740.3037109375, 6992.57958984375, 6664.72802734375, 4445.43505859375, 1445.6025390625, 6247.5947265625, 4249.46630859375, 6974.0634765625, 3622.9248046875, 2518.857421875, 6476.90087890625, 3557.663818359375, 3374.88427734375, 1878.47607421875, 5309.63623046875, 10030.748046875, 5273.0439453125, 3198.001953125, 6758.896484375, 2249.93017578125, 6180.3564453125, 9569.1220703125, 3210.78515625, 3747.022216796875, 2942.722900390625, 8535.03515625, 5981.7392578125, 4727.61376953125, 4166.79833984375, 4945.974609375, 5322.9326171875, 6214.728515625, 5866.37451171875, 3254.776611328125, 6621.35205078125, 4771.0751953125, 5233.36865234375, 1300.2315673828125, 4210.3291015625, 5314.07861328125, 2140.18994140625, 19085.912109375, 11582.3955078125, 8684.650390625, 11316.9013671875, 20292.62890625, 4473.85205078125, 10264.390625, 22111.1875, 5125.5498046875, 7662.96875, 14091.474609375, 1837.8746337890625, 7632.986328125, 9622.556640625, 5952.66748046875, 4769.1220703125, 8279.7841796875, 8452.5478515625, 5852.5693359375, 8676.36328125, 5852.2822265625, 5619.30712890625, 5972.78662109375, 4242.81396484375, 10844.783203125, 7783.482421875, 2120.4638671875, 9201.9892578125, 6322.646484375, 3450.896728515625, 7077.2685546875, 3669.707275390625, 18732.1015625, 5398.17919921875, 7874.537109375, 13815.6640625, 7045.55078125, 7860.361328125, 5998.1650390625, 9136.3935546875, 5604.474609375, 2707.531982421875, 8476.5556640625, 14817.7880859375, 8805.84765625, 2934.336181640625, 6923.45556640625, 7070.0087890625, 8111.0380859375, 8465.5576171875, 2582.826171875, 6039.17919921875, 8832.478515625, 7890.833984375, 10040.2841796875, 3973.279052734375, 5575.1298828125, 11933.6337890625, 3646.712158203125, 6841.81689453125, 2938.38671875, 5004.18994140625, 3608.725830078125, 6537.49267578125, 4876.625, 7062.7548828125, 6529.45263671875, 7251.60205078125, 5544.96923828125, 5094.43994140625, 7775.5244140625, 8136.955078125, 1744.50830078125, 5643.8466796875, 4170.08349609375, 4360.52294921875, 3307.85107421875, 8055.369140625, 3421.9453125, 7791.79248046875, 3822.62060546875, 1503.958984375, 10948.408203125, 9198.56640625, 2144.9287109375, 3175.031982421875, 3642.2509765625, 4310.4892578125, 3250.410400390625, 