{"nhidden": 128, "rnn_nhidden": 32, "obs_dim": 1, "latent_dim": 8, "lr": 0.0001, "n_batch": 16, "beta": 4, "total_epochs_train": 50, "epochs_per_train": 5, "epochs": 50, "loss": [202559.125, 172410.1875, 112647.390625, 223198.46875, 144492.03125, 170582.84375, 199869.0625, 235243.328125, 148332.734375, 142896.375, 262069.40625, 223836.171875, 145811.125, 180442.03125, 228040.21875, 105762.4609375, 153986.9375, 127503.125, 132492.5625, 125925.4765625, 165503.78125, 166715.6875, 165764.40625, 168097.859375, 142212.90625, 246883.609375, 212177.53125, 112728.96875, 161748.25, 169220.125, 183290.9375, 199160.359375, 128997.125, 143536.921875, 277300.875, 172420.71875, 165008.34375, 194064.328125, 239321.125, 147839.9375, 202096.0625, 137035.640625, 146275.15625, 187678.0625, 141650.53125, 175567.265625, 143824.453125, 208129.625, 248370.484375, 180639.671875, 139748.390625, 190237.84375, 175884.28125, 124119.4765625, 149917.40625, 135337.578125, 180338.09375, 213518.4375, 127886.28125, 114396.2265625, 260405.078125, 159052.796875, 246851.78125, 131957.5625, 123222.2890625, 210771.34375, 204844.609375, 212710.203125, 162999.859375, 172710.46875, 176830.546875, 195068.890625, 167086.4375, 141997.5, 161253.796875, 189516.578125, 174982.5625, 255809.0625, 226501.96875, 82272.609375, 156038.90625, 180749.734375, 222428.671875, 214940.0, 161875.765625, 202318.0, 167719.703125, 137352.375, 179916.78125, 126237.5546875, 205478.953125, 185154.78125, 216535.15625, 177238.578125, 111007.6953125, 147678.546875, 128766.8671875, 257872.59375, 136768.375, 139337.375, 127635.875, 141042.4375, 227210.96875, 237172.828125, 125454.4921875, 160380.46875, 164422.234375, 200837.859375, 129169.0546875, 159574.9375, 217281.375, 98842.421875, 136400.640625, 262531.40625, 144415.40625, 184707.671875, 203048.0, 189942.859375, 139121.96875, 128161.3046875, 176029.515625, 173300.578125, 218027.71875, 187774.34375, 165068.75, 149405.015625, 129171.25, 157394.109375, 198821.78125, 200324.734375, 151623.1875, 102779.3203125, 166095.6875, 190977.6875, 239227.984375, 182418.328125, 187567.140625, 178414.640625, 134707.890625, 124155.5859375, 138664.296875, 237226.0625, 159023.78125, 197694.71875, 91237.9296875, 168954.9375, 192725.8125, 210444.875, 152561.71875, 189291.421875, 155331.375, 158601.03125, 164108.71875, 165139.4375, 214797.5, 177852.15625, 167844.71875, 94951.6796875, 256234.640625, 131885.09375, 170677.125, 139093.75, 217447.390625, 92499.109375, 145337.3125, 134677.734375, 170574.71875, 249457.21875, 185771.109375, 137899.6875, 165008.71875, 188277.359375, 180231.53125, 174933.671875, 166623.65625, 205551.8125, 198084.703125, 133703.390625, 112278.5703125, 148882.140625, 168068.296875, 158076.625, 205247.78125, 109873.4765625, 128824.8515625, 239419.625, 120784.921875, 186329.078125, 162960.71875, 163826.046875, 204117.9375, 198089.75, 124552.0390625, 165362.953125, 158810.046875, 176640.984375, 115736.1640625, 192009.515625, 173910.546875, 102761.109375, 185490.84375, 190151.125, 128179.234375, 201347.75, 120742.5625, 186569.484375, 192296.703125, 167905.171875, 195460.21875, 185803.046875, 103338.59375, 131214.0, 140472.546875, 150787.484375, 219632.8125, 126598.0, 140541.46875, 134138.5, 244666.546875, 118178.9765625, 145536.03125, 168113.1875, 129107.671875, 136789.984375, 214616.125, 125382.40625, 114867.9140625, 209283.6875, 169600.984375, 157403.40625, 174761.859375, 135323.046875, 115383.5390625, 196734.09375, 151986.875, 134709.078125, 134125.90625, 145279.984375, 220190.234375, 141210.71875, 147472.375, 193185.4375, 117543.3046875, 133115.53125, 143324.953125, 83653.609375, 175042.265625, 180151.859375, 147488.140625, 186191.65625, 111605.34375, 151075.3125, 149939.96875, 173175.9375, 101492.3671875, 124493.1640625, 159698.21875, 131217.796875, 159430.984375, 164211.859375, 133815.4375, 134545.546875, 126569.3515625, 109779.34375, 134527.0625, 178725.34375, 160571.75, 153828.1875, 148702.375, 119040.8515625, 149497.984375, 138814.875, 125006.8671875, 121550.875, 114078.5234375, 206530.5, 136972.25, 121983.6171875, 130151.3828125, 90336.09375, 132449.9375, 137438.828125, 138938.703125, 150557.1875, 143815.671875, 126202.375, 167280.609375, 142933.328125, 100824.84375, 139374.390625, 182143.703125, 120045.03125, 137049.40625, 124403.71875, 121877.96875, 135267.5, 109138.125, 159228.421875, 133253.09375, 147721.796875, 106253.828125, 146825.734375, 129641.40625, 141634.6875, 108618.9453125, 96989.546875, 152891.125, 106182.890625, 138813.28125, 113421.71875, 115060.6015625, 139395.1875, 180655.828125, 130891.734375, 99725.5078125, 109269.4609375, 157592.5, 158655.46875, 91277.6171875, 109939.7578125, 151702.984375, 136361.09375, 121061.0234375, 140737.578125, 127519.3203125, 143648.59375, 104674.7578125, 156863.46875, 136705.1875, 127921.40625, 117822.109375, 128290.8125, 113806.375, 143540.828125, 104780.703125, 117612.484375, 120169.515625, 103452.46875, 173680.53125, 122210.09375, 102464.671875, 148141.09375, 103257.3359375, 104680.234375, 108967.53125, 122724.734375, 132712.359375, 179741.0, 136876.8125, 126446.875, 137037.40625, 103595.84375, 135816.546875, 110797.5859375, 176255.03125, 136299.578125, 149592.0625, 104320.234375, 110212.8515625, 106862.2421875, 98995.1171875, 125375.9140625, 129655.3671875, 147161.859375, 116084.390625, 133851.375, 170517.671875, 94063.546875, 147756.828125, 145648.453125, 146485.765625, 112980.734375, 132326.1875, 108323.34375, 162729.734375, 94654.765625, 129201.546875, 106880.9296875, 129802.1328125, 127199.015625, 128993.921875, 122659.0625, 121995.609375, 113060.4296875, 161202.390625, 106391.921875, 138644.03125, 126331.859375, 102731.609375, 119368.34375, 167359.421875, 108777.4765625, 118910.53125, 135512.265625, 132901.25, 100290.8984375, 139545.53125, 103875.3359375, 143146.828125, 110229.984375, 140393.265625, 123716.234375, 124963.6015625, 138201.1875, 110915.0234375, 114704.7265625, 138164.96875, 106934.0234375, 143215.234375, 110471.234375, 119597.3984375, 166609.875, 130766.1015625, 89572.328125, 92703.921875, 183595.984375, 113554.7890625, 109582.828125, 102970.5703125, 107163.75, 121160.421875, 119749.203125, 171989.234375, 140050.875, 112610.4609375, 90423.8046875, 111830.7421875, 98374.578125, 125624.640625, 146455.5, 141480.875, 162134.078125, 157132.5625, 103755.4375, 160543.0625, 99317.9140625, 150270.3125, 118723.5078125, 132837.828125, 102485.109375, 114877.234375, 155507.625, 124959.6875, 131330.5, 112235.1796875, 128332.0, 113987.125, 109486.671875, 118214.5546875, 105250.890625], "name": "default", "desc": "lr_0.0001_nb_16_ld_8_b_4", "folder": "./saves/grid_seach/search4/lr_0.0001_nb_16_ld_8_b_4_default_20240307-100744"}