{"nhidden": 128, "rnn_nhidden": 32, "obs_dim": 1, "latent_dim": 1, "lr": 0.01, "n_batch": 16, "beta": 0.001, "total_epochs_train": 50, "epochs_per_train": 5, "epochs": 50, "loss": [175772.578125, 219607.828125, 139302.28125, 179336.28125, 188342.0, 233978.03125, 135515.484375, 96890.71875, 158872.515625, 132328.28125, 149267.625, 146598.046875, 142252.890625, 158597.5, 134919.875, 114869.3515625, 200682.890625, 185947.40625, 98527.171875, 156465.09375, 140795.6875, 136849.875, 125112.7109375, 186958.203125, 199542.0625, 145048.765625, 193828.0, 148945.34375, 150940.96875, 211940.40625, 130971.859375, 146705.84375, 160628.65625, 89549.7734375, 164369.140625, 205377.4375, 115375.71875, 171160.84375, 145926.78125, 138527.125, 182749.578125, 220888.40625, 137610.0625, 107193.1875, 201134.75, 138548.9375, 188328.828125, 143258.546875, 128372.484375, 98699.8984375, 202500.75, 243148.234375, 170895.859375, 113645.34375, 134132.609375, 127977.625, 156139.5625, 146221.203125, 97535.0, 134645.8125, 257493.625, 146446.671875, 220654.171875, 150598.21875, 121943.1484375, 135047.46875, 180437.8125, 149139.625, 202629.046875, 148012.0625, 140198.28125, 179277.265625, 128912.3046875, 132030.640625, 148035.46875, 168084.34375, 143367.109375, 166680.984375, 166220.953125, 140930.265625, 185064.671875, 148766.6875, 148304.5625, 135021.359375, 138065.84375, 130716.921875, 121639.890625, 184759.34375, 203131.578125, 171009.890625, 129879.40625, 110419.90625, 198708.1875, 127770.578125, 149926.6875, 207136.21875, 139772.484375, 158509.875, 188009.015625, 206326.984375, 183672.4375, 122125.7109375, 155541.28125, 127590.484375, 184285.828125, 126183.59375, 133299.625, 145255.625, 157401.921875, 163533.75, 144045.4375, 127709.4609375, 118536.0390625, 173706.3125, 141954.125, 163887.28125, 155093.21875, 156419.59375, 157431.6875, 123221.5234375, 125084.7734375, 132540.71875, 173889.921875, 179675.15625, 178014.515625, 149582.671875, 129074.125, 131312.375, 240888.75, 131871.0625, 155666.640625, 111279.40625, 160410.171875, 112586.96875, 190506.3125, 153827.46875, 127722.5625, 185642.515625, 229926.96875, 117436.1875, 167510.5, 122708.9921875, 139839.90625, 126599.8515625, 185417.515625, 160925.984375, 160691.65625, 95886.71875, 121338.6484375, 195900.28125, 127734.171875, 158655.921875, 127075.828125, 107786.140625, 204006.4375, 146836.703125, 147944.34375, 164964.65625, 122760.3984375, 192102.71875, 156979.265625, 101866.0703125, 135339.0625, 156659.421875, 156647.015625, 206263.984375, 145596.578125, 162805.546875, 173344.28125, 151136.109375, 86171.5859375, 138230.140625, 169283.359375, 119282.6328125, 155252.234375, 196893.34375, 134768.109375, 150295.203125, 140438.15625, 156140.90625, 127016.0546875, 160914.015625, 156321.90625, 110121.4375, 188211.1875, 211246.1875, 128047.09375, 152138.515625, 149278.21875, 117831.984375, 131202.828125, 187201.921875, 172027.03125, 161115.828125, 175103.125, 139695.140625, 153036.546875, 175030.375, 130350.546875, 133036.03125, 165515.0, 127218.2734375, 138563.671875, 147148.296875, 158417.640625, 206619.3125, 200372.234375, 133705.359375, 126041.921875, 179723.875, 132520.828125, 165682.78125, 120226.5078125, 149818.40625, 138238.546875, 135331.609375, 135989.953125, 125969.8125, 119314.828125, 160765.53125, 180582.53125, 181703.5, 137347.09375, 161978.6875, 124960.3359375, 187023.734375, 187337.015625, 133065.34375, 130137.1640625, 142125.375, 170953.546875, 136523.1875, 171852.375, 137807.890625, 178778.15625, 116576.859375, 175205.40625, 146220.09375, 139500.140625, 152367.265625, 140369.28125, 206269.34375, 136070.78125, 150767.796875, 176896.21875, 198496.53125, 165702.421875, 158574.375, 121205.328125, 149532.765625, 123887.203125, 189020.0625, 110429.046875, 162961.1875, 140881.125, 135941.453125, 170046.9375, 153313.46875, 123625.546875, 106751.5859375, 123511.125, 197088.25, 154144.625, 142162.765625, 137175.359375, 146484.25, 120555.2890625, 101034.6953125, 166303.890625, 122044.8125, 189167.671875, 163137.84375, 163431.15625, 124863.4453125, 105927.0390625, 120247.296875, 155706.890625, 180730.421875, 152391.328125, 134205.359375, 158110.71875, 127524.546875, 109694.75, 167954.140625, 125359.1328125, 111694.0234375, 181114.046875, 149034.921875, 132692.859375, 97997.59375, 148619.109375, 131520.609375, 149129.8125, 149788.34375, 156295.6875, 120342.1328125, 102487.015625, 139806.484375, 140498.65625, 142235.15625, 161878.625, 125905.3125, 101626.484375, 159219.71875, 115768.9296875, 106931.484375, 237636.046875, 121232.4453125, 170399.640625, 122568.5, 118843.78125, 94322.8359375, 138174.921875, 98825.03125, 113278.7109375, 124786.734375, 204228.296875, 149639.109375, 156764.8125, 171606.8125, 140474.5625, 163261.453125, 164719.75, 149947.46875, 106653.3984375, 202112.265625, 89147.4140625, 123533.5234375, 191027.34375, 194094.1875, 208806.53125, 173978.390625, 193629.203125, 177193.5625, 843518902272.0, 204684902400.0, 17053471735808.0, 5463332618240.0, 161520969318400.0, 24014196047872.0, 1294191355232256.0, 549943584489472.0, 14909079289856.0, 4095521899675648.0, 3708832303808512.0, 2.58024992145408e+16, 2072459293491200.0, 9.513591360821658e+16, 34636604375040.0, 4.514239120356147e+16, 2.7102001269991014e+17, 1811780145774592.0, 3.130528475811676e+17, 2.512578201989939e+16, 1728797485301760.0, 1129451844796416.0, 4462545914036224.0, 1.7508152861786112e+16, 2434272572997632.0, 6869756166537216.0, 1.226554612908032e+16, 2.491894068989133e+16, 1.6067146236821504e+16, 3.000051621376819e+16, 6434978237775872.0, 1.1867502518730752e+16, 1.1862083343745024e+16, 1686273148321792.0, 711355837448192.0, 141193694412800.0, 1861260048072704.0, 311109747736576.0, 615943742947328.0, 527544323407872.0, 56460255952896.0, 798999745396736.0, 241902356004864.0, 121908251066368.0, 128590817525760.0, 141759975784448.0, 115066401718272.0, 49396871856128.0, 11433499688960.0, 15037157605376.0, 42072987926528.0, 8249198247936.0, 45400476090368.0, 299132157952.0, 3303838318592.0, 9512175009792.0, 3615319916544.0, 452199677952.0, 1039421824.0, 288025575424.0, 3705343836160.0, 657361338368.0, 1309056434176.0, 19230093213696.0, 1315893149696.0, 465848336384.0, 1576423129088.0, 263781367808.0, 1225993093120.0, 4535133696.0, 78278778880.0, 3316083968.0, 6652832768.0, 42689716224.0, 168887812096.0, 730864877568.0, 327406092288.0, 272768614400.0, 456365047808.0, 110864523264.0, 283213037568.0, 469161934848.0, 291986145280.0, 195856269312.0, 113017724928.0, 520306491392.0, 584603205632.0, 127756394496.0, 174767800320.0, 5619540992.0, 79435964416.0, 93275881472.0, 75343372288.0, 12893795328.0, 1100270976.0, 597394688.0, 13092172800.0, 11022108672.0, 14152523776.0, 43030081536.0, 47577702400.0, 86921052160.0, 47999385600.0, 39485788160.0, 9709062144.0, 22769287168.0, 62869377024.0, 80291405824.0, 2960039680.0, 9903178752.0, 4301467136.0, 3774006272.0, 888204416.0, 1058593856.0, 67333240.0], "name": "default", "desc": "lr_0.01_nb_16_ld_1_b_0.001", "folder": "./saves/grid_seach/search4/lr_0.01_nb_16_ld_1_b_0.001_default_20240307-075603"}