{"nhidden": 128, "rnn_nhidden": 32, "obs_dim": 1, "latent_dim": 8, "lr": 0.001, "n_batch": 16, "beta": 0.001, "total_epochs_train": 10, "epochs_per_train": 5, "epochs": 10, "loss": [195965.71875, 206716.09375, 139107.140625, 139799.609375, 127822.65625, 198855.703125, 179838.71875, 99591.6328125, 165162.8125, 257432.21875, 140640.21875, 113122.90625, 228472.1875, 146542.9375, 189190.140625, 141785.234375, 131360.015625, 175940.21875, 225602.90625, 183742.6875, 182125.546875, 160711.140625, 204407.390625, 134031.03125, 154917.265625, 100393.3203125, 157776.828125, 123775.734375, 139952.515625, 111171.265625, 244768.609375, 149664.890625, 144943.890625, 202688.125, 163698.53125, 204853.515625, 206570.4375, 208549.65625, 101728.546875, 99502.9140625, 131719.015625, 192293.921875, 168009.734375, 130330.3359375, 171931.109375, 159743.671875, 119439.71875, 165132.359375, 171634.40625, 222621.859375, 129691.9609375, 160495.859375, 103981.125, 110192.4765625, 145256.546875, 131668.71875, 137446.609375, 90414.4765625, 111638.59375, 136250.09375, 136863.5625, 167193.0, 127462.984375, 133589.828125, 93041.28125, 152273.40625, 107994.078125, 243128.453125, 137558.203125, 192023.578125, 215504.828125, 165919.625, 158377.0, 198156.1875, 132857.953125, 152017.03125, 245564.3125, 166887.0625, 190472.4375, 141767.453125, 138120.109375, 154254.59375, 157719.296875, 148035.0, 107539.8984375, 128517.5625, 143203.625, 228358.9375, 198557.796875, 167255.78125], "name": "default", "desc": "default run", "folder": "./saves/default_run_default_20240307-062020"}