{"nhidden": 128, "rnn_nhidden": 32, "obs_dim": 1, "latent_dim": 2, "lr": 0.01, "n_batch": 16, "beta": 4, "total_epochs_train": 400, "epochs_per_train": 50, "epochs": 50, "loss": [103062.3828125, 134243.890625, 90491.765625, 55986.41015625, 59370.26171875, 116339.3359375, 101318.78125, 47633.57421875, 55128.5, 30116.51953125, 111765.0234375, 38652.30859375, 37874.45703125, 76146.5234375, 32414.50390625, 22394.388671875, 36593.17578125, 37530.76953125, 22555.3984375, 12545.3681640625, 34366.87890625, 38347.6953125, 39569.39453125, 20817.478515625, 12849.9970703125, 30719.1328125, 11322.1435546875, 23409.546875, 12365.2353515625, 24360.650390625, 8217.107421875, 7705.02685546875, 11729.4326171875, 12179.091796875, 10530.04296875, 15829.94140625, 13593.2744140625, 6876.46533203125, 10643.7158203125, 2949.82470703125, 8363.1875, 6134.705078125, 8681.2548828125, 10306.75, 7925.2021484375, 5079.6015625, 3594.041259765625, 5330.15673828125, 3418.486572265625, 6589.59326171875, 9037.234375, 3514.373046875, 12252.52734375, 9457.650390625, 6617.48193359375, 4805.80810546875, 3683.15576171875, 3481.841796875, 4483.3349609375, 3425.6533203125, 7896.8662109375, 9741.0810546875, 11149.44140625, 4382.34619140625, 7440.77294921875, 15381.322265625, 4803.31689453125, 5555.990234375, 4447.859375, 8030.48193359375, 2455.2041015625, 4779.35107421875, 8248.3095703125, 7216.5361328125, 5688.044921875, 10127.271484375, 6963.2890625, 1531.1846923828125, 6178.82373046875, 16195.818359375, 8809.79296875, 2498.885986328125, 4598.689453125, 4276.55859375, 11233.064453125, 6430.7060546875, 5593.7392578125, 9112.552734375, 8679.853515625, 6287.39697265625, 5581.85791015625, 3919.895263671875, 5680.9970703125, 4853.42578125, 9470.416015625, 10027.384765625, 4028.277587890625, 5091.07177734375, 4444.48779296875, 3019.990478515625, 10089.2431640625, 18110.892578125, 15687.646484375, 5202.76025390625, 16104.595703125, 14887.3408203125, 9660.08203125, 1915.7672119140625, 19290.35546875, 15896.0751953125, 18154.1328125, 10611.169921875, 12095.875, 13321.17578125, 14124.5908203125, 4678.9736328125, 8407.412109375, 19004.482421875, 15970.419921875, 14218.5751953125, 9780.0283203125, 9527.5166015625, 6940.6298828125, 5605.02734375, 3394.550048828125, 11316.8212890625, 4494.44921875, 12510.353515625, 7432.94287109375, 5319.78466796875, 2142.520751953125, 10963.8642578125, 3747.149658203125, 7893.865234375, 5290.6826171875, 10462.4228515625, 8781.720703125, 9189.404296875, 3330.33740234375, 4952.56103515625, 7482.58935546875, 5290.791015625, 8224.90234375, 6202.900390625, 6289.80224609375, 4334.6083984375, 4186.4736328125, 7726.7412109375, 5591.66650390625, 6022.3173828125, 8471.7177734375, 6706.63232421875, 12309.3154296875, 11251.5048828125, 6114.5107421875, 11026.1572265625, 3438.974609375, 1339.2725830078125, 8625.396484375, 5692.0224609375, 9109.0322265625, 7173.6865234375, 7877.9970703125, 5744.978515625, 6996.193359375, 10829.2158203125, 2473.68017578125, 4284.2802734375, 5340.07666015625, 3406.33740234375, 4797.1376953125, 7095.18505859375, 6932.111328125, 5492.81640625, 6594.05419921875, 7268.48486328125, 5607.80224609375, 4656.587890625, 3540.710205078125, 1098.0400390625, 9865.2568359375, 7360.80029296875, 4157.66845703125, 12134.509765625, 8679.0771484375, 9810.4677734375, 7232.97265625, 11250.44140625, 3109.612548828125, 15282.62109375, 38393.00390625, 12899.8330078125, 1335.9033203125, 4830.021484375, 10674.021484375, 15203.51953125, 4819.6826171875, 5880.916015625, 8259.67578125, 17789.326171875, 14394.908203125, 2884.50830078125, 7146.8544921875, 6219.1123046875, 9202.6318359375, 9582.1103515625, 6354.53466796875, 8652.533203125, 15164.97265625, 4452.0810546875, 9301.6826171875, 29153.125, 10945.55859375, 5029.43798828125, 7314.814453125, 1913.469970703125, 17058.255859375, 9162.3232421875, 12350.0048828125, 8784.2236328125, 5923.4482421875, 3151.61767578125, 12219.8203125, 4171.4951171875, 7429.50634765625, 8942.1533203125, 3266.71435546875, 14167.853515625, 6926.00390625, 14492.169921875, 5361.83154296875, 8706.439453125, 2279.7080078125, 2448.443359375, 5214.1298828125, 5250.7421875, 3980.190673828125, 3555.167236328125, 11251.861328125, 5402.470703125, 4623.7802734375, 6932.923828125, 9090.853515625, 4250.0791015625, 8240.537109375, 2862.88818359375, 5262.7373046875, 6790.81201171875, 2088.654052734375, 5191.8818359375, 6272.9228515625, 8858.6826171875, 4500.67236328125, 7940.6923828125, 4611.482421875, 4009.498046875, 8933.9462890625, 4456.529296875, 7148.560546875, 6893.6298828125, 5256.7587890625, 6012.9677734375, 3936.052978515625, 9446.341796875, 5477.53515625, 8132.166015625, 2409.1962890625, 3271.805908203125, 3905.159912109375, 3409.134033203125, 3004.114013671875, 3818.185546875, 5288.47314453125, 7308.3544921875, 935.846923828125, 6652.837890625, 7017.18896484375, 4608.28857421875, 5699.1708984375, 4118.2041015625, 3250.407958984375, 6795.611328125, 3519.1396484375, 3326.66162109375, 10313.48828125, 7855.9716796875, 3872.312255859375, 7730.49609375, 4825.0888671875, 2603.12451171875, 6727.5654296875, 3845.306640625, 8648.4853515625, 3113.791259765625, 3357.39501953125, 5103.396484375, 3644.973388671875, 3039.472900390625, 3461.449951171875, 3669.755859375, 4634.5458984375, 6802.328125, 6561.70849609375, 5798.41259765625, 9481.388671875, 12569.748046875, 3162.216552734375, 1240.271484375, 6107.16357421875, 6924.72607421875, 5902.1376953125, 5302.7509765625, 6498.1513671875, 6986.08349609375, 6614.3056640625, 4235.31103515625, 9171.9365234375, 2840.23681640625, 5866.43994140625, 3793.61181640625, 3606.1337890625, 9680.875, 3950.138671875, 7441.9677734375, 5038.54638671875, 2952.753662109375, 6132.01025390625, 7110.16650390625, 7642.3525390625, 4702.412109375, 3040.30419921875, 6152.5595703125, 7105.54296875, 8320.05078125, 6338.76220703125, 3410.50732421875, 3989.3359375, 6928.6865234375, 1455.579833984375, 5203.88525390625, 5522.8232421875, 5299.93505859375, 3488.86474609375, 5208.37548828125, 3965.966552734375, 2215.712158203125, 4461.810546875, 6109.06494140625, 5626.14990234375, 9795.56640625, 5547.70849609375, 6331.7978515625, 4778.7021484375, 3535.447265625, 4841.333984375, 7112.46484375, 8397.208984375, 3139.565185546875, 4214.88671875, 5112.47900390625, 2664.183837890625, 4897.853515625, 934.16748046875, 2990.865966796875, 4680.564453125, 5056.23046875, 1388.42431640625, 2888.47802734375, 21854.439453125, 3553.9365234375, 3610.607421875, 4557.51171875, 4736.27880859375, 1973.4593505859375, 9381.4619140625, 6167.13232421875, 5531.33447265625, 8841.02734375, 5156.0, 3221.9921875, 5296.732421875, 3819.948974609375, 6961.3037109375, 6078.701171875, 4368.1611328125, 8785.029296875, 5793.86572265625, 5609.916015625, 7000.7939453125, 5175.5166015625, 3983.951904296875, 10654.50390625, 3093.4951171875, 5056.28369140625, 4689.93359375, 8468.9580078125, 4006.1220703125, 7298.6552734375, 6232.28759765625, 4237.712890625, 5461.5009765625, 5748.1962890625, 3267.8681640625, 4689.29833984375, 4767.89013671875, 8131.43359375, 3830.739990234375, 3587.8662109375, 3308.10400390625, 5054.40283203125, 3046.8798828125, 7561.7841796875, 8161.35498046875, 2561.467529296875, 1190.002685546875, 3345.5703125, 9771.333984375, 4578.79345703125, 4000.4931640625, 5928.58154296875, 6827.07373046875, 6004.0771484375, 6194.88720703125, 3539.578125, 3550.131591796875, 3020.541015625, 2633.33984375, 10841.9560546875, 5731.7822265625, 4658.86474609375, 7512.87646484375, 4654.21923828125, 5612.9892578125, 6154.876953125, 12315.958984375, 1242.1556396484375, 5512.533203125, 9556.1572265625, 4076.75732421875, 5325.896484375, 3511.603271484375, 5103.39697265625, 4196.61572265625, 3468.219970703125, 2219.02685546875, 3866.747802734375, 6132.2236328125, 4636.5869140625, 10549.099609375, 5006.49853515625], "name": "default", "desc": "default run", "folder": "./saves/dynamic_run_default_20240223-153929"}