{"nhidden": 128, "rnn_nhidden": 32, "obs_dim": 1, "latent_dim": 1, "lr": 0.001, "n_batch": 16, "beta": 0.001, "total_epochs_train": 50, "epochs_per_train": 5, "epochs": 50, "loss": [199852.40625, 192547.25, 225974.71875, 218583.84375, 115833.578125, 183157.921875, 181477.5625, 150325.65625, 122959.6796875, 162798.25, 139676.828125, 163941.203125, 155613.828125, 167594.421875, 141702.296875, 209180.109375, 209071.71875, 132781.609375, 146492.828125, 223711.609375, 145836.65625, 109853.1484375, 219506.875, 147161.265625, 145913.703125, 142952.78125, 186630.171875, 123711.484375, 172233.71875, 185005.859375, 207424.09375, 162143.03125, 118784.03125, 117161.75, 114599.5546875, 215533.59375, 129672.15625, 139985.625, 131847.828125, 166287.109375, 165673.3125, 150337.96875, 189749.296875, 126571.09375, 187999.5, 99837.625, 141521.625, 164595.921875, 169423.3125, 163887.5, 121996.0625, 171415.28125, 178751.65625, 182741.125, 103018.90625, 162019.09375, 143498.421875, 189272.359375, 190493.828125, 147963.453125, 140267.71875, 164295.3125, 150222.1875, 124123.4453125, 148126.640625, 123701.8125, 171850.265625, 114083.9609375, 139946.953125, 162692.9375, 130786.671875, 219531.484375, 151673.328125, 184234.0, 135545.6875, 150924.890625, 107212.640625, 191041.65625, 131288.859375, 144087.953125, 558826.0, 162231.453125, 104846.359375, 128367.46875, 124010.9609375, 148787.09375, 136810.9375, 163433.609375, 235144.390625, 188761.671875, 126447.71875, 199914.546875, 151750.96875, 213771.078125, 124887.4140625, 145993.78125, 107696.3125, 201687.59375, 155130.265625, 132024.828125, 171960.65625, 130521.4375, 203354.578125, 165011.25, 113739.921875, 172449.484375, 158166.203125, 166635.578125, 146430.265625, 134783.9375, 188022.75, 182357.4375, 145178.40625, 128844.7734375, 141158.21875, 170724.359375, 127076.6640625, 116085.8828125, 118256.828125, 112675.6171875, 149043.171875, 212360.328125, 131857.140625, 167924.84375, 173847.078125, 172497.484375, 185355.796875, 176879.859375, 148147.40625, 108825.25, 121146.2265625, 204115.171875, 167874.09375, 112641.25, 165660.4375, 141828.90625, 159334.1875, 114921.078125, 179437.046875, 142076.265625, 195792.921875, 136635.546875, 141865.84375, 177601.71875, 133807.921875, 133735.171875, 116393.921875, 139315.609375, 168049.75, 142040.21875, 215168.0, 144986.71875, 182748.546875, 134371.84375, 171906.84375, 173415.1875, 148719.046875, 106977.2109375, 173401.34375, 163631.296875, 146430.671875, 131101.75, 156326.109375, 155988.578125, 113236.65625, 182836.546875, 143759.078125, 121999.71875, 128274.4296875, 225154.90625, 156482.921875, 193612.25, 127776.421875, 119418.6171875, 136957.015625, 195002.78125, 150246.125, 143159.734375, 143788.34375, 178931.1875, 129293.453125, 150856.125, 166947.640625, 167496.8125, 110596.53125, 183750.390625, 138719.3125, 168868.75, 171943.171875, 117658.140625, 179683.875, 192658.234375, 167941.359375, 145511.390625, 166263.046875, 107889.2578125, 136642.3125, 156622.21875, 149488.65625, 150278.390625, 172645.953125, 159404.640625, 143535.453125, 139721.53125, 154601.140625, 140079.921875, 196075.0625, 164857.578125, 177356.09375, 171689.3125, 173548.59375, 167422.671875, 130749.953125, 150654.375, 144931.328125, 124649.578125, 164408.5625, 111750.734375, 141278.984375, 141201.546875, 144448.078125, 120096.03125, 232300.1875, 162801.0, 178565.09375, 162766.578125, 137905.75, 103553.875, 116448.5625, 137415.5, 183418.65625, 205402.46875, 157175.5, 129494.0625, 179255.015625, 197545.78125, 105004.40625, 219051.03125, 103627.2109375, 110503.125, 135481.625, 132236.328125, 187300.53125, 118308.0, 178262.171875, 113079.25, 143086.46875, 172296.421875, 189126.78125, 115540.09375, 225768.046875, 142799.34375, 215103.40625, 151769.328125, 130636.59375, 141011.484375, 145698.546875, 199637.828125, 134470.5, 129229.9765625, 143404.578125, 142439.0625, 165265.296875, 148285.921875, 123288.765625, 174145.984375, 180319.109375, 145347.3125, 183852.140625, 106469.0859375, 107540.3671875, 132484.65625, 166824.09375, 219602.4375, 146104.484375, 139771.578125, 169593.625, 142175.5625, 165095.140625, 210507.796875, 170280.671875, 136254.8125, 159493.65625, 118615.2109375, 135258.375, 174504.125, 128439.765625, 158178.96875, 120017.1484375, 138461.640625, 113616.8125, 163455.890625, 176517.6875, 154772.703125, 176637.5, 164630.625, 180492.578125, 114991.453125, 133484.84375, 150782.25, 170835.875, 165172.0625, 148856.640625, 152204.1875, 214895.71875, 145742.59375, 119701.234375, 119047.7109375, 183471.921875, 133206.984375, 126589.7421875, 187892.421875, 184698.3125, 142028.25, 183546.21875, 144073.046875, 190323.0625, 134017.375, 120434.53125, 170179.21875, 145837.8125, 161330.5, 159511.84375, 138722.75, 161690.75, 191855.375, 154430.53125, 189173.828125, 120479.7734375, 145539.8125, 99467.8125, 120430.359375, 198096.390625, 117466.375, 115493.09375, 123665.0625, 133506.796875, 200964.90625, 233864.21875, 138118.96875, 174921.984375, 159368.09375, 135394.28125, 141989.390625, 171879.140625, 133213.4375, 161010.625, 172716.171875, 184148.609375, 119227.5703125, 167462.09375, 155845.484375, 137634.3125, 110230.5, 155401.703125, 149296.984375, 173133.6875, 156334.5625, 193345.890625, 152475.671875, 122061.8515625, 133958.71875, 132877.078125, 177291.625, 201409.125, 131492.765625, 177523.03125, 139541.015625, 128387.234375, 130283.2421875, 131151.125, 147035.890625, 133959.390625, 106816.4296875, 159756.890625, 210712.78125, 167973.515625, 213481.09375, 192394.78125, 146003.25, 104472.921875, 100831.1640625, 162127.46875, 155194.828125, 172474.15625, 188505.3125, 140921.625, 174046.859375, 214007.890625, 183047.484375, 109855.1875, 121154.296875, 111253.3125, 168664.125, 140603.765625, 155391.75, 148281.875, 120332.625, 150016.8125, 147716.0625, 118867.21875, 223568.65625, 129415.0625, 195682.4375, 125080.8125, 151890.609375, 191747.59375, 186993.390625, 126062.5, 106727.4609375, 152637.25, 114262.375, 187425.078125, 135419.8125, 162053.203125, 158468.5, 135829.75, 120669.375, 178915.859375, 178266.984375, 120842.1796875, 209742.640625, 121879.8984375, 146370.28125, 158471.6875, 128038.59375, 205339.515625, 114290.453125, 128512.8125, 183129.296875, 110938.03125, 222900.9375, 167215.015625, 137493.578125, 150938.40625, 103242.6328125, 137412.34375, 182488.34375, 154158.140625, 154499.28125, 142553.40625, 146899.015625, 197976.9375, 158164.5, 102447.4375, 144740.3125, 145364.875, 174700.296875, 151548.78125, 158165.609375], "name": "default", "desc": "lr_0.001_nb_16_ld_1_b_0.001", "folder": "./saves/grid_seach/search4/lr_0.001_nb_16_ld_1_b_0.001_default_20240307-090357"}