{"nhidden": 128, "rnn_nhidden": 32, "obs_dim": 1, "latent_dim": 4, "lr": 0.001, "n_batch": 16, "beta": 4, "total_epochs_train": 50, "epochs_per_train": 5, "epochs": 50, "loss": [157737.765625, 165426.140625, 133275.3125, 210563.921875, 114753.0078125, 173837.765625, 184752.3125, 157087.0625, 257744.640625, 242257.484375, 114162.734375, 168929.21875, 148240.984375, 121583.4453125, 218976.796875, 145650.75, 164352.875, 195955.328125, 152739.328125, 167879.375, 214676.9375, 110685.65625, 105560.5, 130975.421875, 207864.84375, 177254.25, 200593.609375, 120186.46875, 185970.984375, 132703.0625, 149342.96875, 215071.5625, 182241.390625, 147472.59375, 153282.859375, 169569.328125, 108013.4140625, 122992.3359375, 165867.578125, 208618.65625, 180283.921875, 139228.046875, 165282.59375, 152931.828125, 161655.5625, 159898.796875, 127490.4140625, 119542.7890625, 144323.9375, 154997.03125, 156205.484375, 191083.71875, 106907.4453125, 151222.296875, 137461.09375, 136540.96875, 164520.890625, 121585.515625, 149190.515625, 127577.2265625, 142493.0625, 149600.609375, 126947.9921875, 144762.46875, 126192.3046875, 116568.6640625, 122924.3203125, 115179.4375, 131833.28125, 135691.421875, 147358.203125, 171023.46875, 166440.359375, 114862.6640625, 114650.6953125, 114198.46875, 112807.8828125, 125220.328125, 127825.1484375, 117515.96875, 173811.25, 114786.1328125, 136311.8125, 180146.296875, 108683.8203125, 115263.375, 121649.8515625, 137530.71875, 121689.5859375, 128437.671875, 115145.1796875, 119811.546875, 153521.859375, 104396.34375, 127792.4921875, 144914.15625, 107487.109375, 118418.4296875, 135946.53125, 159441.015625, 112024.4609375, 123822.2109375, 128443.03125, 106939.265625, 111091.875, 129170.0625, 129920.5390625, 113884.6875, 151008.0, 101543.15625, 137076.15625, 132824.40625, 157245.390625, 102766.1640625, 100082.1015625, 120810.9375, 89662.8984375, 121128.6640625, 135567.75, 161927.515625, 122824.640625, 90058.71875, 140774.046875, 113382.7734375, 110663.9765625, 108031.078125, 94229.9140625, 129205.0859375, 128922.28125, 111091.2578125, 135027.3125, 140514.0, 110147.7265625, 92029.21875, 103081.21875, 107308.515625, 135395.4375, 106591.71875, 112174.6171875, 113747.21875, 117178.09375, 94091.4140625, 146612.203125, 105066.7890625, 99000.375, 99203.9375, 91994.0078125, 83277.2734375, 132132.4375, 117270.78125, 156178.96875, 102399.703125, 119067.8125, 87751.3125, 107026.2109375, 103103.140625, 127698.828125, 109548.03125, 72901.8671875, 102969.640625, 141716.5, 119572.6171875, 96643.703125, 97463.3828125, 75688.7109375, 112843.21875, 97161.3203125, 161242.734375, 118968.171875, 104263.6015625, 102481.5859375, 131561.5625, 111119.4609375, 103270.796875, 88793.4609375, 128548.6171875, 132139.75, 92926.75, 70857.4453125, 75282.3671875, 102813.8125, 114559.546875, 115898.984375, 105179.6171875, 88978.4609375, 96615.96875, 90755.65625, 82200.546875, 86195.546875, 83973.3046875, 86420.1171875, 81241.453125, 88814.3125, 140153.953125, 102116.1484375, 110260.4765625, 94850.6875, 84062.2890625, 77266.046875, 85775.2734375, 141206.640625, 103837.6875, 98651.578125, 79688.8203125, 70669.75, 110457.0703125, 86787.78125, 67191.9375, 86642.2109375, 129961.5390625, 75555.8671875, 86112.34375, 72190.6328125, 117736.609375, 78265.5234375, 110669.1171875, 97449.9765625, 107338.34375, 74887.84375, 119745.5546875, 62970.703125, 65935.1484375, 89893.625, 56814.2265625, 110803.46875, 94967.859375, 76168.0859375, 65065.03515625, 59620.0546875, 91395.8671875, 93747.5, 74999.0, 81436.890625, 114054.21875, 98071.8125, 63344.5390625, 70558.8984375, 79036.8671875, 87339.6875, 67390.015625, 76405.03125, 80415.265625, 98905.0625, 72338.1171875, 60095.30859375, 68529.015625, 113957.84375, 70388.609375, 59897.77734375, 105318.78125, 49625.1796875, 87819.1328125, 47859.66015625, 107164.1875, 70947.75, 67633.3984375, 73416.171875, 111473.7421875, 76014.5546875, 88834.28125, 49431.66015625, 70973.796875, 113765.6640625, 60132.7421875, 95219.9453125, 71252.2734375, 75474.90625, 56774.421875, 64904.25, 56766.91015625, 94791.578125, 56001.93359375, 92422.8671875, 84960.5, 61110.91796875, 56300.84375, 90275.765625, 61655.59765625, 63838.43359375, 63842.65234375, 53805.40234375, 109723.34375, 81729.9453125, 74513.6015625, 76019.75, 55037.765625, 74863.9296875, 53781.4921875, 58585.6640625, 49207.1953125, 83124.65625, 57426.4296875, 47577.46875, 85019.3359375, 67742.4609375, 51426.4609375, 102131.390625, 71414.171875, 75412.59375, 57131.37109375, 76045.390625, 77624.96875, 41575.1171875, 84900.140625, 47262.46484375, 41802.38671875, 59637.9375, 83746.234375, 82439.4296875, 46713.61328125, 72167.1015625, 70324.3203125, 63886.9296875, 51083.16015625, 56144.97265625, 58810.71875, 89674.1171875, 63950.7421875, 50131.71484375, 50911.28515625, 37036.140625, 62501.5390625, 53585.30859375, 78178.1875, 64838.1796875, 52009.2421875, 60794.953125, 55773.125, 61004.67578125, 36345.2734375, 71384.203125, 75579.8203125, 46051.7265625, 57999.671875, 70569.828125, 60699.5390625, 38120.171875, 48679.03515625, 67810.3671875, 72587.734375, 43271.28125, 65636.7890625, 71506.03125, 42144.45703125, 57186.421875, 50118.140625, 46752.5078125, 67666.53125, 65403.97265625, 63908.73828125, 63468.48828125, 55345.2578125, 49896.5625, 80403.328125, 58698.66015625, 72401.1171875, 58115.51953125, 40797.20703125, 63530.1171875, 57147.41796875, 63921.21875, 38227.3359375, 118998.3984375, 52415.95703125, 48575.79296875, 55156.89453125, 50786.6875, 44387.74609375, 37503.22265625, 33254.6328125, 62571.8515625, 45389.203125, 48367.25, 52659.703125, 67750.7734375, 76631.8671875, 45960.7578125, 63830.40234375, 32902.5546875, 65114.97265625, 55365.79296875, 60448.36328125, 59538.9921875, 64912.2578125, 42532.37890625, 53867.9609375, 57806.546875, 81570.7890625, 39282.484375, 36102.546875, 61312.00390625, 46271.8203125, 48121.9765625, 60118.51953125, 62903.46875, 50205.5078125, 77058.65625, 46399.95703125, 68980.2578125, 89811.3046875, 42543.83203125, 57167.42578125, 51935.12890625, 38451.91015625, 23083.603515625, 74361.328125, 35216.359375, 48165.8828125, 38778.33984375, 51451.05859375, 39339.6328125, 96600.3671875, 57873.921875, 46750.03515625, 70039.9765625, 45248.984375, 65016.78125, 50251.80859375, 48609.69921875, 44934.609375, 61825.0, 65352.29296875, 26080.69921875, 47210.86328125, 68624.3671875, 38604.30859375, 65723.4140625, 38524.1015625, 46000.265625, 60170.5546875, 72380.8203125, 38618.75390625, 40533.77734375, 57406.25390625, 36325.296875, 44977.83203125, 82540.5703125, 63251.1171875, 72989.734375, 31955.849609375, 51195.17578125, 76571.3984375, 40520.8359375, 31515.583984375, 42119.04296875, 30064.40234375, 81852.3984375, 56130.140625, 30596.953125, 69995.90625], "name": "default", "desc": "lr_0.001_nb_16_ld_4_b_4", "folder": "./saves/grid_seach/search4/lr_0.001_nb_16_ld_4_b_4_default_20240307-091919"}