{"nhidden": 128, "rnn_nhidden": 32, "obs_dim": 1, "latent_dim": 16, "lr": 0.001, "n_batch": 16, "beta": 0.001, "total_epochs_train": 50, "epochs_per_train": 5, "epochs": 50, "loss": [233979.6875, 261751.65625, 123223.1171875, 126003.7421875, 144959.6875, 200581.234375, 213293.25, 152641.234375, 148123.03125, 260925.03125, 156816.515625, 148265.15625, 138139.53125, 120196.28125, 185255.4375, 156129.90625, 183158.59375, 166969.40625, 198913.890625, 170048.078125, 173418.171875, 155078.515625, 150901.453125, 144725.0625, 141272.5625, 193720.0, 149473.0, 138566.78125, 166067.8125, 130114.40625, 163996.46875, 128463.625, 172339.40625, 203556.9375, 130675.5546875, 128996.65625, 212587.9375, 119509.0625, 148347.15625, 98741.0078125, 113301.6796875, 121323.875, 122222.703125, 142152.640625, 93174.6796875, 114158.1875, 83472.6328125, 104456.7734375, 95270.515625, 132554.0, 165783.484375, 189085.203125, 128215.8046875, 115685.0703125, 120547.0390625, 87218.3984375, 135297.484375, 147910.9375, 120005.6796875, 143721.703125, 131592.703125, 129133.0625, 145862.9375, 112562.9296875, 139775.3125, 122393.484375, 135955.9375, 102244.8984375, 114312.640625, 206887.40625, 132361.140625, 151470.296875, 95648.890625, 117388.890625, 105146.90625, 123748.671875, 148681.3125, 132330.015625, 115496.09375, 95175.609375, 117082.21875, 100158.8671875, 109071.875, 96596.15625, 122992.109375, 119127.515625, 90163.484375, 112786.671875, 123751.5078125, 119980.5078125, 99086.234375, 107345.921875, 103727.5625, 159582.671875, 125061.953125, 93198.8203125, 85496.515625, 131666.8125, 92364.875, 144669.609375, 91184.390625, 99461.8671875, 104069.9921875, 111729.1328125, 156740.796875, 97233.3515625, 81845.625, 89421.203125, 98917.765625, 108977.859375, 78501.328125, 161413.9375, 114984.140625, 105833.75, 107341.09375, 100251.6328125, 92189.171875, 88609.875, 112432.9140625, 126126.7890625, 98339.8046875, 111864.1328125, 94564.8671875, 139282.390625, 91492.875, 90281.484375, 90054.03125, 87289.046875, 91140.5234375, 133610.90625, 126227.828125, 109356.0625, 103063.65625, 99919.2265625, 110942.5390625, 100275.9296875, 91948.171875, 92067.1171875, 97842.7734375, 93702.1953125, 139638.703125, 88527.703125, 127756.765625, 88596.1875, 93152.2109375, 103704.59375, 104370.125, 84831.28125, 112485.9296875, 137439.40625, 97747.5625, 90339.3671875, 93405.6484375, 93794.0390625, 125956.25, 93771.8125, 83596.1796875, 110047.5390625, 94105.21875, 93187.203125, 95073.359375, 121253.15625, 84689.53125, 120917.796875, 98407.390625, 94539.2109375, 93831.609375, 96389.2734375, 78569.53125, 78327.671875, 104421.5625, 99010.4375, 113467.1953125, 100571.046875, 80752.390625, 99903.8359375, 112971.15625, 83970.484375, 103682.09375, 102122.1953125, 76110.703125, 125858.1171875, 77382.09375, 99922.609375, 81905.921875, 104331.7109375, 93332.875, 76555.4453125, 76322.34375, 83338.3046875, 83049.4140625, 136124.71875, 104879.1796875, 105709.109375, 122687.890625, 83340.328125, 93729.4140625, 76034.21875, 72739.765625, 63350.64453125, 101748.4921875, 70747.46875, 86606.1328125, 93323.5859375, 108041.5546875, 87767.1328125, 103045.234375, 109477.1640625, 89226.359375, 66227.5625, 86377.8515625, 120666.453125, 86864.0703125, 87708.1953125, 73234.90625, 85369.640625, 118234.53125, 165532.671875, 210726.125, 267429.28125, 183418.875, 145135.25, 135602.78125, 155913.90625, 118678.625, 205453.765625, 105239.484375, 125749.15625, 148368.6875, 128654.5234375, 169717.078125, 231393.46875, 153835.5625, 179919.703125, 193425.65625, 163898.875, 119265.90625, 139385.1875, 167034.671875, 207629.5625, 147664.203125, 130209.859375, 196490.734375, 126308.25, 147804.421875, 143187.75, 221562.46875, 139274.234375, 138441.875, 200544.421875, 103926.953125, 114070.84375, 131751.90625, 107074.6328125, 139553.0, 160663.140625, 116405.4375, 202029.03125, 134450.71875, 171873.734375, 128228.3203125, 83226.9609375, 156519.125, 161526.6875, 182896.171875, 156948.359375, 157852.453125, 98079.25, 124006.4140625, 116496.3359375, 194159.734375, 140466.90625, 185195.640625, 138861.8125, 113917.015625, 116959.4921875, 108264.2578125, 137853.109375, 97173.5625, 178560.390625, 126605.921875, 114704.9765625, 169617.328125, 89399.375, 119940.40625, 151874.8125, 140339.140625, 140413.5625, 115777.4921875, 121062.484375, 159050.25, 135316.453125, 169704.578125, 114532.46875, 151254.703125, 112163.796875, 103016.3828125, 119937.15625, 137573.40625, 126182.4765625, 171428.078125, 145559.25, 130078.2734375, 102784.546875, 113828.5703125, 159301.703125, 147129.21875, 140607.34375, 146486.234375, 142679.28125, 162675.5, 160984.6875, 142822.375, 135926.0, 113995.1484375, 140863.78125, 168103.8125, 118392.140625, 117724.15625, 127614.6796875, 103992.6875, 190661.1875, 101524.578125, 147458.3125, 139337.171875, 137404.671875, 116977.921875, 140589.453125, 123965.2109375, 140481.609375, 110806.671875, 127098.4921875, 117561.984375, 118749.34375, 125647.1171875, 124992.8671875, 128998.1875, 111167.828125, 121906.671875, 120334.3125, 112493.3359375, 186806.015625, 135942.0625, 122549.328125, 114220.7265625, 113060.125, 107541.796875, 138672.640625, 185566.390625, 119157.375, 103669.2578125, 100302.8125, 109966.640625, 106813.9921875, 98991.296875, 180318.640625, 99085.3828125, 109200.8984375, 161474.15625, 161416.4375, 119638.625, 162501.046875, 119430.6015625, 113518.2890625, 116835.1875, 154163.125, 138617.09375, 119551.0078125, 105935.125, 108692.796875, 118275.4375, 132024.96875, 109824.953125, 114253.140625, 134960.78125, 110076.484375, 146326.125, 116991.9609375, 176194.796875, 136167.328125, 110390.6484375, 94621.3359375, 118023.1875, 177240.3125, 110007.1328125, 91595.9921875, 109963.78125, 155957.546875, 102623.1015625, 99493.953125, 128505.6171875, 123682.3984375, 142677.046875, 102173.0625, 101559.4453125, 116983.0625, 100867.7421875, 79644.9765625, 149991.03125, 137188.28125, 120008.3359375, 114092.5390625, 144161.859375, 128683.765625, 114435.734375, 115301.0078125, 103882.890625, 86984.4765625, 126185.2265625, 150655.09375, 121505.5390625, 122961.84375, 153901.265625, 114860.0234375, 123060.5703125, 108879.890625, 114090.109375, 118263.1015625, 141570.59375, 152317.4375, 125608.8046875, 102365.109375, 138583.171875, 109024.390625, 100612.9453125, 120842.4140625, 127510.75, 93445.390625, 109689.1328125, 141083.296875, 147445.0, 128112.484375, 153729.84375, 114731.03125, 119448.5, 134804.421875, 126432.453125, 91696.9609375, 125847.5390625, 117557.859375, 92840.5546875, 104332.296875, 132959.046875, 133959.171875, 111556.375, 103355.5, 108917.1484375, 122069.5703125, 131671.453125, 108772.3046875], "name": "default", "desc": "lr_0.001_nb_16_ld_16_b_0.001", "folder": "./saves/grid_seach/search4/lr_0.001_nb_16_ld_16_b_0.001_default_20240307-093450"}