{"nhidden": 128, "rnn_nhidden": 32, "obs_dim": 1, "latent_dim": 1, "lr": 0.0001, "n_batch": 16, "beta": 0.001, "total_epochs_train": 50, "epochs_per_train": 5, "epochs": 50, "loss": [148562.03125, 155772.71875, 154366.3125, 241883.203125, 229843.03125, 165259.1875, 152874.171875, 188417.3125, 168864.09375, 157470.5625, 219558.59375, 160531.359375, 122875.5390625, 193267.609375, 159956.28125, 171338.0, 197999.46875, 151081.6875, 195690.546875, 146711.34375, 136349.890625, 167453.90625, 131010.2890625, 144867.28125, 340604.5625, 176095.46875, 153962.671875, 219752.1875, 198058.890625, 134956.984375, 248349.75, 96879.90625, 183667.53125, 156363.578125, 169486.203125, 169268.578125, 139379.765625, 148398.109375, 152738.890625, 212696.5, 218452.453125, 171953.734375, 230676.296875, 147501.921875, 159329.859375, 147873.625, 160129.734375, 131246.75, 182801.125, 142953.640625, 172412.921875, 273509.125, 119504.03125, 183190.28125, 135763.84375, 195331.59375, 147396.875, 191184.859375, 128066.515625, 159943.171875, 247804.59375, 172496.3125, 171960.609375, 152035.90625, 165697.78125, 194910.984375, 233117.734375, 153715.4375, 167618.46875, 152858.6875, 136639.953125, 162038.109375, 117365.578125, 146837.609375, 131122.140625, 191224.171875, 140906.71875, 209925.09375, 171685.71875, 194632.6875, 192513.1875, 138842.75, 171965.671875, 145118.609375, 138152.75, 142743.15625, 221979.78125, 194368.53125, 183757.78125, 200109.875, 189546.515625, 206572.0, 158176.9375, 195920.5, 166784.0625, 122903.5, 156671.875, 153331.53125, 173588.296875, 135705.03125, 187699.828125, 186072.578125, 198260.6875, 202227.96875, 141187.0625, 165965.453125, 139777.0625, 135877.78125, 93802.15625, 241659.703125, 142939.3125, 138893.4375, 148830.171875, 149280.90625, 211543.421875, 142436.609375, 184308.390625, 113979.375, 173326.90625, 171847.59375, 129080.5546875, 159108.46875, 231685.015625, 152507.1875, 188823.609375, 189564.546875, 196638.625, 188047.578125, 181267.1875, 155352.65625, 133706.8125, 200264.78125, 120852.6953125, 187601.21875, 119069.5859375, 139933.59375, 127173.2578125, 156646.109375, 132088.21875, 173246.59375, 233648.96875, 131142.375, 170539.0, 202830.28125, 104149.5625, 219630.6875, 151628.015625, 139835.4375, 126609.203125, 149469.53125, 148862.5625, 135727.890625, 267140.4375, 162534.5625, 178433.65625, 144572.53125, 163138.625, 164050.46875, 165440.90625, 97033.2890625, 184378.953125, 182795.515625, 173966.765625, 116857.375, 175032.0, 220430.65625, 172577.109375, 149348.71875, 125243.9296875, 136185.71875, 174846.90625, 192683.109375, 149254.203125, 142331.5, 125924.96875, 119903.046875, 206708.234375, 152508.4375, 147718.015625, 128293.7265625, 109122.296875, 127646.6015625, 180870.21875, 163983.875, 177247.25, 151430.6875, 204498.328125, 156444.921875, 139139.359375, 161671.40625, 157767.4375, 165864.5, 132432.265625, 174227.75, 165350.71875, 189667.34375, 110769.328125, 141209.84375, 134483.859375, 129044.6484375, 126363.6171875, 158757.6875, 258283.484375, 126344.1953125, 132230.5, 145693.578125, 184665.671875, 180676.046875, 160140.75, 205651.953125, 154964.3125, 114510.6171875, 155122.171875, 112493.8515625, 178191.8125, 168475.875, 143780.3125, 186992.421875, 134224.65625, 178579.828125, 172245.890625, 114416.90625, 114514.6171875, 216462.171875, 113617.5234375, 160196.125, 136591.5, 208989.65625, 115959.9375, 204067.171875, 118298.203125, 163346.796875, 162063.046875, 154551.875, 141394.203125, 205339.265625, 128327.984375, 188237.25, 161066.40625, 172840.15625, 158664.171875, 132164.125, 131435.0, 109230.671875, 207575.015625, 170348.796875, 127795.8984375, 142748.875, 151433.90625, 154432.625, 177385.703125, 164679.90625, 160106.6875, 135046.40625, 138271.75, 155619.5625, 138342.4375, 122308.4375, 156560.65625, 238401.046875, 163256.953125, 122375.8828125, 193994.21875, 172261.703125, 127514.0234375, 177549.25, 159120.96875, 149981.4375, 135910.1875, 158114.4375, 158023.359375, 165547.84375, 144551.203125, 139417.578125, 162862.734375, 191096.578125, 148743.28125, 155143.796875, 142333.9375, 199282.09375, 159027.265625, 196609.25, 134191.1875, 151524.234375, 124532.6875, 137096.609375, 176700.09375, 117503.4140625, 146241.40625, 229548.796875, 104986.625, 156264.84375, 142588.765625, 109157.7265625, 137816.984375, 173322.0625, 155087.125, 125450.78125, 153640.09375, 135479.203125, 140291.484375, 138480.078125, 172023.296875, 166126.5625, 155964.84375, 183133.390625, 148536.421875, 133941.203125, 178974.0625, 167260.234375, 144382.015625, 170307.046875, 176063.5, 107145.8125, 143431.59375, 145611.03125, 117437.8984375, 150793.203125, 179175.03125, 111717.828125, 191901.484375, 223551.25, 146077.046875, 132346.21875, 135672.3125, 179878.484375, 146118.75, 141603.109375, 160055.875, 106345.6171875, 143068.71875, 188457.1875, 186547.78125, 117739.203125, 148080.21875, 131703.890625, 193199.171875, 123172.421875, 140955.5625, 229680.40625, 109374.84375, 120553.9609375, 166304.453125, 167951.28125, 116148.375, 152455.484375, 178462.046875, 154669.515625, 101334.796875, 154814.71875, 182149.21875, 230219.625, 139806.375, 184843.421875, 124799.7421875, 134228.96875, 165521.921875, 139791.953125, 130812.8125, 151149.046875, 129653.75, 128427.484375, 147605.21875, 137695.953125, 142415.25, 169725.78125, 197723.171875, 110331.5625, 222354.640625, 142358.84375, 166942.328125, 199902.046875, 91355.8515625, 162959.890625, 168000.0625, 136632.90625, 132901.65625, 202288.71875, 210568.046875, 109410.6328125, 184321.953125, 153527.671875, 138067.40625, 175349.53125, 164807.75, 147283.90625, 113982.9296875, 132170.484375, 149785.28125, 158932.21875, 213410.71875, 132237.0, 262677.53125, 96479.6796875, 122975.890625, 119488.0859375, 140701.828125, 136409.09375, 116236.046875, 180636.140625, 185573.390625, 131110.96875, 182295.28125, 151788.9375, 145848.28125, 148997.015625, 162656.71875, 149978.828125, 139478.90625, 106869.65625, 185176.0625, 199331.453125, 114507.671875, 130425.71875, 112921.1015625, 221161.484375, 167985.9375, 211196.03125, 118020.3984375, 162209.109375, 136334.9375, 123913.0546875, 138406.125, 142772.5, 143724.84375, 197921.6875, 148551.9375, 154463.609375, 115883.3125, 179488.875, 123969.609375, 135517.578125, 113569.0, 130844.421875, 166156.28125, 151518.84375, 149540.234375, 168176.546875, 184377.375, 131363.0, 149903.171875, 150991.265625, 205530.421875, 122608.546875, 180629.828125, 177556.75, 137336.71875, 136654.203125, 103131.15625, 150018.265625], "name": "default", "desc": "lr_0.0001_nb_16_ld_1_b_0.001", "folder": "./saves/grid_seach/search1/lr_0.0001_nb_16_ld_1_b_0.001_default_20240214-011053"}