{"nhidden": 128, "rnn_nhidden": 32, "obs_dim": 1, "latent_dim": 2, "lr": 0.01, "n_batch": 16, "beta": 2, "total_epochs_train": 50, "epochs_per_train": 5, "epochs": 50, "loss": [156264.28125, 160583.046875, 146751.703125, 149619.421875, 177611.125, 146275.421875, 149344.78125, 215125.203125, 155233.015625, 133528.046875, 136842.4375, 184502.671875, 215226.875, 163371.84375, 163331.90625, 113223.4140625, 178508.671875, 139682.921875, 122424.3046875, 151743.6875, 207384.640625, 126342.1953125, 146173.109375, 216539.6875, 154003.46875, 151284.890625, 156071.6875, 154001.828125, 125139.765625, 182818.75, 199029.703125, 141019.34375, 184857.546875, 168114.5625, 125446.4140625, 130375.875, 131478.890625, 166635.734375, 134599.546875, 212416.71875, 169493.078125, 151047.875, 120863.6875, 138667.0625, 133226.375, 136742.421875, 137829.84375, 144050.78125, 185857.609375, 129832.375, 182026.546875, 103488.25, 211387.125, 127545.53125, 121894.7421875, 192829.9375, 163647.546875, 136067.375, 168363.421875, 169739.84375, 118909.3984375, 87998.375, 134315.875, 153649.078125, 152041.8125, 154327.03125, 142059.265625, 143024.515625, 126419.109375, 125852.1953125, 223993.625, 142235.4375, 112742.578125, 133903.421875, 86280.9375, 128577.8828125, 181088.046875, 109119.1796875, 131411.953125, 136842.4375, 135449.3125, 138023.484375, 142040.21875, 83239.953125, 119381.828125, 65595.96875, 88557.546875, 107627.0390625, 67017.75, 104238.1015625, 82011.8828125, 87583.8828125, 91778.421875, 70077.015625, 69253.3046875, 148091.953125, 107548.9765625, 92230.4296875, 99921.5, 81754.34375, 81014.984375, 65905.703125, 69783.6171875, 125487.3515625, 78189.359375, 54105.0703125, 84189.9140625, 64005.453125, 55525.13671875, 53236.7734375, 82112.515625, 71470.90625, 56564.796875, 118183.609375, 71845.7578125, 62862.79296875, 68326.4921875, 70334.484375, 48980.57421875, 72203.3046875, 84735.125, 46958.828125, 74514.7734375, 51267.8515625, 102082.9921875, 54518.70703125, 69736.9375, 58037.29296875, 50090.9375, 64427.078125, 44828.56640625, 85470.9375, 52755.6953125, 79783.3359375, 68915.40625, 83859.34375, 52375.18359375, 75411.453125, 56580.6484375, 61417.6328125, 38109.453125, 81785.1796875, 87180.6328125, 43777.953125, 42693.10546875, 44294.6875, 40292.734375, 81468.7890625, 57824.5625, 127218.875, 86032.765625, 73963.9140625, 78692.7578125, 38407.8515625, 77830.5, 58059.1015625, 78850.2734375, 83820.84375, 48436.015625, 42845.76953125, 43939.40234375, 54167.99609375, 38787.77734375, 47041.39453125, 58579.8984375, 63738.04296875, 17061.66015625, 56217.578125, 94107.140625, 85966.859375, 30813.37890625, 62946.7734375, 68680.9140625, 48998.37109375, 35340.921875, 32546.65625, 97270.46875, 47479.1953125, 45480.15625, 110623.46875, 55779.40234375, 42137.21484375, 65777.2890625, 84843.4609375, 1404099.0, 266408.1875, 187591.375, 202259.0, 189590.765625, 169014.484375, 141398.0, 152680.03125, 120595.015625, 146655.421875, 161368.75, 201736.75, 181558.78125, 141939.390625, 125626.984375, 135936.3125, 185185.59375, 125447.359375, 136182.625, 219590.078125, 166550.84375, 202540.75, 146631.234375, 180631.578125, 135495.9375, 176953.46875, 178753.109375, 126609.1015625, 135538.78125, 224334.625, 150926.65625, 130550.828125, 145600.4375, 142940.15625, 145810.109375, 235915.375, 135952.34375, 109013.1484375, 130259.859375, 151006.640625, 198863.6875, 166866.65625, 168794.65625, 195394.703125, 185883.21875, 143653.15625, 129957.9375, 124362.515625, 120864.578125, 178799.0, 156572.3125, 247223.78125, 141355.9375, 116289.265625, 108957.375, 140141.921875, 148280.984375, 193466.65625, 156639.5625, 112020.0078125, 161640.65625, 153596.375, 113610.734375, 258274.875, 113715.5, 172201.171875, 156026.703125, 183307.90625, 139707.0, 171248.515625, 134926.34375, 179592.0, 188901.34375, 133336.59375, 145519.0625, 135771.0625, 175003.46875, 180844.71875, 173939.9375, 184795.421875, 104776.671875, 144123.59375, 206949.859375, 141707.25, 138981.65625, 125746.7890625, 202314.5625, 125354.8203125, 129191.1796875, 160440.546875, 186051.15625, 186419.5, 139550.90625, 140434.546875, 144154.40625, 125576.765625, 133645.28125, 160661.578125, 188126.34375, 145364.75, 189273.453125, 158196.28125, 176402.359375, 135090.1875, 233111.21875, 140755.171875, 104794.1171875, 159938.859375, 169827.96875, 107692.3984375, 143511.09375, 118182.296875, 219951.5625, 181909.4375, 172498.3125, 141814.6875, 155131.9375, 111421.8125, 135627.890625, 118324.8828125, 225082.5, 150407.734375, 186329.859375, 99201.2578125, 148716.375, 190559.96875, 143092.03125, 156020.96875, 184036.984375, 148331.171875, 134421.5625, 143374.75, 152657.625, 121676.4453125, 156148.0, 177178.875, 188493.234375, 201387.984375, 149123.03125, 108046.0625, 155787.46875, 105737.5859375, 117511.953125, 162013.4375, 188221.9375, 127519.3203125, 171955.90625, 154691.8125, 183124.171875, 92044.2734375, 165623.984375, 131438.8125, 171152.875, 137912.84375, 169053.5, 152177.3125, 169618.71875, 177414.453125, 162361.71875, 144402.46875, 121272.59375, 164928.640625, 132261.25, 189171.640625, 144276.875, 168757.8125, 142435.5625, 134682.015625, 153062.796875, 178769.828125, 168254.421875, 117345.96875, 186742.0, 174045.6875, 133425.625, 145292.734375, 192498.09375, 152137.578125, 225795.53125, 162551.890625, 115113.703125, 116027.1328125, 140183.625, 175810.421875, 129577.0546875, 145906.015625, 143093.296875, 131134.3125, 126778.140625, 138374.375, 149440.96875, 166110.59375, 185895.9375, 203214.21875, 158890.046875, 189085.96875, 189570.4375, 139953.484375, 129738.5625, 157282.828125, 150144.84375, 149427.21875, 139514.28125, 168676.390625, 157046.90625, 160953.734375, 143117.484375, 211930.09375, 152762.125, 145549.71875, 135747.28125, 129743.1640625, 173625.90625, 159743.21875, 154185.953125, 186007.09375, 121908.7578125, 179770.890625, 114266.75, 123690.9453125, 178055.625, 157398.15625, 167522.6875, 133864.265625, 194091.40625, 182150.78125, 164813.453125, 117567.234375, 143142.5, 138042.5, 156707.578125, 106428.3828125, 142648.734375, 207634.5625, 112245.5390625, 161387.71875, 159783.375, 227011.84375, 130014.1875, 116559.6484375, 242705.78125, 118758.46875, 133569.890625, 187592.75, 164350.453125, 150706.3125, 139340.765625, 151260.046875, 133917.9375, 188169.828125, 142532.21875, 162754.140625, 174255.640625, 115198.4453125, 129970.640625, 149046.65625, 168191.53125, 170125.59375, 161607.5, 155840.0, 189392.875, 128730.671875, 147902.78125, 114875.0078125, 143407.5, 184676.359375], "name": "default", "desc": "lr_0.01_nb_16_ld_2_b_2", "folder": "./saves/grid_seach/search1/lr_0.01_nb_16_ld_2_b_2_default_20240213-222237"}