{"nhidden": 128, "rnn_nhidden": 32, "obs_dim": 1, "latent_dim": 16, "lr": 0.01, "n_batch": 16, "beta": 4, "total_epochs_train": 1000, "epochs_per_train": 50, "epochs": 50, "loss": [112699.21875, 105008.921875, 82633.015625, 112505.03125, 45242.19140625, 57197.94140625, 38514.94921875, 82051.96875, 43755.96875, 26408.294921875, 36279.71875, 22791.951171875, 42266.921875, 18374.23046875, 11911.6904296875, 13051.0458984375, 15591.74609375, 14675.486328125, 4882.33837890625, 7456.1328125, 16512.123046875, 29661.513671875, 14559.6142578125, 7193.41796875, 25786.109375, 33604.890625, 21733.173828125, 15422.609375, 28779.05859375, 28320.93359375, 9422.9365234375, 11523.1640625, 21471.330078125, 47321.04296875, 13915.0419921875, 8611.296875, 20029.24609375, 21352.494140625, 13442.3583984375, 16516.32421875, 3898.319091796875, 22271.203125, 26308.751953125, 12746.80859375, 26106.68359375, 9097.8720703125, 19641.45703125, 17180.08984375, 8164.80810546875, 8732.8798828125, 3496.14306640625, 10112.1669921875, 15193.6455078125, 11325.2236328125, 4799.853515625, 6995.1298828125, 15035.51171875, 4180.88134765625, 4219.50244140625, 8656.3173828125, 18903.1484375, 11672.515625, 11309.658203125, 15184.052734375, 4340.15673828125, 7267.48388671875, 10317.88671875, 23974.822265625, 4404.2802734375, 9228.767578125, 10511.66796875, 7864.76806640625, 6681.55615234375, 6322.107421875, 21102.70703125, 10440.4384765625, 11624.1494140625, 11292.904296875, 10972.744140625, 27211.85546875, 6028.314453125, 13908.6064453125, 13563.9814453125, 3835.94140625, 19786.4609375, 3551.258544921875, 5338.998046875, 9875.587890625, 14953.49609375, 4889.279296875, 3912.872314453125, 8249.484375, 12168.580078125, 13232.6708984375, 12332.5625, 18041.0625, 11910.7705078125, 6663.00927734375, 8224.04296875, 6222.92822265625, 8392.65625, 4242.24462890625, 2900.5166015625, 14027.244140625, 2774.23291015625, 5027.7001953125, 2054.486328125, 16952.078125, 2241.947021484375, 3279.176025390625, 14942.7265625, 4125.93212890625, 7950.68310546875, 8088.20849609375, 6731.08935546875, 3956.606201171875, 5762.2421875, 5470.38720703125, 7226.984375, 6739.5595703125, 4403.9287109375, 8103.55908203125, 4020.560546875, 3213.14697265625, 2803.0107421875, 14467.2265625, 5073.7080078125, 6284.04248046875, 5539.8935546875, 4928.40673828125, 7831.0478515625, 6121.294921875, 8672.0009765625, 9118.84375, 2555.45166015625, 5032.20751953125, 3222.36376953125, 9569.7783203125, 7543.4287109375, 4023.696533203125, 5382.443359375, 9373.8759765625, 8989.6591796875, 3158.818115234375, 11633.154296875, 5618.44580078125, 9973.80078125, 4013.11572265625, 2967.15771484375, 7004.37744140625, 6977.03857421875, 5219.98876953125, 10535.35546875, 1833.525634765625, 12264.552734375, 21328.298828125, 10068.3408203125, 11442.5458984375, 9123.65234375, 18288.462890625, 11520.2763671875, 2710.276611328125, 12213.75390625, 10964.3330078125, 13078.044921875, 10339.658203125, 10982.76171875, 6394.35595703125, 6234.7412109375, 10899.3505859375, 6528.77099609375, 10030.3896484375, 4806.2978515625, 13363.8095703125, 2647.0634765625, 8537.1826171875, 8286.60546875, 8856.25, 2290.276611328125, 9324.52734375, 11876.626953125, 8056.4873046875, 15148.5517578125, 4649.54248046875, 4247.8603515625, 3634.0888671875, 5968.73095703125, 2217.498046875, 5046.26171875, 4157.998046875, 12317.2919921875, 4024.713134765625, 4459.4306640625, 5452.6513671875, 9264.1298828125, 4707.01025390625, 5810.390625, 4479.986328125, 7901.48291015625, 2018.58740234375, 3708.837646484375, 9853.7802734375, 3982.21826171875, 3826.1943359375, 11210.623046875, 5365.52783203125, 7744.6806640625, 5258.376953125, 5791.46728515625, 4903.96923828125, 5850.3076171875, 14890.185546875, 6209.2529296875, 8100.7333984375, 7262.09521484375, 6844.3681640625, 9599.0087890625, 10068.2451171875, 4492.0634765625, 3123.467529296875, 6476.5009765625, 10917.265625, 8549.6474609375, 3268.4423828125, 6019.85595703125, 8745.12890625, 9746.1630859375, 5588.72607421875, 4886.3671875, 8016.6259765625, 1379.6134033203125, 6249.7705078125, 6077.50732421875, 4315.26416015625, 5274.70947265625, 5065.18408203125, 10461.4580078125, 2340.06298828125, 7439.79443359375, 7422.9951171875, 9826.7490234375, 9287.3203125, 4267.5986328125, 4712.85009765625, 7957.75732421875, 5779.5595703125, 8410.8115234375, 4222.275390625, 7265.10205078125, 4015.91259765625, 6447.94287109375, 3673.078125, 6065.5302734375, 10571.7451171875, 2921.548583984375, 4179.34619140625, 4598.7548828125, 7140.796875, 3043.0888671875, 8924.69921875, 6392.81884765625, 4117.74560546875, 2577.218994140625, 8735.99609375, 4091.163330078125, 3240.8681640625, 5399.89794921875, 7322.2080078125, 8421.1826171875, 3275.366943359375, 7153.2255859375, 8742.71875, 7990.17626953125, 5587.28076171875, 3637.538330078125, 2565.021728515625, 4633.888671875, 2687.922119140625, 7518.42431640625, 2620.80859375, 7367.5322265625, 7587.23193359375, 5327.1875, 4896.06103515625, 4993.1630859375, 4372.86328125, 3368.126708984375, 15110.076171875, 9780.3427734375, 4293.93212890625, 5645.17138671875, 5390.1552734375, 5445.12744140625, 5082.1796875, 2820.315673828125, 15223.5751953125, 3671.615966796875, 5876.970703125, 5992.8203125, 3417.17236328125, 2696.240234375, 5544.09521484375, 8359.208984375, 8652.5693359375, 5086.22314453125, 7025.85400390625, 2472.607666015625, 6636.2021484375, 4838.25439453125, 6817.05224609375, 4936.408203125, 6708.66064453125, 1287.8515625, 2472.491943359375, 10324.8271484375, 2203.574951171875, 3789.090087890625, 7646.0166015625, 4794.05615234375, 6191.2919921875, 4499.8388671875, 6315.30810546875, 6016.9208984375, 4039.39111328125, 6543.8779296875, 4409.59765625, 1599.807373046875, 12010.302734375, 4043.952880859375, 8210.005859375, 3428.39404296875, 2618.791015625, 7100.2265625, 5123.251953125, 2040.4088134765625, 7964.01708984375, 7332.5087890625, 5961.77587890625, 5554.29736328125, 5316.2783203125, 6285.63232421875, 5881.5771484375, 3483.4853515625, 2884.35498046875, 5304.646484375, 2609.94189453125, 6781.810546875, 5949.6865234375, 2769.605712890625, 17351.3203125, 5779.70703125, 8654.345703125, 7924.9462890625, 4434.8857421875, 5655.06982421875, 5968.90966796875, 3506.333740234375, 3374.239990234375, 9068.93359375, 7618.04541015625, 4303.931640625, 6888.31591796875, 8600.3056640625, 3172.896240234375, 1364.11376953125, 3376.79443359375, 6412.06396484375, 6290.552734375, 5406.15869140625, 4206.41259765625, 6260.18896484375, 3829.998046875, 3932.83203125, 6002.36865234375, 4204.2265625, 3553.816162109375, 5469.994140625, 7666.71826171875, 7918.869140625, 3919.72900390625, 3041.840087890625, 8852.853515625, 6576.14599609375, 4666.73828125, 4571.44140625, 5241.50927734375, 1412.4395751953125, 11608.5, 5857.736328125, 3860.4931640625, 6650.8505859375, 4184.82275390625, 8170.8642578125, 4676.8544921875, 1956.178955078125, 4168.83984375, 12475.041015625, 5249.03076171875, 6830.60546875, 3662.67529296875, 7929.23046875, 4497.81201171875, 5716.2314453125, 8854.576171875, 14061.517578125, 10140.6005859375, 9714.9189453125, 6263.3076171875, 5862.28369140625, 8233.1953125, 3097.876953125, 1865.2081298828125, 9795.3740234375, 10509.9609375, 7984.1337890625, 11073.34765625, 3615.5517578125, 22438.212890625, 6559.5126953125, 7020.4306640625, 15773.2314453125, 9270.146484375, 6355.28857421875, 4939.47998046875, 4857.5146484375, 7247.6875, 6373.05419921875, 11554.142578125, 3677.583740234375, 8187.666015625, 3376.05419921875, 7916.87451171875, 1053.5797119140625, 4031.9208984375, 7010.75634765625, 8074.61669921875, 9417.96875, 6165.26220703125, 4347.33154296875, 3457.164794921875, 10113.3212890625, 5691.57275390625, 16349.5390625, 2983.420654296875, 6924.142578125, 6367.5380859375, 6511.48828125, 4181.04541015625, 3283.550537109375, 8236.673828125], "name": "default", "desc": "default run", "folder": "./saves/dynamic_run_default_20240303-135640"}