{"nhidden": 128, "rnn_nhidden": 32, "obs_dim": 1, "latent_dim": 2, "lr": 0.0005, "n_batch": 16, "beta": 0.5, "total_epochs_train": 50, "epochs_per_train": 5, "epochs": 50, "loss": [171811.671875, 206707.796875, 118056.359375, 219797.75, 152303.046875, 183297.765625, 220928.4375, 176293.1875, 148396.203125, 261083.609375, 205459.078125, 138679.921875, 148696.671875, 169277.859375, 195950.5625, 165978.390625, 139270.828125, 90708.2265625, 169883.59375, 127201.09375, 177215.34375, 128807.0859375, 232354.796875, 173841.03125, 157867.6875, 171091.75, 190275.890625, 261750.1875, 143945.578125, 124377.0390625, 163973.921875, 123739.5625, 187369.140625, 213547.40625, 153788.453125, 137485.109375, 211684.28125, 92067.765625, 167762.96875, 157170.6875, 159761.84375, 109729.0703125, 189724.78125, 190708.328125, 187310.0, 163477.09375, 198966.640625, 115609.125, 184506.875, 157889.109375, 122685.03125, 111802.765625, 145631.59375, 191430.515625, 167835.96875, 157518.375, 153383.375, 134091.75, 134181.3125, 119291.578125, 155492.703125, 175699.046875, 136790.453125, 177177.140625, 132154.375, 114994.5625, 124137.609375, 127350.0625, 196756.796875, 194945.8125, 145056.265625, 136708.3125, 113374.3984375, 239133.75, 112861.875, 149210.3125, 103062.8984375, 134560.59375, 134013.96875, 113143.8671875, 128328.9375, 119635.203125, 142037.546875, 171204.28125, 129961.5390625, 126972.546875, 134523.609375, 117414.03125, 131299.578125, 109548.796875, 114903.46875, 118523.0859375, 143174.9375, 106089.859375, 110336.5625, 128347.875, 124546.015625, 147655.5, 114789.7734375, 124037.90625, 96553.5234375, 183384.171875, 159212.09375, 166594.671875, 180311.84375, 139636.84375, 103999.328125, 146511.984375, 123889.96875, 111371.1484375, 119798.53125, 102772.234375, 167428.203125, 112395.9140625, 122418.8828125, 139880.96875, 109183.625, 108322.65625, 111986.203125, 91893.65625, 150133.125, 161356.6875, 94966.4375, 120334.296875, 180806.53125, 117485.015625, 107312.8125, 94145.421875, 128220.96875, 117319.9609375, 115486.53125, 154950.96875, 92704.578125, 131313.5, 123385.109375, 118029.890625, 118040.359375, 99303.359375, 92727.359375, 103711.515625, 138946.390625, 140036.40625, 181529.4375, 97315.546875, 158613.609375, 138862.671875, 101301.6875, 144425.578125, 123265.0234375, 98228.40625, 106300.6171875, 108229.8984375, 92976.6875, 105747.8125, 105944.984375, 111611.2265625, 160471.03125, 113838.8125, 91315.9375, 167619.78125, 101924.03125, 128655.1953125, 117656.0703125, 141723.609375, 109135.9296875, 137817.328125, 119160.0, 128994.609375, 127472.078125, 91312.2265625, 105890.40625, 91893.890625, 99810.0546875, 161758.625, 112842.6328125, 124494.984375, 119940.0078125, 94431.9140625, 101743.40625, 138424.875, 88447.390625, 114434.21875, 123529.84375, 109492.1875, 121707.2421875, 106143.890625, 115890.75, 102146.7421875, 118947.6796875, 116960.5, 89926.0390625, 114543.109375, 161868.375, 116627.25, 108609.109375, 109014.4140625, 87123.4375, 101028.2421875, 113290.9375, 133171.96875, 111633.421875, 110759.515625, 84670.7578125, 100975.71875, 106604.8125, 113087.6640625, 101919.5859375, 145634.203125, 110120.0, 103085.0, 118911.140625, 130972.0546875, 105363.6796875, 105965.5, 99904.359375, 104315.203125, 93827.4296875, 114656.3125, 98053.09375, 145563.84375, 107041.5859375, 94608.1875, 123476.4375, 94310.3828125, 114110.78125, 98578.140625, 99363.1640625, 117328.9609375, 109617.21875, 133917.53125, 95377.3125, 117335.328125, 123635.9921875, 88497.2734375, 119790.34375, 92012.25, 96082.375, 91723.8125, 129617.5546875, 98985.84375, 108916.6875, 143644.8125, 135279.515625, 109949.265625, 108459.71875, 87420.46875, 115324.515625, 88439.3359375, 140767.5, 138233.71875, 109705.21875, 95818.7890625, 103555.328125, 100681.546875, 100428.8203125, 109617.125, 103081.3125, 117153.3046875, 116765.125, 98025.90625, 120362.0859375, 94567.578125, 140193.703125, 101218.3125, 119698.1484375, 113078.859375, 101616.875, 97567.25, 100956.6015625, 101294.484375, 152419.4375, 106841.4609375, 95633.140625, 99862.84375, 138797.734375, 108207.453125, 88391.734375, 75691.84375, 99657.671875, 106004.8515625, 86718.265625, 80138.1953125, 165160.65625, 143492.84375, 79050.21875, 95232.71875, 83345.1015625, 95916.890625, 88062.1796875, 132003.109375, 81210.2109375, 104198.0078125, 78651.90625, 82631.71875, 138577.5, 78873.9453125, 148203.96875, 139531.5, 94802.265625, 89366.2734375, 85373.9453125, 103588.8125, 86499.09375, 102163.8359375, 101140.140625, 122992.375, 78797.7890625, 108081.359375, 109095.578125, 108198.640625, 93949.328125, 93928.34375, 88016.1875, 113421.6953125, 87440.5234375, 109714.3125, 70876.1328125, 97137.6171875, 99239.109375, 88925.0625, 81624.578125, 81770.8359375, 100794.59375, 106720.109375, 64100.5234375, 88812.125, 110551.6875, 145706.40625, 74261.796875, 110318.6640625, 80072.234375, 87060.265625, 89110.953125, 80681.875, 81882.34375, 134600.0625, 97147.0234375, 88836.9765625, 64692.7890625, 93290.859375, 113279.3203125, 74753.796875, 80877.609375, 90497.625, 110066.171875, 80395.671875, 90109.390625, 69467.6640625, 68134.078125, 84116.921875, 86666.2578125, 106549.34375, 85311.359375, 64500.4921875, 84263.8671875, 85905.21875, 90577.6640625, 79136.203125, 76918.7578125, 65027.49609375, 91938.1484375, 83964.0859375, 69552.0703125, 87560.0703125, 80438.53125, 91426.3828125, 69023.78125, 76811.2578125, 70475.0078125, 103830.375, 77946.296875, 58272.7265625, 75787.0625, 91988.8828125, 90796.890625, 86508.28125, 65791.9375, 70768.1640625, 75382.8125, 63140.3515625, 63194.69921875, 74323.625, 72068.3515625, 87892.40625, 67528.3359375, 74667.296875, 84861.7578125, 66034.5625, 60493.2109375, 79640.046875, 94364.1875, 92859.3515625, 74127.421875, 92458.921875, 73455.109375, 109495.1640625, 74557.8515625, 76417.2421875, 70220.953125, 109260.28125, 63933.4609375, 74345.71875, 73604.8125, 58870.87890625, 84015.609375, 95592.78125, 61605.359375, 75782.5078125, 66363.265625, 70229.140625, 59039.421875, 68763.984375, 85655.078125, 62185.4453125, 58740.734375, 65778.078125, 61399.671875, 88942.046875, 70946.40625, 65609.484375, 66621.3125, 60918.02734375, 64232.234375, 70882.3984375, 101299.7734375, 56806.1484375, 85696.578125, 55908.5390625, 62730.08203125, 71253.5078125, 68962.6640625, 54805.5234375, 77624.421875, 96710.9140625, 65500.3046875, 53286.56640625, 80512.015625, 65450.5390625, 62907.4296875, 99929.421875, 65863.828125, 56741.4453125, 46657.69140625, 112159.53125, 57886.0390625, 76950.171875, 60377.1015625, 57510.234375, 60028.53515625, 73914.6875], "name": "default", "desc": "lr_0.0005_nb_16_ld_2_b_0.5", "folder": "./saves/grid_seach/search1/lr_0.0005_nb_16_ld_2_b_0.5_default_20240214-004132"}