{"nhidden": 128, "rnn_nhidden": 32, "obs_dim": 1, "latent_dim": 16, "lr": 0.01, "n_batch": 16, "beta": 4, "total_epochs_train": 1000, "epochs_per_train": 50, "epochs": 50, "loss": [135488.21875, 97577.296875, 79691.6171875, 166823.65625, 74483.09375, 98973.6953125, 72398.625, 24690.044921875, 33170.3203125, 28237.498046875, 32284.2265625, 41775.86328125, 17690.19921875, 16535.1953125, 13415.4755859375, 16748.56640625, 10775.671875, 26500.578125, 17309.400390625, 14117.30078125, 18804.130859375, 12535.2451171875, 11089.2294921875, 18644.505859375, 8348.0205078125, 4780.0654296875, 15600.873046875, 6471.044921875, 10680.216796875, 14716.068359375, 14442.51953125, 2137.744140625, 27487.041015625, 10998.4765625, 4929.228515625, 3423.619140625, 7724.1591796875, 5918.005859375, 7625.576171875, 10996.8017578125, 10612.197265625, 8204.7822265625, 4638.9375, 7890.62744140625, 11514.0283203125, 9271.6025390625, 3535.205078125, 7929.83349609375, 14984.65625, 8217.7294921875, 18393.076171875, 5243.11865234375, 4351.56640625, 4915.2021484375, 6160.919921875, 7080.95361328125, 1967.3565673828125, 9321.4208984375, 6300.38525390625, 7737.7021484375, 6418.4716796875, 9270.634765625, 3594.67724609375, 3495.14404296875, 20170.56640625, 5769.09912109375, 10179.08203125, 12547.224609375, 7984.162109375, 3439.687744140625, 4880.04052734375, 12835.0146484375, 6399.921875, 16495.4375, 13299.59375, 11238.68359375, 22249.01953125, 14436.8515625, 1998.0074462890625, 14888.6064453125, 25869.52734375, 13433.263671875, 12775.6337890625, 41140.0390625, 13635.919921875, 3438.761962890625, 5528.26513671875, 16821.462890625, 13039.494140625, 21250.041015625, 13858.9921875, 21659.076171875, 15695.94140625, 14750.0625, 13906.330078125, 15811.392578125, 6521.3134765625, 1501.189208984375, 1780.41650390625, 13441.5234375, 4226.92138671875, 7878.3115234375, 5762.7919921875, 10720.634765625, 15825.951171875, 3121.178466796875, 7864.5009765625, 11769.572265625, 9037.216796875, 8117.73974609375, 7688.0341796875, 5909.9541015625, 4923.21923828125, 3609.1591796875, 5764.5390625, 6386.38525390625, 11726.76171875, 8637.0, 14022.4677734375, 6764.89990234375, 3702.307373046875, 6707.3203125, 15514.869140625, 13546.4501953125, 5056.90234375, 4032.62890625, 11519.03515625, 11382.5, 5774.21875, 6855.9404296875, 7481.3056640625, 10833.3359375, 6279.5830078125, 7291.1865234375, 6873.197265625, 6760.3447265625, 4810.56494140625, 11117.2294921875, 3937.15478515625, 5730.0078125, 10472.291015625, 5458.5439453125, 3814.210205078125, 3007.4248046875, 15086.935546875, 9165.8447265625, 7266.73291015625, 8214.3486328125, 17874.642578125, 6640.36669921875, 25351.828125, 18948.150390625, 30780.748046875, 9563.8515625, 10825.32421875, 20448.837890625, 12477.5986328125, 4868.17529296875, 4905.39306640625, 6921.66796875, 14399.8994140625, 11394.541015625, 13191.09765625, 9161.5625, 10352.6142578125, 4046.45556640625, 8626.1142578125, 4488.6015625, 9063.6865234375, 5825.88671875, 9191.4599609375, 10006.5439453125, 6840.05517578125, 8097.853515625, 9317.107421875, 6762.47314453125, 5638.47900390625, 2092.629150390625, 6978.29541015625, 6916.36865234375, 8565.0283203125, 9263.458984375, 4788.986328125, 5913.86767578125, 11701.1171875, 7925.83544921875, 5207.88525390625, 2979.022216796875, 2922.83544921875, 5901.71923828125, 10788.9111328125, 2631.46142578125, 6954.31298828125, 6063.67041015625, 6886.47705078125, 8608.31640625, 3596.72802734375, 6329.052734375, 4850.0009765625, 15101.1328125, 2176.66796875, 4165.77978515625, 5230.56494140625, 5256.4462890625, 3082.623046875, 6740.662109375, 6164.63232421875, 8156.76123046875, 7732.45751953125, 4807.392578125, 5075.6474609375, 6143.5087890625, 4067.3173828125, 2148.51513671875, 9048.330078125, 14832.638671875, 9596.9765625, 4994.5556640625, 8212.11328125, 12243.048828125, 4169.07861328125, 2805.287353515625, 8900.45703125, 1604.7327880859375, 10290.3466796875, 1791.1190185546875, 14056.1875, 2857.930419921875, 10515.7509765625, 17726.580078125, 4767.53466796875, 10286.8525390625, 41217.57421875, 3158.38330078125, 9955.3310546875, 8412.404296875, 11024.6728515625, 16117.044921875, 10860.9931640625, 8300.505859375, 6259.9609375, 17908.861328125, 3741.853515625, 7365.57421875, 6103.75439453125, 7044.5791015625, 5916.337890625, 5381.6533203125, 7178.884765625, 9019.6982421875, 8796.318359375, 6453.05615234375, 6273.31494140625, 7289.28125, 4028.720703125, 5459.7802734375, 5377.53466796875, 3288.2021484375, 5697.876953125, 6508.69775390625, 8306.50390625, 5996.04150390625, 5614.64306640625, 6021.203125, 6072.14794921875, 9111.6279296875, 5616.36474609375, 2428.634033203125, 8756.3759765625, 8326.88671875, 11745.59765625, 6620.822265625, 3129.21435546875, 2937.04052734375, 12524.005859375, 9233.60546875, 16347.388671875, 9857.33984375, 7592.626953125, 8502.6728515625, 7436.8974609375, 9312.8994140625, 6496.9599609375, 14268.8564453125, 17628.43359375, 2062.63232421875, 5313.025390625, 11062.2578125, 7414.9169921875, 4234.5859375, 7819.60009765625, 6851.21484375, 13348.1611328125, 4466.79736328125, 2899.01904296875, 2950.47900390625, 6778.8720703125, 5565.5107421875, 8979.365234375, 3611.545166015625, 4511.10302734375, 9072.056640625, 4427.716796875, 5793.67724609375, 2410.401123046875, 7944.82958984375, 9897.7998046875, 9982.5966796875, 9411.5, 4640.16455078125, 4472.2275390625, 6953.8671875, 7272.35009765625, 4105.95263671875, 6294.0322265625, 8519.6806640625, 6527.28173828125, 3213.622314453125, 5146.89453125, 9780.9189453125, 3650.946533203125, 3379.375732421875, 6607.4599609375, 3572.234375, 9526.84375, 3967.733154296875, 6805.93017578125, 4129.5986328125, 2583.34228515625, 8360.404296875, 2775.990966796875, 8472.9892578125, 2638.860107421875, 7590.25, 6187.2060546875, 6187.9453125, 6376.77880859375, 5274.9873046875, 1904.9127197265625, 1549.6822509765625, 2284.1845703125, 9920.041015625, 8409.3828125, 3898.269287109375, 2217.427001953125, 8291.6630859375, 2900.693359375, 10138.1630859375, 7778.8291015625, 8106.07568359375, 4307.43701171875, 5008.06005859375, 1914.594970703125, 3881.7607421875, 5036.076171875, 3624.01953125, 4280.5009765625, 5490.833984375, 14719.23828125, 2535.75927734375, 5180.36669921875, 9182.2734375, 3512.69384765625, 10123.5732421875, 5815.7578125, 5548.283203125, 4261.9560546875, 4412.88330078125, 4266.62939453125, 3229.552734375, 3537.943115234375, 6401.5107421875, 4351.29638671875, 4100.052734375, 5345.03125, 4241.24560546875, 10414.1455078125, 11100.1240234375, 2700.551025390625, 3480.087890625, 5019.62890625, 3513.045166015625, 1656.289794921875, 5429.68505859375, 9717.85546875, 6885.09521484375, 9019.8955078125, 5618.46923828125, 5913.005859375, 4512.1015625, 4475.71240234375, 2858.76904296875, 5763.88916015625, 7618.77685546875, 5927.0546875, 6900.7861328125, 2011.167724609375, 6765.1708984375, 6311.5419921875, 7827.455078125, 9229.5712890625, 5981.4970703125, 1588.56689453125, 12942.888671875, 10578.2822265625, 3202.209228515625, 9309.19140625, 3751.92041015625, 5442.05810546875, 8525.2294921875, 8164.078125, 6471.9580078125, 1139.3258056640625, 4972.287109375, 6700.189453125, 14346.001953125, 6457.1748046875, 3084.6015625, 2710.360107421875, 3737.490234375, 3550.09912109375, 5264.126953125, 1380.839111328125, 1300.3546142578125, 3779.740478515625, 11225.1220703125, 8605.36328125, 3349.598388671875, 9114.48828125, 3423.21484375, 11647.6484375, 6875.2685546875, 4956.6416015625, 4504.7578125, 4159.29443359375, 3365.48828125, 6216.50244140625, 5826.26953125, 11136.8310546875, 3462.190673828125, 13886.708984375, 3708.712890625, 7319.904296875, 11014.0283203125, 7434.328125, 8543.5146484375, 11981.564453125, 9523.076171875, 3429.215087890625, 2977.596435546875], "name": "default", "desc": "default run", "folder": "./saves/dynamic_run_default_20240302-175811"}