{"nhidden": 128, "rnn_nhidden": 32, "obs_dim": 1, "latent_dim": 4, "lr": 0.0001, "n_batch": 16, "beta": 0.5, "total_epochs_train": 50, "epochs_per_train": 5, "epochs": 50, "loss": [194014.140625, 211647.28125, 177021.5, 160105.546875, 131251.3125, 259148.78125, 138276.0, 191671.28125, 104003.296875, 244788.5, 172860.734375, 133895.734375, 139973.75, 175832.125, 197345.390625, 144165.625, 170607.6875, 184433.53125, 155089.15625, 228657.8125, 120733.4609375, 199298.375, 212327.21875, 269482.96875, 126126.609375, 128749.2265625, 103026.71875, 194303.015625, 270402.6875, 166302.5625, 177222.390625, 191679.015625, 149221.796875, 141158.234375, 159694.828125, 132963.234375, 128753.171875, 209099.0, 155079.078125, 146262.6875, 171687.3125, 158654.5, 144837.734375, 241354.796875, 190925.09375, 195059.703125, 185628.78125, 156246.828125, 133224.046875, 200610.9375, 145180.90625, 160120.0625, 203085.109375, 171223.125, 174910.546875, 175317.6875, 171841.15625, 192131.84375, 128043.03125, 212593.609375, 176224.90625, 150672.03125, 178004.8125, 165500.96875, 142530.0, 156858.453125, 168887.453125, 169516.03125, 164022.09375, 176466.40625, 210969.84375, 184140.59375, 169982.515625, 120996.859375, 179062.53125, 117922.3359375, 227523.671875, 204525.71875, 165771.6875, 143236.359375, 196077.171875, 207352.40625, 116321.2890625, 155585.8125, 171065.203125, 125229.1328125, 206584.546875, 235463.3125, 111992.5546875, 166834.921875, 156067.9375, 144766.4375, 259250.28125, 147356.3125, 228344.34375, 167965.8125, 119626.140625, 135051.671875, 136471.65625, 189051.09375, 127570.9609375, 175408.609375, 163537.1875, 132413.015625, 142197.15625, 196518.484375, 247210.921875, 148082.90625, 209677.1875, 179055.734375, 167051.734375, 252048.09375, 155784.125, 148750.796875, 133098.1875, 134973.734375, 136194.390625, 172278.671875, 158041.828125, 120946.3828125, 160163.71875, 157133.625, 159009.265625, 98394.5234375, 224351.65625, 251638.546875, 110710.40625, 115381.9296875, 173704.28125, 191055.59375, 189629.328125, 166366.5625, 189277.09375, 165636.546875, 132273.421875, 200991.265625, 197004.78125, 111580.9765625, 124362.578125, 152412.421875, 231119.21875, 114783.6796875, 195896.65625, 150622.640625, 147799.875, 152730.65625, 150643.046875, 204100.234375, 178597.375, 128860.109375, 117806.0234375, 194846.375, 127574.09375, 109138.4765625, 125249.6796875, 174024.5625, 172233.125, 170795.359375, 211077.96875, 119436.7265625, 222900.484375, 141878.65625, 120145.203125, 173041.546875, 240934.625, 129180.1171875, 202377.21875, 119613.921875, 114436.9140625, 201432.421875, 134358.953125, 111503.140625, 208563.9375, 128867.78125, 187074.5625, 132772.03125, 165723.203125, 131169.28125, 172108.265625, 157127.984375, 153174.203125, 181228.28125, 186686.265625, 143861.8125, 141618.921875, 186768.03125, 126330.953125, 171647.078125, 116091.4375, 146143.28125, 143034.640625, 153509.453125, 154287.40625, 158725.03125, 146263.0625, 135806.9375, 164329.09375, 126707.2890625, 148032.796875, 186637.34375, 133822.296875, 195462.765625, 131330.234375, 108454.296875, 143373.375, 138436.765625, 127962.671875, 128908.296875, 162709.53125, 138064.96875, 153007.5, 107952.2734375, 145207.953125, 188254.28125, 181620.921875, 99525.890625, 132675.921875, 138443.796875, 157193.140625, 184609.65625, 163703.59375, 123716.2109375, 136631.6875, 111428.59375, 107182.9140625, 191961.90625, 141327.90625, 101711.34375, 146531.15625, 127328.5859375, 103279.1875, 136843.578125, 161987.40625, 120663.9765625, 118768.8671875, 112066.21875, 161556.0, 172442.40625, 106109.671875, 137445.4375, 202695.265625, 98203.015625, 133227.359375, 99732.5234375, 168888.5625, 135906.828125, 111617.78125, 125590.109375, 135118.4375, 159599.078125, 105564.6171875, 167589.1875, 109504.6953125, 124549.796875, 126722.890625, 157287.703125, 116248.9375, 117073.1171875, 130696.640625, 127894.734375, 157657.84375, 114717.875, 119694.6953125, 98446.890625, 129540.8359375, 139885.78125, 120908.59375, 175400.828125, 134296.265625, 143707.296875, 126623.875, 157774.140625, 105409.09375, 117829.296875, 156474.671875, 111135.6953125, 138360.453125, 113717.2265625, 115656.5546875, 116262.9921875, 131667.875, 103972.09375, 133788.3125, 129295.171875, 107650.0859375, 131387.53125, 140350.25, 118246.703125, 131388.015625, 140933.9375, 148857.28125, 134117.828125, 93942.1484375, 137698.421875, 137564.828125, 110741.46875, 110962.0078125, 108775.203125, 177148.515625, 137743.5, 189629.03125, 115073.796875, 124330.265625, 121237.2734375, 196186.203125, 124768.75, 180706.359375, 150019.15625, 159409.390625, 95800.9765625, 167933.984375, 206779.015625, 191420.15625, 199022.28125, 128367.515625, 146656.625, 134540.734375, 154963.703125, 145441.140625, 169072.0625, 162352.703125, 203520.421875, 156912.265625, 216442.234375, 182119.0, 173747.15625, 167563.765625, 155264.28125, 155516.25, 187937.875, 157362.1875, 185072.71875, 156402.46875, 176735.90625, 167837.90625, 197849.265625, 140426.09375, 186152.5625, 130215.3203125, 213644.5, 136367.90625, 131598.46875, 149723.453125, 124173.6796875, 166360.859375, 207051.84375, 205472.171875, 151599.296875, 227984.15625, 138898.671875, 119839.2578125, 133890.1875, 201663.109375, 192867.1875, 171625.46875, 241759.046875, 146691.09375, 122324.84375, 130588.578125, 149909.5, 196977.671875, 172354.65625, 196248.359375, 131449.71875, 257064.59375, 166269.453125, 141786.53125, 145267.859375, 103134.1640625, 143218.625, 153969.703125, 191315.203125, 220231.875, 190005.671875, 117740.9765625, 158348.9375, 159567.0, 158732.78125, 178421.03125, 141280.9375, 130027.9296875, 229549.40625, 196452.484375, 146434.078125, 149379.03125, 125724.75, 139667.796875, 175643.40625, 146177.8125, 169359.46875, 227418.78125, 125706.28125, 173725.9375, 180112.5, 140260.890625, 166510.90625, 157591.5, 210487.40625, 231220.25, 99641.9453125, 145096.5625, 155758.3125, 154697.71875, 119502.609375, 176109.34375, 205802.375, 190333.140625, 190248.71875, 160670.6875, 112507.921875, 181556.875, 158580.4375, 130129.1484375, 155251.34375, 123854.15625, 164040.28125, 159645.921875, 178860.015625, 181253.953125, 129145.9296875, 139172.953125, 124211.9453125, 210067.359375, 118270.734375, 185669.59375, 130553.546875, 126408.7109375, 127006.59375, 184681.78125, 211938.78125, 202497.875, 178188.671875, 254464.875, 181271.984375, 95663.5625, 127403.1015625, 175196.296875, 121524.4140625, 156261.34375, 168694.953125, 173902.84375, 185437.15625, 108718.046875, 193349.421875, 142592.859375, 175535.609375, 206904.984375, 115873.5546875, 159147.921875, 191260.625], "name": "default", "desc": "lr_0.0001_nb_16_ld_4_b_0.5", "folder": "./saves/grid_seach/search1/lr_0.0001_nb_16_ld_4_b_0.5_default_20240214-012036"}