{"nhidden": 128, "rnn_nhidden": 32, "obs_dim": 1, "latent_dim": 2, "lr": 0.005, "n_batch": 16, "beta": 2, "total_epochs_train": 50, "epochs_per_train": 5, "epochs": 50, "loss": [117728.984375, 176164.34375, 141983.65625, 227614.4375, 195164.921875, 197311.421875, 124028.609375, 146493.859375, 175311.984375, 200244.796875, 154507.234375, 166339.875, 133241.875, 140072.765625, 107976.546875, 188969.46875, 206976.1875, 108906.546875, 120403.234375, 163262.09375, 153682.703125, 125950.8359375, 141466.84375, 147993.90625, 134099.21875, 159641.6875, 169756.890625, 114949.625, 156293.3125, 148090.359375, 160906.546875, 103111.0546875, 151956.796875, 127709.765625, 143084.203125, 109075.3046875, 115924.140625, 123836.28125, 114471.890625, 149117.6875, 198994.84375, 145583.390625, 100749.171875, 115547.84375, 92717.34375, 124712.578125, 151386.875, 130357.34375, 125431.453125, 134840.90625, 111363.796875, 107780.9140625, 88562.71875, 125130.65625, 154624.171875, 102212.078125, 104210.796875, 132381.4375, 91751.890625, 79784.2578125, 154846.53125, 102845.9609375, 88621.75, 103626.1171875, 120967.5234375, 94232.4375, 104004.9140625, 98083.2734375, 100049.265625, 152610.953125, 110372.0859375, 83246.5390625, 92063.59375, 152721.828125, 118225.390625, 116604.734375, 108039.7890625, 69238.859375, 68624.6875, 73129.2265625, 85870.375, 94455.703125, 95555.7890625, 111427.7890625, 79264.7109375, 92723.109375, 96368.4765625, 67844.25, 103113.328125, 89563.2109375, 71760.5078125, 94870.5390625, 100578.625, 90863.2578125, 64909.37890625, 64805.21484375, 112112.71875, 63231.6484375, 83020.578125, 60414.98046875, 57501.31640625, 98872.5, 63153.5234375, 86727.9609375, 101788.3984375, 78743.65625, 91797.1015625, 82552.4453125, 102125.84375, 50768.1640625, 65045.23046875, 76682.671875, 92377.046875, 61100.2109375, 88080.578125, 90944.2890625, 69596.5546875, 97889.3515625, 79156.4921875, 59755.18359375, 69724.90625, 91558.0703125, 56435.2109375, 64722.203125, 46613.63671875, 52260.90234375, 52428.1171875, 53765.42578125, 108118.0078125, 71296.0234375, 62282.5078125, 66820.5390625, 84873.828125, 67021.640625, 84707.234375, 96014.09375, 78845.3828125, 59218.9140625, 38969.9453125, 53348.79296875, 81930.171875, 61646.22265625, 47233.3203125, 52919.76953125, 46967.37890625, 105141.28125, 44050.16796875, 61904.3359375, 87703.6640625, 65327.5703125, 56115.2109375, 56891.2734375, 47187.22265625, 94191.1328125, 53488.9140625, 56150.640625, 48317.22265625, 31691.7890625, 70734.9453125, 68861.984375, 40769.03125, 63465.71875, 60125.8125, 53674.0390625, 79356.6328125, 45287.2109375, 51033.265625, 46094.58984375, 43788.5078125, 91175.0, 51502.42578125, 83529.734375, 95673.2421875, 46000.52734375, 74326.75, 43187.421875, 55649.48828125, 23855.74609375, 28718.82421875, 71445.171875, 76246.8046875, 41035.8359375, 53536.1328125, 46948.56640625, 76535.578125, 64853.35546875, 78283.9140625, 39376.296875, 47777.76171875, 55366.51953125, 72519.0625, 63960.9296875, 60596.00390625, 42848.9453125, 36650.87109375, 59585.3046875, 55649.54296875, 35628.10546875, 39817.55859375, 54300.3515625, 69085.3125, 104094.5859375, 51633.6015625, 34885.546875, 81213.796875, 60807.76171875, 83733.9375, 61344.12109375, 86576.375, 39708.7109375, 46749.4921875, 98689.5546875, 29903.0234375, 50807.046875, 72042.8984375, 27696.5625, 54905.70703125, 83108.359375, 41010.828125, 40624.265625, 31080.58203125, 33712.62109375, 37393.2734375, 95881.609375, 92628.8203125, 25835.802734375, 39855.73828125, 67694.796875, 49235.8046875, 43893.7890625, 107539.734375, 39093.0, 49167.86328125, 36009.421875, 38612.796875, 42150.0859375, 54910.65625, 55363.08984375, 87295.875, 48804.59375, 73873.9921875, 32915.2109375, 56355.62890625, 48540.72265625, 85619.2890625, 44511.64453125, 51595.546875, 53468.6640625, 22202.833984375, 74025.03125, 72981.40625, 46104.5859375, 75200.015625, 75006.640625, 34996.6015625, 42088.421875, 44253.7265625, 34301.03125, 49360.2578125, 47083.9921875, 47679.48046875, 26727.970703125, 54564.4921875, 56647.05078125, 79489.7890625, 40494.23828125, 38666.1796875, 29286.4453125, 65979.2265625, 68468.828125, 40922.78515625, 64199.796875, 51975.2109375, 34633.71484375, 83430.3671875, 30996.421875, 46080.1015625, 64195.06640625, 30460.37890625, 41526.2109375, 29018.36328125, 41342.9140625, 84358.8828125, 35054.484375, 61060.5234375, 50705.91796875, 66500.6875, 42267.59765625, 77159.25, 40357.1171875, 77800.625, 79069.3359375, 69424.6796875, 40938.42578125, 25911.41796875, 26412.669921875, 74721.1640625, 58860.796875, 98114.109375, 57364.2734375, 43663.9453125, 54282.49609375, 59220.77734375, 38325.7578125, 48720.31640625, 43257.90625, 67881.7578125, 26736.662109375, 42516.05078125, 105004.75, 54909.31640625, 48052.5703125, 48219.0625, 50868.8359375, 51130.7578125, 33140.78515625, 55720.171875, 84433.65625, 34786.36328125, 56477.03125, 34379.01171875, 76819.53125, 52916.1640625, 46510.390625, 35896.67578125, 41585.64453125, 39070.19921875, 58953.70703125, 65847.53125, 49242.421875, 60856.2109375, 30727.978515625, 82723.2734375, 66449.625, 30372.6875, 76313.8671875, 32848.76171875, 59625.671875, 26438.31640625, 66724.9921875, 35317.125, 61419.92578125, 56827.63671875, 78266.40625, 62223.21875, 50899.203125, 41459.6171875, 47252.58203125, 53521.51171875, 36049.2578125, 64881.81640625, 36264.26171875, 90519.5390625, 67314.078125, 39244.05859375, 60506.21484375, 37874.0078125, 28169.16796875, 63122.65234375, 45361.8984375, 72739.9453125, 57150.2421875, 30672.0703125, 40199.7734375, 51868.44140625, 28042.291015625, 60974.09765625, 78215.8671875, 48460.76953125, 38173.44921875, 51960.4765625, 81341.375, 45204.51171875, 42917.6640625, 42903.96875, 49086.8125, 62708.1484375, 26998.53125, 26891.6328125, 46180.98046875, 56601.3515625, 66114.7421875, 43879.24609375, 38850.3125, 70606.90625, 36297.76953125, 65995.5703125, 54100.05078125, 51194.890625, 62287.0078125, 66458.1015625, 51783.2734375, 45653.50390625, 62653.984375, 41616.8671875, 23266.857421875, 47540.29296875, 63854.46484375, 40680.9453125, 56199.7578125, 67704.7421875, 28505.216796875, 101089.2890625, 59544.64453125, 67879.0078125, 66847.484375, 53373.44140625, 69080.5, 64319.61328125, 84574.3046875, 78923.0703125, 37371.83984375, 68902.3359375, 43192.5703125, 45254.16796875, 33316.98828125, 54366.390625, 49862.68359375, 46186.62109375, 54487.48046875, 55520.5859375, 94582.8515625, 51298.49609375, 55753.296875, 41310.60546875, 56285.234375, 43862.8359375, 74612.3828125, 45208.61328125, 30904.333984375, 48774.47265625, 69035.75, 56316.41796875, 43255.765625, 57616.78125, 32538.98046875, 70941.328125, 45096.05078125, 59497.95703125, 50442.41796875, 37710.15625, 57332.9765625, 37312.99609375, 57363.75390625, 23907.1796875, 35673.71484375, 43974.49609375, 48835.58984375, 95767.5234375, 44559.09375], "name": "default", "desc": "lr_0.005_nb_16_ld_2_b_2", "folder": "./saves/grid_seach/search1/lr_0.005_nb_16_ld_2_b_2_default_20240213-231559"}