{"nhidden": 128, "rnn_nhidden": 32, "obs_dim": 1, "latent_dim": 2, "lr": 0.0001, "n_batch": 16, "beta": 1, "total_epochs_train": 50, "epochs_per_train": 5, "epochs": 50, "loss": [102366.8203125, 218207.390625, 169522.09375, 182532.375, 143110.28125, 238261.921875, 182869.515625, 112426.8125, 158380.34375, 257779.75, 162594.375, 197569.734375, 180308.6875, 109305.9921875, 232673.03125, 108461.9296875, 154919.890625, 192557.015625, 146281.5625, 164487.171875, 154939.53125, 183744.75, 185769.703125, 198226.40625, 154384.625, 228328.203125, 175673.953125, 172035.5, 183032.1875, 206542.625, 95746.6875, 155088.578125, 209108.71875, 196847.078125, 191223.15625, 165076.140625, 168687.4375, 222807.890625, 261386.515625, 117323.2578125, 131401.640625, 211682.359375, 134161.359375, 151793.5625, 148333.09375, 132700.109375, 157968.953125, 123559.0625, 200118.328125, 158412.6875, 125504.640625, 251485.53125, 160386.75, 241490.421875, 204433.625, 126727.09375, 153360.921875, 183236.34375, 204533.96875, 134921.015625, 128931.859375, 207899.515625, 224974.484375, 215192.125, 146372.3125, 176116.03125, 115376.46875, 161687.859375, 183862.296875, 197177.796875, 247805.59375, 91054.1953125, 163914.984375, 187852.828125, 146661.96875, 119847.984375, 163756.0625, 192720.1875, 167000.671875, 197674.40625, 217801.78125, 191021.578125, 186272.53125, 210933.90625, 100393.921875, 193900.53125, 113199.421875, 200333.515625, 178064.890625, 144201.1875, 158109.96875, 251433.21875, 157575.40625, 184732.875, 148651.1875, 120631.3671875, 145510.25, 196692.90625, 191445.546875, 179151.140625, 171480.203125, 118503.4375, 187583.296875, 203763.484375, 196521.8125, 223270.15625, 157656.796875, 111743.359375, 193688.421875, 222411.28125, 165778.171875, 158968.46875, 104781.296875, 147560.875, 189635.234375, 196986.6875, 163650.40625, 146761.234375, 163955.125, 225345.828125, 234282.78125, 166695.8125, 157692.59375, 133753.4375, 145017.0625, 167444.90625, 201618.015625, 149818.96875, 180335.28125, 210884.875, 115208.71875, 214920.625, 151278.046875, 173743.296875, 129173.6640625, 243242.453125, 153644.28125, 131243.5625, 163219.8125, 176447.625, 159977.59375, 163333.9375, 146828.125, 196663.21875, 147919.5, 143743.578125, 149078.234375, 180155.390625, 189718.921875, 160750.421875, 173512.609375, 163715.171875, 168123.53125, 181038.8125, 206104.578125, 138654.390625, 141202.03125, 157733.90625, 229293.125, 169265.671875, 137309.375, 139249.484375, 179340.90625, 192015.609375, 104154.1484375, 195427.09375, 182031.34375, 137596.703125, 209561.71875, 121461.4453125, 187492.84375, 146823.15625, 311222.15625, 121949.0546875, 176575.40625, 147144.75, 138740.109375, 168471.359375, 141574.34375, 154219.21875, 192904.796875, 158721.703125, 126376.75, 167100.078125, 214981.765625, 169256.484375, 135624.34375, 209252.71875, 131801.796875, 197362.109375, 156822.734375, 173623.65625, 125699.75, 150449.953125, 180825.203125, 154274.40625, 215773.6875, 131520.203125, 223984.84375, 163912.0, 152858.859375, 124687.5, 94821.40625, 206493.640625, 160459.59375, 160951.578125, 153438.578125, 128428.3125, 170064.828125, 165201.65625, 155378.609375, 169214.6875, 156812.53125, 119615.65625, 272251.4375, 121696.1640625, 153235.90625, 149102.4375, 169360.5625, 155556.609375, 109336.515625, 127436.0625, 152474.953125, 224938.859375, 154556.46875, 189775.890625, 143009.1875, 147865.453125, 104248.96875, 117341.9140625, 177615.5625, 128935.5703125, 202514.0, 154814.171875, 151664.65625, 213420.296875, 163534.28125, 118205.28125, 171599.140625, 116751.2578125, 164151.671875, 106096.6953125, 169061.171875, 166113.3125, 116876.4609375, 171314.46875, 110183.71875, 169926.921875, 142326.1875, 151471.953125, 187452.96875, 147157.5625, 187814.78125, 145274.015625, 160284.5625, 144949.265625, 134241.34375, 193054.921875, 119794.4921875, 125293.4609375, 126025.03125, 190214.1875, 113155.2890625, 143136.609375, 113295.359375, 89637.3125, 193185.6875, 153006.5, 149390.21875, 175563.234375, 131197.203125, 110588.1328125, 215805.875, 130760.3046875, 129846.7265625, 114627.4375, 157156.453125, 139217.859375, 166134.96875, 166389.515625, 117819.984375, 136499.1875, 111618.5390625, 103621.890625, 146056.4375, 177445.046875, 122301.703125, 117658.546875, 139806.421875, 119551.03125, 96855.265625, 163560.53125, 175618.8125, 118880.21875, 151486.625, 147654.296875, 130187.109375, 125870.3671875, 112908.8359375, 122551.0625, 178784.4375, 124588.3046875, 170978.5625, 105013.59375, 163503.328125, 149259.03125, 116882.6484375, 140134.0, 160926.9375, 141937.234375, 166312.671875, 139730.796875, 98072.1640625, 82509.296875, 155035.5, 197586.421875, 179270.796875, 120429.28125, 95546.015625, 126081.453125, 112602.015625, 143966.28125, 135578.84375, 103325.453125, 160627.875, 95223.234375, 182518.03125, 126555.4296875, 146909.90625, 115672.265625, 122253.1015625, 138550.03125, 101772.765625, 149267.03125, 97763.859375, 132163.78125, 132595.640625, 196890.921875, 116047.65625, 112873.4453125, 124614.90625, 135319.71875, 137260.4375, 113281.734375, 140959.125, 103459.7734375, 162404.65625, 152357.46875, 126315.1328125, 132665.046875, 139417.921875, 115773.53125, 134220.0625, 123339.8046875, 100992.546875, 126857.40625, 165500.15625, 151216.40625, 116571.359375, 138868.359375, 190133.078125, 102566.515625, 148934.96875, 109668.9609375, 121582.859375, 128170.3046875, 118678.90625, 127867.375, 143984.140625, 131922.921875, 132724.96875, 116864.9375, 113824.40625, 129949.6796875, 128137.84375, 136886.03125, 121433.125, 128572.703125, 118440.671875, 184201.796875, 135659.0625, 126122.6875, 139516.671875, 117221.6875, 110647.4609375, 121821.375, 131374.109375, 133044.8125, 120533.0078125, 132116.625, 119344.7421875, 144542.703125, 116638.1640625, 157009.484375, 136648.40625, 102327.3203125, 116177.2421875, 112184.65625, 113428.140625, 124542.1875, 100277.59375, 173629.734375, 164296.46875, 117782.2421875, 127146.3125, 117877.875, 92107.2890625, 146911.25, 172629.78125, 127171.21875, 138601.9375, 116157.9921875, 159029.5, 103231.390625, 106741.484375, 191271.78125, 118215.578125, 118643.453125, 108341.9140625, 157035.59375, 104837.53125, 111927.5546875, 115932.8515625, 150679.390625, 102715.53125, 94971.4921875, 138045.09375, 125304.0078125, 133115.078125, 157571.390625, 115639.828125, 134670.28125, 171815.25, 150825.921875, 133323.90625, 116696.234375, 109468.1953125, 131373.9375, 118950.4375, 104286.859375, 105738.4296875, 118513.953125, 122086.5234375, 141025.71875, 126578.1171875, 101010.5546875, 122293.828125, 111181.1796875, 160219.265625, 153434.71875], "name": "default", "desc": "lr_0.0001_nb_16_ld_2_b_1", "folder": "./saves/grid_seach/search1/lr_0.0001_nb_16_ld_2_b_1_default_20240214-011624"}